Timestamp;Frame;RULA_C;Score_A_R;Score_A_L;Score_B;Trunk_Sag;Neck_Sag;UA_Sag_R;LA_Ang_R;UA_Sag_L;LA_Ang_L;Trunk_Fro;Neck_Fro;UA_Fro_R;UA_Fro_L;Wr_Flex_R;Wr_Dev_R;Wr_Flex_L;Wr_Dev_L;Nose_X;Nose_Y;Nose_Z;L_Eye_In_X;L_Eye_In_Y;L_Eye_In_Z;L_Eye_X;L_Eye_Y;L_Eye_Z;L_Eye_Out_X;L_Eye_Out_Y;L_Eye_Out_Z;R_Eye_In_X;R_Eye_In_Y;R_Eye_In_Z;R_Eye_X;R_Eye_Y;R_Eye_Z;R_Eye_Out_X;R_Eye_Out_Y;R_Eye_Out_Z;L_Ear_X;L_Ear_Y;L_Ear_Z;R_Ear_X;R_Ear_Y;R_Ear_Z;Mouth_L_X;Mouth_L_Y;Mouth_L_Z;Mouth_R_X;Mouth_R_Y;Mouth_R_Z;L_Shoulder_X;L_Shoulder_Y;L_Shoulder_Z;R_Shoulder_X;R_Shoulder_Y;R_Shoulder_Z;L_Elbow_X;L_Elbow_Y;L_Elbow_Z;R_Elbow_X;R_Elbow_Y;R_Elbow_Z;L_Wrist_X;L_Wrist_Y;L_Wrist_Z;R_Wrist_X;R_Wrist_Y;R_Wrist_Z;L_Pinky_X;L_Pinky_Y;L_Pinky_Z;R_Pinky_X;R_Pinky_Y;R_Pinky_Z;L_Index_X;L_Index_Y;L_Index_Z;R_Index_X;R_Index_Y;R_Index_Z;L_Thumb_X;L_Thumb_Y;L_Thumb_Z;R_Thumb_X;R_Thumb_Y;R_Thumb_Z;L_Hip_X;L_Hip_Y;L_Hip_Z;R_Hip_X;R_Hip_Y;R_Hip_Z;L_Knee_X;L_Knee_Y;L_Knee_Z;R_Knee_X;R_Knee_Y;R_Knee_Z;L_Ankle_X;L_Ankle_Y;L_Ankle_Z;R_Ankle_X;R_Ankle_Y;R_Ankle_Z;L_Heel_X;L_Heel_Y;L_Heel_Z;R_Heel_X;R_Heel_Y;R_Heel_Z;L_Foot_In_X;L_Foot_In_Y;L_Foot_In_Z;R_Foot_In_X;R_Foot_In_Y;R_Foot_In_Z
00:00:00.000;1;3;3;3;2;7,560937;-1,274293;-3,733694;34,247332;-14,533511;60,741262;-0,760325;5,430416;19,633189;-4,447434;7,380417;24,355436;-52,438738;-65,221914;0,054145;0,187551;1,077418;0,053131;0,196905;1,079570;0,055500;0,197346;1,081987;0,058559;0,200113;1,097158;0,041609;0,196626;1,071931;0,035967;0,196245;1,069852;0,030388;0,196137;1,069262;0,050730;0,191827;1,076272;0,014888;0,191401;1,073883;0,056673;0,176121;1,082907;0,044967;0,174388;1,072257;0,047117;0,122450;1,096349;-0,008454;0,129485;1,060596;0,053910;0,031699;1,072744;-0,032034;0,040405;1,038513;0,086475;-0,042537;1,149800;-0,002844;-0,041148;1,025784;0,098030;-0,067368;1,145132;-0,003900;-0,067632;1,023055;0,098081;-0,068594;1,145726;0,009906;-0,068542;1,020767;0,091968;-0,058963;1,143781;0,015381;-0,059644;1,032092;0,048539;-0,049936;1,077319;0,011157;-0,044895;1,038427;0,036107;-0,173522;1,108302;-0,006357;-0,177895;1,078910;0,034982;-0,286912;1,146989;-0,016403;-0,302609;1,075616;0,016056;-0,311391;1,158197;-0,026320;-0,316483;1,069589;0,079929;-0,321195;1,141680;0,025119;-0,323588;1,035388
00:00:00.033;2;3;3;3;2;8,856958;-1,873907;-2,979992;33,222726;-15,701391;61,570477;-1,877053;5,990500;19,359589;-5,730281;-4,582549;-23,523474;-47,687503;-65,821214;0,088072;0,307819;1,774738;0,086363;0,324212;1,777556;0,091513;0,325403;1,784083;0,100361;0,342960;1,880345;0,068594;0,323031;1,767110;0,059304;0,322465;1,764011;0,050117;0,322360;1,763438;0,083591;0,314966;1,773422;0,024578;0,315985;1,772873;0,093445;0,290395;1,785542;0,073034;0,287556;1,768085;0,079088;0,202564;1,813644;-0,015058;0,213721;1,750563;0,090074;0,052307;1,770160;-0,053988;0,065652;1,715201;0,142351;-0,068831;1,892756;-0,007892;-0,068960;1,692520;0,161679;-0,111108;1,888646;-0,008569;-0,111657;1,689013;0,161712;-0,111905;1,889032;0,015282;-0,113085;1,684131;0,151754;-0,097294;1,887317;0,023151;-0,099110;1,696553;0,079707;-0,082000;1,769063;0,018379;-0,073956;1,710626;0,059470;-0,285798;1,825415;-0,011609;-0,294603;1,779928;0,057651;-0,472833;1,890248;-0,027095;-0,499872;1,776783;0,027625;-0,511294;1,906180;-0,042302;-0,522023;1,764233;0,134552;-0,531125;1,887869;0,042534;-0,534050;1,708805
00:00:00.066;3;3;3;3;2;9,197638;-1,889907;-2,689861;32,605563;-16,357341;63,256144;-2,511282;6,758610;19,345549;-6,999565;-4,504282;22,949067;-49,053868;-65,609191;0,108989;0,385931;2,227634;0,107983;0,405912;2,231628;0,113753;0,407352;2,239541;0,122022;0,419708;2,307315;0,085029;0,405231;2,219177;0,073379;0,404606;2,215753;0,061853;0,404567;2,215540;0,104963;0,393940;2,226856;0,030884;0,395938;2,227736;0,116108;0,364314;2,240046;0,090159;0,361097;2,220264;0,102275;0,254918;2,282383;-0,019345;0,268403;2,198459;0,114696;0,065702;2,223480;-0,068228;0,082025;2,154088;0,178888;-0,084833;2,378565;-0,012236;-0,087014;2,125310;0,203115;-0,138392;2,372671;-0,013731;-0,140263;2,121733;0,203136;-0,138911;2,372922;0,016650;-0,141992;2,114636;0,190819;-0,121148;2,373163;0,027124;-0,124709;2,127539;0,099951;-0,101717;2,218390;0,023088;-0,092903;2,148888;0,075888;-0,359164;2,294016;-0,015017;-0,371466;2,234877;0,072349;-0,593380;2,372164;-0,032932;-0,627104;2,233009;0,036320;-0,639620;2,390828;-0,050425;-0,655043;2,213791;0,170225;-0,667040;2,375221;0,053922;-0,671693;2,149226
00:00:00.100;4;3;3;3;2;9,207765;-2,039215;-2,206192;32,372591;-16,887039;64,761079;-2,787225;7,291566;19,159702;-7,969802;-5,096280;22,593873;50,746477;-52,638160;0,122544;0,436555;2,521162;0,121980;0,458807;2,525613;0,128124;0,460314;2,533906;0,135976;0,469158;2,582442;0,095686;0,458536;2,512332;0,082501;0,457846;2,508553;0,069458;0,457836;2,508501;0,118808;0,445096;2,520580;0,034966;0,447698;2,522210;0,130839;0,411238;2,535467;0,101265;0,408795;2,513544;0,117362;0,288987;2,587421;-0,022119;0,303779;2,488223;0,130636;0,074373;2,516913;-0,077467;0,091568;2,438827;0,202730;-0,095276;2,695573;-0,015063;-0,098767;2,407069;0,228857;-0,156127;2,687279;-0,018161;-0,159994;2,404076;0,230139;-0,156516;2,688353;0,017536;-0,161812;2,394007;0,216273;-0,136691;2,689720;0,029702;-0,142391;2,407306;0,113209;-0,114632;2,512640;0,026138;-0,105175;2,432733;0,086467;-0,406422;2,595851;-0,017239;-0,421560;2,531393;0,083037;-0,671302;2,683671;-0,036725;-0,709793;2,529516;0,041951;-0,722705;2,704622;-0,055709;-0,741573;2,506227;0,194782;-0,756061;2,694410;0,062860;-0,766575;2,452820
00:00:00.133;5;3;3;3;2;9,067480;-5,678905;-0,909912;35,314886;-16,031548;65,566706;-2,216137;2,654752;20,105053;-6,319089;3,325872;-20,675502;60,231295;22,622255;0,138516;0,453084;2,700222;0,139103;0,475933;2,700471;0,144220;0,476976;2,706244;0,149323;0,482725;2,737793;0,116016;0,480019;2,703967;0,104024;0,481501;2,699787;0,091045;0,482389;2,698497;0,127626;0,469887;2,707658;0,049734;0,476812;2,706849;0,140842;0,427399;2,714210;0,113060;0,429098;2,706989;0,123302;0,305481;2,775841;-0,029378;0,324139;2,672972;0,138795;0,080024;2,708164;-0,096411;0,096674;2,623452;0,231271;-0,077952;2,886816;-0,025437;-0,105355;2,590583;0,266023;-0,136055;2,870813;-0,025277;-0,170554;2,585557;0,271847;-0,134908;2,863719;0,011751;-0,170355;2,574056;0,253235;-0,115256;2,873068;0,021783;-0,150489;2,585630;0,119549;-0,122972;2,702708;0,023782;-0,112961;2,612830;0,095826;-0,437951;2,797232;-0,019766;-0,453329;2,719386;0,091155;-0,720640;2,885653;-0,039178;-0,763306;2,721407;0,046756;-0,773505;2,905518;-0,059143;-0,797798;2,696245;0,209337;-0,814296;2,898949;0,067071;-0,823143;2,630375
00:00:00.166;6;4;2;6;2;8,577377;-11,655279;-0,228505;40,508162;82,332150;165,117559;-3,637218;-2,690276;23,342640;80,493740;1,296538;15,543189;-59,201360;42,416006;0,190491;0,455108;2,824692;0,192480;0,478942;2,818425;0,195885;0,478647;2,823007;0,200259;0,483407;2,842994;0,171888;0,482600;2,820053;0,160669;0,485569;2,816078;0,147874;0,487357;2,815900;0,173970;0,476126;2,823143;0,103933;0,487368;2,829941;0,187055;0,430494;2,840678;0,160957;0,433474;2,833468;0,172515;0,314027;2,910159;-0,012104;0,336995;2,799102;0,393547;0,142495;4,529937;-0,098028;0,103344;2,746328;0,344075;-0,067254;2,970417;-0,023697;-0,092743;2,717290;0,382306;-0,119264;2,941045;-0,016075;-0,159437;2,705595;0,388063;-0,118480;2,935093;0,018740;-0,156479;2,706462;0,368426;-0,102394;2,942622;0,026368;-0,136148;2,716751;0,147082;-0,127323;2,827182;0,034177;-0,117249;2,736979;0,127147;-0,456890;2,925553;-0,012476;-0,470321;2,839703;0,121946;-0,751226;3,006267;-0,038537;-0,793710;2,846498;0,083724;-0,840732;3,160337;-0,058081;-0,829343;2,821639;0,227318;-0,854463;3,019157;0,071614;-0,867468;2,773409
00:00:00.200;7;4;2;6;2;7,339812;-15,489450;-3,164705;56,555115;78,010044;157,637760;-3,523540;-11,936469;24,976598;73,005849;1,739032;24,966752;-53,893561;-43,431088;0,253699;0,449241;2,909816;0,256097;0,473387;2,896578;0,257218;0,473213;2,899673;0,260061;0,476307;2,912665;0,239443;0,476937;2,898062;0,230031;0,481207;2,896292;0,218595;0,483757;2,897961;0,229493;0,473968;2,908161;0,171954;0,488397;2,915251;0,243634;0,426751;2,929972;0,221985;0,430716;2,923640;0,216110;0,311607;2,986501;0,028225;0,346770;2,893019;0,368846;0,128020;4,028034;-0,063355;0,113393;2,833041;0,404077;-0,047795;3,026753;0,062532;-0,059831;2,802488;0,446233;-0,092837;2,996330;0,084786;-0,117197;2,795548;0,453875;-0,092281;2,989183;0,114311;-0,110904;2,789533;0,434124;-0,078507;2,999005;0,114063;-0,092338;2,797822;0,184074;-0,129129;2,910212;0,062299;-0,117672;2,840092;0,156461;-0,465978;2,988238;0,025898;-0,481257;2,924080;0,147233;-0,777933;3,074693;-0,002719;-0,814164;2,906451;0,103684;-0,848552;3,173440;-0,028595;-0,856184;2,890924;0,248271;-0,880903;3,082196;0,115878;-0,889186;2,823313
00:00:00.233;8;4;2;6;2;3,220744;-10,589292;-6,528045;61,974044;69,930603;145,964280;-2,147890;-22,560810;17,125725;64,058786;5,259503;26,121267;-153,737208;-68,018596;0,290825;0,436582;2,941440;0,294734;0,462081;2,925315;0,295463;0,461968;2,927327;0,296276;0,464040;2,936181;0,281823;0,465574;2,926962;0,274665;0,469490;2,926179;0,265082;0,472259;2,927436;0,263938;0,468041;2,948256;0,218980;0,482038;2,954271;0,274968;0,416021;2,959168;0,258413;0,420434;2,952378;0,228198;0,306745;2,991507;0,067986;0,345843;2,910869;0,343496;0,116362;3,632931;0,014957;0,108882;2,853822;0,414850;-0,038103;2,995830;0,183049;-0,033188;2,833633;0,798608;-0,119150;4,836089;0,215256;-0,081025;2,834881;0,471253;-0,076691;2,974388;0,236683;-0,071646;2,825119;0,442314;-0,062299;2,973818;0,230030;-0,055375;2,829348;0,200808;-0,129333;2,941735;0,087989;-0,118772;2,900181;0,178320;-0,470605;3,020759;0,060270;-0,487940;2,962756;0,164690;-0,799340;3,116834;0,030287;-0,829254;2,940168;0,121839;-0,862452;3,192859;-0,002948;-0,875759;2,928503;0,265909;-0,896114;3,116378;0,153730;-0,914963;2,892328
00:00:00.266;9;4;2;6;1;1,260788;-8,219535;-7,745656;62,631936;57,775417;126,244917;-2,200321;-29,120026;10,692451;50,809598;9,266524;-22,830274;146,118355;-56,532555;0,327244;0,429738;2,964103;0,332233;0,455241;2,947427;0,331472;0,455003;2,947629;0,330916;0,456352;2,953398;0,320334;0,458321;2,946632;0,314535;0,461882;2,945658;0,305000;0,465791;2,946078;0,295773;0,462213;2,961251;0,257303;0,476410;2,970006;0,307606;0,409271;2,979854;0,293195;0,413937;2,972452;0,239638;0,303779;2,985807;0,103153;0,343525;2,916912;0,313820;0,108589;3,370131;0,077444;0,103848;2,867417;0,408961;-0,036434;3,007843;0,270399;-0,024298;2,857872;0,969329;-0,156153;6,102604;0,311006;-0,071426;2,868964;0,750355;-0,119318;4,892235;0,327797;-0,062004;2,854401;0,726571;-0,094287;5,053292;0,315274;-0,045034;2,852327;0,212936;-0,127878;2,950479;0,108087;-0,117609;2,919242;0,192840;-0,470759;3,030679;0,084273;-0,490183;2,975147;0,177336;-0,816152;3,146384;0,055021;-0,840175;2,962150;0,133527;-0,873192;3,203153;0,016921;-0,888289;2,948723;0,281814;-0,906600;3,136680;0,182068;-0,933518;2,942834
00:00:00.300;10;4;2;5;1;0,626016;-9,075273;-8,750958;62,418212;39,820494;100,872227;-2,344205;-32,439009;7,690438;35,101985;8,048930;23,364531;132,886330;-44,031274;0,353329;0,425524;2,980525;0,357921;0,451041;2,963468;0,356200;0,450736;2,962576;0,354665;0,451518;2,965690;0,347668;0,454840;2,960404;0,341708;0,458220;2,959633;0,333309;0,461815;2,959693;0,317665;0,457479;2,970638;0,284269;0,472573;2,979087;0,329880;0,404841;2,992981;0,317903;0,409613;2,984743;0,250897;0,303576;2,988434;0,127189;0,342238;2,922746;0,296840;0,103611;3,201602;0,115861;0,101579;2,874786;0,407376;-0,031730;2,976144;0,322514;-0,022775;2,877936;0,784206;-0,125614;4,993825;0,366072;-0,069348;2,886327;0,645727;-0,098413;4,204377;0,382343;-0,058980;2,877138;0,622162;-0,076750;4,304646;0,368569;-0,042611;2,873784;0,225179;-0,126953;2,956649;0,125304;-0,116746;2,928869;0,204039;-0,469903;3,030939;0,101970;-0,491322;2,981267;0,184503;-0,827562;3,167416;0,072132;-0,846784;2,974734;0,139343;-0,876596;3,196937;0,029834;-0,895324;2,961790;0,292285;-0,913809;3,151225;0,201929;-0,946948;2,979960
00:00:00.333;11;3;2;4;2;0,292415;-10,930170;-9,479925;61,392822;20,376300;74,503196;-2,810333;-33,685662;5,824294;21,220840;-6,747399;19,490792;-118,923318;-31,145364;0,371567;0,421879;2,992583;0,375702;0,447217;2,973854;0,374583;0,447018;2,973274;0,372470;0,447497;2,975097;0,366669;0,451653;2,970445;0,360523;0,454829;2,969222;0,352852;0,459295;2,968964;0,335198;0,454452;2,977066;0,301878;0,471284;2,985723;0,346745;0,402162;3,003030;0,335179;0,406936;2,993735;0,262004;0,304005;2,995681;0,141681;0,341273;2,925420;0,291794;0,102741;3,099642;0,140744;0,100059;2,878230;0,413600;-0,023361;2,954327;0,353437;-0,021745;2,885128;0,671891;-0,099184;4,263103;0,402731;-0,067970;2,896403;0,584123;-0,079400;3,750754;0,418172;-0,055881;2,887791;0,562109;-0,060005;3,813697;0,402776;-0,039943;2,885027;0,233056;-0,124152;2,959687;0,135450;-0,114059;2,935650;0,212466;-0,465024;3,031707;0,115743;-0,489110;2,987194;0,190339;-0,835024;3,181257;0,084352;-0,850045;2,983107;0,147198;-0,882099;3,204769;0,041417;-0,898878;2,966934;0,296976;-0,920254;3,162739;0,209785;-0,953031;2,995790
00:00:00.366;12;3;2;3;2;0,134084;-12,546378;-9,413193;61,331009;8,919984;60,445541;-3,146858;-33,891514;4,761365;14,270984;5,864963;20,422886;-110,350963;24,525823;0,382392;0,419581;3,000932;0,387312;0,444786;2,980982;0,386584;0,444657;2,980605;0,385210;0,444968;2,981790;0,377924;0,449573;2,976918;0,371737;0,452706;2,975991;0,363502;0,457801;2,975936;0,347739;0,451465;2,981711;0,311260;0,470614;2,991109;0,358036;0,399664;3,012202;0,346647;0,404359;3,001531;0,270647;0,305732;3,003850;0,149927;0,340428;2,925277;0,296363;0,104129;3,058343;0,154862;0,101195;2,881167;0,417863;-0,013666;2,948972;0,371700;-0,016861;2,891747;0,596709;-0,076712;3,787742;0,423019;-0,062789;2,900686;0,542709;-0,062787;3,453950;0,438129;-0,050679;2,893757;0,521955;-0,044894;3,494173;0,421540;-0,035020;2,890438;0,239232;-0,120164;2,961396;0,142026;-0,111227;2,939691;0,217699;-0,460262;3,028947;0,123549;-0,487479;2,989850;0,195302;-0,838719;3,190300;0,091189;-0,852040;2,988114;0,154705;-0,885988;3,210987;0,048959;-0,900293;2,970900;0,298978;-0,923631;3,171410;0,214890;-0,956978;3,006056
00:00:00.400;13;3;2;4;2;-0,019508;-13,081419;-10,003671;60,796541;-0,490785;49,130833;-3,019978;-34,659505;3,668080;6,032577;5,307118;17,646212;-100,150150;16,946628;0,389573;0,417137;3,007444;0,394816;0,442072;2,985312;0,394343;0,441988;2,985067;0,392369;0,442200;2,985900;0,385213;0,447103;2,980919;0,378947;0,451235;2,979791;0,370381;0,455690;2,980125;0,355902;0,448449;2,984815;0,317334;0,470145;2,994399;0,364189;0,397952;3,017477;0,354099;0,402681;3,006577;0,273795;0,306556;3,006233;0,154255;0,339943;2,925748;0,292474;0,104502;3,016723;0,165046;0,101909;2,882397;0,414336;-0,009500;2,938686;0,384895;-0,014751;2,897951;0,541916;-0,064258;3,481519;0,437361;-0,059433;2,904082;0,510634;-0,051997;3,261843;0,451020;-0,047290;2,897131;0,490725;-0,036135;3,287475;0,433794;-0,031823;2,894320;0,243308;-0,117598;2,963230;0,146350;-0,109419;2,943258;0,221056;-0,455980;3,026569;0,129763;-0,485499;2,992635;0,197287;-0,839640;3,194983;0,096730;-0,853388;2,991550;0,159529;-0,887048;3,213958;0,054924;-0,900929;2,972540;0,300261;-0,925766;3,176839;0,218276;-0,959838;3,013654
00:00:00.433;14;3;4;4;2;-0,543923;-14,378995;-12,012260;57,089808;-7,302785;45,136755;-3,401050;-36,033012;1,006431;1,897363;-24,540445;7,932657;-88,691642;10,394995;0,399432;0,414129;3,017454;0,404623;0,438714;2,992189;0,403175;0,438611;2,991693;0,400737;0,438684;2,991787;0,395848;0,443807;2,986839;0,389407;0,448474;2,984745;0,381519;0,452302;2,983912;0,363528;0,445567;2,987974;0,328831;0,468621;2,995716;0,373130;0,395171;3,025085;0,363796;0,400976;3,013530;0,277879;0,305831;3,006158;0,162463;0,339763;2,927215;0,298357;0,100422;2,988272;0,187426;0,103430;2,883365;0,427209;-0,007857;2,933881;0,403156;-0,014443;2,903019;0,523379;-0,058295;3,283181;0,467805;-0,059899;2,988510;0,506922;-0,048173;3,138259;0,469353;-0,046183;2,901899;0,487500;-0,032563;3,154136;0,452618;-0,030819;2,898628;0,244872;-0,115928;2,964353;0,148142;-0,108283;2,946653;0,222287;-0,456798;3,027021;0,130524;-0,486375;2,994329;0,197380;-0,840109;3,197533;0,099235;-0,854224;2,993640;0,160311;-0,887680;3,215685;0,056669;-0,901848;2,975276;0,301024;-0,928096;3,179625;0,222784;-0,963232;3,019945
00:00:00.466;15;3;4;3;2;-1,658710;-14,294615;-15,155977;44,696233;-8,595762;85,856655;-4,491050;-40,548483;-8,305110;7,440788;-17,992438;5,332210;172,063499;-77,708349;0,422874;0,408936;3,041640;0,428752;0,434247;3,019602;0,426379;0,433895;3,017229;0,423564;0,434952;3,016534;0,421587;0,438360;3,013876;0,416114;0,443464;3,011389;0,408499;0,446819;3,009117;0,382459;0,441360;2,996518;0,354087;0,462542;2,999020;0,393039;0,391777;3,043853;0,385589;0,396431;3,034451;0,277065;0,302884;2,992325;0,188644;0,339418;2,935470;0,317336;0,092710;2,980449;0,252338;0,102883;2,900254;0,766023;-0,053786;4,730683;0,460510;-0,026072;2,916845;0,538450;-0,063253;3,168470;0,517705;-0,066350;2,973291;0,534870;-0,057696;3,072199;0,522715;-0,055258;2,915655;0,514901;-0,045424;3,083403;0,506683;-0,043152;2,914487;0,242539;-0,114791;2,963708;0,152506;-0,107529;2,948417;0,223016;-0,454983;3,026353;0,133266;-0,486086;2,996865;0,196254;-0,835661;3,198836;0,104156;-0,852727;2,995497;0,159640;-0,883357;3,216629;0,061053;-0,899127;2,976838;0,297270;-0,926204;3,185696;0,225409;-0,965488;3,034645
00:00:00.500;16;3;3;3;1;-1,727798;-7,824575;-14,538571;49,375664;-10,417362;88,808332;-4,839804;-43,845766;-8,854149;3,794984;-6,571187;10,200210;168,309426;-66,360736;0,430762;0,407254;3,053150;0,437567;0,432304;3,036306;0,436024;0,432076;3,034763;0,433014;0,432702;3,033873;0,431702;0,437124;3,031970;0,424884;0,440540;3,023243;0,418064;0,445289;3,024190;0,392675;0,439899;3,010921;0,363502;0,461797;3,015137;0,400105;0,389317;3,054029;0,392559;0,394130;3,044390;0,278053;0,303604;2,987988;0,197100;0,340315;2,941245;0,309883;0,090515;2,961129;0,258929;0,106629;2,906966;0,666592;-0,027990;4,119334;0,469904;-0,008851;2,945322;0,532911;-0,039581;3,098438;0,524808;-0,042674;2,971463;0,540867;-0,027411;3,027332;0,531297;-0,027949;2,928129;0,520081;-0,016165;3,038880;0,514212;-0,017885;2,932163;0,241099;-0,114087;2,964234;0,157571;-0,107089;2,950971;0,223473;-0,453771;3,025704;0,137286;-0,486075;2,999608;0,195537;-0,832835;3,199935;0,106252;-0,852764;2,996418;0,159196;-0,881681;3,217106;0,061728;-0,899453;2,977607;0,296051;-0,925153;3,190264;0,232683;-0,966940;3,044153
00:00:00.533;17;3;2;3;1;-0,974430;-7,856263;-12,734444;58,174015;-13,597827;94,277062;-5,474867;-43,938325;-3,477396;-3,382528;-3,582288;4,438963;163,120006;-62,495464;0,430975;0,406866;3,057512;0,437391;0,431854;3,037152;0,436389;0,431706;3,036149;0,434432;0,432113;3,035571;0,431031;0,436857;3,031960;0,424435;0,440225;3,026589;0,417694;0,444309;3,026476;0,394666;0,439804;3,018554;0,363859;0,462138;3,023756;0,399823;0,388446;3,057552;0,392241;0,393358;3,047803;0,280920;0,305301;2,997178;0,198566;0,343508;2,948915;0,296267;0,090069;2,945829;0,237652;0,109028;2,910401;0,590707;-0,007060;3,705200;0,459652;0,007516;2,942076;0,516381;-0,022056;3,046556;0,513187;-0,024069;2,963577;0,520980;-0,007738;2,996862;0,522592;-0,005924;2,934370;0,505984;0,003816;3,001830;0,504318;0,003767;2,932551;0,240215;-0,114734;2,965221;0,159721;-0,107835;2,951430;0,226409;-0,453838;3,031007;0,138792;-0,487115;3,001109;0,195141;-0,833626;3,201793;0,107599;-0,852667;2,996591;0,158909;-0,881768;3,217434;0,062161;-0,899587;2,977852;0,296418;-0,924455;3,193180;0,236230;-0,967617;3,049492
00:00:00.566;18;3;1;3;2;-0,372805;-13,820819;-9,718070;67,777660;-15,864367;99,434897;-6,105805;-42,341484;3,376369;-12,326343;-1,150218;0,168195;156,629498;51,074508;0,428283;0,407152;3,056024;0,434558;0,432156;3,034119;0,433906;0,432059;3,033467;0,432634;0,432324;3,033092;0,428082;0,436368;3,029763;0,421398;0,440553;3,024857;0,414795;0,444283;3,024622;0,393265;0,440295;3,019738;0,360387;0,461859;3,026066;0,398243;0,388719;3,057670;0,389504;0,393652;3,047586;0,283741;0,307436;3,013235;0,197318;0,346582;2,953231;0,279968;0,090834;2,935679;0,208933;0,110566;2,912088;0,526168;0,004459;3,441919;0,446439;0,019210;2,938997;0,484976;-0,014963;3,018475;0,499170;-0,011976;2,958295;0,493276;0,002919;2,978404;0,509684;0,008333;2,933495;0,475975;0,013640;2,981251;0,491971;0,017786;2,929194;0,240804;-0,114114;2,966899;0,159993;-0,108284;2,950783;0,228732;-0,453583;3,039905;0,138635;-0,486545;3,001139;0,196008;-0,833964;3,202322;0,108489;-0,851626;2,997102;0,161054;-0,881771;3,217455;0,063514;-0,899500;2,977432;0,297651;-0,923482;3,193274;0,237360;-0,967805;3,052167
00:00:00.600;19;3;2;4;2;-0,024082;-19,079789;-6,520904;75,424228;-16,911884;102,747631;-6,537920;-39,727738;8,419546;-20,189647;-1,335744;5,448397;-22,652257;-64,588207;0,425100;0,408134;3,052719;0,431581;0,432318;3,031915;0,431157;0,432255;3,031492;0,430331;0,432427;3,031247;0,424837;0,436914;3,026695;0,418183;0,440615;3,022696;0,410448;0,445073;3,021438;0,391049;0,440380;3,018905;0,355749;0,462544;3,026029;0,395968;0,388761;3,056690;0,386511;0,393735;3,046604;0,286125;0,309417;3,029472;0,194351;0,348579;2,956023;0,265045;0,092360;2,928072;0,183889;0,111556;2,912949;0,472941;0,008795;3,283725;0,435701;0,027877;2,936895;0,703316;-0,017530;4,870419;0,486678;-0,003047;2,953837;0,467285;0,004539;2,985952;0,499160;0,018667;2,932925;0,450096;0,015797;2,976173;0,480813;0,027969;2,927384;0,242415;-0,112697;2,969776;0,159243;-0,107602;2,953111;0,230195;-0,452212;3,045060;0,137470;-0,484097;3,001828;0,196553;-0,832943;3,202379;0,109082;-0,851062;2,997834;0,162443;-0,881740;3,217345;0,064392;-0,899429;2,977111;0,298357;-0,922554;3,192315;0,238003;-0,967556;3,052734
00:00:00.633;20;3;2;4;3;0,467149;-21,978878;-4,836824;79,615214;-17,476654;103,509228;-6,648754;-38,445261;10,917828;-25,323325;1,835309;-7,075867;-29,541922;-58,945590;0,421918;0,408768;3,050536;0,428486;0,433466;3,030068;0,428211;0,433425;3,029793;0,427795;0,432560;3,030506;0,421714;0,437359;3,025323;0,415031;0,441793;3,021560;0,406642;0,445717;3,020251;0,388653;0,440599;3,019488;0,352690;0,462930;3,025618;0,393256;0,389778;3,055094;0,384517;0,394846;3,045577;0,287778;0,310815;3,041106;0,188174;0,351080;2,958883;0,252184;0,094421;2,923376;0,165509;0,112218;2,913964;0,434124;0,011620;3,181999;0,426861;0,032471;2,937498;0,831786;-0,025196;6,063700;0,477656;0,001689;2,952022;0,447369;0,003413;3,000790;0,490346;0,024329;2,933547;0,429391;0,016138;2,976182;0,472848;0,033557;2,928456;0,242520;-0,111839;2,973363;0,158813;-0,107198;2,955715;0,231237;-0,449274;3,049622;0,136725;-0,481456;3,002547;0,196931;-0,832377;3,202792;0,109466;-0,849591;2,998259;0,163323;-0,880431;3,216842;0,066024;-0,899088;2,975929;0,299937;-0,921831;3,191274;0,237492;-0,967031;3,055469
00:00:00.666;21;3;2;4;3;0,893781;-23,831573;-3,972425;81,607472;-18,091926;102,670029;-6,498279;-38,035947;11,893799;-28,775318;1,201904;8,463893;-35,491509;53,219537;0,419914;0,409244;3,049590;0,426558;0,434298;3,029463;0,425315;0,433208;3,029557;0,425045;0,432646;3,030021;0,418602;0,438768;3,024567;0,412001;0,442688;3,021694;0,404308;0,446293;3,020538;0,387256;0,439824;3,021123;0,350820;0,463340;3,026391;0,390456;0,390513;3,054642;0,381018;0,395582;3,045018;0,289008;0,311893;3,050318;0,180916;0,352691;2,960622;0,242752;0,095755;2,920178;0,152532;0,111613;2,915314;0,407893;0,012370;3,116621;0,419891;0,034373;2,936773;0,901256;-0,032693;6,753374;0,471729;0,004766;2,950442;0,430684;0,001595;2,982838;0,484594;0,028008;2,933812;0,415730;0,015269;2,974645;0,466450;0,036109;2,928162;0,242717;-0,111340;2,977283;0,158610;-0,106986;2,958837;0,230619;-0,447010;3,050152;0,136298;-0,479939;3,004273;0,197123;-0,830617;3,202183;0,109711;-0,848603;2,998426;0,163882;-0,878341;3,216262;0,066024;-0,899172;2,976171;0,301192;-0,920889;3,192993;0,237147;-0,966635;3,057076
00:00:00.700;22;3;2;4;3;1,202231;-24,916217;-3,562203;82,763384;-18,422298;100,878160;-6,235014;-38,150326;12,459203;-30,947372;-4,520206;9,832007;-41,301416;47,491430;0,417471;0,409522;3,048741;0,424096;0,434728;3,028299;0,423395;0,433029;3,029137;0,423220;0,432664;3,029438;0,416479;0,439576;3,023336;0,409882;0,443106;3,020676;0,401470;0,447515;3,019038;0,385128;0,439184;3,021246;0,349484;0,463444;3,025831;0,388670;0,391026;3,054617;0,378739;0,396055;3,044610;0,288505;0,312390;3,054318;0,175149;0,353803;2,962285;0,233355;0,096584;2,916950;0,143060;0,111242;2,916782;0,389546;0,011762;3,072390;0,414983;0,035574;2,933574;0,945149;-0,031768;7,214725;0,466831;0,006766;2,949589;0,420794;-0,000671;2,978217;0,479849;0,030404;2,934369;0,406597;0,013616;2,971719;0,462300;0,037769;2,928023;0,241818;-0,111042;2,980558;0,158468;-0,107920;2,960669;0,230460;-0,446007;3,053716;0,135019;-0,479288;3,007506;0,197287;-0,829639;3,202430;0,109856;-0,847848;2,998133;0,164261;-0,877066;3,216192;0,066040;-0,898348;2,977008;0,302040;-0,920377;3,194457;0,237257;-0,966624;3,062442
00:00:00.733;23;3;3;3;3;1,450888;-25,331406;-3,593578;83,476928;-18,873102;99,412294;-5,998097;-38,197018;12,712699;-32,643386;-74,214232;12,503175;-42,109635;46,877156;0,415646;0,410574;3,046441;0,422404;0,434913;3,026885;0,421949;0,433809;3,027430;0,421944;0,432583;3,028415;0,415020;0,440016;3,021956;0,408416;0,443280;3,019346;0,400623;0,448196;3,017308;0,384732;0,438640;3,020435;0,347509;0,463505;3,025422;0,387452;0,391301;3,054146;0,377209;0,396310;3,043947;0,288165;0,312699;3,056778;0,170295;0,354466;2,962877;0,226055;0,097062;2,913050;0,136858;0,110961;2,916688;0,368724;0,002573;3,061935;0,412226;0,036395;2,934623;0,929156;-0,073664;7,433754;0,463774;0,006996;2,949853;0,609199;-0,039289;4,687405;0,772966;0,047903;4,780589;0,589310;-0,009856;4,665700;0,742564;0,061563;4,769526;0,241275;-0,110868;2,983207;0,158321;-0,108490;2,960847;0,230550;-0,444613;3,058619;0,134137;-0,478684;3,008464;0,197375;-0,827760;3,202292;0,109942;-0,847291;2,997711;0,163338;-0,875067;3,216147;0,067108;-0,897482;2,976455;0,302674;-0,919129;3,196277;0,237395;-0,966888;3,066793
00:00:00.766;24;3;3;3;3;1,277879;-25,595259;-7,103051;78,049608;-19,664058;98,789033;-5,939618;-38,284303;10,205017;-33,346770;-71,556293;-13,527568;-40,275844;47,416900;0,416754;0,410230;3,045530;0,422202;0,434824;3,024514;0,421906;0,434106;3,024868;0,422024;0,432334;3,026371;0,416061;0,440084;3,019561;0,409452;0,443171;3,016970;0,402095;0,447354;3,014909;0,383141;0,438016;3,018047;0,348224;0,463276;3,023406;0,387753;0,390351;3,053698;0,378476;0,395418;3,043896;0,287625;0,312551;3,054973;0,170317;0,353696;2,962233;0,224196;0,097245;2,906751;0,154772;0,110578;2,911325;0,361341;-0,010210;3,070437;0,425230;0,028375;2,934228;0,918761;-0,100897;7,576124;0,470619;-0,003451;2,932160;0,789126;-0,091678;6,137688;0,675642;0,025219;4,127334;0,781619;-0,055516;6,272123;0,652093;0,039395;4,129345;0,240830;-0,110713;2,983779;0,157143;-0,107779;2,960860;0,230648;-0,443782;3,062324;0,132508;-0,478439;3,010021;0,197457;-0,826641;3,202594;0,109970;-0,846720;2,996692;0,161587;-0,872709;3,216532;0,066732;-0,897080;2,976629;0,303200;-0,918662;3,198660;0,236343;-0,966966;3,069324
00:00:00.800;25;3;3;3;3;0,756384;-24,415758;-10,236221;72,485407;-19,548052;95,538406;-5,836381;-39,407126;7,873708;-32,953971;-69,142166;13,719793;-40,700383;46,579878;0,417191;0,409729;3,042879;0,422920;0,434510;3,021197;0,421587;0,433998;3,021110;0,421763;0,431852;3,022804;0,416519;0,439897;3,016424;0,411056;0,442923;3,014220;0,403972;0,446615;3,012061;0,381886;0,437356;3,014744;0,350705;0,461794;3,020553;0,388796;0,389471;3,051349;0,380083;0,394506;3,041293;0,286478;0,311589;3,045335;0,174474;0,352875;2,959115;0,222807;0,097285;2,900296;0,174611;0,112303;2,904396;0,349499;-0,021701;3,062668;0,437021;0,021012;2,928049;0,958414;-0,159152;8,073215;0,478478;-0,013491;2,928359;0,896205;-0,139884;7,131150;0,614491;0,008354;3,702653;0,881836;-0,096830;7,221143;0,593994;0,022868;3,704634;0,240348;-0,110523;2,981760;0,156251;-0,107230;2,958452;0,230586;-0,443000;3,063055;0,131439;-0,479337;3,010786;0,197497;-0,825861;3,202589;0,110028;-0,846655;2,997119;0,159250;-0,871017;3,216195;0,066485;-0,896789;2,976645;0,303690;-0,917636;3,201764;0,235380;-0,966980;3,067308
00:00:00.833;26;3;3;3;3;0,225637;-22,201091;-13,476364;67,461286;-19,397814;90,058663;-5,528237;-40,737891;5,747965;-31,601515;-65,132898;14,692765;-42,811257;-44,977250;0,417410;0,408235;3,040685;0,423260;0,434177;3,018139;0,421259;0,433805;3,017809;0,420323;0,431361;3,019243;0,416787;0,438650;3,014176;0,412027;0,442685;3,011913;0,405136;0,446074;3,009793;0,381035;0,436887;3,012319;0,352317;0,460830;3,018699;0,388158;0,388692;3,048198;0,381134;0,392814;3,039654;0,284206;0,310496;3,034498;0,177096;0,351112;2,955780;0,222975;0,097319;2,896344;0,191430;0,115374;2,896206;0,335178;-0,032317;3,047089;0,445665;0,015163;2,923519;0,984189;-0,197018;8,396324;0,484264;-0,021129;2,929899;0,926967;-0,179344;7,610692;0,576303;-0,004758;3,429504;0,908292;-0,129692;7,668705;0,557339;0,011064;3,428860;0,238845;-0,112515;2,979115;0,155719;-0,107982;2,957804;0,230658;-0,446057;3,065026;0,130885;-0,482643;3,014560;0,197516;-0,825323;3,202467;0,110042;-0,846427;2,996734;0,157739;-0,871130;3,216129;0,066330;-0,896667;2,976878;0,303937;-0,916756;3,203034;0,234802;-0,967189;3,066631
00:00:00.866;27;3;3;4;2;-0,177063;-19,744229;-17,360128;62,429823;-22,225077;118,904494;-5,308695;-42,274539;3,300105;-28,801254;-60,654841;-15,482010;-3,761667;78,543783;0,418560;0,406066;3,038556;0,423472;0,432854;3,016085;0,421036;0,432573;3,015594;0,419304;0,430955;3,016320;0,417985;0,437764;3,012200;0,412654;0,441432;3,010383;0,407007;0,444650;3,008468;0,380477;0,436577;3,010707;0,354410;0,459039;3,017050;0,388945;0,387172;3,046887;0,382870;0,391661;3,038170;0,282443;0,309469;3,024371;0,178803;0,348898;2,953659;0,235144;0,098178;2,887584;0,208321;0,119291;2,886905;0,546479;-0,058403;4,629080;0,453752;0,011356;2,916151;0,961037;-0,208383;8,069137;0,490113;-0,026090;2,930629;0,970159;-0,184860;7,618816;0,553694;-0,013286;3,252445;0,917729;-0,140754;7,622860;0,535541;0,002332;3,249043;0,237826;-0,113789;2,976861;0,154293;-0,108468;2,957299;0,230684;-0,448004;3,066028;0,129446;-0,485972;3,017508;0,197525;-0,824959;3,202331;0,110039;-0,846188;2,996165;0,156746;-0,868806;3,215876;0,066225;-0,896539;2,976868;0,304214;-0,916534;3,205083;0,233102;-0,967561;3,063416
00:00:00.900;28;4;5;3;2;-0,601151;-17,104102;-20,222814;58,701914;-24,633849;120,353903;-5,009285;-43,680159;1,096418;-25,442693;-52,772090;17,825479;1,068282;-77,447952;0,419392;0,404736;3,037779;0,423522;0,431907;3,014133;0,421939;0,431724;3,013815;0,419679;0,430632;3,014007;0,418659;0,437080;3,010162;0,414036;0,440491;3,008528;0,409222;0,443623;3,006918;0,380020;0,436267;3,008907;0,356773;0,457756;3,015189;0,389471;0,386198;3,046146;0,384174;0,389984;3,038591;0,281043;0,308522;3,015046;0,179896;0,347427;2,952004;0,247047;0,097624;2,879904;0,220202;0,121763;2,879171;0,789980;-0,080917;6,292785;0,460909;0,002518;2,916553;1,063212;-0,223520;8,316104;0,496640;-0,036850;2,934528;1,082010;-0,198115;8,002462;0,542623;-0,026318;3,139788;1,031348;-0,153940;8,022350;0,524978;-0,010798;3,134610;0,237227;-0,114648;2,976190;0,153415;-0,108819;2,957918;0,230635;-0,449141;3,065816;0,128483;-0,488029;3,018770;0,197532;-0,824726;3,202257;0,109998;-0,845735;2,994742;0,156128;-0,867448;3,216280;0,066149;-0,896347;2,976498;0,304367;-0,916308;3,206131;0,232038;-0,967974;3,061865
00:00:00.933;29;3;4;4;2;-0,655807;-15,258549;-19,117403;57,074109;-25,059594;120,033062;-4,984920;-44,190404;-0,201067;-23,633819;-42,216152;-18,134515;9,102260;79,217140;0,420005;0,403941;3,037798;0,423542;0,431277;3,012768;0,422513;0,431158;3,012561;0,419905;0,430405;3,012380;0,419062;0,436599;3,008590;0,414893;0,439836;3,007019;0,409495;0,442876;3,005367;0,379711;0,436052;3,007647;0,357234;0,456950;3,014167;0,389866;0,385617;3,046079;0,385064;0,388935;3,039195;0,281421;0,308122;3,011095;0,179604;0,346608;2,952100;0,251036;0,097423;2,879629;0,219362;0,121744;2,885056;0,905120;-0,098711;7,356156;0,459663;-0,003240;2,919838;1,073484;-0,232077;8,227286;0,499085;-0,046960;2,932827;1,087226;-0,217707;7,909985;0,533087;-0,037965;3,065390;1,074722;-0,178818;8,175607;0,517146;-0,021468;3,060796;0,236827;-0,115202;2,975627;0,152819;-0,109029;2,957837;0,229411;-0,451956;3,064628;0,127826;-0,490342;3,018833;0,197478;-0,824332;3,201263;0,109983;-0,845528;2,994123;0,155681;-0,866310;3,215592;0,066102;-0,896254;2,976363;0,304456;-0,916131;3,206706;0,232379;-0,967909;3,059804
00:00:00.966;30;4;4;5;2;-0,654140;-14,520790;-17,515672;57,984686;-25,314828;120,157305;-5,038698;-44,301508;0,530330;-23,175704;-22,661523;23,590875;67,960733;75,786406;0,420441;0,404566;3,038078;0,423749;0,432162;3,013267;0,423081;0,432085;3,013133;0,420251;0,431557;3,012748;0,419636;0,436610;3,009804;0,415757;0,439733;3,008252;0,409932;0,443764;3,006263;0,379752;0,437285;3,008742;0,357719;0,456661;3,015051;0,390304;0,385418;3,047445;0,385645;0,389363;3,039613;0,281878;0,306996;3,010769;0,179444;0,346133;2,952663;0,252589;0,096248;2,879546;0,212574;0,121780;2,890051;0,979960;-0,110277;8,047347;0,446922;-0,007047;2,935351;1,101481;-0,238445;8,195778;0,489796;-0,052579;2,937019;1,123077;-0,235211;7,995140;0,520038;-0,043471;3,020620;1,102916;-0,194988;8,275225;0,503262;-0,027403;3,017632;0,236585;-0,115570;2,975476;0,152467;-0,109191;2,958484;0,228827;-0,455329;3,066717;0,127350;-0,491656;3,017722;0,197419;-0,823976;3,200232;0,108896;-0,845487;2,994055;0,156564;-0,865593;3,215229;0,066066;-0,896119;2,976031;0,304444;-0,915805;3,206341;0,232514;-0,967506;3,057326
00:00:01.000;31;3;3;4;2;-0,651661;-14,998931;-16,318143;57,985282;-25,126816;119,635702;-5,222569;-43,966883;1,619658;-23,703351;-11,754819;-28,557126;10,493779;-71,189581;0,420845;0,405087;3,039127;0,424159;0,433019;3,015545;0,423725;0,432969;3,015458;0,420729;0,432566;3,014793;0,420193;0,437905;3,011905;0,416474;0,440927;3,010175;0,410451;0,444597;3,008569;0,380016;0,438362;3,011338;0,358313;0,457929;3,017979;0,390751;0,385448;3,049603;0,386214;0,389834;3,041385;0,282533;0,306650;3,014367;0,179386;0,345912;2,953768;0,252777;0,095568;2,882066;0,207154;0,121833;2,893995;0,773247;-0,085809;6,310966;0,437035;-0,011654;2,941721;0,954303;-0,205698;7,033676;0,483910;-0,057475;2,947414;0,979175;-0,205039;6,892472;0,510706;-0,047073;2,992825;0,868395;-0,150724;6,447658;0,493451;-0,031283;2,991321;0,235376;-0,115825;2,975781;0,152312;-0,109349;2,960321;0,228398;-0,456306;3,067417;0,127061;-0,492592;3,017493;0,197369;-0,823693;3,199361;0,109307;-0,845676;2,994773;0,155992;-0,865259;3,215487;0,066045;-0,896064;2,975922;0,304288;-0,915146;3,204539;0,232474;-0,966713;3,054038
00:00:01.033;32;3;3;3;2;-0,714609;-14,681550;-15,759520;58,269417;-25,080465;118,707685;-5,272191;-43,911992;2,417978;-23,945998;-6,936187;34,221918;-1,765026;86,024690;0,422318;0,405527;3,040559;0,424570;0,434824;3,018050;0,424287;0,434791;3,017993;0,421199;0,434486;3,017264;0,420782;0,438985;3,014902;0,417160;0,441936;3,013013;0,411024;0,445394;3,011790;0,380388;0,439293;3,014607;0,358915;0,459028;3,021692;0,392372;0,385682;3,052700;0,386748;0,390307;3,043832;0,282987;0,306456;3,017011;0,179400;0,345869;2,955357;0,252927;0,095136;2,884026;0,203606;0,121852;2,896194;0,637458;-0,069758;5,171024;0,430786;-0,014656;2,947119;1,006884;-0,215953;7,339692;0,480336;-0,060846;2,962577;0,853738;-0,175977;5,969190;0,504078;-0,049470;2,977803;0,715623;-0,120790;5,257390;0,486395;-0,033837;2,976668;0,234729;-0,117145;2,977759;0,152261;-0,110568;2,962507;0,228214;-0,458249;3,069141;0,126845;-0,493088;3,016660;0,196212;-0,822516;3,199460;0,108481;-0,845776;2,995161;0,155651;-0,866387;3,216301;0,066031;-0,896030;2,975858;0,304162;-0,914645;3,203111;0,232610;-0,966872;3,054030
00:00:01.066;33;3;3;3;2;-0,768769;-13,961217;-15,797883;58,124851;-25,101064;117,178356;-5,197597;-43,981003;2,777693;-23,875153;-4,824773;-24,111983;-1,007161;84,349427;0,423303;0,406945;3,041681;0,426342;0,436411;3,022535;0,425003;0,436336;3,022129;0,421826;0,436068;3,021178;0,421419;0,441053;3,018661;0,417901;0,444006;3,016987;0,411646;0,447283;3,015715;0,380822;0,440122;3,018264;0,359422;0,459891;3,025079;0,393503;0,385910;3,055312;0,387200;0,390718;3,046239;0,283299;0,305247;3,018901;0,178365;0,345905;2,956927;0,253089;0,093828;2,886035;0,201244;0,121830;2,896810;0,552754;-0,059125;4,414843;0,425594;-0,017681;2,950241;0,915014;-0,193056;6,543765;0,478450;-0,063100;2,975197;0,719347;-0,143651;4,938890;0,499915;-0,051044;2,968910;0,619435;-0,101139;4,474661;0,480821;-0,035504;2,967676;0,234386;-0,118043;2,980021;0,152296;-0,111411;2,965245;0,228035;-0,459391;3,069461;0,126691;-0,493359;3,015806;0,195542;-0,822093;3,200857;0,107957;-0,847036;2,995782;0,155438;-0,867168;3,217005;0,066026;-0,896060;2,975987;0,304070;-0,914290;3,202083;0,232711;-0,967024;3,054179
00:00:01.100;34;3;3;4;2;-0,603156;-14,032475;-15,931504;58,095300;-25,206852;115,356167;-5,408034;-43,391685;3,303015;-24,327769;-3,871843;10,362785;-4,992475;81,755346;0,422865;0,407896;3,042623;0,426411;0,437463;3,025599;0,424380;0,437354;3,024918;0,421149;0,437114;3,023841;0,420838;0,441408;3,021877;0,417374;0,444348;3,020235;0,411008;0,448574;3,018688;0,380081;0,440751;3,021258;0,357617;0,460547;3,027901;0,393131;0,386063;3,057055;0,386416;0,391020;3,048067;0,283752;0,304730;3,022802;0,177747;0,346035;2,958869;0,253255;0,093000;2,888022;0,199721;0,121823;2,897380;0,497699;-0,052214;3,923351;0,422211;-0,019647;2,952207;1,001244;-0,204810;7,019571;0,477123;-0,065640;2,982755;0,629972;-0,122671;4,270379;0,497261;-0,052073;2,963447;0,555813;-0,086022;3,958348;0,477338;-0,036599;2,962709;0,232996;-0,118584;2,980456;0,152270;-0,111922;2,966071;0,226647;-0,460932;3,067559;0,125494;-0,494629;3,015232;0,195162;-0,822056;3,202698;0,107614;-0,847830;2,996094;0,155319;-0,868955;3,217864;0,066025;-0,896110;2,976175;0,303975;-0,913952;3,201038;0,232832;-0,967358;3,055018
00:00:01.133;35;2;2;2;2;-0,157873;-17,067620;-16,042974;58,326010;-17,115159;96,690786;-6,067943;-42,138224;3,898205;-10,794971;-4,635569;0,360924;-10,356658;-75,445940;0,422564;0,408499;3,043123;0,426353;0,438042;3,026856;0,423859;0,437897;3,025902;0,420582;0,437662;3,024663;0,420332;0,441504;3,023039;0,416893;0,444424;3,021345;0,410413;0,449214;3,019292;0,379357;0,440876;3,021265;0,356206;0,460662;3,027695;0,392700;0,387090;3,056720;0,385748;0,392164;3,048001;0,286895;0,305065;3,032040;0,176288;0,347239;2,960481;0,288399;0,095699;2,956227;0,198708;0,120750;2,897415;0,490341;-0,046378;3,583175;0,420286;-0,020940;2,955436;0,828921;-0,159607;5,598830;0,476363;-0,068568;2,995254;0,589384;-0,105088;3,809760;0,494826;-0,052782;2,962092;0,535821;-0,074817;3,607029;0,475198;-0,037321;2,960262;0,231935;-0,118855;2,978699;0,151085;-0,112188;2,964858;0,225799;-0,462045;3,067062;0,124746;-0,495576;3,015596;0,194915;-0,822031;3,203885;0,107367;-0,848159;2,995641;0,155240;-0,868936;3,218389;0,066021;-0,896096;2,976139;0,303930;-0,913785;3,200540;0,232737;-0,966849;3,053272
00:00:01.166;36;3;2;3;2;0,137486;-19,851412;-16,235314;58,241774;-8,482035;71,677405;-6,712169;-40,476805;4,611914;2,712008;-4,142306;4,471149;-20,444048;63,940695;0,423278;0,410912;3,042024;0,426248;0,439450;3,027196;0,424627;0,439356;3,026576;0,421319;0,439124;3,025226;0,421063;0,443724;3,023500;0,416479;0,446563;3,021325;0,409979;0,450678;3,019338;0,379938;0,442003;3,020898;0,355240;0,461774;3,027141;0,394341;0,389680;3,054170;0,387286;0,394873;3,046032;0,290375;0,305620;3,041408;0,175338;0,348018;2,961496;0,315957;0,099289;3,021713;0,198005;0,121079;2,896778;0,484631;-0,041519;3,362973;0,419229;-0,023950;2,958915;0,718018;-0,128074;4,675519;0,475538;-0,071516;3,001274;0,564170;-0,091520;3,510887;0,493379;-0,054336;2,962033;0,523900;-0,066458;3,378665;0,474074;-0,039967;2,960346;0,231280;-0,117965;2,977995;0,150306;-0,111276;2,963889;0,225237;-0,462747;3,066598;0,123144;-0,496120;3,015403;0,194735;-0,821934;3,204347;0,107160;-0,848003;2,994040;0,155190;-0,868934;3,218767;0,066011;-0,895987;2,975786;0,303916;-0,914886;3,200376;0,232882;-0,967379;3,054854
00:00:01.200;37;3;3;4;3;0,423775;-22,330865;-16,617284;58,547304;0,171463;41,176342;-7,265032;-39,088695;5,370813;15,198292;-3,310332;6,285517;-39,935410;-42,312771;0,426084;0,412605;3,042224;0,427195;0,440276;3,026805;0,426141;0,440215;3,026402;0,422805;0,439975;3,024917;0,422538;0,445061;3,023081;0,417179;0,447813;3,020373;0,410663;0,451483;3,018390;0,380250;0,443756;3,020131;0,355640;0,462403;3,026163;0,396579;0,391425;3,052986;0,389443;0,396685;3,045143;0,293977;0,306213;3,049813;0,174760;0,348605;2,962834;0,338378;0,102252;3,082964;0,197484;0,121254;2,895423;0,486804;-0,037383;3,229470;0,418596;-0,025910;2,961561;0,648901;-0,106467;4,073877;0,474675;-0,073379;3,003115;0,550014;-0,081636;3,317084;0,492436;-0,055346;2,961980;0,519883;-0,059998;3,233157;0,473210;-0,040598;2,959560;0,231971;-0,117403;2,977979;0,149793;-0,109601;2,963142;0,224998;-0,463465;3,068020;0,122136;-0,496607;3,016084;0,194540;-0,822706;3,203357;0,107045;-0,848059;2,993555;0,156278;-0,868652;3,217973;0,064943;-0,896212;2,976539;0,303760;-0,916318;3,198713;0,232691;-0,967648;3,052142
00:00:01.233;38;3;3;4;3;0,696843;-24,746382;-16,482244;58,941854;3,492476;29,547887;-8,041812;-37,832263;6,160016;20,795619;-3,096672;7,795895;-64,346732;-14,285982;0,428166;0,412846;3,044176;0,429126;0,439929;3,028046;0,427216;0,439765;3,026927;0,423881;0,439543;3,025507;0,423606;0,444945;3,023592;0,417762;0,447664;3,020682;0,411233;0,451045;3,018697;0,381525;0,443767;3,019432;0,356912;0,461596;3,024776;0,399357;0,391655;3,053827;0,392103;0,396906;3,045720;0,297624;0,305675;3,057205;0,175406;0,348873;2,962751;0,350733;0,103876;3,113814;0,197140;0,121364;2,894474;0,483486;-0,033587;3,140257;0,418254;-0,027189;2,963772;0,601980;-0,091366;3,683713;0,473936;-0,074562;3,003177;0,539985;-0,074164;3,192522;0,490947;-0,056026;2,963174;0,515600;-0,054763;3,141416;0,471783;-0,041027;2,960387;0,232166;-0,114751;2,974710;0,149380;-0,107379;2,961069;0,224783;-0,462691;3,068127;0,121495;-0,496985;3,016894;0,194390;-0,823106;3,202317;0,106980;-0,848172;2,993510;0,156938;-0,868209;3,216497;0,064251;-0,896402;2,977176;0,303494;-0,916754;3,195910;0,232723;-0,967360;3,052421
00:00:01.266;39;3;3;4;3;0,504517;-26,355020;-16,354215;59,648930;1,591400;33,195241;-8,211859;-37,028336;6,757795;19,952600;4,081749;6,329607;-64,400581;5,082286;0,429574;0,411944;3,045827;0,430317;0,438536;3,028412;0,427882;0,438336;3,027033;0,424552;0,438130;3,025681;0,424313;0,442681;3,024010;0,418173;0,445402;3,021110;0,411600;0,449659;3,018869;0,382406;0,442736;3,019385;0,357806;0,460059;3,024449;0,401331;0,390855;3,055644;0,393953;0,396061;3,047023;0,301244;0,305454;3,063313;0,175741;0,348879;2,961263;0,354092;0,105376;3,113450;0,196844;0,122442;2,892780;0,482493;-0,023588;3,110300;0,416823;-0,023695;2,964291;0,569621;-0,076194;3,431811;0,472514;-0,071917;2,997233;0,532879;-0,065041;3,114356;0,489715;-0,054282;2,962342;0,510285;-0,045932;3,079597;0,470640;-0,039133;2,959563;0,234782;-0,113178;2,976677;0,149247;-0,106028;2,962398;0,224595;-0,459857;3,067538;0,122207;-0,496252;3,018155;0,194354;-0,823629;3,202664;0,106930;-0,848183;2,993259;0,158580;-0,868150;3,216385;0,063800;-0,896494;2,977484;0,303421;-0,917338;3,195132;0,232845;-0,967595;3,053933
00:00:01.300;40;3;4;3;3;-0,357839;-25,818299;-21,309721;75,151142;-0,975654;43,611949;-7,164354;-37,516746;11,870380;19,845666;41,078454;-14,834903;-72,827562;1,716156;0,426950;0,412262;3,045381;0,427710;0,437554;3,028110;0,424960;0,437357;3,026751;0,421666;0,437193;3,025662;0,422531;0,442268;3,023992;0,416227;0,445017;3,021291;0,410804;0,448828;3,019458;0,379799;0,442202;3,020290;0,356359;0,459282;3,025705;0,400221;0,391284;3,055546;0,393993;0,396568;3,047463;0,298499;0,304668;3,060813;0,175734;0,348438;2,956525;0,354047;0,110511;3,103662;0,194155;0,148970;2,870081;0,473840;0,021258;3,074732;0,416590;0,033122;3,001625;0,538287;-0,015094;3,284653;0,461717;-0,005818;3,000136;0,508474;0,001895;3,075382;0,474687;0,010995;2,974783;0,487291;0,013239;3,053194;0,457896;0,021924;2,972778;0,235790;-0,117787;2,982905;0,150424;-0,110690;2,966887;0,224634;-0,460577;3,069352;0,122697;-0,495885;3,019647;0,194236;-0,823567;3,201328;0,106901;-0,848219;2,993198;0,158418;-0,867796;3,215143;0,063506;-0,896560;2,977703;0,302213;-0,917725;3,194655;0,232712;-0,966869;3,052142
00:00:01.333;41;3;3;4;3;-0,871737;-25,746684;-24,444884;82,848917;-9,996335;56,766658;-6,083977;-37,989790;19,136887;-0,044382;10,724795;-14,088622;-48,424535;-24,259493;0,422691;0,414345;3,042625;0,423507;0,438796;3,025705;0,420582;0,438627;3,024542;0,418507;0,437492;3,024318;0,418887;0,443892;3,021900;0,412515;0,446691;3,019563;0,407845;0,450212;3,018016;0,376922;0,442857;3,020214;0,353178;0,460933;3,026212;0,396986;0,393491;3,053217;0,391543;0,398848;3,045722;0,293258;0,306250;3,057883;0,174379;0,350796;2,948710;0,316009;0,114510;3,032891;0,183671;0,171731;2,846730;0,436897;0,045308;3,064255;0,401218;0,069957;2,976514;0,486648;0,004304;3,228101;0,445414;0,036205;3,006081;0,465884;0,032940;3,072079;0,457326;0,052348;2,983184;0,449481;0,043555;3,054413;0,440959;0,062360;2,973974;0,236446;-0,120783;2,986953;0,152041;-0,113542;2,965367;0,223348;-0,459528;3,067860;0,123010;-0,495625;3,020480;0,194124;-0,821052;3,199888;0,106870;-0,848143;2,992807;0,155924;-0,867273;3,213250;0,063312;-0,896552;2,977678;0,301558;-0,917209;3,195721;0,232758;-0,966945;3,052709
00:00:01.366;42;3;2;3;3;-0,578899;-24,879558;-17,149986;80,932630;-14,681383;70,140754;-5,247527;-38,052616;18,560168;-12,336749;3,164391;-2,524920;-43,639142;25,655490;0,419394;0,418469;3,036956;0,420428;0,441429;3,021615;0,418527;0,441319;3,020859;0,416045;0,440542;3,020450;0,416109;0,447789;3,017539;0,409729;0,451744;3,015661;0,404443;0,455056;3,014194;0,375832;0,446193;3,017591;0,350830;0,466027;3,024094;0,394425;0,397777;3,048133;0,389394;0,404161;3,040220;0,290803;0,308216;3,054293;0,170567;0,355067;2,948527;0,292499;0,116130;2,988759;0,162107;0,179858;2,869075;0,415204;0,054571;3,023406;0,388243;0,081165;2,961937;0,454763;0,017388;3,143942;0,433939;0,048711;2,987938;0,442679;0,047615;3,028885;0,446912;0,066698;2,972051;0,427510;0,058758;3,015762;0,431837;0,077466;2,965068;0,239036;-0,121633;2,989389;0,154237;-0,115447;2,965645;0,223727;-0,459048;3,068246;0,123188;-0,495354;3,020402;0,194080;-0,819535;3,199413;0,106856;-0,849233;2,992734;0,154335;-0,867119;3,212708;0,063186;-0,896541;2,977643;0,301125;-0,916852;3,196338;0,233928;-0,967112;3,053447
00:00:01.400;43;3;1;3;3;0,116344;-23,162466;-12,419097;81,778711;-18,808863;77,568109;-4,849480;-38,587533;17,782404;-18,747739;1,269334;-0,729810;-37,039898;-25,649751;0,417044;0,420937;3,031762;0,419221;0,443912;3,016778;0,418087;0,442854;3,017016;0,416473;0,442349;3,016750;0,414004;0,451084;3,012513;0,407638;0,454710;3,011048;0,401973;0,458996;3,009759;0,377097;0,448100;3,014143;0,349120;0,470184;3,021116;0,392596;0,400393;3,043552;0,387829;0,407434;3,035318;0,292371;0,310429;3,050270;0,165111;0,360567;2,953018;0,280218;0,117103;2,958109;0,142848;0,176752;2,885059;0,401729;0,059438;2,993374;0,379166;0,085082;2,947271;0,435252;0,026872;3,082094;0,427590;0,052392;2,968808;0,428608;0,056944;2,992564;0,440485;0,073514;2,952530;0,414299;0,067340;2,982603;0,426282;0,083661;2,946878;0,241718;-0,122140;2,989870;0,155628;-0,115579;2,965138;0,225150;-0,458858;3,069312;0,124384;-0,494007;3,019911;0,193974;-0,818227;3,197840;0,106862;-0,848977;2,993121;0,153315;-0,865922;3,212623;0,063101;-0,896501;2,977511;0,300827;-0,916569;3,196560;0,234349;-0,966934;3,049529
00:00:01.433;44;3;2;4;3;0,311194;-21,777188;-8,230874;85,096967;-21,905714;84,565270;-4,283665;-39,016634;18,592681;-24,051945;-2,622379;-3,568068;-30,192343;23,989379;0,415364;0,423482;3,027267;0,418311;0,445391;3,012729;0,417574;0,444703;3,012884;0,416525;0,444375;3,012711;0,412532;0,453109;3,008482;0,406170;0,457604;3,007235;0,400282;0,462549;3,006236;0,378898;0,449203;3,010993;0,347960;0,472819;3,018756;0,391434;0,402121;3,040780;0,386698;0,410540;3,031242;0,293272;0,311741;3,046440;0,161523;0,364041;2,955134;0,266512;0,117517;2,932872;0,123952;0,170468;2,895028;0,394350;0,063529;2,968029;0,367477;0,087502;2,933739;0,424597;0,035047;3,033089;0,421913;0,056843;2,952938;0,422181;0,065044;2,965588;0,434036;0,080035;2,938813;0,408394;0,074930;2,957335;0,419387;0,089782;2,934304;0,244778;-0,122582;2,992919;0,156572;-0,115695;2,965576;0,226031;-0,458646;3,069411;0,125150;-0,493084;3,019296;0,193945;-0,819869;3,197468;0,106859;-0,848752;2,993168;0,153812;-0,867432;3,212382;0,063045;-0,896460;2,977373;0,300512;-0,918341;3,195420;0,235814;-0,967162;3,048062
00:00:01.466;45;3;2;4;2;0,643062;-19,745953;-7,637814;87,890032;-22,725514;89,504201;-3,740042;-38,542131;18,480370;-27,109593;-2,592491;-4,721985;-20,524156;20,327342;0,409630;0,424872;3,022477;0,414175;0,446061;3,008146;0,414831;0,445662;3,008570;0,414149;0,445449;3,008458;0,406940;0,454119;3,003849;0,400618;0,459214;3,002991;0,393604;0,463618;3,002991;0,377778;0,449797;3,008124;0,340815;0,474809;3,018978;0,386181;0,403159;3,038343;0,379308;0,412498;3,028149;0,292911;0,313873;3,045600;0,155997;0,366391;2,957250;0,252703;0,115860;2,920952;0,112554;0,157642;2,895900;0,387287;0,063153;2,958806;0,359435;0,086048;2,930157;0,418071;0,037298;3,011995;0,419024;0,056653;2,948322;0,420874;0,067254;2,953290;0,430600;0,081242;2,935113;0,404316;0,075787;2,946958;0,414594;0,089688;2,931532;0,246704;-0,122838;2,994153;0,157269;-0,116912;2,967411;0,226684;-0,459787;3,070547;0,126766;-0,492562;3,019382;0,195106;-0,821004;3,197490;0,106859;-0,849707;2,993243;0,156500;-0,868559;3,212765;0,062994;-0,897310;2,976601;0,300336;-0,919580;3,194983;0,236398;-0,966921;3,042410
00:00:01.500;46;3;2;3;2;1,489318;-15,477415;-9,989449;89,303785;-26,392276;97,685244;-3,284447;-34,892564;18,264233;-30,334039;-7,083010;0,044523;-12,539132;18,056254;0,397815;0,432485;3,042957;0,398625;0,452254;3,007109;0,399052;0,451995;3,007385;0,398609;0,451857;3,007312;0,388502;0,459743;3,004721;0,382236;0,464190;3,004428;0,373379;0,469356;3,005144;0,362131;0,456179;3,009686;0,320063;0,480052;3,023160;0,373140;0,408622;3,039458;0,362700;0,416346;3,028831;0,288533;0,317809;3,048200;0,149291;0,368243;2,961207;0,241788;0,117468;2,901772;0,109185;0,153273;2,891504;0,382694;0,073614;2,952800;0,356511;0,091537;2,929287;0,415255;0,053756;2,992969;0,419094;0,069563;2,951510;0,421926;0,083846;2,951103;0,427800;0,094955;2,936174;0,402977;0,090266;2,942018;0,411523;0,101355;2,930047;0,247841;-0,122948;2,993571;0,157649;-0,117647;2,967227;0,228362;-0,461920;3,073098;0,127825;-0,493351;3,019611;0,195879;-0,822986;3,197813;0,106858;-0,851416;2,993286;0,158223;-0,869160;3,212526;0,062944;-0,898702;2,975296;0,300161;-0,921361;3,194051;0,236729;-0,966566;3,038114
00:00:01.533;47;3;2;4;2;2,510391;-15,161162;-13,322485;95,161565;-26,874982;99,876656;-3,158086;-30,039901;18,874525;-29,734049;-8,915115;9,734294;-25,904046;19,345186;0,382061;0,435470;3,035140;0,384238;0,456402;3,007227;0,384516;0,456234;3,007407;0,385306;0,456123;3,007227;0,371093;0,463461;3,005689;0,363699;0,468486;3,005157;0,354645;0,472916;3,005484;0,349615;0,461204;3,009296;0,301870;0,484025;3,022571;0,361123;0,411902;3,038216;0,347566;0,418944;3,029960;0,285220;0,321121;3,056971;0,141657;0,367187;2,962979;0,243055;0,110591;2,901840;0,107700;0,149961;2,879263;0,379709;0,080413;2,948897;0,356580;0,117404;2,927408;0,427254;0,073822;3,001172;0,418266;0,106646;2,947423;0,429388;0,104005;2,966502;0,427516;0,130816;2,940091;0,576583;0,161190;4,132010;0,411221;0,133737;2,933586;0,248508;-0,122984;2,992337;0,157810;-0,116983;2,965509;0,229322;-0,464162;3,073015;0,129609;-0,493854;3,019704;0,197568;-0,825527;3,198366;0,106852;-0,852481;2,993155;0,159376;-0,870903;3,213045;0,063974;-0,899340;2,973570;0,298934;-0,923832;3,193969;0,235607;-0,966466;3,032285
00:00:01.566;48;4;3;5;2;3,152252;-13,189548;-17,167862;100,565565;-28,478712;112,011789;-2,442366;-28,054365;18,897096;-27,420891;-8,636463;8,852306;28,440718;-27,218910;0,371898;0,437506;3,030717;0,373754;0,459049;3,006985;0,375037;0,458951;3,007174;0,375551;0,458879;3,007057;0,359559;0,465575;3,004385;0,352438;0,470840;3,002863;0,342039;0,474587;3,001669;0,338896;0,463891;3,005342;0,288664;0,486088;3,018992;0,350964;0,414963;3,036144;0,336447;0,421493;3,028973;0,277616;0,323181;3,051407;0,135579;0,364237;2,963261;0,244133;0,106852;2,892513;0,107588;0,145490;2,866355;0,397041;0,099357;2,984424;0,357022;0,137603;2,929431;0,437254;0,095648;3,006541;0,419464;0,133178;2,949438;0,434947;0,124598;2,973947;0,426263;0,158418;2,942665;0,689426;0,207291;4,905506;0,409804;0,157920;2,934801;0,248829;-0,121865;2,990176;0,157700;-0,116394;2,960356;0,229914;-0,463318;3,072529;0,131848;-0,490814;3,019327;0,197457;-0,824668;3,198019;0,106845;-0,852059;2,992979;0,158923;-0,869516;3,212713;0,064659;-0,898892;2,973167;0,296964;-0,925407;3,193809;0,234011;-0,966277;3,031555
00:00:01.600;49;4;3;5;2;3,886373;-12,052223;-19,224481;104,868735;-28,543688;117,369560;-1,956710;-27,366810;17,901981;-24,426904;-7,417888;-14,821336;57,996726;29,009840;0,366355;0,439884;3,027529;0,367863;0,462733;3,005388;0,368697;0,462669;3,005511;0,370149;0,462655;3,005643;0,353988;0,468776;3,001274;0,345913;0,473037;2,998712;0,334627;0,477390;2,996332;0,331580;0,467300;2,999489;0,280960;0,488126;3,014226;0,345369;0,417936;3,033937;0,331271;0,424050;3,026910;0,270106;0,325172;3,043594;0,131600;0,362237;2,962773;0,244038;0,104524;2,889424;0,108606;0,139547;2,859446;0,408145;0,114205;3,014301;0,357962;0,155852;2,927387;0,444707;0,113432;3,016337;0,419894;0,155633;2,948297;0,439945;0,141781;2,988081;0,425784;0,181900;2,946669;0,598603;0,195462;4,242390;0,409062;0,180149;2,936880;0,248796;-0,121022;2,985883;0,157277;-0,114687;2,950424;0,228783;-0,460851;3,066854;0,133268;-0,488712;3,018299;0,197376;-0,822907;3,197644;0,107944;-0,851898;2,993264;0,158640;-0,867504;3,212715;0,068289;-0,897877;2,970511;0,289953;-0,925536;3,194629;0,226192;-0,955669;2,998189
00:00:01.633;50;4;4;5;2;3,311328;-14,116680;-13,169127;110,001130;-25,846934;113,427560;-2,111376;-26,550817;15,622330;-22,887136;-49,488553;-29,103571;-40,865279;46,863436;0,361789;0,435864;3,017288;0,362394;0,458658;2,990560;0,362936;0,458616;2,990640;0,364930;0,458571;2,990492;0,350162;0,463692;2,988072;0,341772;0,467669;2,987241;0,331172;0,471542;2,985459;0,327185;0,464121;2,988918;0,277408;0,481619;3,003067;0,341606;0,415303;3,031360;0,327883;0,421282;3,025350;0,266311;0,325344;3,038336;0,128771;0,351664;2,956677;0,240634;0,103381;2,898042;0,100581;0,118667;2,876539;0,409837;0,100407;3,034167;0,358574;0,167714;2,926058;0,445135;0,096280;3,022711;0,414930;0,102685;2,948412;0,709786;0,178604;4,867751;0,424461;0,131890;2,972811;0,539568;0,187773;3,811365;0,409161;0,134178;2,974384;0,242240;-0,121540;2,982677;0,150860;-0,118078;2,949482;0,227133;-0,462995;3,065863;0,130917;-0,490710;3,018065;0,197325;-0,821772;3,197435;0,108644;-0,851683;2,993061;0,159621;-0,866176;3,212642;0,070648;-0,897203;2,968737;0,286456;-0,925281;3,193989;0,223076;-0,952689;2,988781
00:00:01.666;51;3;3;4;2;2,751309;-16,655388;-9,941811;97,171896;-20,407847;97,729433;-2,516405;-26,113051;13,686906;-15,061527;-33,950803;17,509889;-42,194315;44,947079;0,358128;0,431324;3,004743;0,359313;0,454167;2,975877;0,359665;0,454140;2,975929;0,360961;0,454111;2,975833;0,347069;0,458512;2,974253;0,339474;0,462177;2,973757;0,329462;0,465902;2,973472;0,322755;0,461340;2,977417;0,275737;0,476623;2,990945;0,338617;0,411829;3,024769;0,325214;0,416687;3,019948;0,262504;0,325152;3,032100;0,126943;0,345890;2,952953;0,252677;0,105797;2,931860;0,097449;0,104010;2,886639;0,417104;0,071390;3,059325;0,352243;0,096729;2,922241;0,452089;0,058654;3,020016;0,411371;0,039360;2,946067;0,707763;0,113485;4,750977;0,420623;0,069067;2,960834;0,510933;0,122522;3,552430;0,404974;0,074864;2,959221;0,234546;-0,120695;2,978121;0,142401;-0,119212;2,948942;0,221343;-0,462709;3,061487;0,126107;-0,490968;3,018267;0,198476;-0,821117;3,197622;0,109125;-0,850650;2,993620;0,161460;-0,866650;3,213219;0,072195;-0,895855;2,968147;0,284147;-0,924993;3,193154;0,217973;-0,945579;2,969787
00:00:01.700;52;3;3;3;2;2,578549;-18,533668;-7,725868;89,082458;-16,252873;84,193357;-3,335765;-26,292368;13,282581;-7,991740;-24,937235;9,796235;-40,815705;-43,989947;0,359516;0,427886;3,000828;0,359939;0,451847;2,970288;0,360168;0,451829;2,970322;0,359985;0,451876;2,970693;0,349798;0,455712;2,968998;0,341703;0,458189;2,969298;0,333123;0,461799;2,969840;0,322603;0,459272;2,975259;0,279321;0,472863;2,986696;0,338967;0,408594;3,021376;0,326963;0,412848;3,018239;0,262520;0,323185;3,031421;0,129001;0,342213;2,951204;0,268941;0,107668;2,961982;0,096457;0,096585;2,892777;0,424410;0,050306;3,086067;0,349547;0,051616;2,922804;0,456674;0,027609;3,018688;0,408996;-0,002859;2,944103;0,627209;0,065336;4,157577;0,417953;0,023980;2,951801;0,495055;0,075597;3,394893;0,402178;0,034184;2,948811;0,230503;-0,119002;2,973544;0,136839;-0,118817;2,947102;0,217485;-0,461205;3,057266;0,124103;-0,491233;3,018994;0,199240;-0,820756;3,197994;0,109439;-0,849989;2,994021;0,162667;-0,867022;3,213827;0,073194;-0,894906;2,967523;0,283837;-0,924905;3,192950;0,214784;-0,941529;2,959242
00:00:01.733;53;3;3;3;2;2,104259;-19,659216;-5,503317;83,553387;-13,498102;73,794642;-4,181971;-26,762028;13,116360;-3,332201;-17,590044;7,282983;36,888487;42,572657;0,365670;0,424464;3,005437;0,365211;0,448843;2,971071;0,364256;0,448805;2,970918;0,364138;0,448835;2,971159;0,356254;0,452193;2,968606;0,347978;0,454082;2,970663;0,340268;0,457550;2,971275;0,326327;0,455461;2,979036;0,285519;0,469211;2,990156;0,344334;0,405141;3,025597;0,332792;0,408512;3,019800;0,266350;0,320289;3,036667;0,133622;0,341051;2,951416;0,283400;0,109098;2,987367;0,098048;0,093980;2,900275;0,430830;0,034324;3,107225;0,349117;0,022268;2,925342;0,459239;0,004355;3,001123;0,408247;-0,031314;2,940835;0,573369;0,029873;3,748482;0,418867;-0,006312;2,942067;0,479959;0,041976;3,253420;0,403130;0,005659;2,938953;0,229271;-0,116980;2,974715;0,133414;-0,116586;2,950339;0,216194;-0,460460;3,056066;0,122842;-0,491575;3,020508;0,198559;-0,821630;3,198023;0,109635;-0,849500;2,994072;0,161163;-0,868717;3,215269;0,072778;-0,894453;2,967659;0,283617;-0,925947;3,192604;0,218645;-0,950568;2,989120
00:00:01.766;54;3;3;3;3;1,147486;-21,184145;-2,939046;79,673877;-12,577719;65,339129;-4,337015;-26,823451;12,075895;-0,902558;-17,566568;15,010349;26,548580;-38,958790;0,371984;0,421273;3,009375;0,371210;0,446280;2,974766;0,369434;0,446174;2,974113;0,369357;0,446193;2,974270;0,361843;0,449197;2,970844;0,354237;0,451434;2,971691;0,347229;0,453896;2,973472;0,330956;0,451944;2,981801;0,291911;0,467115;2,994206;0,348920;0,401786;3,028294;0,337636;0,405642;3,020419;0,271519;0,317815;3,045123;0,136653;0,340361;2,952126;0,295137;0,110073;3,005107;0,100377;0,093555;2,911720;0,432309;0,022786;3,109880;0,352118;0,006455;2,918984;0,458116;-0,012753;2,978690;0,407057;-0,047539;2,933637;0,535029;0,004849;3,468231;0,421883;-0,025890;2,930500;0,467029;0,018130;3,140832;0,406169;-0,010679;2,927122;0,230158;-0,115963;2,983292;0,132642;-0,114379;2,961053;0,215466;-0,460211;3,056853;0,123212;-0,492152;3,023670;0,198104;-0,822144;3,197831;0,109777;-0,849297;2,994510;0,158997;-0,869721;3,215846;0,072509;-0,894181;2,967822;0,283415;-0,926432;3,191719;0,222343;-0,955676;3,009619
00:00:01.800;55;3;3;4;3;1,658473;-22,502631;-2,076559;77,404559;-12,123267;44,909229;-5,336927;-25,957491;11,759893;1,082538;-18,152672;25,262452;42,094241;-11,516019;0,377471;0,419504;3,014153;0,376532;0,443913;2,979776;0,375377;0,443844;2,979351;0,374215;0,443828;2,979262;0,366676;0,447389;2,973235;0,359596;0,448880;2,974036;0,351917;0,451723;2,976252;0,335255;0,448833;2,985368;0,296227;0,465999;2,998434;0,353337;0,399970;3,032836;0,342338;0,403192;3,024745;0,277590;0,315613;3,055755;0,138682;0,340052;2,953802;0,306723;0,110926;3,022599;0,102860;0,095324;2,916503;0,423022;0,015254;3,038233;0,354563;-0,000629;2,910313;0,455514;-0,026859;2,952056;0,406418;-0,056853;2,922319;0,508155;-0,013361;3,273655;0,425895;-0,038455;2,915491;0,457069;0,002722;3,057362;0,409207;-0,021196;2,912125;0,233365;-0,112831;2,980864;0,131770;-0,110480;2,959592;0,214921;-0,459896;3,056350;0,123384;-0,491153;3,024049;0,196637;-0,823612;3,197593;0,110955;-0,849126;2,994658;0,156406;-0,870298;3,215941;0,072332;-0,893975;2,967832;0,284477;-0,926852;3,191503;0,225825;-0,958868;3,022536
00:00:01.833;56;3;2;4;3;2,373390;-27,151922;1,415423;76,245496;-14,826656;34,007486;-7,326170;-19,222192;11,734771;7,592287;10,475580;26,294957;45,608265;-9,929572;0,381442;0,419803;3,011884;0,381742;0,442984;2,979807;0,379816;0,442835;2,978825;0,379060;0,442825;2,978767;0,370391;0,446695;2,970780;0,363500;0,448587;2,970260;0,355354;0,451613;2,972355;0,340634;0,447037;2,981901;0,299699;0,465719;2,997004;0,357871;0,399298;3,031238;0,345789;0,402996;3,021488;0,296330;0,315425;3,086239;0,138897;0,340860;2,954308;0,351555;0,112529;3,062444;0,096149;0,096701;2,926356;0,478610;0,000637;3,014820;0,337458;-0,008492;2,917305;0,516789;-0,041612;2,947596;0,390528;-0,061923;2,917881;0,552383;-0,032871;3,158063;0,414790;-0,042413;2,905357;0,512294;-0,019160;3,015294;0,400701;-0,025934;2,902487;0,241089;-0,110889;2,981902;0,131200;-0,107944;2,958579;0,214816;-0,460229;3,059592;0,123495;-0,489402;3,024294;0,195731;-0,827097;3,198220;0,110627;-0,848991;2,994669;0,154721;-0,871842;3,216001;0,072231;-0,892939;2,968433;0,284941;-0,931027;3,188842;0,228046;-0,961871;3,030367
00:00:01.866;57;3;2;4;3;2,070486;-26,784720;1,809061;78,038467;-5,208483;41,458496;-7,489010;-17,478711;12,948426;16,905433;7,793872;32,201668;27,054957;16,315643;0,383567;0,418335;2,998509;0,385395;0,440268;2,965561;0,385303;0,440271;2,965598;0,384812;0,440264;2,965560;0,373444;0,444478;2,957421;0,365754;0,446763;2,957006;0,357261;0,449802;2,958400;0,349085;0,444016;2,967218;0,303961;0,463672;2,984076;0,361978;0,397744;3,021707;0,348251;0,401874;3,011918;0,314427;0,312451;3,077600;0,142073;0,340947;2,950855;0,374091;0,112807;3,098886;0,092600;0,098363;2,923985;0,504189;-0,006874;3,024898;0,347340;-0,010312;2,902512;0,541662;-0,047239;2,961097;0,405555;-0,060550;2,893741;0,567796;-0,040447;3,096589;0,432742;-0,041649;2,885680;0,535731;-0,027230;3,006393;0,412343;-0,024619;2,871429;0,251245;-0,109511;2,979338;0,131825;-0,106232;2,956115;0,220687;-0,461165;3,066491;0,123525;-0,488097;3,023410;0,197488;-0,829431;3,198890;0,110399;-0,848786;2,994263;0,153499;-0,874451;3,213355;0,072146;-0,893110;2,968037;0,286320;-0,933476;3,186216;0,229628;-0,964405;3,037287
00:00:01.900;58;3;3;3;2;-0,811655;-18,883880;-8,823779;61,915116;-14,133511;89,997818;-7,391964;-28,846837;3,420821;8,841561;-84,464180;14,190013;150,832374;69,758872;0,409097;0,413228;2,999167;0,413114;0,436897;2,974876;0,413054;0,436899;2,974900;0,411649;0,436898;2,974897;0,403257;0,440807;2,970164;0,396185;0,443484;2,970594;0,388239;0,447396;2,969854;0,373275;0,442702;2,976641;0,334920;0,461656;2,985253;0,383340;0,393555;3,016289;0,370829;0,398136;3,007689;0,318275;0,306372;3,030630;0,171558;0,339280;2,942932;0,371011;0,105633;3,003263;0,178373;0,098785;2,903512;0,895640;-0,035150;5,046294;0,418333;-0,016447;2,864802;0,929984;-0,100114;4,755669;0,844862;-0,115716;4,643853;0,953737;-0,097319;4,791949;0,904969;-0,100658;4,754942;0,887837;-0,071243;4,584136;0,474992;-0,035933;2,845397;0,253012;-0,110559;2,971860;0,134389;-0,107276;2,954727;0,223118;-0,464588;3,067413;0,123537;-0,492714;3,022638;0,198656;-0,831060;3,199757;0,110229;-0,849579;2,993426;0,152736;-0,876326;3,212289;0,069938;-0,895472;2,968079;0,290691;-0,933917;3,184530;0,231127;-0,965625;3,033507
00:00:01.933;59;4;4;5;2;-2,492633;-14,272285;-16,164635;50,580917;-20,840243;100,374784;-8,039748;-35,300815;-3,612298;3,715382;-86,847184;5,947991;134,454712;-57,438737;0,429131;0,405679;3,000653;0,433169;0,430227;2,980042;0,431981;0,430173;2,979666;0,429941;0,430137;2,979407;0,425550;0,433744;2,976186;0,418702;0,437587;2,975965;0,411305;0,441161;2,975099;0,391002;0,438400;2,981527;0,358715;0,457542;2,989067;0,400568;0,388696;3,013183;0,391144;0,392592;3,006211;0,320639;0,301115;3,008623;0,190840;0,337302;2,939287;0,368692;0,098049;2,946654;0,236675;0,098894;2,885425;1,100857;-0,059033;6,046426;0,464895;-0,020455;2,842410;1,176515;-0,138482;5,851173;1,130048;-0,148656;5,779694;1,204219;-0,136765;5,878474;1,252488;-0,140613;6,157261;1,136913;-0,104107;5,680782;0,516192;-0,042220;2,825936;0,251055;-0,111296;2,968472;0,136126;-0,106934;2,955319;0,223178;-0,462634;3,062499;0,123488;-0,493291;3,020759;0,199364;-0,831905;3,199497;0,110117;-0,850081;2,992834;0,155765;-0,877654;3,211993;0,068517;-0,896110;2,968715;0,293565;-0,934304;3,183778;0,232761;-0,966925;3,039580
00:00:01.966;60;4;5;3;1;-4,480948;1,670463;-23,996749;39,844269;11,945780;65,429011;-7,943473;-42,010418;-13,375248;24,444351;-85,500317;-5,141198;137,048150;-18,015051;0,440334;0,398714;3,011215;0,444354;0,422913;2,985490;0,442492;0,422878;2,985247;0,439948;0,423830;2,984245;0,438222;0,426209;2,982402;0,431367;0,430680;2,980781;0,425540;0,434155;2,980675;0,400528;0,432520;2,985986;0,373152;0,451664;2,992005;0,410286;0,382871;3,016163;0,402746;0,386225;3,009400;0,311879;0,291914;2,967555;0,200787;0,335333;2,930910;0,383173;0,096804;3,034538;0,284068;0,107327;2,851502;1,273018;-0,087976;6,807542;0,504233;-0,021950;2,817585;1,340687;-0,170922;6,624657;1,337832;-0,164585;6,528635;1,363793;-0,171792;6,610548;1,478376;-0,166583;7,068769;1,314210;-0,140427;6,539299;0,547694;-0,043085;2,802435;0,242342;-0,112907;2,967644;0,137308;-0,106752;2,956832;0,217457;-0,462018;3,056286;0,122343;-0,494701;3,019158;0,199805;-0,832372;3,199015;0,110053;-0,850475;2,992686;0,160076;-0,878544;3,211901;0,067577;-0,897396;2,968436;0,294524;-0,931860;3,185967;0,232509;-0,966922;3,040858
00:00:02.000;61;3;4;3;1;-4,046873;-5,428380;-20,400171;49,116217;-5,751749;86,417540;-8,841779;-42,603817;-3,770868;9,411569;-87,550854;0,288175;-169,391025;-87,613860;0,445234;0,395140;3,016906;0,450113;0,418756;2,993401;0,448814;0,419748;2,992661;0,446014;0,420320;2,991670;0,443651;0,422824;2,989493;0,436950;0,427859;2,988042;0,430952;0,431186;2,987798;0,407116;0,428004;2,991721;0,379580;0,449294;2,996339;0,416034;0,379549;3,021877;0,408460;0,383515;3,014117;0,317087;0,289953;2,983157;0,204711;0,339347;2,934372;0,355003;0,092634;2,977951;0,251200;0,116442;2,864181;1,384922;-0,106789;7,302268;0,477576;-0,005588;2,822926;1,184134;-0,162299;6,158598;1,036476;-0,113873;5,250967;1,412224;-0,191561;7,300772;1,483768;-0,110104;7,617769;1,362371;-0,165089;7,261074;0,524413;-0,022348;2,825550;0,238665;-0,113868;2,964908;0,137950;-0,106537;2,955130;0,214642;-0,460067;3,049299;0,121519;-0,494193;3,016121;0,200084;-0,831482;3,198587;0,110003;-0,851753;2,992356;0,161720;-0,878012;3,212050;0,065898;-0,899482;2,968812;0,296466;-0,927273;3,189074;0,233221;-0,965969;3,038698
00:00:02.033;62;4;3;5;2;-3,383505;-17,975901;-18,907159;60,681512;-20,490766;108,098637;-9,902450;-40,888135;8,468602;-10,708925;-82,319700;-5,171179;-165,130905;86,853756;0,447785;0,392114;3,023745;0,453113;0,415272;3,000850;0,452268;0,415917;3,000369;0,449268;0,416213;2,999174;0,446327;0,419751;2,995703;0,439590;0,425031;2,993455;0,433493;0,428274;2,993211;0,411571;0,424149;2,996692;0,382740;0,446745;2,999740;0,419147;0,376705;3,029026;0,411597;0,381126;3,020985;0,324875;0,290580;3,013299;0,205270;0,343277;2,938731;0,332358;0,089577;2,929447;0,217429;0,121648;2,856856;1,052935;-0,082017;5,793249;0,449246;0,006175;2,836261;0,928169;-0,136237;5,037636;0,830522;-0,082031;4,429882;1,093506;-0,150827;5,818693;1,128727;-0,073228;5,962194;1,045654;-0,130602;5,757845;0,498103;-0,010950;2,842533;0,237497;-0,114564;2,964953;0,139297;-0,106289;2,951020;0,212830;-0,456625;3,045006;0,120960;-0,492673;3,013570;0,200250;-0,829676;3,198060;0,108881;-0,852579;2,992125;0,162766;-0,875207;3,211703;0,063745;-0,901115;2,969971;0,297909;-0,922516;3,193019;0,233600;-0,965003;3,036199
00:00:02.066;63;4;3;5;3;-2,766598;-23,727263;-17,687526;68,014781;-27,551235;120,013280;-10,878079;-39,701164;15,756801;-24,603155;-78,814591;8,209539;-158,549738;85,802756;0,449598;0,390279;3,029225;0,455265;0,413187;3,007020;0,454716;0,413606;3,006708;0,451618;0,413755;3,005605;0,448346;0,418011;3,001604;0,441616;0,422390;2,999074;0,435404;0,426633;2,998515;0,414791;0,420868;3,002239;0,385014;0,444243;3,003652;0,421344;0,375010;3,034921;0,412648;0,379678;3,026297;0,331091;0,291019;3,033221;0,204740;0,346142;2,944173;0,316077;0,087437;2,892703;0,194361;0,124961;2,850566;0,832961;-0,060378;4,798436;0,426291;0,012755;2,842136;0,762837;-0,114990;4,308814;0,693218;-0,061376;3,901468;0,876264;-0,122094;4,806781;0,893316;-0,050303;4,883351;0,836614;-0,101601;4,774073;0,476802;-0,004587;2,853462;0,236844;-0,115069;2,966324;0,140249;-0,106186;2,949946;0,212835;-0,451235;3,043335;0,120582;-0,490528;3,011524;0,200253;-0,825748;3,196054;0,107062;-0,853108;2,991947;0,164484;-0,870373;3,208971;0,062348;-0,902225;2,970879;0,299002;-0,917562;3,197232;0,233868;-0,964465;3,034859
00:00:02.100;64;4;3;5;3;-2,168990;-27,049123;-16,982984;72,838424;-31,229603;124,853509;-11,528827;-39,338441;19,688770;-31,797846;-74,152316;12,197671;149,565812;84,124941;0,450951;0,388129;3,033959;0,456800;0,410855;3,011931;0,456444;0,411127;3,011728;0,453292;0,411189;3,010753;0,449787;0,415900;3,006296;0,444202;0,419739;3,003886;0,437821;0,424547;3,002504;0,416974;0,417728;3,006490;0,386648;0,441696;3,007400;0,422933;0,372938;3,039903;0,413426;0,377718;3,030452;0,335191;0,291355;3,046705;0,203353;0,348060;2,948178;0,307760;0,086105;2,870842;0,180418;0,127130;2,846805;0,691038;-0,046311;4,151712;0,412393;0,016053;2,853557;0,656947;-0,100013;3,831397;0,605156;-0,051225;3,565901;0,735875;-0,102318;4,147514;0,740853;-0,040669;4,185603;0,702308;-0,082690;4,130899;0,463318;-0,003590;2,862948;0,237550;-0,115421;2,967834;0,140810;-0,106075;2,948044;0,214008;-0,447858;3,043122;0,120328;-0,489099;3,009984;0,200307;-0,821081;3,195571;0,105874;-0,853401;2,991655;0,165662;-0,866381;3,208375;0,061442;-0,902972;2,971557;0,299960;-0,911582;3,202607;0,234129;-0,964472;3,035111
00:00:02.133;65;4;3;5;3;-1,727188;-28,713974;-16,690448;76,072643;-33,004970;125,823699;-11,996154;-39,691339;21,468378;-35,375675;-67,411831;-17,884322;137,204926;-81,842679;0,453107;0,385765;3,038167;0,458939;0,409375;3,015389;0,458707;0,409552;3,015257;0,455515;0,409554;3,014335;0,451912;0,414610;3,009944;0,447073;0,418102;3,007646;0,440584;0,422185;3,005746;0,418420;0,415713;3,009450;0,388881;0,440122;3,010401;0,423867;0,371506;3,042431;0,415064;0,376468;3,033342;0,337676;0,291420;3,053855;0,202441;0,349291;2,950646;0,302560;0,085298;2,858636;0,173452;0,127529;2,844878;0,598310;-0,036075;3,728044;0,407167;0,012997;2,873542;0,587085;-0,089212;3,521325;0,550135;-0,048918;3,348289;0,644351;-0,088364;3,717325;0,644678;-0,039732;3,737193;0,614208;-0,070426;3,714578;0,457795;-0,009283;2,876535;0,237938;-0,114536;2,967941;0,141150;-0,104914;2,946293;0,214658;-0,443225;3,041422;0,120175;-0,487129;3,009311;0,200377;-0,818191;3,195823;0,105105;-0,853625;2,991579;0,166452;-0,862744;3,208457;0,059785;-0,903688;2,972753;0,300655;-0,906741;3,206875;0,234240;-0,964234;3,034512
00:00:02.166;66;3;3;4;3;-1,982561;-29,739541;-18,911080;113,205922;-33,984576;127,427727;-12,093798;-40,170528;19,618918;-37,481934;8,800504;85,142306;-8,347098;-78,888206;0,455559;0,385289;3,040521;0,461464;0,408444;3,017868;0,460150;0,408504;3,017371;0,456942;0,408475;3,016551;0,455504;0,413785;3,012416;0,450052;0,417052;3,010189;0,443441;0,421715;3,007624;0,419356;0,414399;3,011340;0,392427;0,438989;3,011592;0,425680;0,370659;3,044769;0,418441;0,375744;3,035941;0,337854;0,290073;3,055596;0,203890;0,348830;2,950678;0,298840;0,082619;2,847408;0,188401;0,125626;2,841419;0,577810;-0,033235;3,664824;0,742724;0,024916;4,790192;0,887559;-0,123632;5,214385;0,905310;-0,048936;5,130314;0,948135;-0,117229;5,353213;0,978507;-0,039880;5,380243;0,898519;-0,093114;5,336563;0,723745;-0,005025;4,181135;0,237167;-0,115068;2,968721;0,141487;-0,104243;2,947559;0,215111;-0,440272;3,040727;0,120052;-0,485752;3,008275;0,200479;-0,816537;3,196871;0,104609;-0,853797;2,991625;0,165808;-0,859266;3,208713;0,058709;-0,904159;2,973551;0,301062;-0,903461;3,209166;0,233407;-0,963802;3,036732
00:00:02.200;67;4;4;5;3;-2,664954;-25,136820;-27,163115;106,792497;-25,251512;117,877080;-11,839045;-44,554344;7,673638;-21,965254;8,562840;83,410523;170,510455;-71,381582;0,465552;0,383505;3,039128;0,471818;0,407576;3,025752;0,469555;0,408468;3,023544;0,464917;0,408157;3,020838;0,466361;0,412859;3,019240;0,461187;0,416734;3,014488;0,454375;0,420587;3,010819;0,425440;0,414633;3,012503;0,402271;0,438110;3,011384;0,435119;0,369398;3,049620;0,428885;0,374584;3,041052;0,328410;0,285517;3,029114;0,215536;0,348481;2,950285;0,315980;0,080403;2,902430;0,256043;0,127536;2,840292;0,876982;-0,086777;5,427845;0,693779;0,019675;4,092445;0,779531;-0,115454;4,458117;0,811701;-0,040463;4,304802;0,822578;-0,110791;4,533061;0,862362;-0,035588;4,467502;1,014752;-0,126035;5,753230;0,690742;-0,008898;3,688206;0,233126;-0,115262;2,965334;0,141506;-0,103662;2,944242;0,210743;-0,443358;3,036731;0,119928;-0,486865;3,006495;0,200497;-0,817597;3,196796;0,104284;-0,853888;2,991582;0,166575;-0,860599;3,209212;0,058011;-0,904495;2,974165;0,305858;-0,908024;3,197389;0,232775;-0,963146;3,036990
00:00:02.233;68;3;4;4;3;-2,978434;-28,585755;-22,289665;106,476805;-19,187068;110,521564;-12,487691;-44,007124;13,132048;-16,802816;-13,865195;71,581255;171,991568;-68,184856;0,505761;0,410931;3,266530;0,476178;0,407986;3,029889;0,473332;0,408337;3,026753;0,470317;0,408135;3,024994;0,470888;0,413081;3,021633;0,466188;0,416494;3,017046;0,459329;0,419891;3,013167;0,429623;0,413904;3,014836;0,407763;0,437735;3,012604;0,440084;0,369644;3,052377;0,434670;0,373920;3,045103;0,330412;0,281533;3,036725;0,218970;0,351725;2,952092;0,324168;0,073554;2,941105;0,232532;0,133436;2,850031;0,865971;-0,093002;5,325696;0,607526;0,059780;3,655140;0,704885;-0,107920;3,966634;1,041072;0,087165;5,714484;0,740604;-0,103943;4,020933;1,100714;0,114445;5,817118;0,858334;-0,110592;4,817498;0,970884;0,137824;5,310001;0,230587;-0,115433;2,964277;0,141693;-0,103412;2,945713;0,207906;-0,445369;3,034167;0,121045;-0,488004;3,007892;0,199409;-0,817384;3,197774;0,105164;-0,852876;2,991614;0,161296;-0,862998;3,210890;0,057568;-0,903789;2,975089;0,300362;-0,911833;3,196684;0,229053;-0,962739;3,037222
00:00:02.266;69;3;3;4;3;-2,647503;-32,395377;-16,525158;111,794221;-19,218012;115,541960;-13,157979;-41,598421;16,807111;-25,651073;9,560239;85,467436;169,003584;68,812854;0,525554;0,430176;3,425666;0,473559;0,408317;3,033061;0,471709;0,408545;3,031022;0,468511;0,408297;3,029012;0,468773;0,412521;3,026116;0,463206;0,416672;3,021129;0,456430;0,419876;3,017845;0,427135;0,413710;3,018406;0,403231;0,438243;3,018582;0,436712;0,368757;3,054720;0,430481;0,373335;3,046489;0,331086;0,282527;3,056501;0,214799;0,353919;2,953979;0,303459;0,069496;2,933145;0,208133;0,134371;2,861263;0,719514;-0,080357;4,550701;0,796906;0,101558;5,191222;0,618637;-0,101932;3,611753;0,840244;0,066704;4,740251;0,648023;-0,095362;3,658784;1,191919;0,129126;6,639174;0,730520;-0,095672;4,243009;1,088644;0,152681;6,284615;0,228926;-0,115539;2,963448;0,140633;-0,104238;2,944359;0,206066;-0,446682;3,032544;0,120629;-0,488556;3,007641;0,198679;-0,818315;3,198038;0,104640;-0,852164;2,991445;0,157881;-0,864650;3,212320;0,055149;-0,902885;2,977799;0,296710;-0,914057;3,195351;0,226622;-0,962425;3,037212
00:00:02.300;70;3;3;4;3;-1,849827;-33,545377;-12,634304;109,767044;-19,309572;119,067286;-13,764845;-40,710664;18,376061;-32,205783;9,273000;82,479640;165,156773;62,260776;0,499960;0,413585;3,296683;0,468995;0,408939;3,038142;0,467793;0,409087;3,036817;0,464451;0,408787;3,034481;0,464550;0,412577;3,032130;0,458459;0,417250;3,027141;0,452890;0,420383;3,024607;0,422736;0,414104;3,024534;0,398611;0,439174;3,026608;0,431312;0,368296;3,057199;0,424670;0,373172;3,049167;0,330585;0,284462;3,071108;0,208964;0,355535;2,956776;0,283149;0,067795;2,922320;0,189169;0,131867;2,869355;0,615445;-0,071175;4,056763;0,657156;0,075994;4,393435;0,554955;-0,097834;3,410279;0,702122;0,039542;4,106229;0,581227;-0,089236;3,444455;0,937771;0,087567;5,338014;0,635001;-0,083243;3,847863;0,865135;0,107122;5,106313;0,226677;-0,116637;2,961703;0,139864;-0,105783;2,941769;0,207394;-0,449330;3,036125;0,120442;-0,489254;3,009560;0,198120;-0,818568;3,196837;0,104307;-0,850673;2,991549;0,155658;-0,865701;3,213168;0,053576;-0,902295;2,979557;0,301518;-0,892578;3,118531;0,224993;-0,962010;3,036543
00:00:02.333;71;3;3;4;3;-1,251542;-32,406859;-10,700143;107,346097;-19,504151;119,724806;-13,773292;-41,415434;18,867515;-35,239295;8,419534;-78,182610;160,251138;52,349939;0,482428;0,402985;3,214318;0,466368;0,409645;3,043691;0,464317;0,409600;3,041775;0,462145;0,409405;3,040256;0,462141;0,412917;3,038274;0,455729;0,417957;3,033456;0,449823;0,421035;3,031329;0,419120;0,414713;3,031092;0,394804;0,440124;3,034213;0,428156;0,368304;3,061379;0,420061;0,373320;3,052984;0,328634;0,285279;3,075874;0,204146;0,356682;2,959388;0,268768;0,066656;2,913805;0,176878;0,130269;2,875283;0,545441;-0,064055;3,735139;0,564271;0,056202;3,875405;0,512343;-0,095378;3,286310;0,611906;0,017534;3,705406;0,535101;-0,084248;3,309346;0,770421;0,055239;4,492088;0,569786;-0,072930;3,592908;0,718839;0,072199;4,340721;0,225393;-0,117445;2,962922;0,139410;-0,106824;2,941078;0,208325;-0,451198;3,039435;0,120332;-0,489755;3,011099;0,197752;-0,818717;3,195995;0,105185;-0,849751;2,991781;0,154187;-0,865069;3,213178;0,053638;-0,900806;2,980628;0,306749;-0,899053;3,156314;0,224255;-0,962021;3,040496
00:00:02.366;72;3;3;4;3;-1,045101;-31,843923;-10,112955;104,448410;-19,901424;119,138850;-13,469239;-42,292580;19,041432;-36,913954;7,376873;72,548687;154,168120;41,433029;0,472250;0,396182;3,161475;0,464505;0,409965;3,046264;0,461906;0,409797;3,043986;0,460494;0,409670;3,042999;0,460367;0,414058;3,040880;0,453814;0,418285;3,036609;0,447697;0,421333;3,034794;0,417780;0,415011;3,034641;0,393255;0,440533;3,037714;0,426095;0,368301;3,064029;0,417046;0,373399;3,055327;0,327156;0,286746;3,076977;0,201097;0,357581;2,962348;0,258193;0,065869;2,906188;0,169900;0,127100;2,878417;0,497625;-0,059424;3,525860;0,505674;0,040176;3,543985;0,484688;-0,092678;3,206030;0,553266;0,003229;3,444872;0,504952;-0,080978;3,220383;0,661774;0,031032;3,943068;0,526235;-0,066224;3,427009;0,623864;0,046312;3,843851;0,224824;-0,119195;2,967260;0,138169;-0,108672;2,943295;0,208918;-0,452388;3,041420;0,120265;-0,490098;3,012206;0,197489;-0,818714;3,195058;0,109032;-0,849220;2,992174;0,153219;-0,865760;3,212935;0,056885;-0,899128;2,978967;0,308961;-0,879134;3,091595;0,223863;-0,962405;3,044258
00:00:02.400;73;4;4;5;3;-0,771995;-31,862729;-9,785582;101,040654;-20,830348;118,256580;-13,179064;-42,764463;19,340051;-38,282405;-22,591445;62,204246;146,930088;-11,817871;0,465404;0,391567;3,125580;0,463028;0,409937;3,046179;0,461339;0,409827;3,044699;0,459202;0,409646;3,043321;0,459063;0,413554;3,041566;0,452402;0,418344;3,037530;0,446169;0,421388;3,036039;0,416772;0,415067;3,035945;0,393198;0,440623;3,038774;0,424581;0,368148;3,064486;0,416094;0,373355;3,056064;0,327366;0,287744;3,078168;0,199154;0,358236;2,964867;0,252215;0,066366;2,899353;0,164299;0,123977;2,880146;0,460867;-0,056417;3,390069;0,466486;0,029757;3,328308;0,462259;-0,092772;3,178640;0,763355;-0,027704;4,948221;0,481666;-0,078983;3,167871;0,590049;0,014235;3,585944;0,494441;-0,062989;3,318593;0,560976;0,029486;3,520292;0,226705;-0,119294;2,971170;0,138446;-0,109883;2,944999;0,215542;-0,454565;3,052113;0,120218;-0,490309;3,012853;0,197319;-0,818714;3,194456;0,111535;-0,848895;2,992499;0,154991;-0,867725;3,214053;0,058997;-0,898064;2,977978;0,313985;-0,864272;3,042773;0,223414;-0,962922;3,044043
00:00:02.433;74;4;3;5;3;-0,784436;-32,154045;-9,607349;96,876102;-22,079609;117,324683;-12,692776;-43,489789;19,479888;-39,245111;-33,365389;53,576179;139,518343;-17,661175;0,460702;0,388352;3,100536;0,462944;0,408606;3,044598;0,460687;0,408489;3,043292;0,458111;0,408299;3,041857;0,457894;0,412938;3,039877;0,452392;0,417094;3,036801;0,446001;0,421158;3,034942;0,417071;0,414953;3,035691;0,394141;0,439435;3,038491;0,423477;0,367943;3,063907;0,415391;0,373251;3,055928;0,328544;0,288324;3,078210;0,197821;0,358532;2,965427;0,250164;0,066617;2,891808;0,160613;0,121913;2,880426;0,440323;-0,054453;3,301209;0,440692;0,022977;3,185722;0,450352;-0,091306;3,147267;0,899913;-0,047810;5,925398;0,469747;-0,076547;3,132808;0,543436;0,003317;3,353860;0,474926;-0,060888;3,248241;0,520045;0,018550;3,309619;0,229170;-0,119439;2,975743;0,139789;-0,110740;2,947950;0,222487;-0,456768;3,064344;0,120200;-0,490497;3,013585;0,198421;-0,820084;3,194876;0,113172;-0,848752;2,992952;0,156133;-0,868952;3,214599;0,060375;-0,897440;2,977560;0,320671;-0,852425;3,003326;0,224046;-0,963583;3,041440
00:00:02.466;75;4;3;5;3;-0,731163;-32,164251;-9,462920;92,469070;-22,913957;116,322563;-12,535111;-44,419506;19,470839;-39,807327;-43,168789;-44,453523;132,973876;-9,735968;0,458762;0,385156;3,084299;0,462814;0,406568;3,043072;0,461254;0,407517;3,041615;0,458465;0,407386;3,040623;0,458250;0,411440;3,038842;0,453485;0,415172;3,036288;0,447022;0,419931;3,034413;0,418366;0,414876;3,035502;0,396957;0,438654;3,038244;0,422689;0,367749;3,063024;0,416149;0,372161;3,056587;0,330257;0,288550;3,076637;0,197980;0,358628;2,964995;0,249860;0,067822;2,886690;0,159253;0,120562;2,880385;0,429460;-0,052059;3,245041;0,424840;0,018566;3,091948;0,443786;-0,090134;3,119238;0,988675;-0,060879;6,560563;0,463034;-0,074951;3,109459;0,514245;-0,004845;3,203291;0,464873;-0,058432;3,205049;0,493505;0,010378;3,173112;0,230578;-0,118351;2,976231;0,141662;-0,110167;2,948362;0,226809;-0,456704;3,069785;0,121281;-0,490600;3,013942;0,199094;-0,820796;3,194451;0,114250;-0,848765;2,993622;0,156805;-0,868190;3,213508;0,061274;-0,897087;2,977460;0,326191;-0,844992;2,978626;0,224514;-0,964253;3,040505
00:00:02.500;76;4;3;5;3;-0,763123;-32,608273;-8,190362;88,599179;-23,435713;127,067294;-12,273961;-44,985411;19,711688;-40,748760;-51,617719;-34,778854;169,592211;33,233640;0,457226;0,382849;3,071892;0,462254;0,404830;3,038956;0,461141;0,406463;3,037357;0,458249;0,406398;3,036871;0,458035;0,410070;3,035218;0,453681;0,414559;3,032531;0,447299;0,418772;3,031448;0,418985;0,413503;3,033768;0,398597;0,437939;3,036645;0,421992;0,367461;3,061102;0,415331;0,371277;3,055561;0,331337;0,289787;3,075304;0,198054;0,358636;2,964262;0,247488;0,071721;2,882413;0,154313;0,119795;2,883076;0,524569;-0,065136;4,173752;0,412798;0,015681;3,025963;0,439518;-0,089372;3,101019;0,793531;-0,050710;5,276854;0,449794;-0,076572;3,110995;0,494928;-0,010136;3,103239;0,447457;-0,058040;3,180678;0,475826;0,005071;3,081566;0,231491;-0,117642;2,976523;0,144023;-0,109846;2,950028;0,228110;-0,454784;3,068171;0,121985;-0,489575;3,014206;0,198336;-0,821120;3,193639;0,116064;-0,848935;2,994626;0,157183;-0,867374;3,211612;0,061856;-0,896817;2,977262;0,328714;-0,840167;2,962594;0,226248;-0,964951;3,044217
00:00:02.533;77;4;3;5;3;-1,001748;-32,987973;-5,387657;86,720154;-22,034131;122,516911;-11,730883;-44,042962;19,434921;-36,888221;-57,328821;27,143165;166,092952;-37,632545;0,454248;0,380620;3,057951;0,459570;0,403728;3,028230;0,458847;0,404789;3,027190;0,455856;0,404733;3,026764;0,455621;0,408129;3,025058;0,450411;0,413057;3,022008;0,445119;0,416841;3,020961;0,418348;0,412689;3,025142;0,395328;0,436335;3,027695;0,420676;0,366522;3,053588;0,413827;0,370938;3,047718;0,331551;0,291277;3,069944;0,197847;0,356033;2,959987;0,264191;0,082463;2,905129;0,145969;0,112031;2,887528;0,491361;-0,040713;3,814270;0,404429;0,009577;2,986927;0,438493;-0,068235;3,033897;0,668390;-0,049434;4,446781;0,448913;-0,057826;3,044064;0,482380;-0,016760;3,038256;0,441200;-0,040472;3,090589;0,464950;-0,000513;3,026111;0,233059;-0,119292;2,975344;0,145525;-0,112836;2,950469;0,231328;-0,453805;3,068950;0,122458;-0,490069;3,014768;0,200128;-0,821175;3,192504;0,117250;-0,849100;2,995471;0,157355;-0,865273;3,208880;0,062235;-0,896658;2,977189;0,330284;-0,836854;2,951550;0,227418;-0,965583;3,047194
00:00:02.566;78;3;3;4;3;-1,833573;-36,731508;-2,225188;84,923593;-17,921479;111,794907;-10,966693;-40,763623;18,510281;-27,882194;-60,172481;21,386153;161,643949;55,559394;0,450101;0,378404;3,033952;0,455849;0,401265;3,008178;0,455379;0,401955;3,007502;0,452343;0,401909;3,007154;0,451948;0,406059;3,004430;0,446250;0,410201;3,001418;0,441618;0,413632;2,999961;0,416042;0,410295;3,005891;0,391180;0,433040;3,006222;0,417924;0,364257;3,034917;0,410987;0,369039;3,028874;0,333802;0,293257;3,065418;0,197198;0,352358;2,949509;0,295714;0,097111;2,949907;0,140473;0,105878;2,888816;0,481710;-0,018002;3,576140;0,398630;0,002438;2,958864;0,446894;-0,048157;2,994038;0,587635;-0,051716;3,904114;0,454468;-0,039286;3,012487;0,473695;-0,024207;2,992656;0,450705;-0,023596;3,086277;0,457092;-0,007298;2,984881;0,236278;-0,120383;2,975009;0,146519;-0,113718;2,951100;0,234607;-0,453299;3,070339;0,123869;-0,490414;3,015276;0,201395;-0,821626;3,193380;0,116935;-0,849237;2,996126;0,158669;-0,864099;3,207818;0,062484;-0,896583;2,977235;0,330563;-0,836589;2,947261;0,228076;-0,965563;3,047767
00:00:02.600;79;3;3;3;3;-2,808404;-39,533525;0,619404;83,781916;-13,045471;96,585289;-10,029638;-38,095809;17,160187;-16,708094;-60,200728;-16,953720;155,017070;62,017381;0,448006;0,375649;3,007851;0,455141;0,399408;2,985202;0,453698;0,399798;2,984333;0,450615;0,399733;2,983848;0,450254;0,403408;2,981386;0,444331;0,407096;2,978896;0,438995;0,411288;2,976678;0,414470;0,408682;2,985116;0,388813;0,430070;2,986512;0,416781;0,362544;3,011771;0,409933;0,367654;3,006549;0,337139;0,295351;3,059357;0,196434;0,349366;2,937579;0,323039;0,108189;2,989801;0,136897;0,101877;2,889590;0,477320;-0,003318;3,411168;0,395763;-0,002199;2,939468;0,456299;-0,035124;2,972811;0,535046;-0,053186;3,550729;0,464409;-0,026172;3,011317;0,468688;-0,029013;2,960364;0,460012;-0,011538;3,074819;0,452488;-0,011683;2,954456;0,240581;-0,120031;2,975343;0,147213;-0,114329;2,952455;0,236734;-0,452963;3,071195;0,124781;-0,490618;3,015489;0,201095;-0,822076;3,194559;0,116732;-0,849342;2,996607;0,156084;-0,860183;3,208434;0,063709;-0,896268;2,976380;0,330576;-0,835992;2,942979;0,228636;-0,966108;3,049901
00:00:02.633;80;3;3;3;3;-4,618438;-44,121476;3,974287;85,542200;-7,622012;83,876062;-9,250922;-40,627931;16,569093;-9,769679;-56,731695;13,862591;147,229382;56,893331;0,454757;0,355170;2,967770;0,462738;0,379465;2,947803;0,460817;0,379766;2,947632;0,457770;0,380775;2,947341;0,457534;0,383163;2,945741;0,451637;0,386645;2,944422;0,447167;0,391502;2,943272;0,422719;0,394617;2,961934;0,397677;0,412891;2,963781;0,423821;0,343102;2,976596;0,417032;0,348383;2,971723;0,344462;0,291088;3,042788;0,200760;0,339256;2,923150;0,336184;0,113837;3,005032;0,133491;0,092945;2,889412;0,473223;0,006221;3,303184;0,391664;-0,005209;2,925936;0,462704;-0,025608;2,967488;0,500902;-0,054148;3,321293;0,472244;-0,015455;3,012277;0,464181;-0,031067;2,938125;0,465844;-0,002595;3,065986;0,448272;-0,013473;2,933572;0,243517;-0,123123;2,977227;0,147596;-0,117896;2,952000;0,238429;-0,455577;3,075742;0,125375;-0,490755;3,015648;0,201998;-0,823268;3,194307;0,116604;-0,849444;2,997040;0,159048;-0,863330;3,208288;0,064518;-0,895149;2,976385;0,329937;-0,837749;2,943971;0,226547;-0,965462;3,048133
00:00:02.666;81;3;3;3;3;-6,289298;-47,573777;6,829634;87,482032;-2,339882;74,611172;-8,508870;-43,158800;16,192593;-5,520062;-50,545956;-11,149825;139,642446;51,975687;0,460473;0,338880;2,943407;0,468859;0,362407;2,924313;0,466555;0,363645;2,924155;0,464490;0,365290;2,923459;0,464422;0,365853;2,922926;0,458310;0,370082;2,920954;0,453344;0,374311;2,920416;0,427932;0,382356;2,938855;0,404313;0,398481;2,940302;0,431063;0,327654;2,957327;0,424262;0,333032;2,952417;0,349190;0,286346;3,022611;0,204271;0,330048;2,908905;0,340484;0,114986;3,006880;0,130173;0,085007;2,888070;0,469696;0,012434;3,234770;0,388748;-0,008212;2,915240;0,466084;-0,019428;2,965861;0,478586;-0,054757;3,171342;0,479240;-0,007396;3,011128;0,461055;-0,032386;2,922421;0,469937;0,004339;3,062170;0,445309;-0,014628;2,918535;0,245271;-0,126136;2,976603;0,147762;-0,121216;2,950038;0,239878;-0,459063;3,083125;0,125788;-0,492045;3,016385;0,203746;-0,825202;3,194128;0,113236;-0,848315;2,996948;0,163294;-0,867630;3,207898;0,062910;-0,894902;2,977989;0,321929;-0,849922;2,975517;0,222419;-0,962574;3,039188
00:00:02.700;82;3;3;3;3;-7,707243;-49,712986;8,960495;88,294691;-0,073925;70,866833;-7,731911;-43,648660;15,402635;-4,759283;-41,750470;7,892185;132,807168;-49,593704;0,464098;0,332110;2,933543;0,472170;0,355785;2,911332;0,469571;0,356554;2,910927;0,466981;0,358528;2,909265;0,466936;0,358894;2,908918;0,461752;0,362571;2,906638;0,456258;0,367285;2,905227;0,430030;0,376294;2,922276;0,407822;0,391451;2,926790;0,434973;0,322053;2,946561;0,428298;0,326524;2,942534;0,351625;0,283614;3,013260;0,206560;0,325122;2,899742;0,340671;0,114499;3,004411;0,130183;0,081986;2,888654;0,466117;0,016465;3,189254;0,386858;-0,008057;2,908332;0,467306;-0,016441;2,952011;0,464169;-0,054110;3,074461;0,482466;-0,004352;3,002306;0,460039;-0,033241;2,911976;0,472356;0,007694;3,051095;0,444374;-0,015376;2,908368;0,246770;-0,127198;2,980499;0,148041;-0,122446;2,952166;0,241055;-0,461781;3,090927;0,126057;-0,491790;3,016889;0,204948;-0,826721;3,195024;0,111056;-0,847660;2,997171;0,167252;-0,869411;3,208207;0,060798;-0,895037;2,980017;0,317344;-0,872759;3,047919;0,219655;-0,960337;3,032237
00:00:02.733;83;3;2;3;3;-7,968108;-51,421621;8,886577;87,906756;0,567592;69,355280;-7,614181;-44,329778;14,531250;-5,536916;30,454040;4,511538;125,495302;-46,006295;0,518646;0,366896;3,258986;0,473174;0,352460;2,902308;0,470287;0,353901;2,901140;0,467568;0,355195;2,900147;0,468520;0,356431;2,899504;0,462949;0,359791;2,897381;0,457200;0,364887;2,895951;0,430349;0,373413;2,911551;0,409932;0,388834;2,916809;0,436597;0,319584;2,940548;0,430865;0,324381;2,935736;0,351149;0,281935;3,008231;0,202804;0,322972;2,893806;0,337157;0,112971;2,999552;0,130027;0,080976;2,885456;0,462318;0,017889;3,149714;0,385690;-0,006903;2,904297;0,466905;-0,015529;2,935559;0,454688;-0,053677;3,010762;0,483745;-0,003452;2,985002;0,460329;-0,033789;2,904551;0,473749;0,008744;3,035799;0,443670;-0,015859;2,901127;0,245363;-0,128862;2,980482;0,144665;-0,122950;2,946558;0,242078;-0,465178;3,099301;0,124013;-0,491530;3,016646;0,206916;-0,827800;3,195958;0,108532;-0,847103;2,996851;0,169902;-0,873295;3,209836;0,059442;-0,894295;2,982191;0,314100;-0,889131;3,092260;0,217002;-0,958878;3,031184
00:00:02.766;84;3;2;3;3;-7,993732;-51,981766;8,377686;86,998818;2,778044;62,804296;-7,757597;-43,745137;13,800615;-2,308359;21,152910;-0,570218;114,643312;38,347570;0,501162;0,355235;3,154034;0,471502;0,351183;2,895065;0,468377;0,353016;2,893063;0,465576;0,353868;2,892505;0,467143;0,355643;2,891471;0,461357;0,358818;2,889644;0,455477;0,364184;2,888399;0,428245;0,371361;2,903169;0,408049;0,388102;2,909672;0,434232;0,318880;2,935127;0,429086;0,323857;2,929556;0,350943;0,280926;3,005845;0,198243;0,321539;2,889632;0,340586;0,112414;3,008238;0,129866;0,081329;2,882048;0,461161;0,020999;3,117842;0,383687;-0,006151;2,900225;0,472688;-0,011783;2,935891;0,448539;-0,052344;2,969447;0,488187;0,000378;2,982516;0,460555;-0,034148;2,899956;0,476150;0,012680;3,021534;0,443180;-0,016171;2,896208;0,243140;-0,129821;2,977690;0,140331;-0,124343;2,942839;0,241633;-0,468564;3,105037;0,121599;-0,492513;3,016814;0,208274;-0,831141;3,197756;0,106888;-0,845620;2,996535;0,171706;-0,877403;3,212401;0,057508;-0,893279;2,985464;0,310809;-0,900848;3,120806;0,215306;-0,958057;3,030905
00:00:02.800;85;3;2;3;3;-8,272179;-53,057510;7,983502;86,454006;2,197563;64,388037;-7,483009;-43,099797;13,300624;-3,560421;14,205168;6,995612;105,158262;34,268051;0,549098;0,392387;3,469535;0,468095;0,351231;2,888960;0,466063;0,352422;2,887659;0,463114;0,353960;2,886785;0,465157;0,355097;2,885975;0,459083;0,359080;2,883402;0,453137;0,363585;2,882370;0,424629;0,369899;2,896713;0,405499;0,387364;2,903075;0,432542;0,319373;2,930557;0,427954;0,323535;2,925710;0,348626;0,280271;3,004302;0,194180;0,321569;2,886137;0,336124;0,108385;3,003042;0,128652;0,081517;2,878393;0,461476;0,022954;3,089504;0,382459;-0,005663;2,898149;0,476164;-0,010412;2,934387;0,444583;-0,051483;2,942867;0,492123;0,001784;2,980697;0,460695;-0,034381;2,896932;0,479175;0,014162;3,014586;0,442968;-0,015327;2,893708;0,240777;-0,131620;2,977939;0,136564;-0,125365;2,943121;0,241599;-0,472408;3,112081;0,120073;-0,494432;3,018027;0,209101;-0,834260;3,198099;0,104737;-0,844725;2,996573;0,173952;-0,880755;3,212299;0,056255;-0,892696;2,987846;0,308592;-0,908229;3,138554;0,214268;-0,957813;3,031641
00:00:02.833;86;3;3;3;3;-8,043823;-49,466941;6,174588;84,131983;0,719131;61,027469;-7,725918;-38,743065;13,001296;-5,826262;-40,035255;-8,061897;72,178987;16,131317;0,520480;0,385206;3,294717;0,470201;0,367452;2,911919;0,468880;0,368226;2,911074;0,465439;0,369920;2,907693;0,467518;0,371457;2,905160;0,461229;0,374942;2,902223;0,454909;0,378657;2,899521;0,423251;0,382446;2,906570;0,403187;0,399995;2,909396;0,434240;0,330445;2,946625;0,429001;0,334351;2,935426;0,347954;0,281622;3,010581;0,194993;0,324206;2,888448;0,332272;0,102537;3,000935;0,136134;0,086808;2,874317;0,458732;0,014307;3,023939;0,387955;-0,005345;2,896614;0,483830;-0,023195;2,921420;0,472128;-0,053530;3,076829;0,497604;-0,012044;2,946879;0,468138;-0,033480;2,894882;0,485550;0,002276;2,972168;0,450396;-0,014785;2,893367;0,239112;-0,129468;2,976475;0,137392;-0,121797;2,944655;0,239714;-0,468935;3,107138;0,120147;-0,493344;3,017973;0,209652;-0,835171;3,198505;0,104426;-0,844112;2,996485;0,176603;-0,883044;3,212630;0,055437;-0,892271;2,989242;0,307187;-0,913134;3,150458;0,213535;-0,957391;3,031283
00:00:02.866;87;3;2;3;3;-8,574598;-40,666957;-6,497761;62,948111;14,004495;64,658302;-8,231119;-43,811732;1,914697;16,596768;41,463072;-3,211099;124,052529;9,439118;0,506697;0,379584;3,190900;0,474503;0,375403;2,931661;0,474046;0,377314;2,933580;0,470782;0,378460;2,931724;0,473306;0,380616;2,930635;0,467702;0,384686;2,926045;0,462425;0,388106;2,923738;0,428708;0,390407;2,927140;0,409975;0,407993;2,926907;0,438351;0,338307;2,962709;0,434841;0,341852;2,954729;0,340279;0,277939;2,988972;0,209933;0,326934;2,898862;0,358973;0,097034;3,056748;0,218402;0,099704;2,873254;0,837393;-0,037810;4,873616;0,451119;-0,009217;2,872501;0,905801;-0,100287;4,766351;0,524384;-0,057654;3,018702;0,920244;-0,089584;4,766398;0,521593;-0,042924;2,870614;0,900520;-0,072504;4,826686;0,505152;-0,026677;2,870710;0,235930;-0,130271;2,976359;0,139079;-0,120614;2,947220;0,228856;-0,472036;3,094883;0,120217;-0,497123;3,018500;0,210185;-0,837630;3,201442;0,104248;-0,843914;2,997143;0,178453;-0,886328;3,215104;0,054914;-0,892115;2,990555;0,299513;-0,920332;3,160053;0,208433;-0,945877;2,995443
00:00:02.900;88;3;3;4;3;-8,617325;-25,579903;-16,099211;47,495005;26,937425;49,788332;-8,998664;-49,848463;-7,743605;29,424556;33,229859;1,312927;119,461482;3,401159;0,498110;0,373760;3,132602;0,478772;0,378493;2,953553;0,477220;0,379604;2,953779;0,473853;0,381311;2,951594;0,477589;0,383736;2,950389;0,472785;0,387408;2,946951;0,466997;0,391649;2,944290;0,432174;0,393252;2,947300;0,415759;0,412390;2,947891;0,443262;0,342979;2,988184;0,438592;0,346470;2,974322;0,327441;0,273244;2,961412;0,220629;0,328601;2,904700;0,375065;0,089985;3,092133;0,276804;0,108695;2,862665;1,064267;-0,085959;6,036401;0,497401;-0,013834;2,862233;1,159535;-0,157940;5,922884;0,555688;-0,059837;2,958744;1,180037;-0,150882;5,919843;0,558223;-0,050177;2,858715;1,152667;-0,128482;5,974298;0,543337;-0,035482;2,858457;0,228063;-0,131636;2,970974;0,140035;-0,119728;2,945976;0,215620;-0,472595;3,077552;0,120201;-0,499323;3,017306;0,210506;-0,839124;3,202955;0,105196;-0,843563;2,996781;0,179595;-0,886988;3,215618;0,054567;-0,891918;2,991085;0,290178;-0,925968;3,169548;0,205148;-0,938534;2,972594
00:00:02.933;89;3;3;3;3;-6,944055;-27,961719;-13,612408;57,528351;7,962690;75,113134;-8,869788;-47,084405;-0,475857;9,737569;-29,681695;-2,127551;82,472265;-30,951846;0,477702;0,374096;3,083683;0,469430;0,385834;2,966916;0,467249;0,387570;2,966504;0,465060;0,388680;2,965084;0,465181;0,392310;2,963412;0,459797;0,395702;2,960581;0,452744;0,400602;2,958636;0,423766;0,400735;2,961874;0,402277;0,420856;2,962717;0,433445;0,349687;2,998509;0,425613;0,353783;2,986475;0,323300;0,279359;2,983797;0,212021;0,336686;2,913788;0,336959;0,086356;3,024285;0,242147;0,115138;2,869358;1,048959;-0,077651;6,686640;0,469392;0,005179;2,876097;1,141616;-0,162990;6,669189;0,526317;-0,038445;2,952174;1,178738;-0,135247;6,689818;0,531593;-0,025774;2,883196;0,945527;-0,092988;5,268060;0,514782;-0,012081;2,871703;0,224147;-0,130438;2,969103;0,140687;-0,119177;2,945786;0,210568;-0,473493;3,069722;0,120202;-0,497505;3,016792;0,209366;-0,838194;3,201133;0,106865;-0,843053;2,995542;0,179127;-0,887224;3,215252;0,056480;-0,891196;2,989436;0,296448;-0,904294;3,104264;0,204183;-0,938117;2,974978
00:00:02.966;90;3;2;3;3;-5,337864;-28,867399;-7,827415;68,285860;-1,625198;95,153518;-8,388674;-44,163169;5,683605;-8,744086;-25,797335;1,460565;168,908377;-86,716553;0,456674;0,376366;3,050892;0,453889;0,393146;2,970286;0,452472;0,394274;2,970019;0,449964;0,394994;2,969084;0,448804;0,399367;2,966895;0,443090;0,403685;2,964690;0,435270;0,407962;2,963501;0,408923;0,408116;2,966078;0,384612;0,428290;2,970691;0,418696;0,355606;2,999999;0,409997;0,360131;2,989576;0,314136;0,284567;2,999699;0,197934;0,340957;2,920389;0,291973;0,084981;2,977716;0,196868;0,114403;2,881955;1,003818;-0,070214;7,231587;0,432518;0,016516;2,887816;1,109434;-0,156989;7,295913;0,492049;-0,024544;2,939269;0,899742;-0,095989;5,373297;0,500801;-0,007696;2,908699;0,744779;-0,064253;4,447750;0,483645;0,004362;2,895358;0,220583;-0,129696;2,968728;0,138989;-0,118838;2,946153;0,207360;-0,474255;3,065783;0,119072;-0,497283;3,015629;0,208740;-0,839218;3,201716;0,104675;-0,842658;2,994513;0,180078;-0,888963;3,216514;0,055587;-0,891349;2,990453;0,301661;-0,902915;3,105707;0,201457;-0,933072;2,961351
00:00:03.000;91;3;2;4;3;-3,912173;-27,799072;-4,964067;74,179121;-6,663209;105,376753;-7,975457;-42,302532;8,332147;-18,596496;-27,097136;4,975814;138,552941;-86,146280;0,438485;0,378771;3,028337;0,440246;0,398694;2,970386;0,439324;0,399427;2,970212;0,437800;0,398917;2,970358;0,433496;0,404694;2,966706;0,427556;0,408510;2,964778;0,419163;0,413368;2,963443;0,398930;0,411451;2,966117;0,368388;0,433688;2,972390;0,404741;0,359455;3,000988;0,394285;0,365233;2,990685;0,306619;0,288591;3,005317;0,184449;0,344668;2,923575;0,262713;0,084080;2,947195;0,167345;0,111724;2,887787;0,974477;-0,065381;7,585802;0,411825;0,021688;2,888008;1,126252;-0,166747;8,091615;0,470840;-0,016570;2,930914;1,006912;-0,098024;6,731556;0,480462;0,002908;2,916006;0,815651;-0,057013;5,519091;0,463366;0,013898;2,903126;0,218142;-0,129140;2,966771;0,136684;-0,119573;2,943535;0,205223;-0,474628;3,062433;0,118330;-0,497106;3,014673;0,209495;-0,839870;3,202042;0,104351;-0,842488;2,994151;0,180734;-0,890283;3,218019;0,056083;-0,891250;2,990450;0,302034;-0,908910;3,134438;0,199669;-0,929718;2,952256
00:00:03.033;92;3;3;4;2;-3,277461;-15,931842;-7,934329;61,532230;-8,669501;101,908257;-7,356974;-44,405309;-3,480936;-13,005842;-25,582103;13,739099;23,187658;-14,085769;0,427897;0,381562;3,014766;0,432784;0,402619;2,972765;0,432111;0,404105;2,972125;0,432219;0,403789;2,972332;0,423951;0,408571;2,969556;0,418951;0,413157;2,967879;0,411304;0,417367;2,966809;0,393882;0,415102;2,968986;0,359273;0,437649;2,976526;0,395671;0,363051;3,001633;0,387522;0,368732;2,992862;0,297163;0,288752;2,983969;0,178822;0,344826;2,924610;0,268553;0,081573;2,934278;0,206096;0,111428;2,901899;0,791650;-0,060320;6,030944;0,448197;0,015584;2,884614;0,903830;-0,134884;6,296369;0,500817;-0,021890;2,915844;0,979057;-0,108043;6,263556;0,510746;-0,008151;2,903463;1,012828;-0,092992;6,482645;0,494701;0,002125;2,896701;0,216520;-0,128756;2,965002;0,134999;-0,119879;2,937666;0,203789;-0,474764;3,059572;0,117875;-0,498203;3,014743;0,208603;-0,835926;3,198900;0,103058;-0,843527;2,994128;0,181035;-0,887011;3,216760;0,056357;-0,892603;2,987917;0,300076;-0,912018;3,154407;0,200409;-0,928597;2,942946
00:00:03.066;93;3;4;3;1;-2,990032;-5,905405;-13,713628;52,354362;-7,058357;95,506862;-8,139016;-46,681249;-10,294997;-4,075800;-24,007820;18,121288;97,192076;77,711114;0,430717;0,379886;3,012828;0,436257;0,402591;2,979303;0,434629;0,403464;2,978194;0,434602;0,404257;2,977665;0,429142;0,408372;2,975275;0,424651;0,412294;2,973128;0,418426;0,417039;2,971269;0,396373;0,415685;2,973533;0,368446;0,436847;2,978397;0,398882;0,363531;3,004767;0,394496;0,369247;2,997701;0,291593;0,285151;2,964923;0,190370;0,342206;2,929392;0,286106;0,075923;2,935541;0,249090;0,109387;2,889791;0,978859;-0,103711;6,794818;0,489666;0,005381;2,871980;1,029719;-0,162711;6,532354;0,539892;-0,031538;2,899352;1,202726;-0,153166;6,963461;0,550071;-0,020489;2,889236;1,211471;-0,137205;7,099727;0,533128;-0,011709;2,883597;0,215402;-0,127392;2,962963;0,133866;-0,116851;2,933024;0,201597;-0,473389;3,055430;0,117554;-0,498808;3,014140;0,206832;-0,833246;3,196407;0,101111;-0,845141;2,993581;0,180014;-0,884657;3,215110;0,056537;-0,893502;2,986333;0,297649;-0,914062;3,167469;0,201850;-0,928462;2,935409
00:00:03.100;94;3;3;2;1;-2,943876;-6,733485;-11,385431;60,769774;-2,964960;88,358352;-8,707217;-46,205181;-0,361741;1,061164;-18,850658;-21,345764;3,240716;83,960654;0,432698;0,382339;3,005088;0,437974;0,406421;2,979900;0,436916;0,406989;2,979179;0,435687;0,407385;2,977981;0,432081;0,411090;2,976039;0,427936;0,415668;2,973668;0,422687;0,419716;2,971628;0,397609;0,417831;2,973642;0,373061;0,438192;2,977565;0,400521;0,365624;3,003471;0,398511;0,371291;2,997024;0,292438;0,284026;2,965330;0,196788;0,341540;2,932227;0,299679;0,073784;2,956313;0,213693;0,106181;2,887925;0,800185;-0,088210;5,438185;0,455773;-0,008719;2,881370;1,111547;-0,180799;6,685744;0,508397;-0,047473;2,898739;1,352455;-0,184945;7,503826;0,527006;-0,031063;2,907361;0,979634;-0,115972;5,663015;0,510593;-0,022141;2,903389;0,215891;-0,126585;2,963542;0,133251;-0,114986;2,932722;0,202357;-0,467983;3,052236;0,117368;-0,498203;3,014350;0,205685;-0,829197;3,194849;0,100938;-0,846228;2,993359;0,174549;-0,873121;3,211574;0,056656;-0,894123;2,985429;0,296193;-0,912281;3,177276;0,202824;-0,928541;2,931037
00:00:03.133;95;3;3;2;2;-2,822852;-18,184970;-6,016194;67,337644;0,176453;80,643772;-8,448789;-40,120611;7,160248;5,869754;-27,004083;17,045081;3,076700;83,616737;0,447126;0,415774;3,177326;0,423043;0,414394;2,965833;0,422325;0,415799;2,965139;0,421527;0,416057;2,964361;0,415582;0,419092;2,960111;0,410481;0,422818;2,956452;0,404983;0,426564;2,955459;0,382572;0,425684;2,959068;0,356384;0,442727;2,965578;0,391884;0,372546;2,994971;0,387269;0,377255;2,990325;0,294590;0,290313;2,981774;0,187819;0,339424;2,928722;0,313098;0,086255;2,991671;0,171977;0,097963;2,892435;0,681314;-0,071008;4,579974;0,415645;-0,021937;2,877225;0,899447;-0,145966;5,375033;0,471302;-0,063161;2,900129;1,062177;-0,149859;5,911236;0,494954;-0,042227;2,919576;0,807887;-0,099633;4,713905;0,481773;-0,031274;2,929306;0,216003;-0,124866;2,961098;0,131688;-0,114756;2,930327;0,202665;-0,461838;3,047371;0,117161;-0,496346;3,012244;0,206126;-0,826665;3,194224;0,100828;-0,846944;2,993251;0,169838;-0,864502;3,209448;0,056730;-0,894486;2,984703;0,296428;-0,911181;3,183856;0,203372;-0,928208;2,926981
00:00:03.166;96;3;3;2;3;-2,249886;-28,643538;-2,580099;70,304451;6,646593;65,586552;-7,583110;-30,146863;9,138264;15,818378;-28,928350;16,274276;3,716684;81,590741;0,456503;0,437507;3,289281;0,401858;0,420578;2,941885;0,401391;0,421491;2,941434;0,399631;0,422488;2,939425;0,392501;0,424326;2,935770;0,387087;0,427807;2,933438;0,380446;0,431411;2,933564;0,360783;0,431069;2,937420;0,331054;0,445224;2,941098;0,377859;0,378421;2,991680;0,369012;0,382084;2,984974;0,293399;0,298440;2,999729;0,170307;0,337024;2,926780;0,330157;0,099017;3,048527;0,141740;0,089493;2,896884;0,604917;-0,056693;4,034909;0,388012;-0,030604;2,879134;0,760959;-0,122324;4,525688;0,442920;-0,074403;2,900697;0,868883;-0,124855;4,874242;0,471140;-0,050590;2,929121;0,692581;-0,088026;4,100858;0,456557;-0,039096;2,930767;0,216510;-0,122911;2,965451;0,129717;-0,114704;2,931307;0,202964;-0,455850;3,045696;0,117009;-0,493974;3,010445;0,206431;-0,823927;3,194088;0,099676;-0,847492;2,993470;0,165632;-0,856682;3,208507;0,055706;-0,894935;2,984942;0,296827;-0,907723;3,190782;0,205560;-0,931432;2,935178
00:00:03.200;97;3;3;3;3;-1,010759;-35,770553;0,433940;70,871588;7,195485;67,109473;-7,435303;-19,079959;10,303626;20,526337;-22,548903;-15,458031;172,395085;82,050545;0,424255;0,429098;3,165848;0,385156;0,425695;2,919631;0,384852;0,426289;2,919338;0,383577;0,427821;2,916961;0,375677;0,428857;2,913540;0,368946;0,432064;2,911367;0,361498;0,435454;2,911464;0,343602;0,435386;2,914974;0,312142;0,447347;2,921641;0,366823;0,383467;2,982403;0,355251;0,386418;2,974229;0,293382;0,304539;3,019297;0,155751;0,336574;2,925922;0,340818;0,106023;3,081766;0,116849;0,085098;2,901831;0,828962;-0,067250;5,674442;0,351881;-0,038468;2,887655;0,651247;-0,106890;3,971097;0,403936;-0,085782;2,896948;0,723874;-0,106448;4,199837;0,434899;-0,061303;2,932232;0,601706;-0,078210;3,696709;0,419870;-0,047191;2,922777;0,218690;-0,120395;2,964106;0,127277;-0,113522;2,929777;0,204364;-0,451060;3,046050;0,116821;-0,489873;3,006966;0,206614;-0,822088;3,193770;0,100028;-0,847944;2,993951;0,167479;-0,852337;3,206266;0,056111;-0,894981;2,984280;0,298251;-0,905471;3,195271;0,214464;-0,943437;2,968220
00:00:03.233;98;3;2;3;3;-0,459139;-38,726062;1,894611;69,167109;4,647617;71,333760;-6,713500;-11,008927;11,372533;17,236925;-8,668663;15,138397;174,536535;80,691469;0,398090;0,424462;3,069105;0,370239;0,429942;2,897507;0,370041;0,430328;2,897317;0,370223;0,432327;2,895539;0,359806;0,432886;2,892570;0,352296;0,435983;2,890988;0,344359;0,439251;2,891225;0,331769;0,438283;2,894243;0,296589;0,449592;2,907819;0,357144;0,388313;2,964047;0,342719;0,390666;2,954114;0,293129;0,309351;3,029489;0,143064;0,336190;2,924569;0,334840;0,108520;3,078573;0,096375;0,082166;2,902179;0,826567;-0,068599;5,950580;0,316087;-0,051087;2,897518;0,556490;-0,096445;3,595106;0,365084;-0,097450;2,896090;0,604819;-0,094062;3,744292;0,393412;-0,073045;2,916978;0,522246;-0,071489;3,417262;0,379632;-0,058667;2,912672;0,221583;-0,118964;2,968457;0,125831;-0,113948;2,932119;0,204252;-0,449244;3,047572;0,116703;-0,487226;3,004827;0,206751;-0,819803;3,193849;0,100260;-0,847169;2,994337;0,169900;-0,850947;3,205829;0,056379;-0,895084;2,984092;0,301957;-0,905322;3,202864;0,220188;-0,950973;2,988861
00:00:03.266;99;3;2;3;3;-0,235791;-41,186495;3,723080;69,568605;1,223675;79,252577;-5,911941;-7,644880;12,764102;6,934714;-7,141549;11,974720;172,168586;79,050427;0,380805;0,419019;3,003921;0,361346;0,430329;2,881176;0,361218;0,430580;2,881052;0,361263;0,432825;2,879295;0,350294;0,433122;2,876930;0,342338;0,436217;2,876202;0,335133;0,439417;2,876602;0,324913;0,438841;2,878909;0,288211;0,449397;2,894968;0,349471;0,388964;2,949370;0,334239;0,391953;2,937996;0,292347;0,314014;3,029688;0,133667;0,335689;2,921500;0,310477;0,109070;3,047347;0,076733;0,081326;2,902715;0,657231;-0,054730;4,885904;0,288558;-0,055812;2,890830;0,486232;-0,087294;3,340341;0,337167;-0,101661;2,889924;0,521245;-0,083740;3,440995;0,362475;-0,077295;2,899383;0,463694;-0,064925;3,230950;0,349568;-0,062787;2,898767;0,223626;-0,119202;2,973412;0,124705;-0,115116;2,929214;0,205468;-0,448451;3,051208;0,116649;-0,485599;3,004014;0,208031;-0,818428;3,194328;0,099312;-0,846598;2,994351;0,172647;-0,850076;3,205667;0,056555;-0,895179;2,984062;0,308429;-0,910165;3,225355;0,223952;-0,956050;3,002839
00:00:03.300;100;3;3;3;3;0,096081;-40,654092;3,457868;75,061630;-2,231058;86,770343;-5,543539;-9,553504;12,998182;-3,370291;-71,134052;-14,204454;-111,443800;-82,063820;0,373109;0,416082;2,973266;0,360153;0,431327;2,882446;0,359998;0,432454;2,881792;0,360028;0,433913;2,880650;0,348484;0,433833;2,877305;0,341244;0,436926;2,877053;0,333533;0,440206;2,878314;0,323872;0,440008;2,880963;0,287119;0,451215;2,899050;0,346391;0,390360;2,947119;0,330872;0,393053;2,937342;0,289662;0,315972;3,030111;0,129796;0,336742;2,922246;0,284011;0,106883;3,016471;0,072398;0,081808;2,902101;0,547163;-0,045716;4,193864;0,295695;-0,039115;2,936657;0,440565;-0,081345;3,174743;0,588107;-0,120434;4,852005;0,695430;-0,122482;5,135134;0,368312;-0,064737;2,911116;0,425635;-0,060658;3,109848;0,353025;-0,050011;2,915412;0,224887;-0,119322;2,975759;0,123967;-0,115869;2,927163;0,207503;-0,449328;3,055473;0,116597;-0,485560;3,003029;0,208848;-0,817476;3,194414;0,098678;-0,846063;2,993779;0,169881;-0,851270;3,207795;0,056647;-0,895969;2,982858;0,311873;-0,911123;3,232192;0,227617;-0,959832;3,013434
00:00:03.333;101;3;3;3;3;0,099344;-36,348545;2,413015;77,683412;-4,296211;90,732534;-4,941382;-16,836671;12,805048;-10,679028;-66,864398;15,813148;-111,171824;78,588788;0,369715;0,413727;2,957750;0,361018;0,431632;2,887999;0,360918;0,432364;2,887573;0,360937;0,433312;2,886831;0,350277;0,434324;2,884715;0,342633;0,437678;2,886462;0,335655;0,441059;2,888543;0,325625;0,440518;2,894539;0,288864;0,453530;2,915803;0,345036;0,390937;2,951245;0,330613;0,393731;2,944638;0,285083;0,316525;3,023555;0,128413;0,337614;2,924352;0,259779;0,104124;2,988647;0,073823;0,083200;2,902475;0,469042;-0,040228;3,781354;0,305643;-0,027127;2,944624;0,410881;-0,077478;3,067105;0,520852;-0,094027;4,192380;0,588814;-0,103547;4,404501;0,381159;-0,051270;2,922481;0,406049;-0,057711;3,081965;0,363353;-0,036332;2,922428;0,225752;-0,119424;2,977883;0,123559;-0,116428;2,927556;0,208756;-0,449749;3,057239;0,116593;-0,485665;3,003192;0,208157;-0,816623;3,193550;0,098292;-0,845948;2,994232;0,165818;-0,854780;3,210657;0,056711;-0,896565;2,982346;0,313782;-0,910803;3,233282;0,229864;-0,961735;3,018581
00:00:03.366;102;3;3;3;3;-0,014758;-32,344670;1,192208;80,357050;-6,207989;92,259206;-4,253121;-23,516263;12,346910;-14,949610;-63,231671;15,591899;111,384433;73,861320;0,369014;0,411618;2,951172;0,362947;0,431140;2,894075;0,362882;0,431616;2,893798;0,362894;0,432232;2,893316;0,352770;0,433919;2,891753;0,344755;0,437312;2,893926;0,338226;0,440726;2,896327;0,327997;0,438949;2,904866;0,291256;0,454247;2,928539;0,345718;0,389701;2,958087;0,331768;0,393384;2,951565;0,278364;0,316345;3,014173;0,127520;0,338195;2,925837;0,240410;0,100007;2,964676;0,076851;0,084093;2,902293;0,418182;-0,032267;3,512456;0,312431;-0,010765;2,942978;0,391586;-0,074965;2,997140;0,478283;-0,064956;3,756155;0,517133;-0,081128;3,919594;0,391085;-0,028610;2,925805;0,392388;-0,042443;3,038576;0,372301;-0,015684;2,927729;0,225139;-0,120526;2,978056;0,123327;-0,117889;2,928591;0,209557;-0,449994;3,058182;0,116630;-0,485894;3,004295;0,206527;-0,814832;3,192696;0,098030;-0,845777;2,994186;0,163153;-0,856927;3,212017;0,056752;-0,896922;2,981915;0,314626;-0,909454;3,229940;0,231589;-0,962953;3,025334
00:00:03.400;103;3;3;2;3;-0,004687;-28,268379;0,230098;83,029384;-7,790300;92,787174;-3,876413;-28,714476;12,110132;-18,125358;-58,205534;15,116585;-8,681007;65,627472;0,369377;0,409001;2,953439;0,365993;0,429549;2,903800;0,365950;0,429858;2,903620;0,364840;0,430195;2,902868;0,355049;0,433392;2,901680;0,347843;0,436819;2,904161;0,340578;0,440319;2,907163;0,330310;0,436797;2,918355;0,294327;0,454307;2,941176;0,346433;0,388118;2,964866;0,332904;0,391448;2,959496;0,272839;0,316146;3,007300;0,128017;0,338605;2,927087;0,224431;0,096176;2,946086;0,079857;0,084655;2,901578;0,382887;-0,024898;3,337267;0,317720;0,004132;2,940181;0,443466;-0,069700;3,551487;0,450313;-0,041773;3,470392;0,466298;-0,061071;3,605640;0,397262;-0,008565;2,926000;0,380981;-0,027138;3,007304;0,377468;0,003018;2,926268;0,223496;-0,121153;2,976014;0,124232;-0,119894;2,929017;0,210017;-0,450023;3,057916;0,116651;-0,486032;3,004943;0,205528;-0,811582;3,193079;0,097865;-0,844617;2,994298;0,161434;-0,854887;3,213179;0,056790;-0,896265;2,982286;0,316277;-0,911741;3,239011;0,233858;-0,963917;3,030268
00:00:03.433;104;3;3;3;3;-0,285552;-24,478634;-0,760893;84,437588;-9,034259;92,340756;-3,437842;-32,214103;11,869427;-20,608396;-50,349459;-14,944533;-23,684248;-63,145582;0,369719;0,407417;2,955760;0,368416;0,429025;2,913613;0,368389;0,429226;2,913496;0,367713;0,428430;2,913367;0,358070;0,433618;2,911976;0,350377;0,436079;2,915163;0,343586;0,439507;2,917684;0,333213;0,434745;2,929990;0,296511;0,454632;2,951257;0,347155;0,386287;2,971468;0,333779;0,390347;2,965854;0,268086;0,314841;3,002013;0,128378;0,338969;2,928745;0,210753;0,093632;2,932230;0,082866;0,086075;2,901085;0,353397;-0,020109;3,223677;0,321400;0,013838;2,940530;0,604149;-0,084905;5,112954;0,432388;-0,025631;3,286528;0,430646;-0,048080;3,407334;0,402605;0,005549;2,927999;0,365831;-0,020455;3,004053;0,382219;0,015207;2,927786;0,221560;-0,123850;2,977605;0,124937;-0,122382;2,932014;0,210304;-0,452243;3,057581;0,115521;-0,487000;3,004039;0,204754;-0,808978;3,191378;0,097727;-0,844691;2,993448;0,160375;-0,858558;3,215111;0,056794;-0,896585;2,981401;0,315816;-0,911163;3,229260;0,236296;-0,963971;3,031670
00:00:03.466;105;3;3;3;3;-0,227741;-21,961883;-1,480171;85,014694;-10,605833;91,490800;-3,332126;-33,841983;11,796741;-22,424843;-40,616918;14,747602;-29,357041;58,399196;0,370054;0,406511;2,958176;0,370214;0,428939;2,921741;0,370196;0,429070;2,921665;0,369799;0,427531;2,921909;0,360350;0,433073;2,921216;0,353251;0,435791;2,923621;0,345765;0,439261;2,926415;0,335370;0,433756;2,939907;0,298093;0,455088;2,959406;0,347751;0,385237;2,976845;0,334517;0,389828;2,971499;0,266342;0,313205;3,001488;0,128637;0,339271;2,930384;0,203924;0,090896;2,922409;0,084811;0,086988;2,900417;0,334430;-0,019201;3,151876;0,324877;0,018007;2,940881;0,708593;-0,094789;6,127908;0,422045;-0,018357;3,168753;0,412677;-0,046488;3,293768;0,406164;0,011527;2,929908;0,362006;-0,021678;3,016144;0,386416;0,021000;2,929079;0,220242;-0,125568;2,977822;0,126428;-0,123963;2,933141;0,210527;-0,455988;3,057874;0,114781;-0,489792;3,003315;0,204182;-0,808172;3,189196;0,097648;-0,844833;2,993224;0,158471;-0,863038;3,215451;0,056795;-0,896779;2,980782;0,315173;-0,910959;3,219418;0,237438;-0,963334;3,027011
00:00:03.500;106;3;3;3;3;-0,142586;-20,534300;-3,254357;79,134336;-13,387150;86,738012;-3,569419;-34,183850;9,784049;-22,762202;-29,232772;6,915736;-40,317888;46,110450;0,372798;0,406318;2,962649;0,372836;0,429321;2,930016;0,372824;0,429406;2,929967;0,372565;0,428406;2,930125;0,363153;0,434086;2,929234;0,356430;0,436966;2,931075;0,348485;0,440463;2,934024;0,336956;0,434426;2,947962;0,299206;0,455513;2,965543;0,349410;0,384756;2,981913;0,337346;0,389694;2,976727;0,265328;0,312283;3,002514;0,132011;0,339476;2,931520;0,207610;0,088986;2,911568;0,100796;0,090709;2,898871;0,338600;-0,019397;3,059582;0,340735;0,010058;2,913816;0,603908;-0,080653;5,024779;0,422770;-0,026927;3,048831;0,412183;-0,046429;3,141724;0,420600;-0,001270;2,886659;0,372500;-0,024023;2,957607;0,400281;0,008951;2,890670;0,219192;-0,126570;2,975315;0,127414;-0,123938;2,934245;0,211833;-0,458530;3,058771;0,114328;-0,491728;3,003583;0,203834;-0,807743;3,188147;0,097607;-0,846095;2,993365;0,157242;-0,863660;3,215857;0,055729;-0,897191;2,981327;0,315230;-0,912205;3,217868;0,237237;-0,963550;3,025958
00:00:03.533;107;3;2;3;3;-0,055497;-23,512072;-4,477139;76,795786;-16,468402;83,870237;-4,534980;-35,337528;10,056508;-24,106661;-23,826733;1,537715;-52,445846;-32,163410;0,387671;0,407357;2,982116;0,386362;0,429651;2,943358;0,385189;0,429617;2,942709;0,383839;0,428857;2,942057;0,378721;0,434624;2,940912;0,371913;0,437266;2,940028;0,364372;0,440363;2,940256;0,346456;0,434672;2,951914;0,314519;0,455026;2,964549;0,360755;0,384916;2,988896;0,350452;0,388933;2,983314;0,267904;0,311633;3,002690;0,145972;0,339657;2,932672;0,213411;0,085359;2,894264;0,117293;0,089836;2,893647;0,359209;-0,017352;2,984765;0,359463;0,002832;2,889304;0,547688;-0,067573;4,265326;0,432927;-0,033676;2,980086;0,426892;-0,041078;3,032805;0,436138;-0,009645;2,864917;0,396180;-0,021372;2,914621;0,416778;0,001078;2,874146;0,220261;-0,126986;2,968231;0,131133;-0,123808;2,932258;0,212443;-0,460774;3,055935;0,113996;-0,492821;3,002753;0,203726;-0,809093;3,189313;0,097573;-0,846860;2,993262;0,156512;-0,865620;3,217551;0,056105;-0,897204;2,980836;0,314511;-0,911984;3,209153;0,237231;-0,964197;3,026863
00:00:03.566;108;3;2;3;3;-0,393499;-24,574664;-4,173109;79,668751;-18,189992;97,299315;-4,801865;-36,721732;11,399030;-25,412450;-32,583649;0,514560;-31,924606;48,123544;0,397722;0,407333;2,989609;0,397485;0,430042;2,953246;0,396723;0,430020;2,952824;0,394674;0,429433;2,951758;0,391140;0,435124;2,949529;0,384312;0,437657;2,947175;0,377065;0,440539;2,945921;0,356009;0,435006;2,955658;0,325668;0,454862;2,964900;0,369316;0,385115;2,994171;0,360186;0,388566;2,988587;0,272783;0,311129;3,002019;0,153936;0,341823;2,932683;0,217196;0,084048;2,883203;0,119679;0,092465;2,891634;0,384386;-0,011956;3,062249;0,365812;0,013693;2,876288;0,511824;-0,054266;3,810818;0,440757;-0,019290;2,970288;0,439823;-0,030541;3,003068;0,443154;0,004651;2,870250;0,413996;-0,012363;2,930035;0,423470;0,015734;2,870924;0,222231;-0,126291;2,966246;0,135910;-0,122849;2,935621;0,215136;-0,460170;3,055139;0,118116;-0,490132;3,001451;0,202573;-0,810291;3,191331;0,098641;-0,845185;2,993215;0,149762;-0,858292;3,182575;0,056370;-0,896450;2,981593;0,311781;-0,912025;3,204132;0,237458;-0,964453;3,030403
00:00:03.600;109;3;2;3;3;-0,770470;-25,253609;-3,545505;82,830690;-18,380749;98,068030;-4,908263;-37,408849;12,415936;-26,343368;-27,343419;1,334987;-30,237007;45,145787;0,403995;0,404881;2,992603;0,405822;0,428159;2,959851;0,404429;0,428331;2,960884;0,403097;0,427950;2,960191;0,399449;0,433536;2,956820;0,392626;0,436027;2,953672;0,385600;0,438809;2,951698;0,363465;0,434337;2,959411;0,333077;0,454969;2,966521;0,376240;0,383318;2,999657;0,366551;0,387275;2,992311;0,277203;0,310972;3,003227;0,159053;0,343110;2,931655;0,219978;0,083312;2,880117;0,120168;0,094164;2,890066;0,388862;-0,005130;3,040437;0,370496;0,022052;2,888026;0,487129;-0,039185;3,528015;0,445227;-0,008854;2,966883;0,446387;-0,012952;2,985696;0,450130;0,017302;2,888973;0,420877;0,002008;2,930125;0,430012;0,027592;2,883228;0,224761;-0,125933;2,967168;0,139025;-0,121163;2,937983;0,219388;-0,459229;3,058390;0,122006;-0,487740;3,003393;0,201771;-0,810857;3,191807;0,099326;-0,844021;2,992920;0,146145;-0,858275;3,177362;0,056542;-0,895956;2,982068;0,310985;-0,912667;3,198960;0,237590;-0,964558;3,032510
00:00:03.633;110;3;3;3;3;-1,014884;-25,452341;-3,454698;98,167769;-16,734640;101,576170;-4,976779;-39,266911;12,618427;-27,185459;145,831989;46,581626;-11,224058;-47,918873;0,409376;0,400139;3,003949;0,413052;0,423285;2,976920;0,412146;0,423397;2,977591;0,410285;0,423246;2,977843;0,406539;0,428790;2,973657;0,400656;0,432233;2,969050;0,393869;0,436182;2,967485;0,370745;0,428901;2,972410;0,341376;0,453467;2,978698;0,381564;0,380750;3,009590;0,372558;0,385026;3,000856;0,283012;0,309464;3,011732;0,162417;0,346157;2,931649;0,223837;0,083195;2,890768;0,125784;0,106868;2,889981;0,396991;0,001711;3,074303;0,447555;0,057495;3,391145;0,468614;-0,026104;3,342278;0,445838;0,012867;2,956678;0,449758;-0,003664;2,975563;0,454514;0,035078;2,900186;0,426713;0,009288;2,939397;0,435727;0,045948;2,893876;0,228878;-0,126950;2,971697;0,142220;-0,120147;2,941519;0,221941;-0,457081;3,057660;0,123385;-0,487067;3,003340;0,201254;-0,808915;3,192173;0,099754;-0,843117;2,992202;0,143551;-0,856766;3,168439;0,056632;-0,896383;2,981257;0,309423;-0,912270;3,196810;0,237635;-0,964459;3,033353
00:00:03.666;111;3;3;4;3;-1,123059;-21,861940;-5,468379;99,053827;-16,873759;104,910271;-5,051397;-42,495508;14,015540;-28,371144;133,960064;33,617413;-48,340733;-49,244772;0,413858;0,396867;3,018431;0,419275;0,420491;2,998760;0,418686;0,420564;2,999196;0,417472;0,419356;2,999334;0,413972;0,427424;2,996902;0,407745;0,430575;2,992533;0,401171;0,435402;2,991867;0,379353;0,426081;2,993868;0,349793;0,454907;3,002708;0,386207;0,379104;3,025192;0,377650;0,383634;3,015739;0,288274;0,306669;3,021177;0,164772;0,351699;2,934568;0,228352;0,083080;2,896321;0,130162;0,120046;2,883211;0,403267;0,008434;3,095191;0,433394;0,073084;3,232013;0,456015;-0,015425;3,217651;0,447247;0,032323;2,949665;0,449927;0,004532;2,969838;0,458317;0,052990;2,906791;0,428564;0,017264;2,946854;0,439475;0,063187;2,901011;0,232839;-0,127720;2,977138;0,144466;-0,119621;2,947177;0,224760;-0,453551;3,057814;0,124340;-0,485762;3,004706;0,200901;-0,806425;3,192146;0,101121;-0,842531;2,991741;0,140312;-0,853224;3,153191;0,057778;-0,895613;2,980853;0,306023;-0,911829;3,194775;0,237666;-0,964403;3,033929
00:00:03.700;112;3;3;4;3;-0,976763;-20,345253;-7,372067;98,638395;-17,156279;106,704557;-5,481364;-44,704078;15,339851;-30,156780;121,014987;-10,774633;85,941770;-46,774568;0,418306;0,395132;3,030892;0,424891;0,419121;3,016216;0,423409;0,418069;3,016574;0,422620;0,417284;3,016664;0,419292;0,425912;3,015485;0,414207;0,430252;3,013159;0,407818;0,435720;3,013491;0,385600;0,424942;3,012814;0,356993;0,455498;3,023437;0,390710;0,378388;3,038203;0,382527;0,383179;3,029003;0,293415;0,304355;3,033519;0,166302;0,355299;2,936447;0,232394;0,081964;2,900533;0,134952;0,130550;2,875918;0,405515;0,013772;3,086496;0,425021;0,083159;3,126884;0,447229;-0,006325;3,132527;0,446717;0,044749;2,935672;0,447822;0,012009;2,965701;0,461127;0,065760;2,913205;0,428888;0,023542;2,953072;0,443293;0,075524;2,907735;0,235438;-0,128233;2,980975;0,145808;-0,118111;2,948500;0,226597;-0,450153;3,057974;0,124936;-0,484819;3,005003;0,199488;-0,803557;3,191777;0,101994;-0,843111;2,990989;0,138156;-0,849469;3,142109;0,058503;-0,895900;2,979603;0,303998;-0,909777;3,195415;0,239903;-0,964397;3,034398
00:00:03.733;113;3;2;4;3;-0,676284;-21,722358;-9,465029;97,333586;-16,443431;103,279626;-5,961478;-44,969454;16,286047;-29,370874;107,520999;0,331417;80,248866;38,636139;0,421383;0,394175;3,040321;0,427469;0,418265;3,027820;0,426506;0,417581;3,028053;0,425993;0,417071;3,028111;0,422628;0,425917;3,026691;0,418217;0,429851;3,025208;0,411837;0,435614;3,025354;0,389469;0,423998;3,023662;0,360291;0,455550;3,034683;0,392765;0,377038;3,048538;0,384695;0,382990;3,038477;0,297349;0,302319;3,047513;0,166313;0,357827;2,939201;0,242582;0,079468;2,916911;0,140077;0,137306;2,869817;0,406678;0,019215;3,054110;0,420000;0,089812;3,061568;0,441361;0,000668;3,076112;0,447830;0,053048;2,936086;0,445467;0,017951;2,963618;0,462333;0,073079;2,920179;0,429200;0,028710;2,957815;0,445512;0,082651;2,917328;0,237216;-0,128613;2,984565;0,146718;-0,117159;2,950119;0,227861;-0,448080;3,059014;0,125351;-0,485409;3,005871;0,198599;-0,802973;3,192012;0,102556;-0,843452;2,990375;0,138570;-0,850043;3,150345;0,058973;-0,896072;2,978744;0,303935;-0,908711;3,196775;0,241348;-0,964356;3,034585
00:00:03.766;114;3;2;4;3;-0,418080;-23,753359;-10,965859;95,616812;-15,836813;104,271918;-6,475656;-44,077003;16,796060;-29,026270;92,333399;3,381803;105,243665;-37,608150;0,423145;0,394446;3,044753;0,429854;0,418433;3,032566;0,428170;0,416929;3,033062;0,427837;0,416598;3,033100;0,424332;0,426565;3,030676;0,419151;0,430123;3,028972;0,413866;0,436043;3,028825;0,391586;0,422961;3,027662;0,361957;0,456097;3,038006;0,394995;0,377066;3,053550;0,387079;0,382734;3,043573;0,301214;0,301180;3,058504;0,166323;0,359478;2,941046;0,249365;0,077892;2,929369;0,144460;0,141708;2,866058;0,412518;0,023117;3,070299;0,417965;0,094176;3,020241;0,437779;0,004137;3,041046;0,449598;0,058601;2,943178;0,444137;0,020749;2,963614;0,464499;0,078964;2,926684;0,428747;0,032107;2,963845;0,447781;0,088299;2,921997;0,238405;-0,128879;2,987323;0,147234;-0,116482;2,949681;0,228607;-0,446586;3,058675;0,125604;-0,484629;3,006005;0,198012;-0,802555;3,192013;0,102944;-0,843848;2,990592;0,140365;-0,849168;3,164007;0,059280;-0,896205;2,978254;0,303902;-0,908042;3,197745;0,242335;-0,964519;3,035304
00:00:03.800;115;3;3;4;3;-0,572834;-24,319897;-11,762620;94,718069;-15,436933;104,768437;-6,598227;-44,052214;17,301682;-28,226773;74,195390;-16,760942;114,371355;36,630723;0,426579;0,394682;3,048096;0,432478;0,419617;3,035416;0,431454;0,417600;3,036228;0,430106;0,417361;3,036084;0,427681;0,427016;3,033479;0,421989;0,431425;3,031569;0,416299;0,437438;3,031158;0,393003;0,423435;3,030573;0,365093;0,456253;3,038832;0,398712;0,377120;3,057094;0,390820;0,383648;3,046641;0,303196;0,299925;3,060355;0,168494;0,360596;2,942614;0,253568;0,076808;2,935145;0,147335;0,143553;2,864092;0,416315;0,025654;3,080821;0,418370;0,097979;2,990469;0,436551;0,006393;3,018373;0,451204;0,062117;2,943774;0,443324;0,022570;2,963953;0,467565;0,081828;2,934581;0,429466;0,034310;2,967286;0,456355;0,092172;2,963886;0,239141;-0,129032;2,988650;0,147711;-0,116151;2,952189;0,229102;-0,446749;3,058602;0,125841;-0,485500;3,007848;0,197654;-0,802381;3,192400;0,104281;-0,845168;2,990642;0,141589;-0,848932;3,174137;0,059479;-0,896282;2,977906;0,303844;-0,907498;3,197991;0,242583;-0,964169;3,030875
00:00:03.833;116;3;3;4;3;-0,684509;-24,096141;-12,592021;93,527423;-14,555659;104,432593;-6,383501;-44,207509;17,174863;-26,949968;56,149225;-19,715045;118,261913;35,487896;0,428580;0,394625;3,048645;0,433777;0,419994;3,034440;0,433206;0,417670;3,035628;0,431202;0,417493;3,035372;0,429347;0,427908;3,031728;0,423391;0,431824;3,030118;0,417459;0,437902;3,029623;0,393606;0,423403;3,030026;0,366833;0,455987;3,036928;0,400918;0,376959;3,057810;0,393053;0,384049;3,047113;0,304079;0,298717;3,057517;0,169889;0,361287;2,943348;0,255339;0,076136;2,940167;0,150262;0,144770;2,863147;0,418783;0,027303;3,087661;0,418761;0,099415;2,972015;0,435895;0,006778;3,004609;0,452801;0,063411;2,947744;0,441854;0,022682;2,965104;0,470319;0,082562;2,937781;0,430034;0,035750;2,970217;0,457667;0,092497;2,956769;0,240784;-0,129172;2,990454;0,149056;-0,115905;2,953032;0,230585;-0,446946;3,059184;0,125978;-0,485998;3,008628;0,196265;-0,802290;3,192741;0,105155;-0,846071;2,990834;0,142174;-0,847541;3,176067;0,059605;-0,896277;2,977498;0,303793;-0,907106;3,198013;0,244198;-0,964225;3,032349
00:00:03.866;117;3;3;4;2;-1,583644;-14,057368;-19,814862;76,130947;-23,666837;93,882325;-5,454982;-46,399478;9,751476;-22,876038;43,708107;19,527892;93,517683;14,351073;0,430620;0,394252;3,046405;0,435226;0,419762;3,030366;0,434970;0,417260;3,031928;0,432520;0,417100;3,031436;0,430946;0,427909;3,026511;0,424793;0,431466;3,024860;0,418726;0,437595;3,024422;0,393526;0,423974;3,026047;0,367511;0,455257;3,031976;0,403081;0,376501;3,055403;0,395214;0,383927;3,044383;0,300617;0,295064;3,026155;0,173891;0,358289;2,941881;0,276763;0,075485;2,894718;0,186026;0,143199;2,856878;0,437695;0,021211;2,981429;0,437307;0,070098;2,904059;0,462215;-0,005204;2,917734;0,473204;0,031607;2,880771;0,473434;0,006214;2,883419;0,489162;0,046121;2,866744;0,456193;0,018648;2,894256;0,474452;0,058546;2,881693;0,239490;-0,129163;2,989313;0,149844;-0,115680;2,951903;0,230399;-0,447003;3,059069;0,126111;-0,486493;3,010194;0,195353;-0,803359;3,192828;0,105728;-0,846694;2,991085;0,144116;-0,848968;3,186094;0,060761;-0,896151;2,976821;0,302543;-0,906688;3,197452;0,245089;-0,963640;3,031351
00:00:03.900;118;4;5;3;1;-3,781842;-4,031721;-29,125655;57,646607;-12,574785;61,006560;-4,983374;-47,270083;-0,391576;-3,011967;32,859718;-23,218907;40,659189;33,598753;0,436821;0,394535;3,040487;0,439597;0,418707;3,021203;0,439431;0,417081;3,022218;0,436730;0,416963;3,021794;0,434269;0,426935;3,016245;0,429070;0,430231;3,014427;0,422775;0,436222;3,012950;0,395727;0,425426;3,015650;0,371218;0,453432;3,019767;0,408129;0,376592;3,048027;0,400437;0,383283;3,038132;0,289108;0,291955;2,987274;0,189972;0,349280;2,935281;0,301297;0,078135;2,939810;0,248360;0,128810;2,827194;0,448650;0,012199;2,904497;0,473857;0,031115;2,840733;0,477358;-0,017008;2,861487;0,510613;-0,008563;2,818879;0,494910;-0,011446;2,830092;0,525242;0,001945;2,806737;0,483639;-0,009434;2,841907;0,510029;0,014899;2,817549;0,234154;-0,129073;2,986630;0,149320;-0,115562;2,951907;0,226706;-0,448789;3,055774;0,126212;-0,487965;3,011537;0,194726;-0,805070;3,192308;0,106102;-0,847107;2,991276;0,145262;-0,852712;3,190070;0,060442;-0,896259;2,977015;0,301702;-0,906332;3,196791;0,244576;-0,963299;3,030829
00:00:03.933;119;3;4;3;1;-4,313899;-0,534440;-23,838355;70,040809;-12,559111;63,743020;-5,354562;-47,034336;3,225122;-2,445796;49,585522;16,377408;40,597073;22,073078;0,439755;0,394724;3,036679;0,442368;0,419048;3,014770;0,441233;0,416960;3,015876;0,439477;0,416883;3,015600;0,436506;0,426377;3,010102;0,430804;0,430563;3,007954;0,424469;0,436573;3,006551;0,398467;0,426602;3,010521;0,372938;0,453821;3,015036;0,410310;0,376655;3,043261;0,403885;0,382914;3,034465;0,286150;0,291320;2,976127;0,196416;0,347021;2,934465;0,297856;0,078765;2,929355;0,226405;0,124814;2,840140;0,454904;0,010540;2,925631;0,469141;0,045327;2,877345;0,482703;-0,017094;2,900732;0,510200;0,007828;2,869482;0,495055;-0,011311;2,879494;0,548694;-0,026769;2,767733;0,486280;-0,007837;2,884957;0,838099;0,086639;4,743043;0,230591;-0,127877;2,983626;0,149009;-0,115509;2,952492;0,224247;-0,448720;3,052818;0,126302;-0,487920;3,013000;0,194359;-0,807512;3,192633;0,106343;-0,847364;2,991360;0,147321;-0,856008;3,195865;0,061299;-0,896047;2,976204;0,301148;-0,907242;3,196286;0,242124;-0,963431;3,031601
00:00:03.966;120;3;4;2;1;-4,262643;-7,540474;-20,637310;80,839570;-16,152938;74,093347;-5,476740;-46,351187;10,383070;-9,866623;39,790395;19,817622;48,123802;2,643165;0,440747;0,395015;3,035489;0,443215;0,419402;3,011530;0,442593;0,417059;3,013030;0,440336;0,416989;3,012707;0,438111;0,426159;3,007133;0,432077;0,430923;3,004751;0,425696;0,436929;3,003272;0,400329;0,427453;3,007788;0,374270;0,455429;3,013674;0,411980;0,376926;3,042015;0,404981;0,383734;3,031755;0,286789;0,292426;2,984352;0,198476;0,348764;2,934011;0,285151;0,078891;2,912228;0,204475;0,129208;2,842252;0,454560;0,012735;2,945841;0,455730;0,071224;2,889181;0,479958;-0,013908;2,927963;0,498129;0,035356;2,889469;0,486658;-0,006898;2,912605;0,530583;0,020550;2,829514;0,478717;-0,000313;2,915696;0,710720;0,097099;4,103951;0,229270;-0,127049;2,980506;0,149893;-0,114408;2,953103;0,222596;-0,448568;3,050170;0,127432;-0,485599;3,013345;0,194130;-0,809141;3,193009;0,106487;-0,846343;2,991063;0,149838;-0,858213;3,199866;0,061844;-0,895739;2,975111;0,300663;-0,908615;3,194623;0,239769;-0,963815;3,036528
00:00:04.000;121;3;3;3;2;-3,890978;-13,527060;-19,150539;86,121051;-18,331682;82,548978;-5,843802;-45,466716;15,387691;-16,027222;33,596459;16,013074;54,299216;17,332275;0,441169;0,396106;3,033185;0,443672;0,420636;3,008794;0,443268;0,419114;3,009769;0,440786;0,418050;3,010093;0,438972;0,428025;3,003965;0,432776;0,432119;3,001779;0,426359;0,438114;3,000205;0,401389;0,427846;3,004896;0,374943;0,456240;3,011252;0,412906;0,378061;3,040036;0,405545;0,385228;3,028894;0,288562;0,293415;2,992447;0,198666;0,350820;2,932519;0,276715;0,078918;2,899135;0,191041;0,141174;2,839938;0,450163;0,015255;2,960126;0,440532;0,088020;2,895993;0,470999;-0,010758;2,948372;0,480095;0,053338;2,905505;0,473729;-0,000781;2,934827;0,505286;0,049841;2,858622;0,465753;0,007855;2,939770;0,617592;0,102640;3,683457;0,228204;-0,127477;2,975764;0,150239;-0,113523;2,949045;0,221422;-0,448264;3,047056;0,128034;-0,483598;3,010486;0,193991;-0,810243;3,193421;0,106588;-0,845735;2,991066;0,151502;-0,859804;3,203052;0,063293;-0,894641;2,975013;0,300314;-0,909407;3,193187;0,237054;-0,963752;3,038744
00:00:04.033;122;3;3;3;2;-3,367085;-13,162258;-18,200820;87,943661;-18,656639;87,512466;-6,273772;-45,836609;16,711926;-17,761481;26,218951;-14,383667;61,773225;27,053134;0,441240;0,397733;3,030298;0,444021;0,421487;3,007359;0,443758;0,420498;3,007993;0,441017;0,419773;3,007967;0,438474;0,429269;3,002130;0,433198;0,433956;2,999629;0,426820;0,438915;2,998418;0,402101;0,428126;3,003183;0,375464;0,456868;3,010342;0,413474;0,378769;3,038503;0,405891;0,386179;3,026880;0,289042;0,294464;2,990770;0,198782;0,353210;2,931450;0,271405;0,080038;2,892545;0,184657;0,152333;2,843131;0,446739;0,019098;2,972955;0,432195;0,098015;2,903803;0,464089;-0,006537;2,961637;0,468284;0,063069;2,922408;0,464590;0,006461;2,951590;0,489103;0,067045;2,885987;0,456916;0,017563;2,960021;0,557585;0,105315;3,413576;0,227234;-0,127597;2,969036;0,150301;-0,112826;2,943225;0,220427;-0,447592;3,041805;0,128312;-0,481880;3,006013;0,193869;-0,811986;3,193161;0,107738;-0,845307;2,990955;0,151251;-0,865718;3,201621;0,064243;-0,894024;2,975273;0,299978;-0,910749;3,191092;0,235275;-0,963651;3,039995
00:00:04.066;123;3;4;2;1;-3,443563;1,704403;-26,586052;65,126798;-7,165774;62,234961;-6,783159;-47,546799;3,499894;1,502321;19,299777;22,702292;14,195523;0,683804;0,443694;0,397873;3,029812;0,446568;0,421072;3,007321;0,446397;0,420429;3,007733;0,443482;0,419920;3,007451;0,441542;0,429101;3,001734;0,435735;0,434140;2,998792;0,430421;0,439467;2,997472;0,404749;0,428310;3,002086;0,378947;0,457110;3,008652;0,415952;0,379136;3,036772;0,408298;0,386780;3,025436;0,285814;0,292612;2,964140;0,207351;0,354706;2,930283;0,301518;0,080084;2,941815;0,235315;0,157946;2,835103;0,465880;0,009755;2,923360;0,464550;0,063125;2,856046;0,514054;-0,024556;2,976226;0,499747;0,025332;2,866430;0,505497;-0,015303;2,876447;0,518852;0,028029;2,835760;0,491467;-0,003251;2,891446;0,558450;0,058889;3,179057;0,225348;-0,125426;2,962290;0,150335;-0,110234;2,939306;0,217242;-0,446458;3,033663;0,128442;-0,480569;3,001892;0,193761;-0,814162;3,192525;0,109564;-0,843870;2,990632;0,152320;-0,869953;3,202119;0,065913;-0,893235;2,974148;0,299588;-0,913415;3,187904;0,234447;-0,963837;3,045116
00:00:04.100;124;3;4;2;1;-3,362656;-2,676061;-26,256804;71,878362;-12,364512;69,091667;-7,294928;-47,482457;6,152431;-4,979092;-62,885307;-25,709667;11,016546;14,042984;0,445566;0,398211;3,031370;0,448459;0,421021;3,008864;0,448348;0,420603;3,009132;0,445317;0,420235;3,008680;0,443738;0,429185;3,002831;0,437651;0,433431;3,000062;0,431856;0,438921;2,998129;0,406613;0,428578;3,002412;0,381266;0,457333;3,007989;0,416702;0,379598;3,037425;0,410093;0,387386;3,026180;0,289002;0,294597;2,968054;0,210697;0,355526;2,928276;0,293601;0,081778;2,918063;0,235627;0,159698;2,832591;0,467943;0,010047;2,942692;0,481338;0,058954;2,906264;0,512759;-0,023114;2,979957;0,636664;0,029737;3,583493;0,508739;-0,011659;2,911445;0,891627;0,065621;4,799883;0,495330;0,000509;2,921452;0,885368;0,090177;4,931820;0,223992;-0,123943;2,956158;0,151343;-0,109560;2,935231;0,216207;-0,446687;3,027475;0,129620;-0,481915;2,999325;0,193613;-0,816405;3,190820;0,110752;-0,844030;2,990439;0,151731;-0,870850;3,199915;0,065912;-0,893735;2,973189;0,299450;-0,914341;3,187057;0,235825;-0,963829;3,044525
00:00:04.133;125;3;4;3;2;-3,148467;-16,939683;-23,066096;79,561438;-17,861183;81,393985;-8,072981;-45,557459;13,714137;-17,836979;-58,300938;-30,357717;22,668138;26,183610;0,445919;0,398644;3,034015;0,448864;0,421243;3,011691;0,448792;0,420971;3,011866;0,445676;0,420687;3,011250;0,444329;0,429487;3,005278;0,437968;0,434225;3,002013;0,433006;0,438786;3,000058;0,407982;0,428918;3,003784;0,382849;0,457567;3,008142;0,416375;0,380165;3,039977;0,410370;0,387982;3,028237;0,294228;0,297959;2,991275;0,212015;0,357474;2,929820;0,280549;0,086842;2,896112;0,223704;0,161018;2,834109;0,457430;0,015661;2,955731;0,479195;0,066075;2,939181;0,495329;-0,017824;2,980554;0,586679;0,036920;3,359683;0,491833;-0,003888;2,930330;1,089941;0,116693;6,035995;0,479584;0,010340;2,920922;0,752084;0,087179;4,245544;0,224177;-0,122977;2,952120;0,152005;-0,109127;2,932705;0,215665;-0,448209;3,025294;0,130402;-0,482846;2,998009;0,193504;-0,817807;3,189494;0,111524;-0,844132;2,990312;0,151275;-0,871015;3,196952;0,064830;-0,895146;2,972581;0,301678;-0,914943;3,186504;0,236814;-0,964200;3,045329
00:00:04.166;126;3;4;3;3;-3,144726;-22,292049;-20,148448;85,352108;-19,978602;90,959161;-8,326191;-43,776343;17,090953;-25,575319;-53,951365;34,204043;39,353301;33,636510;0,445321;0,399178;3,037644;0,449022;0,422385;3,012817;0,447974;0,421203;3,013585;0,445949;0,421018;3,013185;0,443595;0,429662;3,006717;0,437035;0,434696;3,002970;0,432647;0,438684;3,001219;0,408906;0,429175;3,004923;0,381791;0,457843;3,009060;0,416394;0,380745;3,043333;0,409549;0,388467;3,030331;0,297600;0,300120;3,006122;0,210790;0,358831;2,931561;0,271106;0,090165;2,882748;0,211942;0,160943;2,836839;0,449284;0,020452;2,970113;0,472654;0,075132;2,962612;0,479842;-0,012216;2,982146;0,550960;0,047388;3,234015;0,477781;0,004408;2,943756;0,883592;0,108668;4,960984;0,468840;0,020147;2,938306;0,659453;0,091597;3,795875;0,224669;-0,123626;2,954366;0,152663;-0,110075;2,935401;0,215288;-0,449146;3,023534;0,130916;-0,484564;2,997290;0,193438;-0,818742;3,188726;0,112023;-0,845267;2,990155;0,149747;-0,870702;3,193487;0,064114;-0,896959;2,971575;0,303207;-0,914413;3,186975;0,238504;-0,964193;3,045069
00:00:04.200;127;3;3;4;3;-2,922226;-24,798439;-15,554717;82,680990;-21,525287;97,607283;-8,271501;-42,366472;17,784148;-30,848862;-63,161523;-24,235130;50,059027;-36,329053;0,443793;0,400604;3,039790;0,448218;0,424407;3,014839;0,447537;0,423639;3,015339;0,445087;0,423485;3,014839;0,442195;0,431040;3,008829;0,435519;0,436283;3,004871;0,430285;0,440863;3,002370;0,408555;0,431682;3,006715;0,379105;0,459357;3,011214;0,413936;0,381997;3,043650;0,406706;0,389787;3,030927;0,300153;0,302995;3,019384;0,205792;0,359842;2,933739;0,262820;0,092298;2,873270;0,195520;0,156198;2,847865;0,443750;0,023551;2,977818;0,454989;0,075041;2,917197;0,469635;-0,007485;2,982258;0,519749;0,048109;3,115889;0,468576;0,009797;2,952011;0,740653;0,097003;4,222313;0,460888;0,025364;2,943200;0,589813;0,088837;3,458837;0,225249;-0,124191;2,959234;0,153244;-0,110804;2,940105;0,215047;-0,449764;3,022445;0,131301;-0,485871;2,997994;0,192297;-0,819615;3,189258;0,111263;-0,846033;2,990156;0,148782;-0,870666;3,191846;0,063651;-0,898169;2,971025;0,304351;-0,913358;3,188855;0,240737;-0,964298;3,045244
00:00:04.233;128;4;3;5;3;-1,802136;-22,401527;-10,981898;81,029814;-22,501616;101,835768;-7,934934;-41,680359;16,743525;-33,219829;-71,095753;14,932757;82,298404;37,451021;0,435904;0,403503;3,039377;0,441132;0,427948;3,016354;0,440690;0,427448;3,016678;0,438077;0,427428;3,016910;0,434874;0,434303;3,011397;0,428370;0,438842;3,009050;0,422583;0,443806;3,006029;0,400852;0,435724;3,009385;0,368846;0,462891;3,014900;0,406892;0,384010;3,044570;0,398391;0,391908;3,032538;0,295788;0,304344;3,022878;0,195059;0,359428;2,935145;0,249069;0,093662;2,866449;0,173642;0,143972;2,861045;0,440154;0,025565;2,982826;0,431322;0,066624;2,881541;0,453811;-0,006600;2,994153;0,489564;0,039017;3,029408;0,449436;0,013091;2,925963;0,640205;0,078915;3,733988;0,440204;0,028266;2,905140;0,537285;0,076601;3,232873;0,224197;-0,124363;2,957761;0,153415;-0,112196;2,939202;0,214764;-0,449901;3,019961;0,131514;-0,486580;2,997584;0,191579;-0,821447;3,190003;0,110778;-0,846600;2,990401;0,147942;-0,870537;3,186160;0,062291;-0,899284;2,971751;0,306308;-0,912821;3,190602;0,242180;-0,964330;3,045246
00:00:04.266;129;4;4;5;3;-0,030711;-25,251132;-7,066342;105,367247;-23,922530;109,783199;-8,306569;-36,933454;16,428951;-37,312213;145,789891;74,088498;110,900012;45,901566;0,422150;0,406722;3,040799;0,427944;0,431572;3,018887;0,427733;0,430230;3,019674;0,427182;0,430267;3,020173;0,420399;0,437705;3,014314;0,412871;0,442848;3,012757;0,406658;0,447967;3,008767;0,389543;0,438689;3,013411;0,351657;0,466994;3,021812;0,393553;0,386542;3,046067;0,383198;0,394564;3,034894;0,294592;0,307049;3,054374;0,176566;0,359777;2,941113;0,241804;0,089584;2,870014;0,148063;0,135204;2,875178;0,426171;0,022772;3,031129;0,477910;0,105687;3,520384;0,441409;-0,006026;3,002450;0,460965;0,066494;2,998805;0,438565;0,015455;2,942520;0,562462;0,101821;3,451863;0,428886;0,029698;2,933741;0,488772;0,100172;3,123212;0,223998;-0,124747;2,963252;0,151514;-0,113199;2,941121;0,215028;-0,450930;3,024647;0,130652;-0,486292;2,999434;0,192201;-0,821169;3,189293;0,111585;-0,846135;2,991461;0,147416;-0,870574;3,182908;0,063553;-0,898685;2,971420;0,306474;-0,912643;3,192333;0,241089;-0,963997;3,047633
00:00:04.300;130;4;4;5;3;1,201549;-26,820377;-10,593341;110,376815;-23,324479;112,915976;-8,210391;-34,037773;20,955352;-38,535995;132,703124;68,210371;120,097906;-48,501929;0,406623;0,411095;3,042200;0,413017;0,435313;3,022480;0,412880;0,434440;3,022992;0,412522;0,434464;3,023316;0,404820;0,442623;3,019622;0,400282;0,451344;3,039595;0,395917;0,459377;3,053032;0,375955;0,442174;3,019130;0,337292;0,470953;3,027494;0,379475;0,390564;3,048246;0,369042;0,399780;3,037703;0,284499;0,308509;3,071876;0,163487;0,361119;2,945325;0,231110;0,084952;2,876570;0,136849;0,155422;2,861803;0,415216;0,018697;3,065738;0,430624;0,139447;3,297540;0,432965;-0,005648;3,005086;0,436482;0,112445;2,966925;0,431870;0,014840;2,955921;0,507670;0,140152;3,268501;0,420604;0,027378;2,953525;0,453009;0,139358;3,044121;0,220641;-0,127172;2,967078;0,150252;-0,114901;2,941832;0,214482;-0,452422;3,033207;0,130172;-0,486404;3,002486;0,191372;-0,813716;3,187590;0,111009;-0,846830;2,991826;0,147431;-0,861081;3,188543;0,064367;-0,898214;2,970937;0,306762;-0,910730;3,195326;0,240272;-0,964458;3,047819
00:00:04.333;131;4;4;5;3;1,910503;-26,167080;-16,940600;115,346800;-21,489504;112,258620;-8,202632;-31,912917;27,378244;-37,690257;115,136370;62,489216;121,838443;47,448814;0,396555;0,416181;3,043300;0,403531;0,439096;3,026514;0,403442;0,438529;3,026847;0,403281;0,437523;3,027624;0,394647;0,448210;3,031650;0,389842;0,456565;3,047678;0,382486;0,462476;3,046433;0,368451;0,444726;3,024782;0,325969;0,473879;3,033431;0,371606;0,394482;3,051135;0,360002;0,404472;3,040963;0,279143;0,306153;3,084122;0,153830;0,361774;2,946301;0,227267;0,079099;2,894191;0,130924;0,175578;2,836803;0,409386;0,016020;3,080537;0,397544;0,165811;3,141710;0,427302;-0,005400;3,005542;0,415371;0,142860;2,938800;0,426645;0,014447;2,966140;0,467694;0,163389;3,140718;0,415536;0,025887;2,968715;0,427174;0,163511;2,989062;0,217389;-0,129839;2,969735;0,149446;-0,117090;2,942585;0,211894;-0,453363;3,038577;0,129892;-0,486601;3,005238;0,190842;-0,808913;3,186650;0,111762;-0,846481;2,993083;0,147491;-0,856356;3,193272;0,064900;-0,897955;2,970778;0,305717;-0,909287;3,196563;0,239683;-0,964522;3,047197
00:00:04.366;132;4;5;5;3;2,569731;-24,990196;-21,965393;115,760094;-20,596101;112,565959;-8,530980;-31,026280;31,519012;-37,151289;92,104278;57,539533;124,981322;46,977302;0,391422;0,419825;3,046439;0,397611;0,441841;3,031077;0,398774;0,441603;3,032185;0,398705;0,439883;3,032970;0,391175;0,455426;3,055824;0,385184;0,461223;3,061233;0,375354;0,465132;3,046301;0,364933;0,446705;3,030617;0,318739;0,475986;3,038589;0,366732;0,398414;3,055067;0,355494;0,407830;3,045357;0,276775;0,303472;3,091886;0,146402;0,361986;2,945201;0,225770;0,074210;2,904810;0,128031;0,188580;2,819254;0,406504;0,013168;3,097233;0,380881;0,180240;3,046045;0,423595;-0,006333;3,005647;0,406401;0,160803;2,924617;0,423402;0,012022;2,973886;0,445941;0,176383;3,057695;0,411458;0,021657;2,980868;0,415068;0,177359;2,956841;0,214987;-0,131388;2,967415;0,147688;-0,118377;2,939770;0,210056;-0,453630;3,039760;0,129705;-0,486707;3,006887;0,190526;-0,804746;3,186495;0,111168;-0,847400;2,994099;0,148717;-0,849918;3,196835;0,065249;-0,897831;2,970821;0,305092;-0,908510;3,197938;0,239223;-0,964251;3,045804
00:00:04.400;133;4;5;4;3;2,682845;-23,447397;-26,606508;114,432090;-19,282406;111,838993;-8,251486;-31,680884;34,555508;-35,318477;62,464407;54,721980;125,676599;44,960344;0,389225;0,423336;3,048705;0,396352;0,445161;3,036947;0,397024;0,443803;3,037025;0,396980;0,442685;3,037535;0,389218;0,459116;3,064917;0,381288;0,462893;3,053858;0,371577;0,467643;3,044136;0,362603;0,447937;3,034045;0,316214;0,477287;3,041508;0,364844;0,401155;3,059025;0,353666;0,411114;3,048136;0,274641;0,299955;3,090147;0,142613;0,362041;2,943808;0,225009;0,068960;2,914494;0,128119;0,199971;2,806552;0,404631;0,011313;3,108086;0,370597;0,193486;2,979832;0,422221;-0,008031;3,005302;0,400298;0,175489;2,913372;0,422611;0,008271;2,980550;0,432441;0,187786;3,000770;0,409877;0,016721;2,988591;0,408059;0,189420;2,934480;0,213559;-0,133561;2,967778;0,146588;-0,120318;2,938811;0,208806;-0,455896;3,039727;0,128460;-0,487765;3,007308;0,191468;-0,803151;3,186209;0,110792;-0,848069;2,995011;0,151765;-0,846463;3,197492;0,065478;-0,897770;2,970915;0,304551;-0,911094;3,197418;0,238726;-0,964379;3,042372
00:00:04.433;134;4;5;3;2;0,334426;10,802648;-40,172858;115,293676;-11,984149;99,026524;-3,066895;-41,533243;23,292193;-15,998151;-47,846866;56,115983;137,691556;45,638537;0,389056;0,425783;3,051348;0,396002;0,448969;3,044394;0,396153;0,446645;3,042227;0,396124;0,445919;3,042558;0,387666;0,460944;3,059719;0,379723;0,463807;3,047947;0,370371;0,469459;3,043906;0,362484;0,450207;3,038705;0,315770;0,479378;3,044267;0,364752;0,404075;3,061764;0,353700;0,413379;3,050899;0,261540;0,289311;2,990354;0,140045;0,361795;2,940621;0,220364;0,066650;2,922429;0,128144;0,210356;2,797599;0,412284;0,007857;3,174955;0,366321;0,215552;2,947820;0,421327;-0,010229;3,005071;0,399134;0,198087;2,911166;0,422015;0,005833;2,984298;0,423513;0,209853;2,962682;0,409002;0,013516;2,994744;0,403507;0,212000;2,919972;0,211615;-0,135015;2,968929;0,146968;-0,121603;2,938718;0,208109;-0,457627;3,041409;0,128757;-0,488494;3,007837;0,192143;-0,805852;3,187049;0,110561;-0,847523;2,995991;0,153877;-0,850752;3,200589;0,065640;-0,896834;2,971589;0,302902;-0,914687;3,195646;0,238605;-0,964176;3,042723
00:00:04.466;135;5;6;3;3;-2,524698;38,807039;-45,602361;112,165689;-1,539980;84,643308;-2,416196;-34,592362;-5,159639;-8,721665;-32,305713;57,116121;133,277875;-43,704219;0,388997;0,427429;3,053461;0,395703;0,451362;3,048679;0,395629;0,448542;3,045939;0,395610;0,448070;3,046155;0,386252;0,461643;3,053122;0,378774;0,464484;3,044651;0,370642;0,470572;3,043322;0,361293;0,451675;3,041687;0,316587;0,480730;3,046015;0,364761;0,406051;3,064130;0,353803;0,414948;3,053399;0,252011;0,284442;2,925572;0,139382;0,362541;2,937236;0,218092;0,066119;2,923184;0,137174;0,218986;2,790076;0,407491;0,005582;3,151612;0,370883;0,221475;2,926889;0,420723;-0,011656;3,004757;0,401904;0,204500;2,912263;0,420658;0,004248;2,987586;0,420775;0,215245;2,944649;0,408390;0,011431;2,998425;0,403240;0,218591;2,914768;0,211368;-0,136999;2,968776;0,146100;-0,122398;2,937724;0,207900;-0,462629;3,046081;0,128943;-0,490036;3,008015;0,192633;-0,812472;3,188451;0,110408;-0,848233;2,996537;0,156439;-0,857160;3,203042;0,065741;-0,896161;2,971814;0,300476;-0,919906;3,192434;0,237227;-0,964361;3,040464
00:00:04.500;136;4;5;3;3;-4,407592;48,123764;-42,487081;108,385538;7,107694;75,294238;-4,022521;-18,656731;-26,532353;-11,734737;-21,847912;57,306681;140,554306;44,140205;0,389000;0,428545;3,055160;0,395529;0,452941;3,051623;0,395385;0,449886;3,049101;0,395373;0,449579;3,049241;0,386251;0,462092;3,056118;0,378122;0,464882;3,042231;0,370839;0,471322;3,043120;0,360539;0,452656;3,043803;0,317157;0,481668;3,047528;0,364804;0,407377;3,065976;0,353912;0,416017;3,055388;0,245900;0,281375;2,884460;0,138952;0,363027;2,935048;0,216924;0,065868;2,927893;0,147319;0,222899;2,789112;0,412897;0,005332;3,202893;0,374901;0,225327;2,913297;0,420230;-0,012581;3,003835;0,403884;0,207702;2,914260;0,419640;0,003218;2,988747;0,419094;0,218803;2,933618;0,407852;0,010074;2,999777;0,404152;0,221834;2,911591;0,211417;-0,139511;2,971616;0,145609;-0,125118;2,938564;0,207925;-0,467362;3,051494;0,127987;-0,493299;3,008562;0,192908;-0,815428;3,188645;0,110315;-0,848745;2,997070;0,156903;-0,858809;3,203962;0,065805;-0,895698;2,971875;0,298922;-0,923367;3,190582;0,237440;-0,964496;3,039042
00:00:04.533;137;4;5;3;3;-4,440886;46,734140;-43,694162;106,162303;6,264040;76,947443;-3,294502;-25,480647;-23,800756;-9,921557;-16,478542;-50,300516;146,007550;44,690617;0,389078;0,429355;3,056864;0,395589;0,454167;3,054874;0,395480;0,451050;3,053115;0,395472;0,450850;3,053206;0,387542;0,462594;3,059458;0,378784;0,465117;3,040497;0,371043;0,471906;3,043605;0,360094;0,453351;3,045562;0,317549;0,481201;3,048722;0,366009;0,408305;3,067669;0,355142;0,416765;3,057071;0,245065;0,283069;2,895298;0,138567;0,362002;2,931401;0,217132;0,068876;2,929593;0,153844;0,224335;2,787339;0,418777;0,005197;3,254671;0,376664;0,226901;2,906003;0,419871;-0,013181;3,002956;0,404295;0,210946;2,916902;0,419025;0,001460;2,989845;0,414897;0,222218;2,926987;0,407489;0,009191;3,000558;0,401662;0,225051;2,910181;0,211374;-0,141094;2,972421;0,145251;-0,126850;2,938305;0,207939;-0,471545;3,054972;0,127345;-0,497528;3,008421;0,193184;-0,818922;3,190365;0,109159;-0,849045;2,997301;0,157302;-0,861577;3,206520;0,065848;-0,895423;2,972000;0,296791;-0,925742;3,189807;0,236447;-0,964478;3,037787
00:00:04.566;138;3;4;3;3;-5,805491;51,836503;-37,550189;98,473335;13,858964;65,270066;-6,095147;-4,240390;-39,689911;-17,546057;-17,134970;33,822286;145,487129;46,029493;0,389096;0,430958;3,057714;0,395741;0,455094;3,057861;0,396585;0,452839;3,055186;0,395665;0,452938;3,056777;0,387767;0,463301;3,056801;0,379356;0,465442;3,040499;0,371274;0,472411;3,044728;0,359873;0,454998;3,047278;0,317845;0,480958;3,049881;0,366698;0,409921;3,067994;0,355901;0,418318;3,057821;0,240760;0,280761;2,857290;0,141472;0,364432;2,928259;0,217623;0,077387;2,935503;0,168854;0,244417;2,795285;0,416062;0,005061;3,255847;0,377547;0,228817;2,899262;0,416837;-0,013587;3,005870;0,404770;0,211035;2,920111;0,416703;0,000316;2,992410;0,412206;0,221276;2,922948;0,405304;0,008622;3,002837;0,400133;0,224018;2,909918;0,212748;-0,142337;2,977374;0,144075;-0,128092;2,940768;0,207970;-0,476546;3,057568;0,126916;-0,500231;3,008062;0,193421;-0,824931;3,192443;0,108404;-0,849207;2,997335;0,157597;-0,868249;3,208910;0,065870;-0,895169;2,971831;0,293932;-0,930904;3,185846;0,235759;-0,964291;3,036418
00:00:04.600;139;4;4;5;3;-6,977232;53,839342;-29,275703;93,340155;20,307649;55,254899;-8,818915;12,074893;-45,158529;-26,153030;-25,403342;60,176225;141,278633;47,656823;0,389039;0,433036;3,057723;0,396727;0,456549;3,058054;0,397374;0,454083;3,057068;0,396776;0,454147;3,058102;0,387990;0,463853;3,055678;0,379904;0,466978;3,041916;0,371468;0,472795;3,045818;0,360874;0,456114;3,048691;0,318055;0,480828;3,050812;0,367028;0,411953;3,067213;0,356393;0,419325;3,058293;0,238369;0,278549;2,825413;0,142981;0,366116;2,918687;0,220412;0,084130;2,943599;0,179319;0,254990;2,796021;0,408803;0,004922;3,222170;0,379562;0,228192;2,897827;0,413695;-0,013848;3,007222;0,405723;0,207150;2,926850;0,413935;-0,000427;2,992845;0,413152;0,210808;2,931936;0,401551;0,008249;3,003221;0,400038;0,217455;2,916328;0,214784;-0,143182;2,981357;0,143312;-0,128901;2,942398;0,208016;-0,479855;3,059625;0,126636;-0,501985;3,007811;0,193585;-0,828877;3,193950;0,107912;-0,849302;2,997320;0,156594;-0,872442;3,209935;0,065891;-0,895086;2,971997;0,292022;-0,934093;3,182710;0,235269;-0,963990;3,034964
00:00:04.633;140;4;5;3;3;-4,334234;38,562581;-45,961094;90,466724;5,831575;75,304187;-1,934064;-39,401063;-13,553013;-7,383957;-31,133901;73,880470;132,278022;44,043516;0,389005;0,434391;3,057757;0,396289;0,457535;3,058445;0,397844;0,454843;3,057969;0,397455;0,454884;3,058641;0,388121;0,464195;3,054840;0,380279;0,467999;3,042983;0,371600;0,473052;3,046574;0,361513;0,455714;3,049510;0,318172;0,480715;3,051234;0,367235;0,413267;3,066652;0,356713;0,419980;3,058604;0,249398;0,285815;2,926689;0,142378;0,368603;2,923406;0,222075;0,079852;2,946897;0,173458;0,254611;2,806422;0,401397;0,002555;3,161072;0,376908;0,226251;2,890679;0,413094;-0,015082;3,002655;0,405627;0,203209;2,926067;0,413752;-0,001993;2,989069;0,412840;0,203577;2,931191;0,401245;0,005820;3,003074;0,399499;0,210821;2,917004;0,215740;-0,142405;2,978920;0,142664;-0,128218;2,940295;0,207953;-0,479563;3,059594;0,126449;-0,502009;3,007513;0,193678;-0,831383;3,194700;0,107590;-0,849348;2,997255;0,154777;-0,872856;3,210698;0,065898;-0,894949;2,971826;0,291988;-0,936329;3,181224;0,235791;-0,963832;3,030673
00:00:04.666;141;3;4;3;3;-5,715498;48,710047;-41,647912;86,313618;14,040318;66,945602;-3,765247;-25,569660;-30,171362;-11,087060;-31,382286;86,727459;139,739932;-45,664224;0,386730;0,434128;3,057561;0,395048;0,457244;3,059921;0,395930;0,454231;3,058607;0,395677;0,454258;3,059044;0,385790;0,464181;3,052744;0,378405;0,467677;3,044475;0,369509;0,473274;3,047419;0,360775;0,454289;3,049674;0,317110;0,480598;3,051236;0,366212;0,414073;3,065933;0,354688;0,420398;3,058748;0,245657;0,280716;2,890310;0,141842;0,373033;2,923499;0,223277;0,078187;2,950638;0,173498;0,261147;2,808913;0,406471;0,000965;3,208531;0,375289;0,217717;2,886857;0,411834;-0,015893;3,001294;0,404090;0,190897;2,922581;0,413484;-0,003009;2,985539;0,411998;0,189028;2,926161;0,399903;0,004241;3,002601;0,398918;0,196851;2,915751;0,216652;-0,142089;2,981313;0,141169;-0,125632;2,938809;0,208016;-0,479612;3,061106;0,126393;-0,501189;3,008885;0,194884;-0,834102;3,194912;0,108477;-0,849420;2,997361;0,155974;-0,876851;3,211991;0,066967;-0,894627;2,970943;0,290840;-0,937882;3,180595;0,235007;-0,963630;3,027576
00:00:04.700;142;3;4;4;3;-6,395266;52,468831;-32,516167;76,941985;19,716262;58,103388;-5,833540;-10,474546;-41,199281;-16,560940;31,808636;67,036825;135,911634;47,023321;0,385256;0,433962;3,057473;0,394102;0,456894;3,059800;0,394633;0,453773;3,058613;0,394469;0,453791;3,058897;0,384773;0,463663;3,055356;0,377266;0,467568;3,046095;0,369376;0,472456;3,048923;0,360343;0,453423;3,050190;0,316459;0,480583;3,051621;0,365649;0,413597;3,066322;0,353393;0,420696;3,059032;0,241034;0,279294;2,865008;0,144518;0,375486;2,920283;0,225305;0,082553;2,955267;0,192219;0,267772;2,813837;0,397822;-0,000040;3,190199;0,379479;0,202161;2,892247;0,406541;-0,023160;3,016329;0,406482;0,165217;2,929391;0,409981;-0,006957;2,990743;0,414519;0,160708;2,929513;0,399585;-0,000118;3,023303;0,403102;0,170152;2,924825;0,217239;-0,139707;2,982788;0,138081;-0,122901;2,938311;0,208084;-0,478593;3,062500;0,126422;-0,497620;3,011321;0,195671;-0,835881;3,195095;0,109048;-0,849424;2,997282;0,156762;-0,878339;3,213054;0,067665;-0,894465;2,970526;0,290087;-0,938873;3,180121;0,235633;-0,963644;3,026018
00:00:04.733;143;4;4;5;3;-6,366747;53,845562;-22,547496;72,502141;25,957604;47,564686;-7,663035;4,063822;-47,238962;-22,376999;28,818189;-64,383949;130,794048;47,331610;0,384288;0,433843;3,057333;0,393446;0,455505;3,059398;0,393791;0,453477;3,058626;0,393668;0,452356;3,058683;0,383640;0,461648;3,053289;0,376661;0,466553;3,048243;0,369331;0,470867;3,050246;0,360046;0,452839;3,050380;0,316043;0,480583;3,051938;0,365253;0,413253;3,066317;0,352600;0,419833;3,059631;0,237863;0,279194;2,846545;0,146435;0,377532;2,921661;0,236128;0,087882;2,968507;0,208154;0,269628;2,812973;0,392095;-0,000692;3,177408;0,388186;0,183860;2,900816;0,404239;-0,032456;3,034834;0,412460;0,143205;2,934801;0,408276;-0,012897;3,006586;0,420857;0,138122;2,934590;0,400817;-0,005233;3,047806;0,411208;0,148524;2,930954;0,218883;-0,138266;2,986132;0,135063;-0,121180;2,939314;0,208149;-0,477976;3,063695;0,124233;-0,495253;3,012611;0,196240;-0,837283;3,196147;0,109425;-0,849472;2,997388;0,157315;-0,879527;3,214553;0,068119;-0,894371;2,970292;0,289504;-0,940365;3,178774;0,235773;-0,963668;3,021610
00:00:04.766;144;4;3;5;3;-6,527680;54,546471;-13,519779;68,386367;31,590991;37,958994;-9,154381;12,474918;-49,412430;-27,401324;26,428811;48,061373;123,225086;49,199827;0,383775;0,432784;3,058174;0,393064;0,454654;3,059479;0,393288;0,453335;3,058978;0,393199;0,451483;3,058947;0,383017;0,460474;3,052849;0,376494;0,465061;3,051477;0,369328;0,469868;3,051327;0,361029;0,452542;3,051061;0,315802;0,479517;3,052429;0,365031;0,413069;3,066614;0,352119;0,419314;3,060330;0,236813;0,280139;2,834396;0,148592;0,377418;2,919624;0,246735;0,098015;2,980545;0,221613;0,268823;2,812775;0,387753;-0,002255;3,163975;0,394575;0,169725;2,904015;0,402206;-0,040815;3,051352;0,418291;0,125640;2,936958;0,406995;-0,022266;3,015596;0,426544;0,121180;2,934032;0,400558;-0,010753;3,055598;0,417331;0,130135;2,933459;0,220103;-0,136331;2,990329;0,132077;-0,119032;2,941036;0,208200;-0,476481;3,064611;0,122803;-0,492585;3,013255;0,196647;-0,837189;3,197440;0,109662;-0,849443;2,997245;0,156576;-0,879541;3,217036;0,068399;-0,895182;2,969447;0,289255;-0,940604;3,179334;0,235828;-0,963533;3,018274
00:00:04.800;145;4;3;5;3;-6,569257;55,358858;-7,025298;66,564669;34,298442;32,685747;-10,366472;18,873928;-50,568550;-31,786244;24,058537;34,342679;-36,557564;49,930932;0,383412;0,432062;3,058481;0,392778;0,454056;3,059238;0,392923;0,453199;3,058912;0,392863;0,450879;3,058870;0,382637;0,459741;3,052770;0,376375;0,464079;3,053493;0,369386;0,468182;3,052521;0,360544;0,452333;3,051398;0,316740;0,476578;3,052593;0,363705;0,412876;3,066256;0,351788;0,418954;3,060621;0,235890;0,280463;2,823617;0,150912;0,375939;2,915618;0,250160;0,103425;2,986146;0,230150;0,268071;2,810240;0,380758;-0,006668;3,148916;0,398638;0,159446;2,905442;0,599772;-0,084395;4,687568;0,421963;0,114197;2,937548;0,403737;-0,029676;3,036834;0,430105;0,111207;2,932757;0,397209;-0,017707;3,062014;0,421204;0,118158;2,934350;0,220809;-0,135021;2,991889;0,130066;-0,117572;2,940522;0,209587;-0,476041;3,068652;0,121834;-0,489595;3,012679;0,196862;-0,836915;3,197466;0,109824;-0,849484;2,997364;0,157206;-0,879206;3,217391;0,068581;-0,895726;2,968957;0,290083;-0,941375;3,177875;0,235591;-0,963424;3,012625
00:00:04.833;146;4;4;5;3;-7,376174;56,993956;17,141383;31,670453;33,495343;34,019587;-11,584079;19,869124;-36,518560;-31,232863;28,159472;-62,901358;-40,120698;-47,906975;0,383116;0,431526;3,058204;0,392503;0,453566;3,058391;0,391456;0,452974;3,057947;0,391387;0,450319;3,057684;0,382318;0,459179;3,052139;0,377321;0,463331;3,054086;0,370495;0,467037;3,052971;0,359070;0,452135;3,051198;0,319536;0,474615;3,052356;0,363882;0,412663;3,065371;0,352640;0,418666;3,060405;0,231624;0,284277;2,821852;0,161714;0,373421;2,892796;0,239749;0,106612;2,981114;0,237077;0,271499;2,861105;0,372889;-0,009540;3,139875;0,401263;0,151702;2,906264;0,740316;-0,110355;5,919641;0,424708;0,108980;2,940387;0,401562;-0,034486;3,050190;0,433306;0,103839;2,937876;0,394869;-0,021096;3,064897;0,423860;0,112543;2,935881;0,216587;-0,133966;2,988314;0,129875;-0,115594;2,941233;0,210108;-0,473788;3,065758;0,122246;-0,487439;3,010986;0,196955;-0,835377;3,196726;0,109943;-0,849616;2,997811;0,156463;-0,879098;3,218022;0,068707;-0,896160;2,968902;0,290640;-0,941938;3,177132;0,237657;-0,963494;3,009389
00:00:04.866;147;4;4;5;3;-6,017685;56,733865;11,412979;45,653486;30,568077;34,887028;-12,892771;29,369188;-38,490413;-35,219766;-26,842761;24,671099;-39,510042;47,466050;0,382921;0,431173;3,057998;0,392325;0,453247;3,057843;0,391644;0,452863;3,057554;0,390486;0,450024;3,057378;0,381980;0,458655;3,050680;0,377858;0,462751;3,053850;0,371199;0,466271;3,053122;0,358145;0,452049;3,051357;0,321365;0,473357;3,052323;0,362874;0,412516;3,064734;0,353212;0,418499;3,060420;0,228474;0,286264;2,815947;0,168626;0,373699;2,892765;0,234168;0,108738;2,979251;0,236015;0,269694;2,840430;0,370520;-0,008004;3,138039;0,403632;0,152867;2,903981;0,616468;-0,085991;4,937918;0,426492;0,105590;2,942232;0,400574;-0,030857;3,053560;0,437125;0,109666;2,938516;0,395151;-0,019979;3,072119;0,545936;0,149948;3,735643;0,215053;-0,133359;2,987754;0,129837;-0,114382;2,943667;0,210389;-0,472197;3,063049;0,122478;-0,485898;3,009020;0,197009;-0,834351;3,196148;0,110028;-0,850853;2,998316;0,155935;-0,878767;3,217480;0,068794;-0,896522;2,969131;0,292233;-0,941385;3,177454;0,238975;-0,963441;3,006982
00:00:04.900;148;4;3;5;3;-8,219523;48,034300;-11,259410;55,127335;20,779764;51,606029;-3,459544;-40,679210;-13,690420;-2,742820;-29,535747;2,968737;-35,810638;-49,338356;0,382887;0,428822;3,058608;0,392106;0,451810;3,056686;0,391670;0,450455;3,056544;0,390917;0,448610;3,056429;0,381988;0,457478;3,051557;0,378281;0,461352;3,054288;0,371613;0,465718;3,052858;0,357522;0,451965;3,051265;0,321443;0,472538;3,052289;0,362422;0,409302;3,066041;0,352532;0,416236;3,060975;0,237869;0,295550;2,900211;0,160943;0,372928;2,901809;0,230182;0,103471;2,973273;0,195377;0,229097;2,872453;0,377810;-0,003573;3,143653;0,398129;0,135777;2,905078;0,543429;-0,064259;4,271005;0,429486;0,094757;2,941341;0,405150;-0,021786;3,037020;0,438336;0,107803;2,930511;0,516566;-0,008090;3,943283;0,505682;0,137118;3,447306;0,216438;-0,133090;2,990236;0,129806;-0,113589;2,945099;0,210633;-0,470186;3,062180;0,122631;-0,484904;3,007789;0,197003;-0,833511;3,195104;0,110079;-0,852717;2,998531;0,156788;-0,878696;3,217653;0,067771;-0,897845;2,969306;0,294471;-0,940016;3,178159;0,239799;-0,963276;3,005008
00:00:04.933;149;3;2;3;3;-5,066037;24,117091;-9,452932;67,559104;2,754065;70,896460;-1,339862;-49,280970;-0,307024;-4,424672;-22,440395;-4,653838;-27,889964;-52,617804;0,382967;0,425178;3,059822;0,391967;0,448656;3,055957;0,391683;0,447776;3,055865;0,391194;0,446576;3,055790;0,383058;0,454436;3,051754;0,378603;0,459387;3,054948;0,371937;0,463205;3,053143;0,357094;0,450772;3,051019;0,321485;0,470883;3,052189;0,362193;0,405050;3,067439;0,352221;0,411573;3,062477;0,247370;0,301655;2,955647;0,153162;0,370293;2,916170;0,228915;0,096506;2,958614;0,165599;0,190796;2,888978;0,382548;-0,000693;3,147301;0,392811;0,109918;2,908643;0,501949;-0,047856;3,825310;0,431840;0,077059;2,943519;0,413435;-0,013706;3,017557;0,438232;0,096887;2,919413;0,482982;-0,000415;3,617125;0,478557;0,117997;3,253408;0,218490;-0,131862;2,992689;0,130849;-0,113065;2,945805;0,211984;-0,469048;3,062727;0,122723;-0,484227;3,006794;0,197039;-0,833132;3,195071;0,109028;-0,855073;2,998857;0,157380;-0,878859;3,218530;0,066037;-0,899955;2,969972;0,296995;-0,938853;3,177689;0,241506;-0,963479;3,004693
00:00:04.966;150;3;2;3;1;-2,679387;5,630839;-3,540520;76,385825;-9,545146;85,776734;-1,805267;-47,891159;5,237198;-12,835182;-66,983450;4,700921;-23,645663;-50,017872;0,382707;0,422469;3,058118;0,391434;0,447214;3,052032;0,391250;0,446641;3,051971;0,390932;0,445862;3,051923;0,383079;0,452777;3,046538;0,377856;0,456960;3,047671;0,371510;0,460787;3,048098;0,355453;0,450782;3,048670;0,319151;0,470708;3,050768;0,361883;0,402110;3,066979;0,351829;0,408324;3,061795;0,254958;0,305972;2,995100;0,143837;0,365414;2,925881;0,232568;0,091683;2,938701;0,134707;0,162930;2,905434;0,400336;0,007804;3,115783;0,369199;0,095838;2,892311;0,488147;-0,029568;3,529029;0,436482;0,067970;3,028652;0,435080;0,001310;3,004811;0,449971;0,094975;3,062471;0,473542;0,013276;3,400124;0,445679;0,106278;3,115775;0,219869;-0,132181;2,994889;0,131573;-0,115985;2,947295;0,213023;-0,470895;3,065389;0,122854;-0,489544;3,007892;0,197098;-0,835361;3,195619;0,108325;-0,856450;2,998528;0,157750;-0,880054;3,218802;0,065970;-0,901038;2,969459;0,298656;-0,938160;3,177600;0,241532;-0,963652;3,004616
00:00:05.000;151;3;2;3;2;-0,658662;-10,643245;-1,378434;81,176019;-14,848710;83,268222;-3,289706;-41,358911;9,129668;-13,786126;-63,203830;3,966422;-25,381275;-41,165858;0,377801;0,420238;3,045514;0,385865;0,443880;3,025646;0,386936;0,443632;3,026455;0,386729;0,443126;3,026424;0,375403;0,448810;3,016359;0,369785;0,452520;3,016520;0,362420;0,456071;3,016713;0,351486;0,447079;3,022087;0,310720;0,469538;3,035906;0,359819;0,399372;3,060290;0,346218;0,406246;3,053205;0,267922;0,310230;3,034922;0,135721;0,361431;2,934362;0,260471;0,096001;2,957893;0,111261;0,145616;2,909232;0,427670;0,017625;3,082480;0,346222;0,084533;2,878517;0,497329;-0,012229;3,341153;0,413140;0,055973;2,961803;0,462861;0,013364;3,006933;0,434232;0,082694;3,028665;0,481923;0,024587;3,274473;0,418796;0,093399;3,023932;0,224151;-0,131359;2,997763;0,130954;-0,117867;2,947902;0,214799;-0,468707;3,066877;0,122930;-0,490774;3,008392;0,197158;-0,836905;3,196337;0,108927;-0,857096;2,997447;0,157999;-0,880876;3,219142;0,066984;-0,901441;2,968136;0,299678;-0,937532;3,176937;0,241616;-0,964030;3,005392
00:00:05.033;152;3;3;3;3;0,045623;-21,153105;-6,927579;69,343547;-8,957918;62,771038;-4,614013;-32,323282;5,317975;-1,140450;-54,314583;7,148135;48,792992;-25,275677;0,375653;0,415221;3,019275;0,380797;0,438787;2,988598;0,381494;0,438626;2,989125;0,381359;0,438297;2,989104;0,369471;0,443782;2,980318;0,363746;0,447313;2,980816;0,355803;0,450714;2,981157;0,347049;0,442295;2,988756;0,304660;0,465075;3,009345;0,357323;0,395107;3,036730;0,343728;0,401294;3,028630;0,280371;0,312472;3,055676;0,134551;0,352991;2,935665;0,298322;0,100783;3,027233;0,135731;0,131877;2,901842;0,447691;0,024262;3,082145;0,366734;0,051279;2,856141;0,493963;-0,008552;3,170776;0,429487;0,016224;2,915319;0,470045;0,007059;2,944673;0,447532;0,037985;2,941871;0,483655;0,021852;3,170084;0,431099;0,050973;2,943002;0,227924;-0,130769;2,998316;0,130430;-0,118977;2,945527;0,216002;-0,467389;3,068540;0,121874;-0,491532;3,008458;0,198368;-0,837939;3,196917;0,109314;-0,857477;2,996608;0,160455;-0,882321;3,218415;0,068702;-0,901461;2,966481;0,301477;-0,937056;3,176278;0,239451;-0,964147;3,005499
00:00:05.066;153;3;4;4;3;-2,069992;-20,404414;-13,686275;54,181146;-17,943507;56,900212;-4,217485;-32,755501;-2,867927;-2,652097;-34,215922;14,229854;38,064084;-13,294331;0,380810;0,407686;2,986521;0,383880;0,431153;2,956628;0,384333;0,431049;2,956970;0,383307;0,432014;2,957821;0,374249;0,435278;2,950030;0,369591;0,438757;2,951246;0,361449;0,442232;2,952896;0,347851;0,438476;2,962301;0,312303;0,457122;2,980041;0,361279;0,389147;3,005065;0,349205;0,394219;2,999627;0,282390;0,308713;3,018191;0,149524;0,345865;2,931493;0,311391;0,098821;2,955955;0,188942;0,120660;2,891730;0,471678;0,004990;2,983306;0,410336;0,017224;2,850791;0,520349;-0,030256;3,027333;0,470059;-0,024042;2,885579;0,511481;-0,020066;2,878707;0,485344;-0,005216;2,884566;0,512942;-0,006506;3,028335;0,470048;0,008224;2,887558;0,227966;-0,130255;2,995680;0,130130;-0,120808;2,944922;0,215555;-0,466291;3,068023;0,120069;-0,494111;3,007882;0,199214;-0,838859;3,198242;0,109558;-0,857673;2,995883;0,162110;-0,883575;3,219083;0,069822;-0,901506;2,965512;0,302602;-0,936614;3,175399;0,238005;-0,964066;3,005078
00:00:05.100;154;4;4;5;2;-4,435557;-18,981501;-20,684410;42,835682;-24,108576;48,113579;-5,121808;-36,189076;-10,357560;4,319316;-14,465548;-16,119759;23,454418;8,097211;0,401399;0,397490;2,973726;0,405750;0,421622;2,948607;0,404980;0,422626;2,948858;0,403304;0,423307;2,949799;0,395995;0,426166;2,942365;0,390761;0,429420;2,942643;0,383324;0,432730;2,943614;0,364826;0,432338;2,949172;0,333074;0,448564;2,959674;0,378152;0,381310;2,987103;0,367039;0,385645;2,983274;0,283721;0,305170;2,983080;0,177204;0,337844;2,926995;0,339465;0,102699;2,910033;0,252104;0,115999;2,871772;0,513680;-0,004515;2,923528;0,469740;-0,003959;2,852642;0,567176;-0,040670;2,949327;0,523256;-0,049352;2,871164;0,562781;-0,034079;2,854206;0,538868;-0,033656;2,859030;0,555269;-0,022093;2,945709;0,522811;-0,019690;2,856479;0,226690;-0,129798;2,991118;0,130938;-0,121934;2,943007;0,215286;-0,465624;3,067992;0,118903;-0,495818;3,007692;0,198624;-0,838398;3,199506;0,108616;-0,857707;2,995085;0,163191;-0,883241;3,219605;0,069487;-0,901736;2,965538;0,302333;-0,935647;3,176446;0,237062;-0,964000;3,004761
00:00:05.133;155;3;4;4;3;-5,646509;-23,824475;-23,739785;96,141173;-30,832939;54,934421;-6,053827;-36,123874;-8,494662;-3,809267;79,165294;-17,744175;8,616802;7,158429;0,415619;0,392663;2,971029;0,420278;0,416781;2,945453;0,418497;0,418307;2,944220;0,416342;0,418753;2,944852;0,411422;0,421520;2,938889;0,405705;0,424529;2,937847;0,399784;0,427726;2,938337;0,377476;0,428931;2,944686;0,348376;0,443853;2,952191;0,389639;0,376682;2,979178;0,379919;0,381343;2,974207;0,295651;0,304251;2,984406;0,188425;0,334131;2,918545;0,346845;0,104018;2,875586;0,266817;0,114821;2,853502;0,522381;0,006750;2,889112;0,841850;-0,013467;4,780541;0,577342;-0,027037;2,913919;0,919932;-0,097476;4,780801;0,577991;-0,018600;2,853954;0,946093;-0,077979;4,762346;0,563526;-0,007736;2,907185;0,922293;-0,059983;4,769356;0,226818;-0,127261;2,986481;0,131470;-0,119463;2,941909;0,215106;-0,465180;3,067908;0,118177;-0,495971;3,008405;0,199438;-0,839401;3,200852;0,107997;-0,857680;2,994394;0,163846;-0,885116;3,219032;0,068208;-0,902129;2,966357;0,302118;-0,934897;3,176713;0,236757;-0,964125;3,008499
00:00:05.166;156;3;2;3;3;-5,880095;-27,267982;-15,484156;93,799427;-25,027332;65,766512;-6,621590;-35,712637;-0,143786;-15,361850;-7,865472;63,813039;-6,830174;13,546663;0,722419;0,656574;5,008838;0,717843;0,690846;4,919207;0,716686;0,691839;4,918405;0,424817;0,415793;2,941637;0,421449;0,418501;2,936630;0,414400;0,422433;2,942362;0,408358;0,426613;2,942363;0,382036;0,428455;2,946388;0,355613;0,442454;2,951312;0,450623;0,427072;3,404089;0,386015;0,379448;2,975449;0,295996;0,304948;2,987287;0,195932;0,332050;2,916003;0,305530;0,102672;2,878126;0,232630;0,106600;2,865463;0,466098;0,013316;2,897862;0,705432;-0,006190;4,126420;0,518774;-0,018194;2,921462;1,099903;-0,111374;5,892666;0,518050;-0,006347;2,874277;1,137568;-0,082223;5,962231;0,505604;0,002842;2,909875;1,111206;-0,077232;6,023763;0,224400;-0,125427;2,978955;0,131712;-0,117766;2,938882;0,214774;-0,462200;3,064777;0,118715;-0,494623;3,006716;0,199920;-0,837523;3,200964;0,106519;-0,857770;2,994320;0,164272;-0,882821;3,218654;0,064177;-0,904129;2,969068;0,302430;-0,928839;3,181640;0,236676;-0,964679;3,012408
00:00:05.200;157;3;2;2;3;-5,473262;-29,363717;-8,113913;92,345430;-19,896269;73,721459;-6,991009;-34,679557;5,753488;-21,945699;-12,385440;-58,623279;14,604842;0,912439;0,673827;0,613308;4,686175;0,624075;0,601013;4,276748;0,619247;0,598788;4,255844;0,429533;0,419358;2,970945;0,423789;0,419800;2,950633;0,416440;0,422834;2,950122;0,410240;0,426511;2,949298;0,382060;0,429535;2,949659;0,355228;0,441890;2,953058;0,430271;0,409578;3,266766;0,384979;0,378630;2,979532;0,293249;0,305715;2,992238;0,197776;0,331994;2,916431;0,274710;0,100852;2,882843;0,200034;0,100292;2,876044;0,424091;0,016585;2,911524;0,608689;-0,001453;3,703995;0,472862;-0,013510;2,923602;0,891245;-0,083608;4,849677;0,486144;0,000580;2,892267;0,918216;-0,058310;4,897000;0,467096;0,009790;2,921010;0,892109;-0,055053;4,934155;0,222683;-0,123077;2,972114;0,131805;-0,116608;2,935491;0,215571;-0,458940;3,061326;0,118989;-0,493434;3,003712;0,200214;-0,836222;3,200729;0,105579;-0,859091;2,994875;0,163353;-0,881194;3,217913;0,061559;-0,905445;2,970883;0,302650;-0,923792;3,185025;0,236528;-0,964652;3,013737
00:00:05.233;158;3;3;3;3;-5,520254;-33,174726;-2,932628;92,203376;-15,978689;78,386950;-7,817061;-36,607733;10,294342;-25,825725;-18,159227;51,501032;17,004238;10,065058;0,601341;0,530793;4,084179;0,570964;0,531429;3,810095;0,566607;0,530927;3,795581;0,442273;0,414341;2,960715;0,439441;0,415551;2,946448;0,432531;0,418598;2,946158;0,426360;0,422055;2,945604;0,395859;0,427884;2,950387;0,372818;0,439966;2,950935;0,428835;0,392834;3,160438;0,396941;0,374614;2,971637;0,300009;0,306026;2,993611;0,206464;0,332044;2,917474;0,259843;0,099628;2,884718;0,180861;0,096134;2,881053;0,405580;0,016536;2,913915;0,544281;-0,001559;3,426253;0,448367;-0,012568;2,917462;0,752039;-0,065534;4,169394;0,465681;0,000821;2,898596;0,773183;-0,042758;4,202701;0,449231;0,012152;2,925930;0,748694;-0,037459;4,226251;0,223726;-0,121553;2,967728;0,136120;-0,115848;2,933110;0,215799;-0,456216;3,055005;0,120272;-0,492719;3,002114;0,200369;-0,835230;3,200014;0,104914;-0,859503;2,993682;0,162721;-0,881121;3,216755;0,058787;-0,906525;2,972796;0,303900;-0,920351;3,186663;0,236369;-0,964379;3,013804
00:00:05.266;159;3;3;2;3;-5,967528;-31,258709;0,011500;93,671088;-12,936858;81,732154;-9,544780;-43,095485;15,436204;-27,084815;-24,799601;-43,011760;14,492317;-15,666508;0,571283;0,471931;3,685492;0,553046;0,480721;3,497757;0,549136;0,481444;3,488229;0,467352;0,405736;2,946108;0,466477;0,406450;2,936293;0,459687;0,409357;2,935097;0,454011;0,414086;2,937382;0,422831;0,423362;2,949254;0,402092;0,435132;2,947034;0,445233;0,378774;3,091810;0,422305;0,367980;2,968845;0,318808;0,304563;2,978238;0,224925;0,332159;2,918877;0,255098;0,098700;2,882007;0,169426;0,094469;2,883841;0,398892;0,014353;2,907760;0,501674;-0,002679;3,240634;0,438122;-0,016150;2,908858;0,660645;-0,056884;3,721849;0,455735;-0,003237;2,896873;0,678015;-0,035788;3,746215;0,436706;0,010448;2,915255;0,654643;-0,028123;3,761104;0,227537;-0,121588;2,963640;0,143220;-0,115377;2,932157;0,219236;-0,454378;3,050443;0,124377;-0,491149;3,000988;0,201687;-0,834800;3,200372;0,104471;-0,858593;2,992596;0,165771;-0,880823;3,215087;0,056991;-0,907304;2,974291;0,308590;-0,894402;3,104973;0,233302;-0,964488;3,018186
00:00:05.300;160;3;3;2;3;-6,035737;-31,730667;2,415633;94,248740;-11,700232;82,626906;-10,573664;-46,384183;18,767035;-29,022136;-31,189135;32,355441;8,445273;-13,288958;0,549743;0,432382;3,433405;0,539874;0,445802;3,304220;0,536057;0,447191;3,296856;0,481672;0,397864;2,943584;0,482053;0,399307;2,936515;0,476417;0,402148;2,934851;0,470589;0,407356;2,936317;0,438122;0,416051;2,947914;0,419177;0,428963;2,945782;0,454149;0,367784;3,049829;0,436897;0,362790;2,968711;0,331601;0,304102;2,973033;0,237739;0,332980;2,917021;0,254893;0,096954;2,877300;0,162965;0,094387;2,884120;0,395756;0,010816;2,897150;0,473190;-0,003398;3,114568;0,434464;-0,021624;2,902206;0,601009;-0,052292;3,429589;0,450445;-0,008992;2,889676;0,615546;-0,032282;3,445978;0,432008;0,006183;2,903071;0,592781;-0,022039;3,454354;0,231710;-0,119240;2,955392;0,150972;-0,113962;2,930431;0,224984;-0,451334;3,049969;0,130302;-0,487889;2,999904;0,203755;-0,834707;3,201322;0,106320;-0,856608;2,990821;0,168925;-0,881810;3,214046;0,056892;-0,906503;2,974530;0,308264;-0,881181;3,060815;0,231225;-0,964206;3,019927
00:00:05.333;161;3;3;2;3;-5,913126;-31,180323;3,387719;93,168204;-11,147920;80,594719;-10,946947;-47,487575;20,182427;-30,157574;-35,110549;26,773508;-15,671395;2,120634;0,531097;0,408304;3,274049;0,525335;0,424527;3,181105;0,522728;0,426406;3,175572;0,486172;0,395313;2,945157;0,486520;0,395256;2,941158;0,480442;0,399034;2,938465;0,475508;0,403431;2,938970;0,443843;0,412431;2,947484;0,423896;0,426063;2,945241;0,455723;0,361802;3,023213;0,442089;0,360518;2,968808;0,337966;0,302901;2,971402;0,240787;0,333540;2,916051;0,252778;0,093768;2,875453;0,157750;0,095407;2,884978;0,384585;0,001173;2,892558;0,451483;-0,005961;3,032295;0,429663;-0,036617;2,940759;0,558470;-0,054612;3,242194;0,446094;-0,025444;2,892813;0,573885;-0,036308;3,250791;0,427777;-0,009251;2,901492;0,550398;-0,023329;3,254516;0,233522;-0,117797;2,952132;0,155003;-0,113083;2,930351;0,228689;-0,450406;3,049260;0,134135;-0,485709;2,998815;0,203922;-0,834599;3,201760;0,107540;-0,855456;2,990150;0,171005;-0,883772;3,213919;0,057893;-0,905711;2,973790;0,308107;-0,878908;3,054091;0,230919;-0,963791;3,020331
00:00:05.366;162;3;3;3;3;-6,049379;-37,807036;5,315979;90,140752;-11,983763;79,908508;-10,545552;-43,006244;18,293636;-33,680321;-35,274900;30,120850;-52,577345;-9,446669;0,760466;0,599158;4,838842;0,823738;0,681497;5,153086;0,763743;0,638918;4,794671;0,739982;0,618708;4,644901;0,475542;0,393760;2,944655;0,470978;0,398768;2,945911;0,464075;0,402283;2,943143;0,433870;0,411396;2,948976;0,412647;0,424916;2,950057;0,444331;0,359475;3,009947;0,433607;0,359995;2,976810;0,338507;0,304739;2,996189;0,232198;0,335020;2,915895;0,252473;0,091706;2,874542;0,155429;0,095031;2,885896;0,379584;-0,003000;2,890828;0,438668;-0,006583;2,980536;0,456126;-0,049015;3,149972;0,528648;-0,058218;3,119995;0,447279;-0,034006;2,893524;0,546841;-0,042083;3,124130;0,425943;-0,018217;2,899516;0,522900;-0,027319;3,124939;0,234073;-0,116000;2,955629;0,152402;-0,111525;2,932488;0,226720;-0,449922;3,049611;0,133443;-0,484612;3,000100;0,201694;-0,833340;3,201949;0,108328;-0,853578;2,989570;0,170089;-0,885420;3,215186;0,057479;-0,904392;2,974225;0,309806;-0,892444;3,101927;0,231022;-0,964778;3,024538
00:00:05.400;163;3;3;3;3;-5,062241;-39,339173;4,948449;85,434886;-1,772268;61,637002;-10,668862;-38,743869;15,435531;-16,762425;-33,439880;32,912144;40,300533;7,263582;0,645489;0,517946;4,188838;0,689820;0,580222;4,385468;0,650823;0,552545;4,152498;0,634144;0,540344;4,054084;0,461133;0,394084;2,948596;0,455873;0,398282;2,948427;0,449092;0,402577;2,945612;0,421098;0,410885;2,951108;0,397826;0,425281;2,953415;0,429468;0,358093;3,002412;0,418980;0,360370;2,978931;0,336877;0,305039;3,014424;0,219028;0,335705;2,913407;0,295112;0,104777;2,970463;0,154943;0,094769;2,885950;0,424593;0,000717;2,939355;0,433250;-0,011175;2,945270;0,478074;-0,048277;3,060925;0,509322;-0,067942;3,040916;0,473462;-0,038529;2,894706;0,530121;-0,053167;3,040685;0,454019;-0,024029;2,896863;0,509177;-0,037254;3,040427;0,233773;-0,111308;2,949606;0,149481;-0,108262;2,930607;0,225681;-0,448979;3,053135;0,131772;-0,483417;2,997940;0,200218;-0,831241;3,201631;0,108860;-0,852514;2,989742;0,169481;-0,884088;3,215783;0,056163;-0,901959;2,976468;0,309612;-0,876303;3,053803;0,228215;-0,962559;3,018298
00:00:05.433;164;3;3;3;3;-4,585265;-40,654640;4,476788;82,078421;1,035167;57,430667;-10,771526;-36,421015;13,606165;-6,374254;-29,646931;33,992236;13,210230;11,979873;0,568581;0,461901;3,766314;0,602188;0,510511;3,889840;0,576678;0,493460;3,737317;0,564662;0,485446;3,672702;0,451005;0,391347;2,953304;0,446266;0,396010;2,951520;0,439618;0,399797;2,949080;0,412950;0,407481;2,953635;0,388321;0,423509;2,956624;0,417930;0,354192;2,999763;0,407569;0,357602;2,982383;0,333732;0,303138;3,027516;0,209498;0,336306;2,913131;0,315097;0,105786;3,015206;0,153652;0,094646;2,887431;0,449281;0,000931;2,976702;0,428833;-0,015217;2,923399;0,488012;-0,049893;3,002398;0,495596;-0,073190;2,988834;0,492092;-0,042677;2,904410;0,518295;-0,058284;2,986983;0,472197;-0,027874;2,900781;0,499335;-0,040577;2,986255;0,231787;-0,108416;2,950192;0,145519;-0,106190;2,930789;0,222538;-0,451200;3,052034;0,129654;-0,486135;2,997916;0,199278;-0,831124;3,201738;0,107017;-0,851714;2,989473;0,170327;-0,885925;3,217481;0,054239;-0,900665;2,978881;0,311967;-0,864876;3,015489;0,226612;-0,962065;3,017216
00:00:05.466;165;3;3;2;3;-4,756830;-41,267394;4,425764;80,500742;-3,234055;61,787683;-9,573371;-38,185830;12,884024;-11,607190;-23,739115;28,181246;42,451088;3,852333;0,519592;0,424128;3,498684;0,544374;0,464315;3,569231;0,527633;0,454175;3,469003;0,518704;0,448933;3,426750;0,444828;0,387769;2,959142;0,440409;0,392730;2,956210;0,433735;0,397168;2,953254;0,405788;0,404483;2,957443;0,382219;0,421366;2,959324;0,409451;0,349573;2,998890;0,400373;0,353826;2,986339;0,322940;0,300948;3,026312;0,202357;0,337962;2,914710;0,300512;0,101348;2,990187;0,148718;0,094642;2,890727;0,444385;0,001064;2,986493;0,419014;-0,016814;2,912036;0,481506;-0,046703;2,962328;0,484186;-0,071438;2,959179;0,489763;-0,039936;2,900724;0,505434;-0,055314;2,952551;0,469197;-0,027140;2,896729;0,486773;-0,039597;2,951895;0,227970;-0,110115;2,959957;0,143151;-0,106068;2,935326;0,219318;-0,453612;3,050372;0,127185;-0,488988;2,997872;0,199879;-0,832404;3,202542;0,103647;-0,851230;2,989426;0,170938;-0,887435;3,219731;0,051895;-0,900782;2,980025;0,313868;-0,879963;3,069162;0,223609;-0,957982;3,004712
00:00:05.500;166;3;3;4;3;-4,413128;-43,354985;3,271037;77,997561;-1,477287;55,178995;-9,462597;-40,202620;12,866250;-2,603660;-17,428189;22,280049;68,154525;-6,802802;0,486823;0,394245;3,325891;0,507618;0,428473;3,366435;0,496598;0,422854;3,300344;0,489632;0,419384;3,272367;0,441614;0,380716;2,968435;0,437288;0,384712;2,963989;0,430476;0,389494;2,959926;0,401399;0,397401;2,961934;0,378477;0,413741;2,962870;0,404591;0,342751;3,003278;0,396290;0,347527;2,993508;0,318649;0,296709;3,030642;0,196810;0,339326;2,918195;0,315569;0,103313;3,021012;0,146458;0,095620;2,890678;0,457185;0,000033;3,032679;0,408863;-0,022096;2,907920;0,484657;-0,043662;2,942652;0,472383;-0,072561;2,945727;0,495905;-0,038320;2,912155;0,494351;-0,054483;2,932801;0,478592;-0,025849;2,924308;0,475962;-0,040057;2,932780;0,226404;-0,108971;2,964059;0,140478;-0,104870;2,936909;0,217283;-0,454192;3,050105;0,125616;-0,489897;2,998728;0,200257;-0,830855;3,202875;0,101467;-0,851010;2,989725;0,171245;-0,884438;3,219513;0,049322;-0,900478;2,983111;0,309967;-0,891665;3,110666;0,221707;-0,955543;2,997260
00:00:05.533;167;3;2;4;3;-3,867457;-47,401593;2,104102;76,932576;7,122077;48,020134;-10,209895;-40,685574;13,866685;13,959482;-12,903456;17,457085;63,365097;20,935977;0,470025;0,373827;3,214458;0,487208;0,404261;3,236068;0,479934;0,401609;3,192369;0,474239;0,400378;3,173659;0,443028;0,375244;2,976103;0,438895;0,379823;2,971647;0,432005;0,383770;2,967022;0,403039;0,391876;2,966090;0,380558;0,406819;2,966648;0,406013;0,338476;3,007585;0,399203;0,343512;2,998875;0,324958;0,295131;3,045842;0,194680;0,342023;2,926791;0,342868;0,114605;3,092764;0,144035;0,097379;2,892687;0,474026;0,001648;3,073365;0,400001;-0,024543;2,912112;0,495867;-0,038796;2,958374;0,464075;-0,072468;2,946772;0,507023;-0,034267;2,941862;0,486372;-0,053031;2,928216;0,492810;-0,023011;2,970871;0,469051;-0,039399;2,927845;0,229144;-0,108464;2,973291;0,138767;-0,104112;2,938508;0,215894;-0,452211;3,048992;0,124643;-0,489579;3,000410;0,199300;-0,829690;3,202481;0,098958;-0,849734;2,989765;0,169080;-0,881200;3,218933;0,047653;-0,900354;2,985363;0,302906;-0,899639;3,138924;0,219706;-0,954288;2,996872
00:00:05.566;168;3;2;4;3;-3,809237;-49,448903;0,785829;77,563341;9,477349;44,772136;-10,820484;-43,894417;16,131077;15,588123;-14,556662;-20,355642;70,119967;23,208352;0,466845;0,357326;3,142528;0,480885;0,385558;3,153924;0,476045;0,384843;3,124810;0,471107;0,385023;3,111710;0,452056;0,367705;2,984237;0,446805;0,372567;2,978860;0,440302;0,376344;2,976867;0,411068;0,385450;2,972079;0,389953;0,399517;2,972533;0,415422;0,331901;3,016007;0,408399;0,337083;3,007578;0,338893;0,292802;3,053757;0,199071;0,343409;2,938400;0,357782;0,119438;3,106860;0,142562;0,099652;2,896112;0,483851;0,002698;3,099965;0,393437;-0,025088;2,916820;0,502720;-0,034580;2,972399;0,458248;-0,071435;2,951722;0,514469;-0,030551;2,962422;0,482427;-0,051257;2,939594;0,502052;-0,021166;3,001137;0,464614;-0,038080;2,938775;0,238132;-0,108421;2,987290;0,138997;-0,102743;2,945316;0,225002;-0,449695;3,062834;0,126174;-0,484918;3,000985;0,199768;-0,826299;3,201037;0,099526;-0,846927;2,990496;0,168744;-0,876244;3,216672;0,048748;-0,898168;2,987062;0,298355;-0,903778;3,157707;0,217906;-0,955014;3,004929
00:00:05.600;169;3;2;4;3;-4,029971;-50,345643;-2,127020;77,136411;7,430991;42,958227;-10,947569;-45,393863;17,982663;11,564645;-8,798890;14,323939;103,338110;-17,823573;0,464134;0,348325;3,091570;0,477117;0,375019;3,095765;0,473971;0,374554;3,076840;0,469543;0,375658;3,067492;0,457161;0,364402;2,984634;0,452536;0,369637;2,980337;0,446247;0,374351;2,979750;0,417061;0,382085;2,973809;0,396741;0,396554;2,973411;0,421617;0,329068;3,014364;0,414771;0,334559;3,008250;0,348728;0,291023;3,056079;0,202782;0,345021;2,942842;0,362655;0,120599;3,095019;0,147420;0,108110;2,888751;0,494048;0,005838;3,163634;0,391764;-0,022269;2,923394;0,501786;-0,030600;2,962630;0,455490;-0,066448;2,954630;0,507934;-0,025715;2,935022;0,477282;-0,047816;2,937558;0,754553;-0,018006;4,535565;0,459861;-0,034948;2,933756;0,244933;-0,109431;2,994787;0,140272;-0,102966;2,950757;0,231932;-0,448974;3,070383;0,127253;-0,483293;3,003317;0,200033;-0,826260;3,199471;0,100962;-0,844921;2,990323;0,168459;-0,876181;3,213921;0,049452;-0,896613;2,987717;0,296377;-0,909384;3,167938;0,217134;-0,953496;3,000447
00:00:05.633;170;3;2;3;3;-3,899797;-52,519994;-4,772484;78,323883;2,398215;43,688998;-11,092857;-42,090243;20,022737;5,393250;-1,677741;-7,314283;68,384118;4,600930;0,462007;0,346563;3,056065;0,474353;0,371186;3,055965;0,471127;0,370809;3,043045;0,468249;0,371526;3,036969;0,458971;0,367347;2,982181;0,454799;0,371766;2,978854;0,448372;0,376850;2,977336;0,420768;0,379733;2,973624;0,398883;0,397773;2,973210;0,425258;0,330217;3,010610;0,417400;0,335869;3,005723;0,354309;0,290994;3,069591;0,202981;0,347031;2,944785;0,362250;0,119048;3,085476;0,150153;0,115347;2,876143;0,471715;0,008438;3,066785;0,390086;-0,012965;2,923201;0,489970;-0,027833;2,933476;0,453288;-0,057782;2,953830;0,495275;-0,021492;2,910746;0,473084;-0,042245;2,924264;0,649582;-0,011265;3,952752;0,454631;-0,028575;2,916614;0,249194;-0,111111;2,997791;0,142217;-0,103138;2,955087;0,236574;-0,449881;3,077022;0,128107;-0,482803;3,008374;0,201361;-0,826203;3,198332;0,104082;-0,843700;2,990510;0,168173;-0,875614;3,210211;0,049913;-0,895664;2,988351;0,296153;-0,913884;3,173539;0,218437;-0,955622;3,007331
00:00:05.666;171;3;2;4;3;-4,125822;-47,606472;-0,915732;79,108962;-3,934194;54,350707;-8,126244;-33,267974;18,258416;-3,224297;4,157690;31,337440;86,676960;27,082948;0,695611;0,623842;4,881327;0,447970;0,394931;3,016824;0,445956;0,395967;3,017016;0,442477;0,396919;3,009107;0,436590;0,393288;2,974576;0,431264;0,396711;2,968911;0,423339;0,400469;2,963819;0,394263;0,402846;2,957687;0,371294;0,413856;2,945793;0,648801;0,596418;4,884530;0,419109;0,336721;3,004081;0,326444;0,296267;3,042037;0,189912;0,345450;2,921783;0,327031;0,111766;3,025646;0,134274;0,110702;2,867778;0,459164;0,005954;3,069577;0,372860;-0,010091;2,912523;0,479060;-0,030461;2,934077;0,432410;-0,054820;2,921292;0,492585;-0,023397;2,948630;0,458195;-0,039720;2,919012;0,587676;-0,012397;3,634846;0,441129;-0,025551;2,915594;0,240968;-0,118089;2,984552;0,140682;-0,110223;2,944252;0,237286;-0,459353;3,080613;0,127486;-0,488764;3,009798;0,208084;-0,829824;3,198236;0,102816;-0,843750;2,989761;0,172613;-0,879724;3,207131;0,049140;-0,895324;2,989686;0,312923;-0,890034;3,084743;0,219250;-0,956853;3,011329
00:00:05.700;172;3;2;4;3;-1,924175;-38,833648;-0,360916;77,705946;-1,731615;43,486873;-9,041262;-30,760813;17,394999;12,703333;-7,902794;32,602843;59,248854;14,365010;0,602651;0,548425;4,226870;0,440960;0,407669;3,009869;0,439651;0,408343;3,009994;0,436184;0,409935;3,004047;0,430224;0,408712;2,981929;0,423421;0,411952;2,977731;0,414399;0,414815;2,969905;0,391460;0,416703;2,968237;0,361252;0,429591;2,969585;0,564571;0,523991;4,237238;0,411680;0,357120;3,012823;0,338326;0,301965;3,057286;0,184399;0,349433;2,939851;0,375995;0,111291;3,078774;0,126170;0,112010;2,893546;0,521778;0,002117;3,062031;0,356607;-0,007177;2,916868;0,550805;-0,035715;2,956986;0,414875;-0,050132;2,925652;0,559597;-0,031123;2,966445;0,445253;-0,034076;2,945070;0,615345;-0,019686;3,419642;0,428868;-0,020425;2,920394;0,251347;-0,115347;2,983056;0,142583;-0,110086;2,952872;0,245442;-0,464074;3,080916;0,143606;-0,488481;3,012129;0,212065;-0,830703;3,192534;0,125717;-0,842775;2,985706;0,173015;-0,864817;3,141710;0,074047;-0,889809;2,972851;0,315581;-0,879131;3,039192;0,230171;-0,956492;3,006837
00:00:05.733;173;3;2;3;3;-2,110346;-34,568113;1,061150;79,999941;-3,684301;54,449895;-8,129860;-29,845082;16,562133;-3,644572;-6,448209;33,914931;-65,321132;3,174603;0,539797;0,494014;3,769567;0,435019;0,410299;2,973436;0,433146;0,410771;2,973763;0,430893;0,411807;2,969897;0,424832;0,413054;2,955018;0,417292;0,416273;2,952671;0,408301;0,419242;2,947929;0,389724;0,421216;2,959199;0,354009;0,435994;2,959919;0,506488;0,471639;3,783741;0,403735;0,365156;2,986648;0,337565;0,305255;3,041474;0,180228;0,348662;2,923596;0,335124;0,107871;3,023763;0,120979;0,110822;2,884711;0,480663;0,001821;3,011055;0,349536;0,003181;2,913093;0,568481;-0,037185;3,324436;0,404845;-0,034264;2,922680;0,517770;-0,027253;2,954591;0,436248;-0,015335;2,935162;0,554449;-0,013413;3,245031;0,422077;-0,004360;2,916733;0,254172;-0,113283;2,974468;0,144039;-0,109365;2,941372;0,247824;-0,462740;3,059580;0,152339;-0,486440;3,002163;0,212505;-0,828603;3,174249;0,139160;-0,840317;2,976613;0,173313;-0,856403;3,099821;0,088036;-0,887906;2,960382;0,316407;-0,870362;3,011207;0,246732;-0,959897;3,011888
00:00:05.766;174;3;2;3;3;-2,136431;-30,613733;0,220895;83,492592;-7,303060;66,427423;-7,435338;-31,813549;16,763134;-16,183395;-4,067713;-28,470317;-63,920864;8,932088;0,500704;0,457157;3,477117;0,432654;0,410314;2,952748;0,430282;0,411590;2,952314;0,427800;0,412305;2,950093;0,422728;0,414104;2,939919;0,414616;0,417223;2,938164;0,406646;0,421264;2,935028;0,387933;0,422346;2,948279;0,349406;0,439221;2,954538;0,469109;0,436890;3,491739;0,399800;0,369463;2,970832;0,331791;0,306534;3,022876;0,177651;0,348430;2,915277;0,298437;0,103908;2,967924;0,117427;0,106758;2,874373;0,444901;0,003741;2,973720;0,352557;0,013014;2,903842;0,535447;-0,032121;3,322953;0,410581;-0,020769;2,917412;0,489505;-0,015150;2,939699;0,436572;-0,000119;2,913513;0,510122;-0,003017;3,121025;0,420862;0,009088;2,899993;0,251637;-0,114064;2,968108;0,144852;-0,110917;2,931230;0,241805;-0,462126;3,033122;0,155318;-0,486780;2,986039;0,211229;-0,827867;3,156104;0,146702;-0,839173;2,968502;0,171693;-0,848510;3,059973;0,094993;-0,887755;2,952334;0,317035;-0,864904;2,993856;0,259562;-0,961657;3,013754
00:00:05.800;175;3;2;3;3;-2,074058;-26,725625;-2,613951;82,398872;-10,756763;74,138840;-6,985216;-34,511730;14,788518;-22,060188;-2,561868;-29,178414;-60,792736;12,988001;0,475343;0,432177;3,287364;0,431005;0,410216;2,938532;0,428423;0,411065;2,938389;0,426810;0,411530;2,936945;0,421377;0,413743;2,930216;0,413921;0,417826;2,928635;0,405692;0,421647;2,927528;0,387610;0,421772;2,939485;0,347343;0,440064;2,949821;0,444824;0,413239;3,302017;0,397252;0,371202;2,960623;0,325025;0,306542;3,002827;0,178083;0,348272;2,909808;0,275055;0,099023;2,924535;0,129571;0,104056;2,865903;0,422382;0,001820;2,946939;0,376739;0,014118;2,891758;0,513975;-0,028830;3,321989;0,432642;-0,019342;2,903228;0,473031;-0,020056;2,935573;0,453705;-0,001732;2,900585;0,481576;-0,007884;3,049388;0,436742;0,009477;2,888896;0,247413;-0,114368;2,958757;0,147419;-0,111866;2,923099;0,234369;-0,462255;3,012342;0,156153;-0,489072;2,975073;0,210064;-0,827191;3,139292;0,152746;-0,839854;2,964458;0,170449;-0,843514;3,030677;0,098463;-0,887798;2,947572;0,321142;-0,865134;2,977095;0,265865;-0,963355;3,016701
00:00:05.833;176;3;2;3;3;-2,135146;-23,100712;-5,833018;79,258273;-14,910201;75,777940;-6,604008;-36,269275;12,697596;-24,281452;5,031534;29,431137;-72,943099;13,987014;0,459002;0,414999;3,165004;0,430153;0,409303;2,930794;0,428475;0,409855;2,930701;0,426401;0,410191;2,930009;0,420652;0,413660;2,924981;0,413724;0,417415;2,924234;0,405346;0,421120;2,924625;0,387577;0,421590;2,935105;0,345995;0,440604;2,946701;0,429044;0,397872;3,178741;0,395671;0,372405;2,954557;0,319294;0,305219;2,987363;0,179526;0,348375;2,907960;0,264671;0,095716;2,892174;0,143575;0,101198;2,858495;0,410702;-0,000456;2,912583;0,397884;0,009609;2,871691;0,754925;-0,067421;4,983150;0,452219;-0,027562;2,875861;0,461031;-0,027191;2,910545;0,470779;-0,011986;2,872621;0,463345;-0,012965;2,976878;0,452497;0,001460;2,864611;0,244738;-0,114600;2,953547;0,149200;-0,112566;2,919958;0,228506;-0,462451;2,999555;0,156652;-0,490424;2,967123;0,209711;-0,828358;3,134406;0,159623;-0,844231;2,975661;0,169752;-0,840818;3,013603;0,101752;-0,887534;2,943506;0,324681;-0,865826;2,964402;0,269097;-0,965290;3,021212
00:00:05.866;177;3;2;3;3;-2,249058;-21,022947;-7,177645;77,141221;-17,220852;75,785718;-6,444501;-37,596026;11,600209;-25,620455;6,978100;28,333440;-73,330179;-11,937257;0,448401;0,403853;3,085614;0,429725;0,408828;2,926617;0,428634;0,409187;2,926556;0,426267;0,409447;2,926401;0,420340;0,413762;2,922678;0,413754;0,417307;2,922487;0,405283;0,420946;2,923913;0,387638;0,421562;2,932880;0,346116;0,439791;2,944045;0,418838;0,387930;3,098984;0,394691;0,373231;2,950965;0,315546;0,304338;2,977102;0,181354;0,348128;2,904151;0,257947;0,093576;2,871435;0,151569;0,100333;2,852441;0,403531;-0,002959;2,885775;0,407583;0,005647;2,859194;0,643135;-0,061214;4,247805;0,461339;-0,032951;2,861078;0,455686;-0,030730;2,889983;0,478744;-0,018648;2,854136;0,452669;-0,016275;2,930669;0,460883;-0,003756;2,849994;0,241685;-0,114632;2,947150;0,151369;-0,112986;2,916991;0,223382;-0,462083;2,988056;0,155851;-0,491142;2,960989;0,209370;-0,828673;3,129562;0,163907;-0,846155;2,979705;0,167853;-0,837248;2,996019;0,102806;-0,888297;2,940423;0,329677;-0,864964;2,951704;0,273042;-0,965303;3,020256
00:00:05.900;178;3;3;3;2;-2,604308;-19,865016;-8,361878;78,263661;-18,811826;83,240537;-6,182802;-38,896899;11,764177;-26,207483;46,612852;-20,452119;-56,129364;25,620389;0,441661;0,396742;3,035042;0,430740;0,408738;2,925466;0,428993;0,408996;2,925600;0,426428;0,409200;2,925755;0,421476;0,413036;2,923095;0,414092;0,416493;2,923601;0,406436;0,420967;2,924378;0,387770;0,420578;2,932136;0,347257;0,439254;2,942265;0,412474;0,380641;3,049135;0,394271;0,372903;2,950261;0,310833;0,303640;2,969214;0,183521;0,347827;2,900501;0,253439;0,092134;2,856361;0,155477;0,100646;2,844078;0,402178;-0,005796;2,915974;0,408720;-0,000220;2,903521;0,570438;-0,057176;3,769609;0,459762;-0,037665;2,862608;0,452902;-0,033088;2,881027;0,476695;-0,023112;2,854256;0,444788;-0,018486;2,908150;0,458698;-0,008271;2,857142;0,238689;-0,114681;2,943695;0,152827;-0,113294;2,915972;0,219986;-0,459544;2,979665;0,155323;-0,491584;2,956856;0,207976;-0,828729;3,125855;0,166572;-0,847901;2,980261;0,166580;-0,834728;2,983877;0,103490;-0,888782;2,938384;0,332900;-0,863277;2,943242;0,275368;-0,964492;3,017068
00:00:05.933;179;3;3;3;2;-2,836619;-19,908315;-9,250279;75,351068;-19,843115;83,179693;-6,109255;-39,640610;10,383232;-26,416895;33,636861;-8,352156;-51,499514;26,275015;0,437386;0,392215;3,002903;0,431601;0,407805;2,926077;0,429329;0,408970;2,925681;0,427662;0,409103;2,925782;0,422311;0,412658;2,924035;0,415388;0,415976;2,924405;0,408253;0,420983;2,924701;0,388888;0,419901;2,931390;0,349032;0,438860;2,940799;0,408404;0,375965;3,017229;0,394047;0,372735;2,950170;0,307908;0,303325;2,965434;0,184981;0,346673;2,898928;0,251662;0,091242;2,847986;0,164427;0,100980;2,842311;0,398951;-0,008601;2,910300;0,409704;-0,004982;2,903399;0,531038;-0,059703;3,503507;0,464483;-0,043229;2,886267;0,455594;-0,036937;2,890471;0,480758;-0,027215;2,867826;0,443607;-0,022131;2,905710;0,462017;-0,013373;2,871728;0,235661;-0,114707;2,941298;0,153844;-0,113544;2,916606;0,216691;-0,457875;2,974090;0,154986;-0,491891;2,954288;0,207072;-0,828776;3,123487;0,168334;-0,849181;2,981133;0,164497;-0,833247;2,972711;0,104953;-0,888695;2,935733;0,334177;-0,862813;2,939894;0,276835;-0,963808;3,014508
00:00:05.966;180;3;3;3;3;-2,944369;-21,442768;-6,503921;75,323489;-16,381000;80,183438;-6,112362;-39,292760;11,796238;-19,518419;-66,194456;17,159338;-41,549432;-27,281310;0,434711;0,391508;2,982714;0,432218;0,409382;2,926857;0,430741;0,410139;2,926599;0,428582;0,410217;2,926602;0,423853;0,414478;2,924197;0,416198;0,417736;2,924699;0,409408;0,423097;2,924731;0,389665;0,420582;2,931283;0,351233;0,440714;2,939667;0,405729;0,375050;2,996271;0,393909;0,374781;2,950164;0,307531;0,303565;2,967324;0,184901;0,345968;2,898286;0,272645;0,091728;2,876223;0,154081;0,101477;2,848948;0,446274;-0,010648;2,953558;0,393645;-0,008046;2,896570;0,550608;-0,060279;3,331978;0,676779;-0,070017;4,463643;0,510148;-0,042175;2,932546;0,483398;-0,029882;2,876646;0,493365;-0,027059;2,941290;0,445994;-0,013516;2,879495;0,234844;-0,114765;2,940784;0,153498;-0,113748;2,918051;0,214440;-0,454401;2,968933;0,154788;-0,492159;2,953026;0,205353;-0,828820;3,121997;0,169473;-0,849983;2,981593;0,163175;-0,831378;2,966053;0,105905;-0,888639;2,934009;0,334804;-0,861992;2,935951;0,277572;-0,963711;3,010513
00:00:06.000;181;3;3;3;3;-2,701151;-21,677897;-3,076617;80,329797;-14,839666;85,037115;-5,902866;-38,298513;14,005299;-18,824072;-64,728565;-15,902653;-27,143343;-28,957381;0,427442;0,394100;2,968378;0,427091;0,413404;2,925971;0,426131;0,413896;2,925804;0,424728;0,413947;2,925806;0,419426;0,418741;2,923531;0,412372;0,421974;2,924213;0,405893;0,426589;2,924684;0,387952;0,424130;2,930574;0,348439;0,444126;2,939376;0,399516;0,376443;2,981357;0,388317;0,379194;2,949116;0,305122;0,305880;2,968527;0,182643;0,345324;2,896298;0,271390;0,093798;2,883400;0,136977;0,101832;2,854174;0,460491;0,002376;2,981785;0,378383;0,003637;2,895634;0,551775;-0,036491;3,235390;0,585847;-0,045068;3,916027;0,540582;-0,016033;2,956658;0,468525;-0,008283;2,898109;0,513729;-0,005015;2,970747;0,436182;0,004348;2,888730;0,234197;-0,114745;2,938992;0,154143;-0,113739;2,915382;0,217781;-0,453141;2,972173;0,154670;-0,491291;2,952399;0,204185;-0,828640;3,120243;0,170280;-0,850836;2,983052;0,162368;-0,830432;2,962685;0,106510;-0,888494;2,932533;0,328151;-0,861185;2,947161;0,278224;-0,964248;3,009786
00:00:06.033;182;3;3;3;3;-2,679194;-20,999651;-1,321212;83,934438;-15,238543;86,905605;-5,500970;-37,386114;15,071133;-22,826974;-63,365554;13,354145;-53,659731;27,966902;0,419358;0,396708;2,957988;0,421483;0,416930;2,924345;0,420859;0,417250;2,924236;0,419947;0,417283;2,924237;0,413295;0,422508;2,922643;0,406612;0,425703;2,923290;0,400245;0,430796;2,923376;0,384631;0,426350;2,929523;0,343426;0,448497;2,939279;0,392166;0,378335;2,970984;0,380397;0,383139;2,948471;0,297897;0,307109;2,966669;0,180145;0,344948;2,895374;0,251356;0,094562;2,870803;0,126863;0,100984;2,856536;0,423613;0,009337;2,948381;0,368400;0,015325;2,885883;0,607486;-0,022918;3,939217;0,530354;-0,024618;3,563127;0,499588;-0,003642;2,937580;0,457511;0,008741;2,896082;0,475139;0,006642;2,942027;0,428372;0,018972;2,884783;0,229460;-0,114710;2,937246;0,154694;-0,113830;2,916123;0,216329;-0,451539;2,969110;0,154609;-0,490776;2,952291;0,203491;-0,828791;3,120112;0,170907;-0,851899;2,985783;0,160651;-0,829202;2,958303;0,106889;-0,888283;2,931186;0,325850;-0,860294;2,953183;0,279007;-0,964735;3,013171
00:00:06.066;183;3;3;3;3;-2,906088;-21,325749;0,036958;85,595498;-16,275350;86,335545;-5,151352;-35,957897;14,976135;-25,496482;-74,749919;12,407168;-53,879395;-24,295317;0,413158;0,398528;2,952147;0,416892;0,419345;2,924133;0,416487;0,419553;2,924062;0,415894;0,419574;2,924063;0,408287;0,425000;2,922357;0,401830;0,428155;2,922881;0,394468;0,433554;2,922684;0,381361;0,427740;2,928485;0,338026;0,451336;2,939200;0,386470;0,379724;2,965468;0,374240;0,385773;2,948570;0,292346;0,308154;2,967815;0,178516;0,344693;2,894681;0,240202;0,093936;2,859976;0,123470;0,100483;2,859502;0,393431;0,013800;2,918518;0,374726;0,020775;2,873993;0,531334;-0,019768;3,583223;0,502337;-0,012487;3,304611;0,468843;0,001221;2,918662;0,783784;0,043834;4,837022;0,447060;0,013111;2,916866;0,747927;0,060168;4,858833;0,226527;-0,115833;2,938056;0,153058;-0,115052;2,919119;0,215564;-0,453038;2,969615;0,153522;-0,491608;2,952766;0,201846;-0,828646;3,119111;0,168436;-0,850047;2,974885;0,159552;-0,829571;2,955789;0,106041;-0,890032;2,929508;0,327038;-0,863650;2,952150;0,278930;-0,965222;3,009071
00:00:06.100;184;3;3;3;3;-2,868057;-20,859346;-1,975502;83,570143;-17,064995;84,781468;-5,137125;-35,666286;13,335087;-26,964665;-74,440267;11,153086;-61,702307;20,917743;0,409177;0,399759;2,948703;0,413956;0,420964;2,924336;0,414730;0,421071;2,924099;0,414345;0,421085;2,924099;0,405089;0,426681;2,922590;0,398785;0,429818;2,923080;0,390838;0,434426;2,923183;0,379286;0,428702;2,928203;0,335597;0,452127;2,939248;0,382831;0,380690;2,962376;0,371407;0,386513;2,949408;0,289638;0,308637;2,966679;0,177425;0,343413;2,893704;0,233884;0,093487;2,851638;0,133435;0,098900;2,855036;0,377395;0,015626;2,894310;0,391761;0,020141;2,862452;0,566133;-0,027272;3,945791;0,492660;-0,016898;3,132328;0,448513;-0,001888;2,896664;0,682747;0,023777;4,134143;0,432143;0,012073;2,894564;0,653112;0,040578;4,153551;0,224420;-0,116455;2,935915;0,151851;-0,115734;2,918267;0,213893;-0,454890;2,968630;0,152764;-0,493051;2,952055;0,200608;-0,828979;3,115808;0,166850;-0,850029;2,968185;0,157702;-0,830545;2,952955;0,105451;-0,892958;2,927309;0,327877;-0,870304;2,952075;0,279466;-0,964890;3,001015
00:00:06.133;185;3;3;3;3;-1,769581;-21,932641;-6,181492;76,730787;-19,960572;89,027316;-6,388278;-35,762898;10,122986;-26,679053;-72,363786;-11,184016;-48,381479;-30,400456;0,412148;0,399685;2,947913;0,417241;0,421887;2,923580;0,417850;0,420999;2,924161;0,416532;0,421005;2,924136;0,408092;0,427529;2,921074;0,401892;0,430652;2,921545;0,393613;0,434789;2,922149;0,381093;0,428217;2,927711;0,339230;0,452462;2,938122;0,384840;0,381389;2,960911;0,373971;0,386032;2,950809;0,291271;0,309116;2,967522;0,178824;0,342587;2,893130;0,243795;0,092016;2,841570;0,157179;0,099768;2,847276;0,399087;0,008449;2,920424;0,406707;0,014557;2,853235;0,533361;-0,036444;3,588708;0,488625;-0,027146;3,033702;0,455969;-0,016466;2,888019;0,618268;0,002492;3,678206;0,441116;-0,001061;2,879945;0,592108;0,019624;3,686615;0,222115;-0,115307;2,922094;0,150505;-0,115738;2,906772;0,211644;-0,458068;2,966804;0,152266;-0,495045;2,951482;0,199746;-0,831219;3,112774;0,165788;-0,850930;2,963269;0,156492;-0,833286;2,950978;0,105041;-0,895700;2,925152;0,329478;-0,875655;2,951863;0,280763;-0,964203;2,994320
00:00:06.166;186;3;3;3;3;-2,016423;-20,261004;-12,347702;59,809390;-15,636180;62,258827;-7,834078;-39,999245;0,699847;-10,601726;-77,486881;2,465075;-63,493725;6,110260;0,433701;0,397760;2,949402;0,438151;0,420974;2,927381;0,437288;0,420227;2,926574;0,435448;0,420305;2,927075;0,431111;0,425685;2,925589;0,424919;0,429827;2,925733;0,417176;0,433372;2,924683;0,394895;0,427745;2,926321;0,361154;0,450790;2,932027;0,403764;0,380028;2,962617;0,395251;0,384880;2,953537;0,291301;0,306167;2,946985;0,200084;0,342555;2,897033;0,284845;0,089094;2,874180;0,222933;0,100581;2,849154;0,446757;-0,009327;2,875786;0,451494;-0,001107;2,815352;0,549378;-0,053032;3,286710;0,519415;-0,047149;2,931183;0,505148;-0,037820;2,822833;0,609371;-0,023496;3,335144;0,487911;-0,022922;2,818919;0,586660;-0,007470;3,341475;0,219614;-0,115643;2,913788;0,150678;-0,115739;2,899247;0,206797;-0,461934;2,963375;0,151968;-0,496427;2,951624;0,198223;-0,835660;3,113469;0,165076;-0,851399;2,959664;0,152395;-0,836677;2,947823;0,104765;-0,897405;2,923502;0,327720;-0,888918;2,955593;0,283590;-0,963136;2,988046
00:00:06.200;187;3;2;3;2;-2,380188;-19,549161;-11,289657;61,635938;-15,961340;72,237921;-9,157912;-43,090750;3,370696;-12,829582;-83,420675;3,832841;-18,720114;-30,250039;0,452408;0,395331;2,966052;0,458064;0,418719;2,948668;0,456378;0,418202;2,947914;0,454068;0,418230;2,948081;0,452288;0,423860;2,946824;0,446078;0,427629;2,946839;0,437674;0,431032;2,938693;0,411611;0,425541;2,934482;0,382432;0,449390;2,940059;0,420947;0,378348;2,974607;0,412355;0,382933;2,962817;0,304600;0,303617;2,948283;0,212759;0,345577;2,898516;0,290711;0,086475;2,870118;0,223082;0,107322;2,850012;0,444960;-0,023727;2,959669;0,448737;0,000746;2,823307;0,523369;-0,076036;3,200112;0,513401;-0,047313;2,934038;0,499360;-0,060853;2,873637;0,934034;-0,047551;5,101934;0,484471;-0,043906;2,881850;0,904161;-0,021884;5,106850;0,222621;-0,115012;2,913681;0,153078;-0,112717;2,897812;0,205839;-0,460232;2,961722;0,153935;-0,491994;2,951952;0,197211;-0,838453;3,113576;0,173301;-0,867480;3,011985;0,150841;-0,839097;2,946528;0,110840;-0,895493;2,919506;0,328339;-0,893224;2,954478;0,284513;-0,961927;2,985733
00:00:06.233;188;3;3;3;2;-2,137773;-19,251342;-10,269391;67,146690;-18,194663;84,212294;-10,629603;-45,153144;8,809487;-19,265583;-76,644497;9,272544;21,000329;-42,971669;0,464537;0,392413;2,983440;0,470831;0,415835;2,968041;0,468607;0,415469;2,967334;0,465910;0,416494;2,966812;0,464688;0,421190;2,965593;0,459027;0,425359;2,962310;0,451146;0,429532;2,955503;0,423145;0,422524;2,951483;0,396874;0,448105;2,957185;0,430737;0,376833;2,987785;0,422064;0,381236;2,974024;0,316590;0,301943;2,959671;0,220197;0,347925;2,902647;0,287433;0,083497;2,859001;0,210517;0,112604;2,847383;0,438828;-0,034167;3,011078;0,438802;0,003022;2,843455;0,501931;-0,086795;3,150425;0,499499;-0,044180;2,933634;0,490821;-0,070743;2,917416;0,782691;-0,037896;4,337571;0,477904;-0,053520;2,937235;0,757412;-0,016939;4,331146;0,224494;-0,113503;2,912565;0,154498;-0,110658;2,894312;0,208751;-0,458698;2,964878;0,154176;-0,488148;2,952847;0,196364;-0,839451;3,110627;0,179941;-0,878693;3,048630;0,148755;-0,840639;2,945577;0,114788;-0,894239;2,916874;0,319917;-0,907594;3,017824;0,283767;-0,960257;2,981481
00:00:06.266;189;3;3;3;2;-2,147761;-18,597818;-9,831100;71,159090;-19,985926;92,834445;-11,463035;-47,725584;12,698085;-23,847907;-71,204005;-12,994643;56,553641;49,437396;0,473732;0,389586;2,996050;0,478965;0,412731;2,979630;0,476311;0,413488;2,978461;0,473449;0,414139;2,978012;0,473653;0,418205;2,976653;0,468713;0,422951;2,973477;0,461116;0,426494;2,967212;0,430988;0,420885;2,964848;0,408730;0,445394;2,970353;0,438843;0,374182;3,000657;0,430323;0,378674;2,987114;0,324307;0,300787;2,966402;0,225096;0,349548;2,906132;0,282859;0,081456;2,847888;0,201238;0,117020;2,844492;0,436176;-0,038714;3,045959;0,431144;0,004498;2,855498;0,487867;-0,090422;3,117273;0,487590;-0,042172;2,935446;0,484627;-0,075068;2,948721;0,679780;-0,031565;3,832720;0,473886;-0,057748;2,982146;0,658379;-0,013717;3,823957;0,225835;-0,112582;2,913420;0,155599;-0,108386;2,895309;0,212959;-0,458019;2,968999;0,154274;-0,485469;2,952327;0,195320;-0,837969;3,100846;0,184238;-0,885891;3,072133;0,147416;-0,841744;2,945316;0,117344;-0,893353;2,914930;0,317492;-0,901903;3,001300;0,283556;-0,960096;2,981590
00:00:06.300;190;3;3;4;2;-1,429885;-18,369042;-9,885752;74,505203;-20,995678;98,067959;-12,367069;-49,488979;15,796564;-26,999110;-65,701635;16,039852;76,563957;-51,129734;0,480519;0,387524;3,002489;0,486204;0,410525;2,985771;0,483248;0,411992;2,984162;0,480285;0,412405;2,983796;0,481441;0,416082;2,982510;0,475974;0,421279;2,979972;0,468706;0,424538;2,974958;0,438165;0,419732;2,972899;0,417617;0,443723;2,979538;0,444980;0,372271;3,007484;0,436657;0,376900;2,994743;0,330629;0,300230;2,972709;0,228503;0,352000;2,911160;0,277945;0,079132;2,841886;0,193141;0,119891;2,842620;0,433929;-0,040484;3,064856;0,424203;0,005460;2,864251;0,477813;-0,090596;3,097053;0,477103;-0,040815;2,932737;0,480265;-0,076729;2,966932;0,611201;-0,027425;3,500792;0,470721;-0,059456;3,015062;0,592563;-0,011616;3,491863;0,227660;-0,110872;2,912621;0,157122;-0,105699;2,891493;0,215555;-0,456208;2,969801;0,155356;-0,483559;2,950948;0,194607;-0,835735;3,093939;0,186932;-0,890104;3,085798;0,148733;-0,842711;2,946014;0,120045;-0,892638;2,913213;0,321530;-0,895861;2,982748;0,283113;-0,960038;2,978446
00:00:06.333;191;3;4;3;2;-1,082451;-11,253258;-20,885672;60,052966;-14,108926;75,825669;-13,034440;-51,282607;7,261133;-14,078834;-63,895331;12,724204;-44,950620;23,871004;0,487305;0,385224;3,007760;0,492093;0,409165;2,990314;0,490171;0,410119;2,989269;0,487044;0,410298;2,988371;0,488782;0,414784;2,986916;0,482987;0,419200;2,984893;0,476975;0,423329;2,980432;0,445123;0,419090;2,978903;0,425516;0,442579;2,985110;0,452321;0,371072;3,012279;0,444209;0,375869;3,000687;0,326540;0,295103;2,961306;0,240582;0,354002;2,917770;0,302007;0,072413;2,886138;0,254084;0,124143;2,826292;0,459067;-0,047028;3,009562;0,473376;-0,000055;2,829956;0,907631;-0,173170;4,937845;0,522267;-0,046094;2,867221;0,935367;-0,162832;4,819363;0,618859;-0,034350;3,234021;0,904152;-0,118205;4,951033;0,601708;-0,019142;3,232412;0,223478;-0,109725;2,911138;0,158295;-0,103015;2,892318;0,209196;-0,453943;2,963181;0,154994;-0,482338;2,950181;0,194329;-0,836206;3,092407;0,188642;-0,892652;3,094020;0,149598;-0,844459;2,946633;0,121807;-0,892213;2,912227;0,321414;-0,899721;2,975100;0,282996;-0,960584;2,978210
00:00:06.366;192;3;4;3;1;-1,425824;-5,613300;-13,922872;47,727292;-14,926338;75,112011;-13,013398;-52,603627;-5,143023;-13,575073;-85,600242;-11,716929;-50,809060;37,310539;0,492189;0,384089;3,014040;0,496453;0,408712;2,996439;0,493972;0,409221;2,994940;0,490796;0,409296;2,994056;0,492937;0,413238;2,992617;0,487976;0,418210;2,990691;0,481905;0,422004;2,987921;0,448939;0,417931;2,985309;0,430955;0,441047;2,990800;0,456571;0,369650;3,019163;0,449747;0,374612;3,008688;0,324122;0,291986;2,956107;0,246258;0,354178;2,921577;0,298929;0,068379;2,879729;0,287850;0,126617;2,878311;0,470513;-0,049324;2,982287;0,493873;0,001446;2,843552;0,782757;-0,147875;4,221018;0,932352;-0,064754;4,753288;1,115044;-0,184644;5,694781;1,052549;-0,048240;5,006590;0,776233;-0,100572;4,229288;1,014326;-0,023205;4,992020;0,221191;-0,109195;2,915990;0,159504;-0,101544;2,900907;0,205251;-0,455053;2,961698;0,154804;-0,482761;2,950562;0,194255;-0,836972;3,093111;0,189776;-0,894413;3,099728;0,150144;-0,845504;2,946718;0,122945;-0,891889;2,911429;0,326001;-0,900277;2,963748;0,283735;-0,960033;2,975252
00:00:06.400;193;3;4;3;1;-1,448538;-1,695157;-16,523435;48,997397;-16,537984;78,517918;-13,155477;-53,257453;-4,946145;-16,203126;-81,806986;-7,692279;-52,854665;34,621468;0,494807;0,383770;3,021431;0,498782;0,408898;3,003963;0,497170;0,409228;3,002988;0,493955;0,409235;3,002098;0,496360;0,412826;3,000657;0,490750;0,418091;2,998247;0,485059;0,422039;2,999201;0,452035;0,417741;2,993527;0,433881;0,440536;2,997813;0,459816;0,369107;3,026789;0,452758;0,374212;3,017272;0,323890;0,289121;2,955161;0,247725;0,354162;2,922981;0,290051;0,066658;2,869153;0,292199;0,126295;2,868387;0,477953;-0,050817;2,964558;0,497288;0,007622;2,849480;0,689023;-0,127418;3,761316;0,804020;-0,047957;4,100730;0,906791;-0,147036;4,717395;1,329072;-0,039157;6,161755;0,680988;-0,087203;3,769228;1,275041;-0,010785;6,157225;0,219568;-0,108782;2,917303;0,160104;-0,100474;2,903145;0,202662;-0,455718;2,960361;0,154675;-0,484094;2,950707;0,194251;-0,837661;3,094271;0,190598;-0,895956;3,104816;0,149397;-0,846013;2,946180;0,122635;-0,891744;2,911126;0,331860;-0,898691;2,953501;0,285368;-0,959914;2,974067
00:00:06.433;194;3;4;3;1;-1,155987;2,223478;-18,743834;54,731320;-16,241383;78,696148;-13,197622;-54,134648;-2,469141;-16,584382;-78,940274;9,980100;-55,020737;31,992410;0,496830;0,383809;3,028193;0,500851;0,409469;3,012177;0,498620;0,409618;3,011057;0,495378;0,409580;3,010165;0,498008;0,412987;3,009024;0,493073;0,418452;3,006313;0,487331;0,422251;3,007893;0,453205;0,416751;3,000532;0,435912;0,439236;3,003257;0,460967;0,368872;3,032721;0,454932;0,374129;3,024290;0,322546;0,287155;2,953462;0,247607;0,354143;2,923818;0,284946;0,065693;2,869210;0,285093;0,126842;2,855700;0,482789;-0,051787;2,953035;0,501927;0,015758;2,849411;0,625438;-0,113151;3,465481;0,718320;-0,030736;3,664901;0,774345;-0,122554;4,080723;1,465293;-0,021169;6,906843;0,621920;-0,079530;3,468249;1,027742;-0,002462;4,991986;0,218459;-0,108487;2,917433;0,160383;-0,098654;2,902582;0,200995;-0,456186;2,959726;0,153544;-0,486119;2,951316;0,195342;-0,837966;3,094500;0,191148;-0,898167;3,108384;0,150022;-0,846561;2,946588;0,122408;-0,892521;2,910316;0,337571;-0,895995;2,944876;0,286388;-0,959700;2,972877
00:00:06.466;195;3;3;3;1;-0,807285;4,340096;-15,146659;65,185508;-17,249753;86,849478;-12,698283;-52,664706;4,083541;-18,494878;-81,200185;7,447993;-45,842607;-41,560376;0,492054;0,386491;3,036045;0,498001;0,411121;3,018826;0,495101;0,410924;3,015948;0,492993;0,410899;3,015368;0,492220;0,415071;3,012860;0,486656;0,420680;3,010096;0,479326;0,425064;3,009152;0,451638;0,417080;3,004191;0,426257;0,442767;3,006726;0,457575;0,370066;3,038542;0,449556;0,376149;3,027762;0,322080;0,286238;2,956112;0,238960;0,355110;2,923665;0,278119;0,064976;2,865199;0,246219;0,127784;2,860440;0,475952;-0,049024;3,007434;0,477556;0,029288;2,846552;0,578056;-0,096635;3,281447;0,639626;-0,009093;3,386912;1,013669;-0,117133;5,517268;1,482624;0,039216;7,414393;0,918822;-0,078239;5,229727;0,844755;0,019837;4,254492;0,218892;-0,109403;2,918730;0,159529;-0,098540;2,902605;0,201217;-0,458091;2,962683;0,152845;-0,487551;2,952405;0,194911;-0,836983;3,094442;0,191471;-0,899438;3,110130;0,149326;-0,845677;2,946264;0,122257;-0,893006;2,909726;0,327262;-0,892437;2,958316;0,288238;-0,959911;2,973186
00:00:06.500;196;3;3;3;2;-1,705003;-13,526595;-10,661688;73,356074;-18,518778;97,816092;-12,628649;-49,400647;11,225637;-26,985178;-80,696623;7,315747;-40,405326;-49,698705;0,480695;0,387824;3,037952;0,487900;0,411731;3,019750;0,487210;0,411686;3,018492;0,484645;0,411586;3,017503;0,480548;0,417325;3,013932;0,474334;0,421691;3,009454;0,466419;0,426860;3,009746;0,445160;0,417313;3,006702;0,412427;0,446301;3,009930;0,448530;0,370686;3,041037;0,438193;0,377337;3,029013;0,323894;0,288499;2,987564;0,227002;0,356881;2,924202;0,269499;0,064505;2,862346;0,212591;0,128390;2,863381;0,468652;-0,040469;3,046471;0,453773;0,041235;2,846990;0,856973;-0,101293;5,074718;0,580045;0,007058;3,205777;1,170800;-0,093107;6,511048;1,138417;0,048125;5,835681;0,830723;-0,053115;4,774200;0,715987;0,038473;3,772844;0,219357;-0,111157;2,922028;0,157042;-0,099643;2,906079;0,198009;-0,460139;2,962878;0,151351;-0,488600;2,953827;0,192395;-0,836412;3,094658;0,190490;-0,899992;3,110324;0,146700;-0,845999;2,945447;0,122155;-0,893291;2,909245;0,320569;-0,890145;2,967121;0,289506;-0,960262;2,974048
00:00:06.533;197;3;3;3;2;-1,044940;-10,306499;-8,237294;79,515545;-17,995306;96,476448;-11,458555;-48,716992;13,931746;-27,394013;-80,096041;6,898703;-48,616724;41,180575;0,466240;0,391621;3,036219;0,473291;0,415099;3,018012;0,472843;0,415070;3,017194;0,470026;0,414955;3,016195;0,465134;0,420844;3,013626;0,458847;0,424723;3,010329;0,450311;0,430169;3,009788;0,429858;0,421705;3,007334;0,395972;0,452165;3,013800;0,434692;0,374228;3,041176;0,423972;0,380104;3,028171;0,310799;0,295488;2,986344;0,216114;0,358178;2,925739;0,251440;0,068364;2,860755;0,185547;0,124638;2,866032;0,450614;-0,020627;2,987932;0,437068;0,046899;2,845808;0,721502;-0,063278;4,316903;0,542194;0,013426;3,093398;0,928973;-0,047510;5,239661;0,911666;0,049592;4,804198;0,704193;-0,020518;4,107115;0,629574;0,045272;3,455991;0,215257;-0,111157;2,922196;0,155442;-0,100371;2,908634;0,195780;-0,458972;2,960793;0,150298;-0,489013;2,953134;0,192020;-0,836628;3,096975;0,191182;-0,901276;3,113638;0,147182;-0,846470;2,945824;0,121084;-0,892816;2,910231;0,322665;-0,885558;2,962414;0,286368;-0,960672;2,978538
00:00:06.566;198;3;3;3;1;-0,381418;-4,422949;-7,780738;85,742751;-17,602176;92,147012;-9,504842;-48,613698;14,788867;-23,665818;-70,303091;14,765180;-55,939206;-33,310816;0,449368;0,397668;3,028932;0,455620;0,422263;3,013363;0,454218;0,422226;3,012703;0,451262;0,422119;3,011830;0,448068;0,427025;3,010060;0,441747;0,430587;3,007556;0,434026;0,436325;3,007296;0,409717;0,431811;3,005001;0,378899;0,456995;3,008719;0,417002;0,379993;3,033815;0,407673;0,385839;3,024056;0,290234;0,303946;2,971598;0,206875;0,357898;2,926262;0,236555;0,073982;2,859354;0,166899;0,118000;2,867207;0,435130;-0,004624;2,945531;0,430482;0,049188;2,882472;0,629543;-0,034364;3,819742;0,516916;0,015481;3,022663;0,767525;-0,015783;4,412824;0,761094;0,047390;4,133555;0,615662;0,002756;3,673359;0,570956;0,047681;3,254274;0,210479;-0,110101;2,922513;0,155480;-0,100855;2,910634;0,194316;-0,454948;2,959194;0,149607;-0,488184;2,952539;0,192055;-0,836854;3,102996;0,190431;-0,900669;3,114733;0,147453;-0,843324;2,945242;0,120401;-0,891551;2,911211;0,315855;-0,883605;2,985079;0,284330;-0,960945;2,981479
00:00:06.600;199;3;3;3;1;-0,048742;-2,861529;-7,971912;89,701200;-17,805982;93,357301;-7,959502;-47,733946;14,801597;-20,048598;-59,899981;21,753282;-51,858172;36,046632;0,433669;0,402347;3,021642;0,440280;0,427405;3,006171;0,439368;0,427381;3,005742;0,436276;0,427223;3,004572;0,434097;0,431390;3,002668;0,427577;0,434533;2,999292;0,420173;0,440193;2,997510;0,393214;0,437951;2,993421;0,364595;0,459817;2,996409;0,401766;0,385472;3,025479;0,393318;0,390158;3,017551;0,273529;0,311420;2,960512;0,199753;0,356553;2,925799;0,228898;0,080725;2,857625;0,155785;0,111570;2,867196;0,429236;0,013675;2,955027;0,425510;0,049781;2,916733;0,570294;-0,003794;3,506613;0,499213;0,018910;2,975315;0,664510;0,018277;3,907166;0,661871;0,049311;3,708652;0,562264;0,028296;3,431577;0,534292;0,051932;3,152282;0,206298;-0,109408;2,922548;0,155515;-0,101177;2,912139;0,193344;-0,452286;2,957851;0,149169;-0,487684;2,952389;0,192132;-0,836104;3,107794;0,183945;-0,886164;3,070322;0,147610;-0,839026;2,944476;0,115818;-0,891564;2,914582;0,311526;-0,892522;3,046723;0,282218;-0,961073;2,986620
00:00:06.633;200;3;3;3;1;-0,123444;-3,782474;-7,995407;93,571489;-15,389559;93,307741;-7,067314;-46,471495;14,398711;-15,096799;-38,009518;34,160702;-44,397386;41,341617;0,423421;0,406439;3,016581;0,429006;0,431605;2,999927;0,427248;0,431505;2,999076;0,425238;0,431403;2,998315;0,423730;0,435098;2,996400;0,417136;0,438023;2,992832;0,410086;0,442708;2,991150;0,381585;0,443249;2,987382;0,354462;0,461993;2,990595;0,391987;0,389165;3,021058;0,384001;0,394074;3,013440;0,266403;0,315878;2,959410;0,193010;0,354642;2,925735;0,237234;0,092189;2,878284;0,149617;0,106356;2,867456;0,438898;0,036321;3,001199;0,427740;0,049838;2,986230;0,538876;0,027414;3,327391;0,484282;0,021123;2,942829;0,599220;0,051357;3,582165;0,591749;0,051457;3,423823;0,529478;0,056194;3,286797;0,510461;0,054694;3,085988;0,203763;-0,107990;2,925251;0,155698;-0,101492;2,916120;0,193846;-0,450689;2,957854;0,148939;-0,487537;2,953372;0,192089;-0,835215;3,109412;0,176936;-0,873530;3,030307;0,147715;-0,836247;2,944029;0,110759;-0,893045;2,918113;0,311114;-0,880651;3,021594;0,280876;-0,961258;2,990283
00:00:06.666;201;3;3;3;3;1,740739;-20,804008;-8,253807;91,188081;-13,174394;82,973166;-7,321963;-39,993220;15,007553;-9,460311;-38,520877;26,561079;-50,575221;29,976427;0,410717;0,412957;3,017379;0,416220;0,437732;3,004058;0,415077;0,437667;3,003505;0,412666;0,437590;3,002941;0,408059;0,441777;2,999009;0,401516;0,444685;2,996122;0,393602;0,448755;2,994588;0,369555;0,449026;2,991609;0,337978;0,467045;2,996079;0,381163;0,394899;3,026729;0,371256;0,399951;3,019200;0,268241;0,323046;3,007942;0,175790;0,355901;2,946523;0,266190;0,101689;2,944373;0,139816;0,104400;2,878825;0,445224;0,053993;3,016548;0,414448;0,050769;2,955496;0,520691;0,048409;3,198006;0,471150;0,025687;2,919910;0,555494;0,073630;3,362886;0,545273;0,058306;3,246383;0,507627;0,077214;3,182205;0,485599;0,061393;3,023689;0,211629;-0,108613;2,939910;0,152053;-0,103118;2,928680;0,201216;-0,455572;2,996973;0,142431;-0,489718;2,981206;0,192370;-0,824597;3,115460;0,136275;-0,864337;3,027661;0,156339;-0,873781;3,113994;0,084357;-0,892016;2,945960;0,307298;-0,890613;3,070497;0,242212;-0,960263;2,999448
00:00:06.700;202;3;3;3;3;3,020371;-26,006599;-14,746968;82,882674;-10,930039;61,347812;-6,489380;-31,724649;10,551451;9,465825;-37,462132;-20,874676;-67,858553;-5,208241;0,402460;0,417194;3,017897;0,364218;0,445259;3,008432;0,363382;0,446152;3,007013;0,361814;0,446102;3,006646;0,356607;0,449886;3,003865;0,350036;0,452643;3,000513;0,341662;0,456489;3,000187;0,317007;0,456108;2,994691;0,285403;0,470690;2,995051;0,333436;0,402287;3,032948;0,323582;0,406517;3,026878;0,234266;0,329521;3,035519;0,133089;0,353432;2,959800;0,285403;0,124311;3,024292;0,135240;0,102879;2,879034;0,448327;0,081806;3,019804;0,406743;0,053309;2,926915;0,508882;0,077127;3,113973;0,462607;0,032842;2,904961;0,527959;0,096974;3,225883;0,512551;0,063584;3,121759;0,492461;0,097438;3,115029;0,467476;0,066647;2,977169;0,196416;-0,109141;2,952780;0,117574;-0,105494;2,943447;0,197064;-0,459245;3,040711;0,106299;-0,489158;3,007646;0,196936;-0,821548;3,134359;0,086710;-0,860803;3,046657;0,161408;-0,876115;3,144275;0,047369;-0,893907;2,991530;0,301446;-0,892734;3,103161;0,199207;-0,957103;3,025668
00:00:06.733;203;3;4;4;3;2,834368;-27,173842;-20,199041;72,566642;-13,631514;50,415161;-4,998702;-22,343341;4,179650;21,903792;-31,120346;-18,007256;-92,736065;5,099701;0,334773;0,427035;3,006827;0,311355;0,452369;2,990493;0,310811;0,452950;2,989571;0,309793;0,452917;2,989333;0,301683;0,456543;2,981347;0,295189;0,459200;2,977894;0,286476;0,463667;2,976640;0,267468;0,460809;2,976771;0,231117;0,476609;2,982872;0,283778;0,409516;3,022741;0,271634;0,413786;3,014137;0,201840;0,333170;3,048390;0,086865;0,350198;2,954494;0,292976;0,137100;3,061427;0,128964;0,111151;2,875326;0,450707;0,088953;3,024334;0,400615;0,059130;2,907793;0,617419;0,104858;3,754338;0,456822;0,036423;2,893751;0,819202;0,189154;5,025380;0,492742;0,064816;3,036690;0,716947;0,159474;4,563637;0,456925;0,068863;2,941177;0,175889;-0,109640;2,965372;0,080027;-0,107044;2,953202;0,184157;-0,461682;3,069474;0,069464;-0,485963;3,020987;0,192080;-0,816052;3,150982;0,048878;-0,857627;3,059881;0,156634;-0,871128;3,165755;0,017711;-0,894455;3,022662;0,287351;-0,895505;3,125237;0,164772;-0,946891;3,016345
00:00:06.766;204;3;3;4;2;0,181655;-18,493995;-17,741441;44,707749;-10,999060;57,141409;-6,653164;-34,321951;-15,813193;31,883667;-26,768726;0,632428;-114,392270;28,395118;0,330843;0,433091;3,050858;0,319935;0,458334;3,037947;0,318449;0,458718;3,037396;0,317786;0,458697;3,037241;0,313681;0,462231;3,032311;0,309425;0,465046;3,029737;0,303769;0,469100;3,029004;0,281459;0,465404;3,031982;0,255763;0,481726;3,038174;0,293165;0,414903;3,061496;0,285345;0,420062;3,056649;0,197102;0,330327;3,049776;0,112027;0,360564;2,982153;0,311344;0,142399;3,093921;0,192758;0,168709;2,967912;0,446759;0,083841;2,990665;0,415459;0,076752;2,930520;0,571125;0,078133;3,458891;0,464235;0,049641;2,903641;0,697474;0,140279;4,281542;0,488704;0,068106;2,996901;0,626952;0,121236;3,995967;0,457967;0,072862;2,934751;0,165352;-0,112652;2,986639;0,062278;-0,108691;2,976817;0,178420;-0,466617;3,095287;0,060050;-0,486365;3,038298;0,184396;-0,814134;3,163741;0,037769;-0,850535;3,070636;0,147718;-0,869187;3,180216;0,008537;-0,886663;3,037896;0,272331;-0,898103;3,138343;0,144940;-0,951003;3,052364
00:00:06.800;205;3;4;4;2;-4,763356;-14,193094;-11,336499;50,256730;-9,511814;51,599858;-6,680817;-43,615707;-36,952850;36,881374;-107,563378;-22,592064;-104,490978;-21,233239;0,353258;0,432453;3,087709;0,350814;0,456959;3,079725;0,348700;0,457209;3,079367;0,348269;0,457195;3,079266;0,345597;0,460637;3,076035;0,342830;0,463615;3,074357;0,338005;0,466249;3,073876;0,314291;0,463821;3,075637;0,291225;0,479731;3,084361;0,322022;0,415049;3,095855;0,315810;0,419575;3,092873;0,211913;0,326413;3,052168;0,143800;0,366285;2,983332;0,330552;0,143001;3,128373;0,254861;0,200924;3,048438;0,459135;0,061899;3,052983;0,433252;0,078193;2,935241;0,551469;0,044591;3,316128;0,809160;0,051503;4,769313;0,631274;0,084989;3,850243;0,823756;0,063569;4,839572;0,582477;0,079279;3,687678;0,469337;0,058447;2,930911;0,166822;-0,117264;3,011465;0,058591;-0,110101;3,001354;0,177165;-0,472628;3,115429;0,058558;-0,488016;3,058308;0,175830;-0,811267;3,170217;0,029415;-0,846506;3,075628;0,139646;-0,865995;3,191119;0,003695;-0,880608;3,044317;0,262482;-0,899474;3,145747;0,126335;-0,954415;3,074493
00:00:06.833;206;5;4;6;3;-3,436419;30,271151;-7,933445;24,211790;86,492823;44,487412;-9,370803;-43,736454;-37,133316;81,169630;-98,539116;11,055245;126,885969;41,720516;0,373575;0,428596;3,111698;0,377708;0,451394;3,106347;0,376333;0,451557;3,106115;0,376054;0,451548;3,106049;0,371869;0,455921;3,102813;0,368865;0,458942;3,101290;0,363369;0,461728;3,100468;0,342200;0,455539;3,101426;0,316077;0,476625;3,109979;0,346679;0,411850;3,119401;0,340119;0,416859;3,115662;0,236628;0,304719;3,013917;0,163385;0,372123;3,000891;0,598732;0,200684;4,802430;0,277230;0,224256;3,000208;0,793061;0,053954;4,970091;0,450068;0,093559;2,924735;0,554502;0,019279;3,243285;0,724168;0,058257;4,212718;0,925770;0,041463;5,396064;0,714666;0,061516;4,145952;0,762753;0,047859;4,631612;0,805399;0,102035;4,780806;0,180213;-0,120383;3,030526;0,062718;-0,110812;3,011727;0,177409;-0,476296;3,126961;0,056382;-0,488341;3,066598;0,171328;-0,808950;3,172635;0,021739;-0,842743;3,078794;0,135521;-0,863600;3,197014;-0,001678;-0,876841;3,049083;0,254958;-0,901617;3,150916;0,111769;-0,955444;3,081370
00:00:06.866;207;5;4;6;3;0,560448;50,205595;3,485178;11,149797;89,011498;41,794440;-11,656915;-18,480222;-42,585649;-86,358674;-89,955430;6,495499;134,686950;46,960257;0,390197;0,423763;3,127065;0,398485;0,445333;3,122578;0,397592;0,445439;3,122427;0,397483;0,444358;3,122913;0,391075;0,450392;3,119005;0,387879;0,453400;3,117292;0,381883;0,457358;3,115755;0,364882;0,447816;3,117852;0,332077;0,473257;3,125288;0,366274;0,407582;3,135603;0,358323;0,412904;3,131320;0,255393;0,287089;2,973250;0,176050;0,375792;3,011302;0,791923;0,237836;5,881798;0,300426;0,230331;2,961478;1,029785;0,048414;6,134484;0,468292;0,097181;2,917282;0,559268;0,006446;3,156984;0,658465;0,059609;3,762340;1,117192;0,013171;6,400848;0,654032;0,060621;3,716858;1,034727;0,032398;5,966828;0,708067;0,090194;4,131574;0,190921;-0,123386;3,039614;0,069775;-0,111222;3,017089;0,177604;-0,478780;3,135109;0,053850;-0,488593;3,072244;0,169544;-0,808528;3,173926;0,015627;-0,841368;3,080660;0,132830;-0,863147;3,200608;-0,006270;-0,874667;3,049247;0,251106;-0,903748;3,152845;0,101286;-0,957411;3,090037
00:00:06.900;208;5;3;6;3;2,712963;52,244650;3,674925;23,574245;89,312754;40,807271;-12,804357;4,884412;-48,894934;-88,851991;83,557110;0,446765;-137,149099;-48,061439;0,400569;0,420196;3,133818;0,411513;0,440919;3,129687;0,410933;0,440988;3,129589;0,410936;0,439214;3,130437;0,403078;0,446301;3,125980;0,398617;0,449294;3,124121;0,392325;0,454029;3,122277;0,379230;0,442377;3,125476;0,342123;0,470612;3,132156;0,378678;0,404478;3,143525;0,368705;0,410019;3,139051;0,271289;0,268896;2,941833;0,181167;0,378567;3,021164;0,944836;0,230682;6,593108;0,301830;0,244904;2,926387;1,186120;0,047626;6,854748;0,475206;0,111714;2,902069;0,604952;-0,003159;3,318576;0,646811;0,076926;3,652655;0,958312;0,006549;5,385025;0,611977;0,068459;3,435124;1,201307;0,025291;6,746044;0,642315;0,090952;3,707571;0,198949;-0,125312;3,044891;0,075424;-0,109238;3,019185;0,178823;-0,479104;3,139459;0,051055;-0,487346;3,074083;0,168460;-0,807465;3,176212;0,012778;-0,840667;3,082581;0,132247;-0,859342;3,202912;-0,008149;-0,872504;3,050616;0,247496;-0,904142;3,154647;0,093255;-0,957634;3,092259
00:00:06.933;209;5;3;6;3;3,057244;52,432681;4,163725;33,084471;87,594594;4,000275;-13,410827;15,292839;-52,054621;-86,803184;77,351908;-2,661832;-173,047561;83,404486;0,405882;0,417595;3,136060;0,418648;0,437860;3,132928;0,418271;0,437905;3,132864;0,418273;0,436752;3,133415;0,409269;0,443156;3,127033;0,403990;0,447269;3,125052;0,397563;0,451417;3,123377;0,388011;0,439398;3,126209;0,347063;0,469453;3,132698;0,385246;0,402115;3,145939;0,373960;0,407781;3,141244;0,279010;0,258751;2,916402;0,179013;0,380481;3,028444;0,775906;0,173650;5,402114;0,301907;0,245173;2,905540;1,287738;0,047114;7,322920;0,480145;0,117092;2,894798;0,589231;-0,005882;3,185359;0,606917;0,080058;3,391392;0,819354;0,003635;4,530857;0,585839;0,074467;3,247025;1,096391;0,020673;6,067805;0,658848;0,100082;3,749060;0,205442;-0,126660;3,050613;0,079041;-0,107879;3,018592;0,179622;-0,480477;3,142396;0,045875;-0,486489;3,074982;0,168997;-0,807175;3,179281;0,009804;-0,840365;3,084397;0,131925;-0,858408;3,205802;-0,010483;-0,871169;3,051757;0,247434;-0,904346;3,155638;0,087978;-0,958206;3,091449
00:00:06.966;210;5;3;6;3;2,804469;52,491131;3,767776;37,665161;85,134024;2,236521;-13,491448;18,557248;-54,721908;-83,910759;72,538837;1,888452;-175,938354;86,128091;0,408185;0,415897;3,137457;0,420415;0,435277;3,130710;0,421112;0,435108;3,129233;0,421113;0,434359;3,129592;0,411841;0,441919;3,125364;0,406020;0,445602;3,123185;0,399514;0,449370;3,121652;0,392295;0,437153;3,124463;0,348697;0,468120;3,129172;0,388249;0,400457;3,146541;0,376030;0,406112;3,141007;0,282862;0,253097;2,898653;0,173226;0,381822;3,033945;0,662401;0,135387;4,626434;0,300782;0,246281;2,890717;1,353789;0,046781;7,627232;0,484259;0,125489;2,883128;0,576545;-0,015116;3,097026;0,581751;0,082047;3,219986;0,727645;-0,006817;3,973981;0,570856;0,077302;3,124215;0,901881;0,007482;4,970349;0,613848;0,096195;3,454957;0,209528;-0,129682;3,052455;0,081330;-0,109113;3,016057;0,181355;-0,482698;3,145487;0,042510;-0,487077;3,075728;0,169345;-0,806982;3,181261;0,008996;-0,840311;3,086101;0,131726;-0,859039;3,207942;-0,011994;-0,871069;3,051294;0,248549;-0,904502;3,156361;0,085621;-0,959098;3,088981
00:00:07.000;211;5;3;6;3;2,375492;52,479314;1,492507;39,927760;81,964244;3,980397;-13,249555;18,171820;-55,941216;-79,574905;67,443547;-2,636505;174,196771;-84,537388;0,408390;0,414642;3,137221;0,420327;0,434633;3,128533;0,422088;0,433561;3,128839;0,422089;0,433073;3,129071;0,412333;0,441068;3,123946;0,406171;0,444482;3,121715;0,399626;0,448015;3,120357;0,393911;0,435658;3,123067;0,348556;0,467166;3,126285;0,388860;0,399182;3,145365;0,376098;0,404884;3,139728;0,285621;0,248591;2,889647;0,166183;0,382798;3,038350;0,585711;0,106966;4,117991;0,292274;0,249603;2,886906;1,061684;0,024384;5,995961;0,485133;0,137287;2,877207;0,567186;-0,021116;3,039363;0,563026;0,090469;3,101424;0,665903;-0,013611;3,612062;0,559657;0,084341;3,042213;0,774425;-0,001126;4,263087;0,581773;0,100709;3,254049;0,212086;-0,131584;3,052263;0,082787;-0,109874;3,013293;0,182471;-0,485257;3,147299;0,040329;-0,488669;3,076774;0,169584;-0,808076;3,182784;0,009595;-0,841385;3,087151;0,131617;-0,859580;3,209820;-0,011865;-0,870874;3,050538;0,249234;-0,905611;3,156341;0,085142;-0,960005;3,084835
00:00:07.033;212;5;4;6;3;1,941003;52,684002;-1,366980;41,680167;78,111916;6,029443;-12,974307;18,283260;-56,517014;-73,984185;62,267818;8,829538;171,325117;-81,984557;0,408554;0,413859;3,137309;0,420420;0,434370;3,128235;0,421641;0,432613;3,129002;0,421642;0,432296;3,129153;0,411566;0,440569;3,123406;0,406368;0,443862;3,121516;0,399748;0,448325;3,119906;0,392693;0,434689;3,122183;0,347295;0,466500;3,124104;0,388078;0,398316;3,144310;0,374996;0,404080;3,138860;0,286135;0,246509;2,881454;0,159379;0,383411;3,041042;0,533355;0,087314;3,786071;0,277563;0,255172;2,887326;0,870839;0,009822;4,936230;0,485496;0,146972;2,872151;0,560410;-0,023969;3,003889;0,549467;0,097967;3,022494;0,624804;-0,018032;3,377368;0,550667;0,092989;2,985355;0,690691;-0,006728;3,804393;0,559312;0,106660;3,120325;0,213766;-0,132832;3,052386;0,083663;-0,109185;3,009039;0,183168;-0,485702;3,148007;0,038895;-0,487240;3,076038;0,170994;-0,809232;3,185523;0,009985;-0,842152;3,088085;0,131563;-0,860045;3,211464;-0,010669;-0,870562;3,049399;0,249691;-0,906373;3,156470;0,083653;-0,959905;3,079931
00:00:07.066;213;5;3;6;3;1,122086;52,772813;-2,876856;53,217270;74,355619;7,520459;-13,042752;18,064339;-56,905938;-67,930173;33,382401;4,723341;166,017011;77,325039;0,404988;0,414233;3,135418;0,415543;0,434925;3,125095;0,416337;0,433783;3,125593;0,416396;0,432504;3,126143;0,407362;0,441052;3,120738;0,402781;0,445382;3,118970;0,396156;0,449353;3,117484;0,384959;0,435043;3,120523;0,342905;0,465840;3,121165;0,383393;0,396969;3,137410;0,370674;0,404497;3,136730;0,284207;0,245005;2,874339;0,150534;0,383843;3,043059;0,497268;0,076880;3,572181;0,266812;0,256546;2,885994;0,745389;-0,000711;4,245550;0,493609;0,151580;2,915247;0,555548;-0,028998;2,978376;0,541326;0,100884;2,974879;0,598763;-0,023024;3,222695;0,545228;0,097642;2,950580;0,636936;-0,012501;3,504040;0,545317;0,108569;3,036762;0,213803;-0,133678;3,053262;0,082194;-0,108935;3,011770;0,183636;-0,486029;3,148716;0,035734;-0,486461;3,076511;0,171829;-0,809604;3,185810;0,009113;-0,842566;3,088383;0,132638;-0,861129;3,211088;-0,011004;-0,870563;3,049371;0,249918;-0,907759;3,155660;0,083857;-0,960473;3,078770
00:00:07.100;214;5;5;6;3;1,576943;47,979536;-26,690305;48,410825;86,867135;17,161892;-9,884971;-11,547947;-56,806887;-82,606065;33,104330;13,240170;159,406643;69,119114;0,394097;0,414953;3,129226;0,403835;0,435742;3,118236;0,404461;0,433995;3,119455;0,404500;0,433164;3,119813;0,394953;0,441779;3,113959;0,389669;0,445662;3,112390;0,381916;0,450419;3,110877;0,371414;0,435681;3,114283;0,328223;0,465785;3,114194;0,372504;0,397360;3,133943;0,359467;0,404271;3,131504;0,283805;0,250569;2,946994;0,140307;0,386204;3,043299;0,693868;0,142167;5,057016;0,261143;0,264033;2,888234;0,990711;-0,014402;5,686599;0,490853;0,151330;2,902145;0,552780;-0,030157;2,963898;0,535090;0,100902;2,950344;0,581033;-0,025214;3,123582;0,540210;0,098683;2,931348;0,819589;-0,021108;4,515151;0,535061;0,108960;2,987713;0,206895;-0,132938;3,049719;0,076675;-0,108493;3,005779;0,181553;-0,485983;3,147499;0,032551;-0,485793;3,075795;0,172404;-0,809995;3,186585;0,006298;-0,842645;3,087882;0,132206;-0,862088;3,211791;-0,013439;-0,871569;3,048989;0,250067;-0,908670;3,155167;0,084006;-0,961024;3,078595
00:00:07.133;215;5;6;6;3;1,429417;34,784278;-45,888941;40,901687;89,032623;29,900332;-9,122938;-33,159272;-53,420518;37,083322;29,813454;-33,750013;148,766240;-57,955458;0,383042;0,415898;3,120307;0,391060;0,436635;3,108359;0,392747;0,434558;3,110452;0,392772;0,434018;3,110684;0,381694;0,442535;3,103679;0,375903;0,446040;3,101688;0,367396;0,451239;3,099776;0,357368;0,436267;3,103475;0,313550;0,465878;3,103050;0,360307;0,395633;3,116128;0,348201;0,404551;3,122672;0,280289;0,257648;3,008270;0,132103;0,389540;3,031877;0,796017;0,206399;5,999434;0,264070;0,276598;2,892883;1,113219;-0,016867;6,493715;0,488505;0,152371;2,896558;0,549049;-0,030923;2,955604;0,529726;0,104031;2,932982;0,567562;-0,026648;3,060205;0,537205;0,099409;2,920244;1,045007;-0,027336;5,793786;0,529025;0,108290;2,959367;0,196613;-0,130064;3,043079;0,071908;-0,108053;2,997618;0,176612;-0,485508;3,143832;0,030485;-0,486542;3,075735;0,172783;-0,810275;3,187189;0,003345;-0,842596;3,087190;0,131925;-0,862701;3,212212;-0,017253;-0,872709;3,050438;0,250177;-0,909308;3,155008;0,084106;-0,961414;3,078586
00:00:07.166;216;4;5;6;2;-0,575429;15,561615;-41,942284;35,733053;87,020662;33,756217;-9,897450;-38,505344;-33,470450;82,435836;-29,626127;39,333499;142,698733;50,224236;0,374058;0,411098;3,099108;0,382171;0,431865;3,087682;0,383268;0,430514;3,089043;0,383284;0,430163;3,089194;0,372715;0,437872;3,084308;0,366766;0,441301;3,083305;0,357811;0,445666;3,081194;0,348016;0,433781;3,084055;0,303997;0,461888;3,083691;0,351524;0,390028;3,086665;0,339735;0,399960;3,106071;0,274880;0,264763;3,038150;0,127291;0,376846;3,010041;0,623719;0,173032;4,898758;0,249154;0,227795;2,896907;0,887961;-0,000078;5,225691;0,475797;0,117139;2,882010;0,542948;-0,016471;2,941787;0,520617;0,075391;2,913700;0,554651;-0,009506;3,002186;0,529557;0,076568;2,904804;0,856051;-0,006890;4,770124;0,517113;0,086449;2,925335;0,184167;-0,128004;3,034108;0,065584;-0,110003;2,994046;0,170181;-0,485834;3,145554;0,029145;-0,488197;3,076003;0,173076;-0,810673;3,188433;0,000304;-0,842370;3,086028;0,131767;-0,864437;3,213105;-0,020853;-0,873743;3,052403;0,250350;-0,908942;3,156179;0,085430;-0,962070;3,083467
00:00:07.200;217;4;5;6;1;-3,164881;-6,344892;-35,414107;41,910439;83,986856;57,305495;-10,264425;-38,443389;-17,263684;81,586675;-37,474885;-21,695648;-115,910251;30,523420;0,372701;0,397947;3,049961;0,379513;0,420480;3,037703;0,380226;0,419602;3,038588;0,379169;0,419378;3,038718;0,371235;0,425468;3,035599;0,365182;0,428722;3,034607;0,358025;0,433556;3,039905;0,344553;0,426371;3,045657;0,305571;0,450686;3,049820;0,349915;0,378279;3,045944;0,339736;0,387677;3,064946;0,276636;0,272400;3,053639;0,126013;0,359128;2,988415;0,542897;0,162916;4,301580;0,226475;0,182173;2,894806;0,754006;0,016995;4,395162;0,464851;0,088994;2,868662;0,587720;-0,001357;3,124115;0,516102;0,048387;2,915268;0,554026;0,003709;2,961034;0,524064;0,053359;2,897709;0,741701;0,008497;4,105381;0,507089;0,065992;2,902056;0,177254;-0,123426;3,029722;0,062604;-0,110267;2,993972;0,164650;-0,480834;3,142494;0,027163;-0,488335;3,077320;0,173247;-0,812001;3,188882;-0,001672;-0,842096;3,084806;0,131683;-0,866859;3,214145;-0,023192;-0,874391;3,053596;0,251658;-0,908871;3,157523;0,085170;-0,962545;3,086797
00:00:07.233;218;4;5;5;3;-4,522331;-20,798375;-27,400082;49,998290;78,362769;89,464581;-10,566631;-34,059632;-7,920009;79,059036;-42,958304;10,580827;-85,549500;6,763937;0,373427;0,396471;3,030868;0,378955;0,419732;3,014409;0,379418;0,419162;3,014984;0,377577;0,420015;3,014489;0,371367;0,424006;3,012687;0,365544;0,427518;3,014257;0,358775;0,431803;3,018112;0,341820;0,428822;3,026032;0,305817;0,448201;3,030835;0,351150;0,377390;3,038995;0,340634;0,385039;3,046104;0,278681;0,281686;3,073660;0,126318;0,347773;2,975820;0,490990;0,158904;3,918506;0,204984;0,149695;2,904314;0,666333;0,029176;3,857792;0,453471;0,069736;2,866003;0,916752;0,029181;4,805629;0,513012;0,031902;2,927734;0,647515;0,020312;3,432370;0,516893;0,039338;2,896540;0,666391;0,020593;3,673643;0,495839;0,053765;2,889746;0,173840;-0,116040;3,026511;0,060663;-0,108252;2,993734;0,160891;-0,473669;3,137175;0,027005;-0,486352;3,079260;0,173366;-0,812906;3,189335;-0,002958;-0,842124;3,084766;0,132757;-0,868162;3,213820;-0,024712;-0,874810;3,054361;0,252448;-0,908606;3,157636;0,085146;-0,963381;3,094286
00:00:07.266;219;4;3;5;3;-2,556387;-26,393433;-13,909321;63,778806;68,921832;8,560176;-11,855144;-23,100646;4,720914;73,500573;-37,818339;27,220718;-3,939848;82,257096;0,375232;0,407924;3,029117;0,379988;0,430626;3,010247;0,380290;0,430255;3,010621;0,379093;0,430810;3,010299;0,370495;0,436445;3,007581;0,363536;0,439946;3,009422;0,355878;0,444938;3,012081;0,342818;0,438825;3,018494;0,303478;0,457623;3,026279;0,352554;0,386304;3,039628;0,342170;0,393219;3,042241;0,304495;0,291467;3,113586;0,123755;0,343847;2,979221;0,463880;0,154242;3,675709;0,140099;0,143245;2,929469;0,838025;0,049380;4,862981;0,371023;0,060532;2,876975;1,157663;0,017129;6,170455;0,420200;0,021178;2,916305;0,995028;0,017825;5,362577;0,432103;0,031273;2,894957;0,802883;0,027319;4,475505;0,417205;0,046945;2,888826;0,194721;-0,110147;3,024647;0,068082;-0,102548;2,992342;0,169074;-0,468833;3,140275;0,032521;-0,477311;3,081195;0,173449;-0,811193;3,189712;-0,003794;-0,839979;3,085044;0,132318;-0,865717;3,214412;-0,024597;-0,873159;3,055917;0,250682;-0,908506;3,157958;0,079736;-0,952290;3,061675
00:00:07.300;220;4;3;5;3;-1,118163;-28,936921;-7,812573;77,063864;40,677897;29,425646;-12,715514;-14,898237;13,294104;54,158313;-17,167154;24,492340;-170,682811;86,702945;0,385719;0,417088;3,040099;0,389970;0,440668;3,019897;0,391333;0,440495;3,020590;0,390555;0,440856;3,020381;0,377590;0,445852;3,012885;0,368449;0,448959;3,012345;0,359010;0,454313;3,013508;0,355146;0,446234;3,019548;0,308038;0,465739;3,028960;0,366015;0,393642;3,051693;0,350886;0,399759;3,048819;0,326558;0,299536;3,145147;0,130158;0,342405;2,991278;0,417954;0,136253;3,395026;0,109736;0,140958;2,940166;0,950614;0,011630;5,757705;0,332129;0,074970;2,895263;0,927507;-0,007591;5,035145;0,380152;0,046949;2,911359;0,825612;-0,006030;4,507501;0,393507;0,062746;2,891047;0,695068;0,003088;3,947999;0,380098;0,075225;2,891453;0,212774;-0,109029;3,038130;0,082757;-0,098891;2,993086;0,180458;-0,466469;3,147628;0,041736;-0,473810;3,083317;0,173465;-0,808745;3,189269;-0,002092;-0,838488;3,084868;0,132009;-0,861627;3,214196;-0,021171;-0,871374;3,054429;0,248473;-0,907619;3,159312;0,076262;-0,945651;3,042318
00:00:07.333;221;3;2;3;3;0,543747;-30,208534;-5,954328;83,406625;5,302138;65,702369;-13,108494;-11,297932;17,772596;21,772042;-52,834412;0,435063;-167,306532;84,095842;0,399835;0,424761;3,043691;0,401211;0,447455;3,020617;0,403343;0,447502;3,022112;0,402857;0,448859;3,022117;0,387262;0,452562;3,013062;0,378105;0,455768;3,013286;0,367337;0,461138;3,012116;0,366236;0,451884;3,018504;0,315275;0,471910;3,029392;0,380186;0,400474;3,058237;0,363064;0,404939;3,051737;0,342394;0,304077;3,158497;0,136619;0,343908;3,001261;0,389496;0,123618;3,215566;0,097473;0,139350;2,944498;0,799241;-0,000961;4,823557;0,323704;0,080781;2,895261;0,788972;-0,026654;4,287847;0,374306;0,052103;2,909092;0,728365;-0,025678;3,946717;0,401213;0,080724;2,995195;0,639189;-0,014551;3,588302;0,384513;0,096207;2,978018;0,229618;-0,108112;3,041473;0,096562;-0,096444;2,991319;0,193540;-0,463518;3,134979;0,070671;-0,472455;3,068835;0,172205;-0,801673;3,145154;0,039086;-0,837070;3,047108;0,129686;-0,844642;3,135578;0,011439;-0,874813;3,024066;0,252469;-0,910511;3,156293;0,123159;-0,934396;2,983789
00:00:07.366;222;3;2;3;3;-2,635977;-30,955518;3,957309;83,289168;5,038584;66,919652;-11,071662;-9,177589;10,761527;16,882853;-43,541753;-2,349776;-161,577492;-78,979286;0,398856;0,419163;2,944549;0,397231;0,441285;2,918943;0,398617;0,441315;2,919914;0,397177;0,443045;2,918998;0,385021;0,444421;2,912872;0,376976;0,447372;2,912226;0,366918;0,451755;2,910843;0,360434;0,445959;2,916369;0,316376;0,462320;2,931862;0,379488;0,395810;2,964635;0,365097;0,399501;2,958786;0,337050;0,305951;3,060188;0,150753;0,332288;2,906688;0,369996;0,121031;3,108460;0,108429;0,110320;2,891711;0,688202;-0,002309;4,160025;0,343537;0,038948;2,842218;0,693889;-0,028705;3,821566;0,398271;0,002959;2,862963;0,662042;-0,031383;3,605874;0,418943;0,031913;2,907563;0,597350;-0,020822;3,365411;0,402065;0,048972;2,896209;0,230227;-0,104549;2,958637;0,106310;-0,096202;2,933652;0,198529;-0,454211;3,076570;0,094055;-0,476484;3,015626;0,175829;-0,803694;3,116211;0,081462;-0,841424;3,010815;0,134990;-0,835596;3,068182;0,046068;-0,881854;2,988288;0,271310;-0,915282;3,168269;0,181887;-0,946224;2,988828
00:00:07.400;223;3;3;3;3;-2,900626;-27,604042;5,683800;85,095511;2,169713;78,537481;-11,035786;-16,330501;12,407821;2,141283;-28,206629;10,747157;154,395010;-74,151133;0,410889;0,422064;2,931417;0,409351;0,444404;2,911538;0,409239;0,445523;2,912457;0,407236;0,446634;2,911778;0,400402;0,447542;2,907880;0,393039;0,450489;2,907294;0,384448;0,454453;2,906780;0,368269;0,450466;2,915679;0,333632;0,464749;2,928654;0,388794;0,399495;2,952212;0,377275;0,402926;2,948169;0,335969;0,310453;3,026827;0,171548;0,331470;2,895217;0,337023;0,119274;3,036949;0,117701;0,101312;2,881457;0,609839;0,008482;3,723337;0,362606;0,022600;2,859895;0,624742;-0,007577;3,506919;0,419475;-0,013448;2,874881;0,608894;-0,001698;3,376321;0,438505;0,010624;2,905841;0,561266;0,004071;3,218770;0,421067;0,029108;2,897634;0,231366;-0,104498;2,939422;0,120713;-0,098708;2,913052;0,202715;-0,450033;3,036670;0,115801;-0,479653;2,984354;0,181772;-0,808266;3,101272;0,114705;-0,844835;2,992968;0,140687;-0,834591;3,026470;0,073810;-0,885832;2,963079;0,282591;-0,899005;3,109152;0,218068;-0,953465;2,994102
00:00:07.433;224;3;3;3;3;-3,341161;-27,052820;6,737172;87,282092;-1,909632;91,631525;-10,329062;-20,728650;13,795940;-12,644518;-75,053916;-10,724154;144,052772;-65,287225;0,422060;0,425150;2,931043;0,420909;0,446982;2,917127;0,419699;0,447634;2,917238;0,417337;0,449426;2,916828;0,413958;0,450015;2,914287;0,407022;0,452973;2,913764;0,399311;0,456619;2,913454;0,375469;0,454641;2,923137;0,346883;0,467565;2,934274;0,396891;0,402865;2,951169;0,388340;0,405106;2,948612;0,333461;0,315877;3,018213;0,183398;0,332676;2,893742;0,303490;0,117905;2,984778;0,121808;0,099745;2,878406;0,540389;0,018826;3,451104;0,377318;0,018349;2,888229;0,563770;0,005089;3,301919;0,725118;-0,043137;4,725316;0,561298;0,017578;3,226077;0,453014;0,007353;2,915685;0,523701;0,023446;3,122345;0,434891;0,022563;2,907923;0,231978;-0,105954;2,938629;0,132834;-0,101846;2,912164;0,209062;-0,448105;3,016009;0,132347;-0,482555;2,969100;0,188126;-0,807753;3,078448;0,137352;-0,845796;2,980746;0,148697;-0,835083;2,999609;0,092880;-0,888259;2,946172;0,305341;-0,881842;3,044327;0,245110;-0,956502;2,988976
00:00:07.466;225;3;3;3;3;-3,391571;-27,751602;5,464737;88,887299;-6,950102;98,376127;-9,986344;-24,341104;15,521269;-21,460187;-72,399552;11,216654;126,509884;54,770494;0,430176;0,422626;2,936459;0,430463;0,445372;2,920170;0,428483;0,446733;2,919399;0,425838;0,447851;2,918830;0,423595;0,449250;2,916868;0,417979;0,452191;2,916235;0,409842;0,455691;2,916465;0,384352;0,456202;2,927450;0,357658;0,468347;2,938070;0,403728;0,402320;2,954054;0,395858;0,404697;2,951248;0,331894;0,318372;3,013190;0,190267;0,335934;2,895911;0,286281;0,115671;2,943337;0,125293;0,099599;2,871463;0,488822;0,027115;3,235539;0,383754;0,021785;2,883919;0,518515;0,011125;3,159534;0,634141;-0,032935;4,099398;0,520249;0,026431;3,097827;0,461319;0,015760;2,908757;0,488429;0,034262;3,022764;0,441090;0,028713;2,896899;0,232399;-0,106912;2,938397;0,139730;-0,103939;2,913033;0,214305;-0,446920;3,003036;0,143346;-0,485171;2,963588;0,194449;-0,812862;3,079871;0,155392;-0,851745;2,991381;0,155165;-0,837425;2,985484;0,107382;-0,888675;2,934854;0,313352;-0,874577;3,008208;0,259508;-0,957636;2,986402
00:00:07.500;226;3;3;3;3;-3,493152;-30,261241;-1,513992;80,660035;-0,465104;69,639804;-11,371303;-23,242869;13,026965;-0,473979;-65,494852;-15,058809;100,551488;34,573278;0,443845;0,417469;2,945586;0,445639;0,440475;2,924923;0,444143;0,442236;2,923128;0,441312;0,442920;2,922472;0,439061;0,445151;2,922912;0,433207;0,448066;2,922069;0,424280;0,452045;2,919391;0,401293;0,453408;2,926312;0,372868;0,466287;2,937840;0,416430;0,399378;2,960785;0,407580;0,401555;2,955592;0,346375;0,318912;3,020398;0,205668;0,338612;2,902081;0,346151;0,117025;3,018068;0,167698;0,101402;2,861961;0,551709;0,019203;3,172973;0,420503;0,010364;2,894321;0,585588;-0,006464;3,100636;0,597051;-0,041110;3,684450;0,589630;0,005679;3,059070;0,491241;-0,004089;2,905771;0,560043;0,016182;3,014084;0,473731;0,009614;2,897305;0,239084;-0,107533;2,938211;0,145211;-0,103139;2,912456;0,223592;-0,447001;3,000307;0,151578;-0,485820;2,960140;0,200358;-0,815580;3,074355;0,168610;-0,857396;3,004522;0,161615;-0,840472;2,977872;0,118816;-0,889287;2,925152;0,314910;-0,873730;2,990618;0,267647;-0,957918;2,983316
00:00:07.533;227;3;3;4;3;-3,377755;-34,093590;-7,862166;74,028132;-3,784371;45,367664;-13,374893;-20,466868;12,808955;15,428069;-56,784126;18,190329;68,498161;7,175578;0,462268;0,411826;2,950530;0,464637;0,434754;2,925234;0,463546;0,436862;2,923373;0,460604;0,437274;2,922721;0,457975;0,439699;2,922404;0,451000;0,442673;2,921969;0,443180;0,447487;2,920900;0,421173;0,449807;2,927843;0,390930;0,462406;2,935094;0,434371;0,394175;2,964820;0,425026;0,397458;2,959193;0,370460;0,320371;3,035592;0,219858;0,340268;2,905364;0,420954;0,120007;3,061736;0,200501;0,103213;2,845349;0,611790;0,009682;3,106009;0,435915;-0,003356;2,894518;0,649302;-0,026114;3,039452;0,566569;-0,054739;3,408648;0,655668;-0,018265;3,014483;0,506450;-0,026354;2,898037;0,625037;-0,005057;2,986564;0,492611;-0,011117;2,890579;0,250683;-0,103578;2,935611;0,150749;-0,100414;2,909475;0,231915;-0,447248;2,999834;0,160046;-0,485944;2,956100;0,204241;-0,818627;3,071385;0,173783;-0,856510;2,993376;0,165933;-0,841983;2,975068;0,125190;-0,890740;2,918835;0,330952;-0,867965;2,961498;0,278049;-0,958198;2,978255
00:00:07.566;228;3;3;3;3;-2,864823;-79,027246;-1,024270;69,180779;-17,741862;99,389271;-62,043557;88,045498;15,351992;-78,164857;-50,636819;-17,159225;-67,572475;18,046469;0,474270;0,407763;2,966916;0,477839;0,431430;2,943104;0,475751;0,433630;2,940134;0,472655;0,433809;2,939095;0,470831;0,436366;2,938197;0,463842;0,440196;2,936122;0,456262;0,444092;2,933331;0,431792;0,444061;2,934693;0,402546;0,458756;2,939862;0,445530;0,389992;2,978140;0,435382;0,393634;2,969254;0,618832;0,511129;4,874054;0,228047;0,342439;2,907795;0,373118;0,112522;2,983488;0,219531;0,105752;2,843236;0,537635;-0,003689;3,021045;0,443008;-0,009079;2,889486;0,851028;-0,112829;4,894860;0,544036;-0,060349;3,225861;0,594294;-0,037807;2,974164;0,511859;-0,036599;2,891469;0,569628;-0,022827;2,952699;0,499629;-0,020401;2,886106;0,252586;-0,103020;2,930468;0,154457;-0,099766;2,909506;0,234843;-0,450113;2,995788;0,164552;-0,486237;2,954757;0,205658;-0,822872;3,069576;0,174832;-0,855211;2,983617;0,167506;-0,846521;2,970582;0,128311;-0,891922;2,915501;0,335819;-0,868323;2,949267;0,285838;-0,958211;2,974438
00:00:07.600;229;3;3;3;3;-3,724288;-68,189112;4,798881;73,018198;-14,115563;95,366715;-53,968553;84,048303;15,045163;-75,508810;-52,984895;8,739646;-71,628844;15,344366;0,770174;0,652381;4,806942;0,781829;0,700352;4,830735;0,802116;0,723915;4,982590;0,733997;0,667238;4,587302;0,510037;0,470454;3,189384;0,466196;0,440036;2,955190;0,458566;0,443155;2,949985;0,432655;0,442889;2,949214;0,405101;0,459075;2,953449;0,445324;0,388530;2,988083;0,436486;0,393039;2,981942;0,525622;0,445555;4,253474;0,233701;0,345385;2,913335;0,328874;0,105042;2,947933;0,200637;0,107923;2,855212;0,479206;-0,014580;2,975436;0,435073;-0,010669;2,879303;0,915908;-0,152625;5,759531;0,521784;-0,060948;3,111862;0,543038;-0,049493;2,949531;0,521860;-0,038959;2,953790;0,523806;-0,032236;2,928441;0,509551;-0,022909;2,957478;0,247707;-0,103836;2,930326;0,157076;-0,100535;2,913277;0,235830;-0,453395;2,995328;0,166489;-0,487736;2,955299;0,206750;-0,828551;3,070921;0,174398;-0,854190;2,976657;0,168470;-0,851333;2,966659;0,129306;-0,892861;2,913893;0,336353;-0,872158;2,946241;0,288979;-0,958995;2,974362
00:00:07.633;230;3;2;3;3;-4,374833;-59,940523;8,734943;76,770009;-10,673783;99,577449;-43,751223;77,329449;13,984888;-71,471967;-47,984394;2,669380;-65,391854;22,089773;0,988859;0,857362;6,248114;0,694744;0,635604;4,349576;0,686945;0,631716;4,319497;0,634515;0,589062;4,016362;0,492567;0,463653;3,124363;0,459067;0,442156;2,953496;0,451589;0,444878;2,947625;0,420667;0,445599;2,945969;0,397293;0,460261;2,947842;0,438323;0,389577;2,984768;0,432302;0,394346;2,986469;0,447830;0,401278;3,803233;0,234644;0,346410;2,909526;0,293834;0,098736;2,911903;0,185056;0,107132;2,860091;0,439036;-0,020786;2,962039;0,428393;-0,009612;2,869379;0,958079;-0,178492;6,321568;0,506363;-0,061213;3,031991;0,510799;-0,058317;2,983641;0,515199;-0,039522;2,925480;0,494021;-0,038351;2,912674;0,502612;-0,022846;2,931655;0,241223;-0,104314;2,928791;0,158654;-0,100956;2,913483;0,236477;-0,457718;2,995091;0,167714;-0,488614;2,955066;0,207631;-0,831810;3,074320;0,174015;-0,853029;2,970407;0,169029;-0,853042;2,962929;0,127868;-0,893721;2,913656;0,344156;-0,871964;2,935293;0,295149;-0,958875;2,972363
00:00:07.666;231;3;3;3;3;-6,776180;-52,378428;-6,597036;58,922386;-11,015114;94,472414;-33,137938;65,043129;12,271544;-63,886987;-38,919803;1,191514;-63,922620;13,731266;0,809583;0,700575;5,094196;0,615398;0,566366;3,854738;0,609260;0,563838;3,835187;0,574001;0,537076;3,637441;0,482826;0,455582;3,057793;0,458901;0,442662;2,946634;0,452995;0,446575;2,949883;0,420461;0,447465;2,944540;0,399037;0,460428;2,947169;0,441375;0,390404;2,975532;0,436399;0,394593;2,976739;0,393015;0,366022;3,489702;0,249042;0,345032;2,907618;0,310132;0,090547;2,931276;0,263073;0,111356;2,851788;0,471803;-0,028463;2,984200;0,498396;-0,017105;2,852032;0,907416;-0,169881;5,525132;0,566989;-0,063929;2,955415;0,941507;-0,144558;4,822258;0,578237;-0,046703;2,883607;0,914995;-0,125990;4,787719;0,561087;-0,031796;2,888548;0,232793;-0,102515;2,928382;0,160903;-0,099204;2,916519;0,231958;-0,459329;2,987230;0,168459;-0,489038;2,954037;0,207991;-0,835311;3,073390;0,177226;-0,853346;2,970068;0,167114;-0,856709;2,958211;0,129005;-0,893943;2,912408;0,346445;-0,877090;2,931500;0,295131;-0,958668;2,974018
00:00:07.700;232;3;3;3;3;-9,645801;-48,015652;-17,821217;45,465138;-10,326848;83,724501;-23,999591;46,294615;12,719574;-51,850623;-28,163037;4,677917;-64,738488;28,452784;0,692812;0,595238;4,342652;0,564380;0,516625;3,529902;0,559365;0,515018;3,517444;0,535377;0,497619;3,388886;0,478144;0,445623;3,011492;0,460444;0,438272;2,939117;0,455538;0,440812;2,941210;0,423545;0,444402;2,943653;0,404328;0,455035;2,945802;0,444121;0,388519;2,967469;0,439637;0,392164;2,967088;0,353490;0,341287;3,278481;0,264366;0,341591;2,902661;0,323689;0,085399;2,950746;0,323523;0,114687;2,835995;0,493102;-0,033452;2,998605;0,551565;-0,025912;2,829627;0,793191;-0,145235;4,618988;0,613962;-0,068362;2,891035;1,228931;-0,206331;6,010231;0,625520;-0,055170;2,845188;1,185128;-0,161417;5,989443;0,605219;-0,041436;2,848121;0,218369;-0,101129;2,921709;0,163055;-0,097852;2,911992;0,224214;-0,459325;2,975360;0,168759;-0,488782;2,950160;0,206761;-0,837280;3,067608;0,180837;-0,855579;2,976898;0,166999;-0,859386;2,956149;0,131814;-0,893772;2,910570;0,331551;-0,887642;2,956456;0,293973;-0,958326;2,974450
00:00:07.733;233;3;4;3;3;-10,675132;-44,923276;-18,713839;43,739643;-9,303839;82,890104;-17,684410;24,696336;11,859850;-39,839832;-20,557228;-9,645571;-56,817585;-33,277250;0,615521;0,531452;3,872580;0,526664;0,487154;3,323731;0,523405;0,486110;3,315633;0,506342;0,475486;3,229475;0,470222;0,441701;2,984254;0,456529;0,437940;2,936870;0,451339;0,439723;2,939114;0,418833;0,444235;2,940985;0,402143;0,453368;2,942930;0,441135;0,388906;2,966316;0,437006;0,392231;2,965144;0,328201;0,326687;3,145328;0,269545;0,339939;2,904479;0,318818;0,081381;2,936961;0,331991;0,116470;2,840971;0,507905;-0,034636;3,019740;0,562025;-0,025647;2,826121;0,712983;-0,126801;4,021277;0,617647;-0,063472;2,864559;1,398668;-0,228677;6,786504;0,630257;-0,051749;2,830156;0,977741;-0,131428;4,930290;0,609819;-0,040776;2,831593;0,209895;-0,101205;2,915024;0,164249;-0,096856;2,905484;0,218917;-0,458747;2,963941;0,167727;-0,488157;2,944876;0,205862;-0,837044;3,062378;0,181723;-0,855296;2,975304;0,166985;-0,860366;2,955883;0,132610;-0,893850;2,909991;0,323665;-0,905501;3,012842;0,292618;-0,958612;2,979688
00:00:07.766;234;3;4;3;3;-7,752368;-40,580771;-10,361603;54,193709;-10,899628;67,825620;-14,063090;3,196786;8,942405;-27,637079;-38,642956;24,567825;-67,866247;21,682097;0,819830;0,771703;5,522350;0,485616;0,473998;3,193977;0,483444;0,474334;3,188327;0,471205;0,467346;3,131784;0,448686;0,448900;2,995320;0,433722;0,442011;2,935521;0,426983;0,444044;2,935729;0,399265;0,448866;2,935389;0,378320;0,456626;2,941477;0,679364;0,655007;4,917159;0,621394;0,611831;4,579476;0,311766;0,320469;3,069800;0,247513;0,338861;2,905627;0,308997;0,080032;2,935689;0,273860;0,105528;2,855888;0,491521;-0,034623;2,968533;0,515853;-0,029701;2,833186;0,638206;-0,114943;3,636666;0,571837;-0,067376;2,883920;1,094023;-0,176830;5,431233;0,591636;-0,052641;2,879280;0,814434;-0,110489;4,226846;0,569713;-0,040916;2,861175;0,205552;-0,106600;2,912283;0,164095;-0,103667;2,903440;0,216707;-0,459794;2,958769;0,167182;-0,491330;2,943662;0,205337;-0,836016;3,059846;0,182223;-0,855837;2,973035;0,168049;-0,859915;2,955670;0,132096;-0,894087;2,910220;0,329481;-0,896213;2,987197;0,292821;-0,958781;2,983043
00:00:07.800;235;3;3;4;3;-5,067720;-36,275306;-4,354964;62,711820;-10,967281;59,879936;-11,320216;-6,708660;7,668841;-18,333289;-36,608626;23,299309;-76,400901;-12,410495;0,952631;0,927867;6,594701;0,452001;0,468099;3,105963;0,448036;0,467623;3,091004;0,439989;0,464031;3,053555;0,423030;0,450734;2,963266;0,409665;0,446729;2,920690;0,402909;0,448758;2,918645;0,377491;0,452879;2,918025;0,352623;0,459428;2,924811;0,578423;0,576334;4,289821;0,527633;0,539746;4,008422;0,297976;0,317597;3,021677;0,225451;0,337555;2,901152;0,296830;0,079030;2,930106;0,224436;0,094166;2,863515;0,472314;-0,032442;2,927164;0,474846;-0,033309;2,833246;0,579199;-0,099347;3,368592;0,529279;-0,070431;2,876050;0,887176;-0,134607;4,548321;0,550522;-0,052528;2,873296;0,697645;-0,089111;3,750528;0,530648;-0,040704;2,858929;0,202711;-0,110096;2,910239;0,164022;-0,109169;2,902586;0,215039;-0,458902;2,952200;0,166637;-0,492822;2,939496;0,205259;-0,833078;3,062146;0,181404;-0,854805;2,970504;0,168833;-0,856858;2,957138;0,131777;-0,894345;2,910710;0,328367;-0,884962;2,974641;0,292015;-0,959391;2,986780
00:00:07.833;236;3;3;4;3;-3,447634;-33,376959;-0,904542;68,384834;-9,845061;55,647510;-9,148354;-10,881079;7,915139;-12,188870;-30,751593;-21,231260;-81,984807;-5,587512;0,798807;0,802271;5,622105;0,425208;0,465119;3,027258;0,422500;0,465698;3,016535;0,416065;0,463166;2,990971;0,402862;0,453369;2,931602;0,391869;0,451535;2,902207;0,384188;0,453687;2,899575;0,361432;0,456393;2,899342;0,334276;0,461385;2,908307;0,650955;0,681521;4,968069;0,467284;0,495555;3,633297;0,289324;0,318229;2,993760;0,208764;0,335204;2,894323;0,289055;0,080544;2,927903;0,190063;0,086693;2,865008;0,456721;-0,031025;2,900301;0,446798;-0,035722;2,838115;0,538554;-0,089179;3,193095;0,500772;-0,072451;2,872196;0,749081;-0,105940;3,965489;0,521774;-0,052462;2,869765;0,618495;-0,075203;3,440267;0,503224;-0,040570;2,857768;0,204070;-0,112387;2,909364;0,163984;-0,111696;2,902197;0,215252;-0,457732;2,951034;0,166467;-0,494346;2,940065;0,205501;-0,831229;3,068019;0,182128;-0,854964;2,971745;0,169312;-0,852564;2,957558;0,132604;-0,894345;2,910479;0,332434;-0,875115;2,961476;0,291253;-0,958997;2,986746
00:00:07.866;237;3;3;3;3;-2,077992;-31,031253;-0,106579;70,931882;-9,164840;53,528342;-7,667137;-11,528657;8,192857;-9,414335;-27,751073;20,427437;-84,855425;0,854309;0,783967;0,822024;5,669846;0,405425;0,461799;2,973988;0,403559;0,463089;2,966188;0,398162;0,462277;2,948254;0,386367;0,454760;2,909003;0,376058;0,453524;2,889625;0,367832;0,455824;2,887033;0,349932;0,458651;2,887036;0,318240;0,462785;2,898366;0,549285;0,585102;4,246065;0,425752;0,465563;3,388048;0,285313;0,321420;2,981381;0,195844;0,332672;2,890287;0,285056;0,083653;2,926375;0,170762;0,080745;2,864082;0,445590;-0,029070;2,883125;0,428519;-0,036249;2,840927;0,512168;-0,080488;3,079226;0,481288;-0,074822;2,870255;0,664016;-0,086840;3,620478;0,503632;-0,052479;2,870798;0,570248;-0,064472;3,264535;0,484512;-0,040497;2,857978;0,211404;-0,113929;2,910113;0,163811;-0,113234;2,899321;0,217785;-0,455328;2,953572;0,165327;-0,494387;2,941157;0,205399;-0,827867;3,067952;0,182533;-0,854758;2,971475;0,169535;-0,848258;2,956291;0,133134;-0,894289;2,910148;0,339972;-0,865500;2,949202;0,291969;-0,957781;2,977019
00:00:07.900;238;3;3;3;3;-1,348152;-30,417507;1,683943;73,220430;-8,683585;53,850272;-6,716981;-10,742174;9,333415;-8,561555;-25,318021;-22,905977;-80,947577;1,991755;0,633298;0,677863;4,634788;0,391175;0,461299;2,936654;0,389874;0,463069;2,930893;0,385226;0,463458;2,918460;0,375418;0,457456;2,892490;0,365483;0,457546;2,878984;0,356990;0,459007;2,877088;0,341200;0,461893;2,877142;0,308624;0,465402;2,889532;0,483252;0,526891;3,785786;0,398498;0,447897;3,226472;0,281760;0,324727;2,974737;0,187425;0,330987;2,887307;0,280195;0,087755;2,923942;0,152012;0,078992;2,864587;0,439201;-0,024759;2,884681;0,406067;-0,036571;2,841096;0,494634;-0,072836;3,009329;0,456781;-0,075253;2,866446;0,609697;-0,072344;3,401958;0,481768;-0,052412;2,867172;0,538677;-0,054353;3,155589;0,464750;-0,039382;2,856001;0,216082;-0,113827;2,909453;0,162625;-0,114219;2,897094;0,218232;-0,452439;2,953570;0,164636;-0,494566;2,942770;0,205501;-0,825236;3,070427;0,182860;-0,854923;2,972339;0,168641;-0,844567;2,956109;0,129296;-0,895709;2,911221;0,346485;-0,855915;2,937032;0,293571;-0,957182;2,971291
00:00:07.933;239;3;3;3;3;-1,152193;-30,132060;1,670018;74,337950;-8,665273;60,811467;-5,899290;-11,148419;10,154876;-8,291017;-24,900555;22,406634;-48,523326;-24,310646;0,547117;0,595327;4,035867;0,383973;0,461984;2,912181;0,383127;0,463134;2,908436;0,378958;0,464298;2,899538;0,370451;0,459293;2,882283;0,361817;0,460273;2,872761;0,353088;0,462149;2,870827;0,336600;0,465091;2,871022;0,304442;0,468113;2,883567;0,441466;0,489132;3,487159;0,381725;0,437331;3,120419;0,279245;0,327706;2,968215;0,182992;0,330923;2,885225;0,276693;0,092418;2,918668;0,143829;0,077754;2,861204;0,445807;-0,021253;2,958396;0,396706;-0,035751;2,841676;0,484656;-0,065808;2,966194;0,447343;-0,076618;2,865624;0,575893;-0,061956;3,268768;0,473769;-0,052484;2,871139;0,524741;-0,047071;3,118461;0,455651;-0,038711;2,858840;0,219236;-0,113817;2,910474;0,161908;-0,114898;2,896610;0,218422;-0,450354;2,952207;0,164096;-0,494408;2,942186;0,205624;-0,823755;3,072892;0,183050;-0,854922;2,972523;0,169159;-0,841205;2,956396;0,126842;-0,895862;2,912866;0,349776;-0,851022;2,930079;0,294690;-0,957043;2,968342
00:00:07.966;240;3;3;3;3;-0,947016;-29,456530;-1,860119;69,705788;-16,368963;62,265702;-5,630445;-12,073796;9,243082;-12,687983;-22,598870;21,416499;-42,301832;26,121083;0,489227;0,539539;3,632424;0,381200;0,462209;2,894916;0,379547;0,462881;2,892009;0,375724;0,464589;2,885676;0,369146;0,460285;2,874395;0,360339;0,461869;2,867630;0,351510;0,463041;2,866085;0,334639;0,467155;2,866947;0,302897;0,470077;2,880918;0,414742;0,462808;3,288015;0,371762;0,430316;3,050452;0,278589;0,329526;2,962942;0,181157;0,330876;2,883826;0,281012;0,096143;2,876605;0,154693;0,080887;2,851879;0,439444;-0,017527;2,920284;0,390515;-0,035209;2,841255;0,478338;-0,061140;2,932727;0,444552;-0,078589;2,866499;0,548642;-0,054676;3,144868;0,470183;-0,055609;2,870733;0,505895;-0,040632;3,034497;0,452461;-0,040320;2,858110;0,221058;-0,113695;2,908195;0,161355;-0,115276;2,894715;0,216347;-0,449965;2,950612;0,162732;-0,494482;2,942863;0,203085;-0,821230;3,068637;0,183222;-0,855150;2,973441;0,160685;-0,837865;2,952490;0,124206;-0,896118;2,914442;0,349879;-0,848054;2,926297;0,295459;-0,957086;2,966837
00:00:08.000;241;3;3;4;3;-1,029246;-32,865238;-2,256826;70,485261;-13,568125;38,666744;-7,775901;-8,612449;10,230682;6,220538;-21,943894;-25,734504;-40,185845;8,223117;0,477288;0,498578;3,366768;0,405860;0,457567;2,879746;0,404785;0,458004;2,877856;0,401266;0,460155;2,873759;0,394974;0,457418;2,866813;0,386331;0,459691;2,863703;0,377642;0,461674;2,863823;0,362757;0,463576;2,866071;0,325825;0,468037;2,878105;0,421578;0,442308;3,157104;0,388315;0,422225;3,002524;0,324241;0,326452;2,990488;0,184149;0,330830;2,882779;0,376214;0,103878;2,962691;0,154640;0,082984;2,847771;0,530009;-0,016382;2,945861;0,388038;-0,031721;2,837147;0,571223;-0,061667;2,930906;0,440981;-0,076619;2,862389;0,616917;-0,056400;3,068786;0,466942;-0,056481;2,864836;0,582231;-0,042111;3,008025;0,450461;-0,040240;2,851498;0,242404;-0,110873;2,918587;0,161020;-0,112381;2,893932;0,228255;-0,450189;2,967019;0,162960;-0,493587;2,944065;0,201278;-0,817833;3,063454;0,183321;-0,855239;2,973830;0,156280;-0,835865;2,950555;0,122486;-0,896230;2,915289;0,348952;-0,846290;2,924409;0,295729;-0,957450;2,963567
00:00:08.033;242;3;3;3;3;0,849763;-75,474538;6,668945;72,279917;-18,196581;78,386940;-61,702367;87,768769;10,383737;-78,015899;-28,368948;27,717446;-47,030448;6,737578;0,473024;0,468669;3,222963;0,425556;0,451825;2,893044;0,424789;0,453105;2,891381;0,421502;0,454563;2,889113;0,416296;0,453792;2,884246;0,408522;0,456298;2,882009;0,400773;0,458669;2,882228;0,380748;0,460092;2,878096;0,345279;0,467395;2,887044;0,426952;0,425371;3,092779;0,400256;0,413778;2,987071;0,580224;0,523589;4,896806;0,192360;0,333906;2,881766;0,341660;0,103337;2,926553;0,155515;0,087371;2,842853;0,490436;-0,017348;2,894005;0,392283;-0,027330;2,824998;0,533509;-0,064551;2,903037;0,447027;-0,074308;2,860063;0,577679;-0,058261;3,004184;0,471844;-0,055980;2,859453;0,543775;-0,044469;2,946930;0,454156;-0,040084;2,839840;0,248138;-0,109834;2,917935;0,161766;-0,110443;2,891865;0,230986;-0,453441;2,969547;0,163020;-0,493812;2,943270;0,200341;-0,822173;3,063750;0,183228;-0,856721;2,971525;0,152369;-0,840075;2,949814;0,120250;-0,897993;2,914441;0,349426;-0,854743;2,923293;0,297541;-0,958195;2,956399
00:00:08.066;243;3;3;3;3;0,311905;-64,596313;5,789348;72,984976;-18,134535;72,358441;-52,943452;83,736114;10,380100;-75,214817;-30,996396;-21,240718;-47,707272;5,312210;0,465459;0,450845;3,133334;0,431642;0,446703;2,892496;0,428412;0,447955;2,887267;0,425173;0,448848;2,885429;0,426859;0,450269;2,887969;0,420279;0,452474;2,883425;0,411384;0,454333;2,878853;0,383449;0,455977;2,874080;0,353037;0,463784;2,879463;0,423945;0,413344;3,043280;0,404923;0,407387;2,970339;0,493688;0,450454;4,227212;0,197369;0,333283;2,876562;0,322414;0,102342;2,914488;0,163179;0,086040;2,837697;0,466600;-0,014943;2,866082;0,404934;-0,024507;2,821789;0,511148;-0,056999;2,879130;0,460289;-0,072954;2,864582;0,550694;-0,048817;2,947826;0,479164;-0,054616;2,855871;0,520512;-0,037735;2,905267;0,460266;-0,039006;2,836045;0,248444;-0,109056;2,914749;0,163295;-0,110228;2,890389;0,231503;-0,455207;2,968941;0,161994;-0,496115;2,942842;0,201181;-0,827491;3,069019;0,182992;-0,859016;2,967188;0,150880;-0,843768;2,948928;0,116680;-0,900228;2,913985;0,350545;-0,859615;2,920481;0,298177;-0,958015;2,946434
00:00:08.100;244;3;3;3;3;-0,031590;-58,218393;5,028127;73,766132;-18,051456;86,053256;-43,037198;77,755988;10,471558;-70,969728;-29,121228;-13,941115;28,294212;-21,618645;0,457564;0,440535;3,084132;0,431220;0,444253;2,891003;0,426754;0,444793;2,885808;0,423515;0,445286;2,884036;0,427979;0,447486;2,887176;0,423740;0,450009;2,884478;0,415311;0,451690;2,877789;0,381000;0,453263;2,871218;0,356169;0,461659;2,875923;0,417439;0,405280;3,009245;0,403712;0,403265;2,959703;0,430673;0,402664;3,789591;0,199683;0,333042;2,874599;0,312393;0,102193;2,920984;0,167194;0,084175;2,835361;0,462719;-0,009250;2,925320;0,413586;-0,022692;2,822524;0,497992;-0,047919;2,859512;0,468262;-0,073021;2,863690;0,536764;-0,040739;2,925737;0,483323;-0,053665;2,850079;0,507421;-0,030340;2,890218;0,463953;-0,038283;2,831875;0,247497;-0,108512;2,911636;0,164250;-0,110063;2,888747;0,227311;-0,455923;2,965751;0,161438;-0,497961;2,944621;0,200238;-0,828285;3,066751;0,182945;-0,859930;2,966090;0,149926;-0,845176;2,948629;0,114360;-0,901681;2,913688;0,350324;-0,860940;2,919599;0,299049;-0,958297;2,944450
00:00:08.133;245;3;3;4;3;0,921469;-53,152782;3,115605;72,841148;-20,528423;89,910562;-33,751441;68,955079;9,141787;-65,051476;-27,790831;14,282957;66,413577;28,255936;0,515923;0,516734;3,617114;0,611726;0,666546;4,343816;0,406935;0,438937;2,846629;0,407933;0,444050;2,876539;0,407731;0,440687;2,847518;0,406892;0,449231;2,883705;0,399279;0,451328;2,879075;0,365762;0,453830;2,877540;0,341719;0,462137;2,885281;0,612816;0,630697;4,685315;0,389971;0,403787;2,960558;0,383766;0,373360;3,521816;0,186657;0,333084;2,875037;0,311985;0,105965;2,942816;0,161919;0,083153;2,840530;0,466160;-0,003315;2,973838;0,414299;-0,021523;2,824548;0,494236;-0,043093;2,850748;0,469292;-0,074109;2,863188;0,529639;-0,036587;2,916316;0,485225;-0,053073;2,847666;0,502101;-0,024494;2,880807;0,465537;-0,036801;2,830461;0,244948;-0,107180;2,911820;0,159756;-0,110055;2,890295;0,224738;-0,457782;2,965716;0,159920;-0,498891;2,944187;0,201174;-0,830588;3,071874;0,182913;-0,860520;2,965359;0,151430;-0,845975;2,948032;0,112854;-0,902638;2,913535;0,350907;-0,860980;2,916249;0,298236;-0,957481;2,940094
00:00:08.166;246;3;3;4;3;2,427646;-47,667811;-0,280342;70,752575;-22,648284;64,874389;-26,367648;58,728026;8,804953;-53,544081;-25,499785;17,420478;58,563858;-9,292477;0,553856;0,566263;3,963552;0,514353;0,594113;3,831881;0,381218;0,447186;2,858531;0,381867;0,450510;2,877972;0,377709;0,447513;2,860596;0,374007;0,454107;2,884058;0,367010;0,455546;2,881522;0,343216;0,457315;2,881415;0,315363;0,464452;2,890691;0,739811;0,777219;5,774760;0,362680;0,408033;2,950656;0,354669;0,358040;3,361957;0,171144;0,331665;2,881007;0,332389;0,117817;3,022423;0,158523;0,082507;2,844515;0,477156;0,001631;2,997576;0,416036;-0,020774;2,827517;0,499286;-0,040044;2,852362;0,469659;-0,074767;2,861027;0,526631;-0,033861;2,907496;0,487324;-0,053703;2,845100;0,504336;-0,020793;2,895433;0,467647;-0,036871;2,829852;0,246825;-0,106463;2,916073;0,154863;-0,109095;2,893955;0,232187;-0,456488;2,984937;0,151827;-0,496624;2,952423;0,203813;-0,828956;3,088800;0,158055;-0,855289;2,964107;0,158568;-0,857368;3,021420;0,097577;-0,900782;2,936895;0,335097;-0,867144;2,942171;0,277316;-0,960856;2,962657
00:00:08.200;247;3;3;4;3;2,274580;-42,564496;-7,728381;62,698188;-23,191586;41,095086;-20,094976;47,131467;9,993043;-34,286457;-21,334751;14,938953;42,366306;-4,737776;0,482359;0,516807;3,587838;0,455096;0,544726;3,497801;0,369929;0,449645;2,867801;0,370351;0,451806;2,880438;0,359492;0,450197;2,871298;0,353859;0,455432;2,885902;0,348286;0,457459;2,884502;0,333883;0,456522;2,884537;0,300945;0,464868;2,900616;0,602425;0,645967;4,776049;0,349045;0,407386;2,942737;0,345774;0,345831;3,257856;0,166580;0,331281;2,889615;0,364995;0,124652;3,080795;0,177373;0,091055;2,837289;0,498835;0,003740;3,013809;0,418980;-0,021306;2,827799;0,520759;-0,038629;2,900550;0,472739;-0,076188;2,857964;0,538547;-0,033523;2,936459;0,490824;-0,055154;2,843823;0,520563;-0,019650;2,939311;0,471117;-0,037950;2,829694;0,249974;-0,107431;2,928833;0,151259;-0,108947;2,909182;0,237165;-0,457956;3,012794;0,145186;-0,496987;2,975462;0,206110;-0,829054;3,108503;0,139350;-0,855345;2,983095;0,163433;-0,864775;3,073273;0,084508;-0,899123;2,957823;0,324644;-0,887091;3,013273;0,258925;-0,963769;2,986409
00:00:08.233;248;3;3;3;3;1,746061;-37,428400;-7,573051;65,402571;-19,686526;36,871526;-15,033604;32,093346;9,506458;-28,253776;-18,519080;-22,249333;19,978159;4,112643;0,439346;0,486705;3,372235;0,424653;0,514054;3,303334;0,371327;0,452120;2,892981;0,372632;0,453477;2,900892;0,354404;0,454297;2,900045;0,345893;0,456524;2,895237;0,339385;0,459323;2,896992;0,339789;0,457178;2,907647;0,295089;0,467450;2,921559;0,517169;0,562988;4,151757;0,342754;0,410192;2,960847;0,340960;0,337751;3,188831;0,163848;0,334708;2,899528;0,346318;0,119528;3,048046;0,169984;0,098292;2,849352;0,457978;0,004952;2,961227;0,412451;-0,006110;2,841226;0,485670;-0,038303;2,894034;0,467082;-0,058407;2,853526;0,500094;-0,032789;2,908487;0,490213;-0,038588;2,868942;0,483291;-0,018577;2,910917;0,468848;-0,021064;2,852726;0,252537;-0,110441;2,943071;0,150372;-0,109134;2,926760;0,240006;-0,458172;3,025987;0,140929;-0,496348;2,991804;0,207789;-0,829849;3,124087;0,126185;-0,856157;2,998177;0,163465;-0,870216;3,113422;0,074923;-0,898038;2,971400;0,313383;-0,900408;3,060686;0,246497;-0,966191;3,010452
00:00:08.266;249;3;3;3;3;1,492354;-34,168471;-3,580707;90,090456;-17,922258;96,312312;-12,257802;21,114683;8,978954;-20,992274;144,319894;43,567764;146,690995;62,859769;0,412781;0,469456;3,225839;0,404405;0,495681;3,173259;0,369744;0,455424;2,906530;0,371673;0,456324;2,911788;0,351872;0,457279;2,907164;0,343070;0,459677;2,903336;0,335588;0,462465;2,903893;0,339128;0,459076;2,911627;0,291883;0,470488;2,930256;0,460172;0,510657;3,741834;0,338996;0,413239;2,965832;0,335872;0,333883;3,146492;0,161026;0,336969;2,906259;0,343388;0,123337;3,041101;0,150946;0,099160;2,867121;0,491064;0,021506;3,340935;0,460374;0,006119;3,358487;0,468015;-0,025510;2,896174;0,452804;-0,047023;2,870099;0,489146;-0,019784;2,926485;0,477151;-0,029944;2,885705;0,503778;-0,002525;3,130037;0,457352;-0,013248;2,871133;0,253071;-0,112374;2,951730;0,148325;-0,111098;2,930210;0,240115;-0,459239;3,040733;0,137091;-0,496042;3,003092;0,212286;-0,830226;3,133682;0,116560;-0,855874;3,009007;0,168803;-0,872536;3,130946;0,067631;-0,897804;2,981802;0,309702;-0,908533;3,093604;0,238423;-0,967785;3,026142
00:00:08.300;250;3;3;3;3;1,160212;-32,205847;-2,124729;86,703042;-14,126026;78,296379;-10,681207;14,150972;9,707138;-8,817258;127,780997;38,306875;137,577414;60,727932;0,397512;0,458065;3,129468;0,392095;0,483469;3,086999;0,370655;0,457332;2,913815;0,371779;0,458820;2,916208;0,352172;0,460043;2,910306;0,343280;0,462680;2,907925;0,336267;0,465517;2,908059;0,339784;0,461403;2,914409;0,291903;0,473470;2,935505;0,424078;0,476490;3,474293;0,338511;0,414962;2,967239;0,333000;0,331803;3,123057;0,160302;0,339605;2,911522;0,352717;0,128221;3,066194;0,141569;0,103793;2,874742;0,474527;0,025938;3,275524;0,427040;0,008557;3,179592;0,466601;-0,019297;2,894496;0,442984;-0,040571;2,870099;0,490643;-0,013497;2,957911;0,467007;-0,024243;2,879224;0,493885;0,003317;3,113627;0,457617;-0,008148;2,927302;0,253452;-0,112566;2,957752;0,147098;-0,111386;2,934543;0,240007;-0,458474;3,048020;0,134631;-0,494875;3,011243;0,215126;-0,829014;3,138740;0,110338;-0,855983;3,017084;0,172266;-0,872865;3,142233;0,061819;-0,896929;2,989805;0,307158;-0,912206;3,113427;0,231950;-0,968321;3,034770
00:00:08.333;251;3;3;4;3;-1,749436;-32,943023;-13,523736;69,900572;-21,922389;60,617903;-11,239122;-7,065937;1,379804;-1,305856;108,700490;-16,441173;112,496264;-46,647156;0,437263;0,436195;3,087474;0,433709;0,463812;3,053265;0,418685;0,446822;2,940695;0,417261;0,448897;2,942386;0,405614;0,448611;2,938603;0,398737;0,451406;2,937002;0,390984;0,454401;2,937520;0,380602;0,455381;2,944265;0,344340;0,465734;2,960150;0,442888;0,443017;3,314157;0,385031;0,402989;2,984298;0,331711;0,322355;3,072508;0,208485;0,340441;2,944600;0,386617;0,121977;3,013268;0,244914;0,107662;2,901717;0,531500;0,013134;3,130011;0,496482;-0,000302;3,077316;0,547221;-0,029513;2,865780;0,524897;-0,048865;2,868050;0,565226;-0,025695;2,904236;0,547288;-0,034840;2,859202;0,559102;-0,010735;3,009403;0,534940;-0,019238;2,890109;0,249605;-0,117130;2,964458;0,147688;-0,113968;2,943669;0,233026;-0,461954;3,049640;0,131938;-0,495245;3,016710;0,214726;-0,829551;3,142706;0,106219;-0,855412;3,020062;0,173408;-0,873284;3,150314;0,058023;-0,896021;2,993865;0,299771;-0,918027;3,126289;0,225498;-0,968560;3,040030
00:00:08.366;252;3;3;3;3;-2,330037;-33,932577;-8,631581;76,990936;-17,258922;63,988856;-10,361518;-14,053851;6,569751;-3,268287;107,859647;-53,393977;107,935437;25,361676;0,722656;0,677581;4,868900;0,715356;0,726232;4,853025;0,699126;0,717672;4,776506;0,695041;0,721816;4,776384;0,690630;0,718835;4,775146;0,679840;0,723261;4,771644;0,539042;0,594857;3,890191;0,381089;0,455596;2,947985;0,352992;0,463121;2,956506;0,691108;0,658912;4,998815;0,647877;0,636126;4,786492;0,317872;0,318459;3,050886;0,210504;0,337949;2,939429;0,355457;0,114337;2,998495;0,217295;0,107171;2,895983;0,520894;0,002194;3,127680;0,482535;-0,005450;3,103453;0,532997;-0,038151;2,900436;0,512921;-0,051790;2,900884;0,613704;-0,033624;2,869348;0,543031;-0,039163;2,947998;0,552567;-0,021284;3,049819;0,529790;-0,024521;2,970789;0,241897;-0,118548;2,957507;0,147631;-0,114225;2,940820;0,228112;-0,462307;3,045454;0,132258;-0,494993;3,017255;0,214369;-0,828376;3,143846;0,119193;-0,849973;3,004047;0,176234;-0,873650;3,151749;0,072552;-0,892262;2,982255;0,296237;-0,917612;3,135981;0,218987;-0,952329;2,995212
00:00:08.400;253;3;3;3;3;-2,577855;-33,597829;-4,417891;74,484199;-13,468662;64,145399;-7,973847;-13,778466;7,396481;-3,962738;81,894481;-43,923304;104,963552;-42,179511;0,855511;0,853740;6,078680;0,602823;0,632899;4,203849;0,590674;0,627824;4,150210;0,586796;0,630356;4,149083;0,600899;0,648914;4,289080;0,597501;0,662043;4,345249;0,474299;0,545522;3,544396;0,362482;0,455092;2,925823;0,333768;0,462154;2,931810;0,804974;0,817376;6,140672;0,760456;0,797593;5,965711;0,299111;0,316929;3,025559;0,192640;0,335218;2,917093;0,324681;0,108006;2,980179;0,184227;0,100257;2,882610;0,498837;-0,004770;3,100861;0,445259;-0,012411;3,011325;0,510144;-0,043325;2,898832;0,487650;-0,054163;2,892506;0,571823;-0,039626;2,895892;0,514008;-0,040769;2,926297;0,532031;-0,026640;3,045844;0,500560;-0,027080;2,943763;0,231189;-0,119276;2,948270;0,145207;-0,114190;2,933785;0,222214;-0,462564;3,035704;0,132086;-0,493416;3,008982;0,211823;-0,827512;3,144208;0,127444;-0,845369;2,989856;0,177876;-0,872949;3,149295;0,080919;-0,889828;2,974740;0,291720;-0,914138;3,143113;0,215661;-0,941105;2,963952
00:00:08.433;254;3;3;4;3;-2,236557;-30,364250;-2,394865;73,518666;-11,661808;57,755490;-6,417480;-14,165865;7,422203;-6,771523;51,954819;-37,405537;79,356837;-44,514928;0,691152;0,709022;5,021801;0,521127;0,570605;3,757361;0,513230;0,567306;3,722496;0,510100;0,569263;3,716934;0,513058;0,580153;3,800436;0,507364;0,589303;3,834173;0,422903;0,514364;3,312037;0,348158;0,455630;2,910252;0,314372;0,464387;2,920463;0,646108;0,673778;5,034180;0,610056;0,660172;4,914992;0,286842;0,315845;3,008251;0,176721;0,333173;2,900227;0,299592;0,102527;2,959084;0,161591;0,095688;2,871472;0,458654;-0,008856;3,007418;0,423797;-0,014852;2,948983;0,478875;-0,048566;2,886489;0,471506;-0,054563;2,882101;0,523957;-0,043011;2,883135;0,497519;-0,040787;2,913894;0,493442;-0,029327;2,977302;0,481855;-0,026594;2,921319;0,224998;-0,119581;2,938210;0,143443;-0,115073;2,925303;0,217858;-0,463766;3,021907;0,132786;-0,493547;2,997445;0,210073;-0,828860;3,143007;0,132907;-0,842965;2,982715;0,177555;-0,873575;3,143377;0,086352;-0,888190;2,969669;0,289876;-0,912850;3,147128;0,217719;-0,938222;2,957566
00:00:08.466;255;3;2;3;3;-1,789686;-27,765080;-0,615814;72,914399;-11,000178;63,535039;-5,485104;-14,088226;6,989179;-7,014894;-4,249055;24,416731;90,513054;51,857335;0,583302;0,618604;4,344575;0,464930;0,529964;3,459373;0,459797;0,527820;3,436710;0,457501;0,529817;3,430988;0,453824;0,536469;3,482553;0,446747;0,543170;3,502594;0,388430;0,496182;3,160847;0,336891;0,457232;2,901413;0,299772;0,467096;2,914335;0,540991;0,580616;4,308364;0,510991;0,571645;4,229969;0,279046;0,316438;2,999016;0,164227;0,331705;2,888060;0,289071;0,101265;2,950540;0,144864;0,091726;2,865762;0,451795;-0,009792;3,038890;0,404603;-0,017464;2,907785;0,472330;-0,047293;2,913520;0,455853;-0,055872;2,875669;0,508538;-0,042833;2,927593;0,487705;-0,041455;2,952308;0,485240;-0,029687;3,001855;0,474137;-0,027968;2,971225;0,220927;-0,119753;2,931013;0,142161;-0,115534;2,916962;0,215090;-0,463596;3,013834;0,132076;-0,493322;2,988070;0,207652;-0,828024;3,140071;0,135298;-0,842003;2,976380;0,177174;-0,871998;3,136496;0,088775;-0,887906;2,965383;0,289791;-0,908463;3,149370;0,221682;-0,942797;2,973781
00:00:08.500;256;3;3;3;3;-1,733262;-25,838540;0,594242;73,256250;-10,253630;66,365382;-4,486418;-14,842364;6,887801;-5,236989;-20,713740;19,246259;96,703428;42,223415;0,508277;0,555997;3,856056;0,427937;0,505071;3,261944;0,423247;0,504341;3,244773;0,421621;0,506515;3,239963;0,416104;0,509820;3,273671;0,408065;0,515876;3,284227;0,365932;0,486328;3,061765;0,328396;0,460194;2,894554;0,291314;0,470928;2,910095;0,472518;0,523115;3,835328;0,447235;0,516776;3,780761;0,273790;0,317682;2,990896;0,155064;0,330754;2,880175;0,285840;0,103805;2,949231;0,131912;0,088110;2,862025;0,451576;-0,007027;3,073156;0,389301;-0,019179;2,883085;0,476130;-0,044707;2,961516;0,442692;-0,058828;2,872450;0,504107;-0,040616;2,963878;0,477408;-0,043908;2,966071;0,484048;-0,027744;3,022983;0,468125;-0,029985;3,004472;0,219529;-0,118904;2,928855;0,140410;-0,115952;2,914496;0,212909;-0,462644;3,003142;0,131519;-0,492815;2,979808;0,206237;-0,828122;3,140592;0,135759;-0,842368;2,971949;0,177052;-0,871588;3,134233;0,090283;-0,889232;2,960473;0,292019;-0,906721;3,150693;0,223529;-0,940441;2,960742
00:00:08.533;257;3;3;3;3;-1,517161;-24,021029;0,846338;72,460606;-9,286771;65,474944;-4,032418;-15,316280;6,638695;-3,062768;-23,194704;18,265955;95,534195;32,885135;0,457736;0,516594;3,532865;0,401421;0,490518;3,130632;0,398269;0,490957;3,118619;0,397212;0,492370;3,115492;0,389237;0,494257;3,135789;0,380800;0,499146;3,142064;0,350241;0,480942;2,997183;0,322788;0,464085;2,889294;0,284772;0,474495;2,907466;0,427907;0,486691;3,526972;0,405577;0,482979;3,486843;0,270240;0,319408;2,984107;0,149119;0,330162;2,875279;0,285027;0,106614;2,950614;0,125545;0,085742;2,858951;0,453385;-0,005224;3,085397;0,381847;-0,024463;2,870342;0,480420;-0,042994;2,990219;0,435474;-0,064976;2,872355;0,502560;-0,038088;2,988867;0,466535;-0,047055;2,940849;0,485272;-0,026470;3,035268;0,457770;-0,032869;2,975685;0,218431;-0,116127;2,924904;0,139152;-0,115065;2,910335;0,211249;-0,459326;2,992724;0,131152;-0,492468;2,974329;0,204062;-0,827725;3,139185;0,136080;-0,841663;2,969553;0,165948;-0,859183;3,093081;0,091277;-0,889158;2,957741;0,292340;-0,905651;3,151772;0,225942;-0,942827;2,967957
00:00:08.566;258;3;3;4;3;-0,964470;-28,125830;2,579204;71,721410;-8,865953;43,657117;-6,528656;-6,920500;7,984209;10,537090;-17,420907;-21,715729;68,630084;35,944051;0,436293;0,489548;3,320353;0,397131;0,481464;3,047800;0,395082;0,481749;3,039991;0,394395;0,482667;3,037959;0,385150;0,485135;3,052312;0,376417;0,489257;3,055713;0,353060;0,478040;2,958866;0,333160;0,465041;2,889111;0,291762;0,475169;2,902180;0,409199;0,461428;3,322907;0,389112;0,459836;3,295052;0,300821;0,319386;3,020925;0,146406;0,332119;2,874286;0,351267;0,111185;3,024044;0,114198;0,089456;2,858775;0,528350;-0,007354;3,068840;0,353302;-0,026875;2,863259;0,563061;-0,045921;2,986297;0,408486;-0,066813;2,869518;0,576298;-0,041643;2,985125;0,439207;-0,046715;2,907200;0,557291;-0,030891;3,019182;0,430376;-0,033351;2,929631;0,227813;-0,114567;2,928805;0,136231;-0,113440;2,907832;0,210773;-0,456301;2,994577;0,130903;-0,490046;2,970531;0,201455;-0,826110;3,137448;0,137387;-0,840237;2,968388;0,152584;-0,846876;3,051020;0,092954;-0,888703;2,954612;0,287856;-0,909214;3,151328;0,229456;-0,947870;2,983639
00:00:08.600;259;5;3;6;3;-3,794397;-22,651371;-12,861134;51,122482;79,726603;23,941783;-8,386286;-19,964894;-1,118912;81,630586;-14,266777;15,916834;97,122080;38,028212;0,458840;0,469652;3,202962;0,433621;0,474477;3,020763;0,431161;0,474619;3,015409;0,429634;0,475216;3,014088;0,422584;0,477938;3,023658;0,414748;0,481701;3,025887;0,396371;0,475538;2,963234;0,375856;0,465997;2,917822;0,339083;0,475675;2,925396;0,430377;0,443779;3,204691;0,413922;0,442620;3,185678;0,308149;0,312894;2,982193;0,204117;0,335570;2,892277;0,550605;0,154909;4,343849;0,241566;0,107331;2,855766;0,919456;-0,040013;4,920843;0,468659;-0,024268;2,854815;0,990522;-0,103535;4,824246;0,526694;-0,066893;2,864631;1,011858;-0,103841;4,826845;0,548711;-0,047458;2,881184;0,978856;-0,078880;4,850672;0,533115;-0,034671;2,897542;0,232652;-0,111333;2,929017;0,144843;-0,110235;2,905236;0,208648;-0,451673;2,985258;0,135056;-0,488476;2,968086;0,199813;-0,821853;3,137149;0,144959;-0,846458;2,992946;0,178567;-0,823647;3,084404;0,096113;-0,888802;2,950335;0,320484;-0,852332;3,071863;0,237687;-0,952915;2,999395
00:00:08.633;260;5;2;6;3;-2,902627;-29,243716;-10,082680;61,903861;71,015776;32,711886;-9,513108;-16,591869;2,410370;75,650570;-65,158113;4,126796;63,942978;-53,990742;0,761156;0,749602;5,103732;0,734430;0,783206;4,979259;0,729433;0,783021;4,974020;0,725294;0,786529;4,973072;0,724107;0,788577;4,981050;0,712447;0,793837;4,980483;0,693845;0,792532;4,937067;0,377742;0,466235;2,920530;0,349005;0,473917;2,920885;0,702514;0,708349;5,109899;0,685368;0,707439;5,096410;0,304837;0,313499;2,993079;0,215413;0,338394;2,908947;0,459693;0,132438;3,861391;0,236592;0,106122;2,872167;0,758876;-0,036851;4,184137;0,498225;-0,023166;2,936071;0,819809;-0,092095;4,147171;0,922498;-0,113785;4,856473;0,842908;-0,093461;4,153345;0,945130;-0,078518;4,815428;0,815440;-0,070704;4,158777;0,922885;-0,058165;4,842440;0,233653;-0,112424;2,929011;0,149458;-0,110314;2,904882;0,207594;-0,452632;2,983967;0,137842;-0,488828;2,968285;0,198608;-0,821935;3,134759;0,153037;-0,857658;3,026289;0,189474;-0,832695;3,102249;0,101307;-0,888298;2,945674;0,320572;-0,844071;3,031531;0,242923;-0,955760;3,008269
00:00:08.666;261;5;3;6;3;-2,667476;-32,702668;-8,013424;66,145199;59,771765;34,520570;-9,105197;-12,419033;7,693031;66,902457;-71,231678;11,295355;74,394231;65,603697;0,929209;0,921963;6,253135;0,915041;0,991312;6,279388;0,904502;0,986268;6,225285;0,619768;0,678160;4,278878;0,618996;0,679491;4,284064;0,603667;0,678803;4,251335;0,588056;0,678584;4,220484;0,372940;0,465203;2,908264;0,345403;0,471665;2,904613;0,861024;0,877495;6,305558;0,590787;0,613219;4,410125;0,301843;0,314093;2,991665;0,214482;0,338977;2,909067;0,403708;0,119949;3,546519;0,214135;0,097347;2,861925;0,671282;-0,029071;3,794210;0,477045;-0,028897;2,888547;0,714771;-0,078859;3,734918;0,774831;-0,104749;4,157751;0,739481;-0,078867;3,750621;0,800110;-0,072843;4,149077;0,719774;-0,058707;3,762108;0,787027;-0,053827;4,204318;0,234372;-0,109965;2,929855;0,152442;-0,109298;2,904358;0,211171;-0,447670;2,982045;0,139544;-0,487608;2,966161;0,197861;-0,818719;3,133782;0,156748;-0,861599;3,040149;0,193049;-0,838192;3,112432;0,104764;-0,886474;2,944780;0,318883;-0,857902;3,073813;0,246246;-0,957305;3,013079
00:00:08.700;262;5;3;6;3;-2,722304;-32,861464;-4,419523;69,054634;45,916385;35,940194;-7,661556;-11,118661;8,381194;55,976688;-74,240412;17,301091;73,603452;62,912255;0,774476;0,781297;5,285176;0,732697;0,805467;5,091611;0,725045;0,803534;5,058281;0,538657;0,602954;3,791187;0,536755;0,603398;3,791936;0,523372;0,602609;3,768536;0,509934;0,603314;3,747257;0,362637;0,464394;2,892941;0,335748;0,470213;2,894111;0,964056;0,987440;7,082736;0,514167;0,543858;3,898283;0,298460;0,316273;2,987196;0,203564;0,335827;2,896841;0,370307;0,117132;3,339514;0,190361;0,088605;2,857887;0,613209;-0,018430;3,533897;0,455652;-0,031650;2,861219;0,648466;-0,063907;3,478207;0,667048;-0,098615;3,695133;0,670492;-0,062851;3,491208;0,693643;-0,068824;3,700522;0,654596;-0,045374;3,499795;0,681916;-0,050383;3,748325;0,234742;-0,106192;2,929191;0,154396;-0,108647;2,904281;0,213469;-0,444391;2,980428;0,141737;-0,486842;2,964950;0,197179;-0,813545;3,130019;0,159436;-0,864511;3,054347;0,191737;-0,840792;3,115462;0,105929;-0,885200;2,943904;0,314989;-0,866446;3,107943;0,248418;-0,958353;3,016343
00:00:08.733;263;4;3;5;3;-2,639908;-31,659642;-2,143017;70,232844;32,155375;38,388719;-6,232498;-11,678248;7,593381;43,370095;-74,893646;15,703754;70,483523;59,000898;0,647141;0,666006;4,496007;0,609793;0,684450;4,318195;0,603500;0,683912;4,294471;0,481237;0,553456;3,470370;0,478957;0,553748;3,470873;0,466971;0,553046;3,454485;0,454924;0,554315;3,439209;0,351966;0,464142;2,884672;0,325568;0,469699;2,889926;0,756576;0,786861;5,633770;0,459473;0,498081;3,560666;0,294990;0,318564;2,982354;0,192173;0,333565;2,887037;0,348643;0,116393;3,205398;0,173974;0,081937;2,857327;0,575099;-0,009299;3,362505;0,435947;-0,033471;2,845832;0,605732;-0,052025;3,313427;0,592673;-0,094791;3,399727;0,625594;-0,050248;3,322279;0,617170;-0,064919;3,396735;0,611300;-0,034520;3,330239;0,604276;-0,047768;3,427077;0,235056;-0,103771;2,929669;0,155694;-0,109300;2,904740;0,211357;-0,441514;2,974317;0,143094;-0,487194;2,962776;0,195487;-0,810847;3,125752;0,159234;-0,861934;3,047747;0,185007;-0,841515;3,113859;0,104590;-0,884765;2,944646;0,309931;-0,872515;3,127836;0,250048;-0,958763;3,021082
00:00:08.766;264;4;3;5;3;-2,626587;-29,759408;-0,080668;71,755072;20,003614;41,747947;-5,372570;-12,182906;7,159479;32,070831;-72,954317;14,303805;67,161751;56,584261;0,557767;0,586149;3,950062;0,528807;0,605730;3,815097;0,523470;0,606184;3,798159;0,442922;0,521351;3,262258;0,440329;0,521459;3,262080;0,429219;0,521815;3,249983;0,418170;0,522528;3,239360;0,344034;0,465091;2,879719;0,317046;0,470716;2,889050;0,620337;0,656140;4,689496;0,422782;0,468241;3,340612;0,291523;0,319907;2,977862;0,184740;0,332041;2,880185;0,335709;0,115940;3,118910;0,161306;0,076593;2,858263;0,550075;-0,003368;3,249579;0,422648;-0,035733;2,839627;0,577817;-0,044294;3,205532;0,544383;-0,091278;3,208049;0,595343;-0,042057;3,212631;0,566233;-0,062357;3,198078;0,582037;-0,027463;3,219891;0,552477;-0,046039;3,216394;0,233998;-0,103178;2,927527;0,155472;-0,109719;2,904898;0,210057;-0,440875;2,971369;0,142908;-0,489609;2,961557;0,194462;-0,809407;3,124192;0,155687;-0,854558;3,019446;0,179523;-0,842097;3,113234;0,103713;-0,884421;2,944923;0,306916;-0,874950;3,143632;0,251133;-0,959125;3,024464
00:00:08.800;265;3;3;4;3;-2,641405;-28,431356;1,192206;72,872547;11,221083;45,047737;-4,572858;-13,255102;6,924080;23,468713;-69,614277;-13,101304;66,217763;53,126366;0,498628;0,534268;3,595377;0,474022;0,554504;3,487724;0,470450;0,555719;3,475914;0,416974;0,500486;3,127013;0,414186;0,500486;3,126458;0,403649;0,501532;3,117160;0,393286;0,501933;3,109870;0,337872;0,465763;2,876844;0,311524;0,471403;2,888644;0,530655;0,571106;4,075246;0,397809;0,448779;3,197107;0,288036;0,320604;2,973330;0,178872;0,331063;2,875853;0,327326;0,115654;3,062924;0,152040;0,074165;2,859061;0,531858;0,000491;3,177771;0,413797;-0,036155;2,834126;0,558549;-0,039266;3,135225;0,511984;-0,089000;3,083633;0,574356;-0,036721;3,140078;0,531820;-0,060657;3,067289;0,561923;-0,022877;3,148189;0,517440;-0,044883;3,077333;0,233418;-0,102840;2,927486;0,155349;-0,110006;2,905392;0,209258;-0,441637;2,970112;0,142802;-0,491229;2,961067;0,193807;-0,808519;3,123361;0,152275;-0,850686;3,000496;0,175992;-0,842640;3,113432;0,101006;-0,885336;2,945326;0,304950;-0,876515;3,153835;0,251663;-0,959798;3,024568
00:00:08.833;266;3;3;4;3;-2,687989;-26,251302;1,931082;73,201791;5,416631;46,761461;-3,819012;-14,481510;6,242677;17,994318;-64,345778;12,274233;69,346729;-50,665545;0,455256;0,499780;3,359702;0,436192;0,521051;3,273950;0,432678;0,522703;3,265126;0,396824;0,486739;3,037950;0,394013;0,485753;3,037962;0,383855;0,487251;3,030502;0,373959;0,488518;3,025530;0,330835;0,466351;2,875898;0,304016;0,471262;2,891227;0,469052;0,515709;3,675103;0,377215;0,436013;3,103009;0,284642;0,321003;2,969875;0,171862;0,329250;2,871855;0,322038;0,116606;3,028054;0,144995;0,072596;2,859970;0,512780;0,004120;3,134411;0,406922;-0,036420;2,829877;0,541853;-0,034859;3,084315;0,490948;-0,087523;3,002908;0,557740;-0,032124;3,088445;0,509338;-0,059539;2,981595;0,544032;-0,018789;3,099061;0,493440;-0,044113;2,985689;0,231991;-0,103692;2,927656;0,154271;-0,111295;2,906846;0,209032;-0,446012;2,973493;0,141735;-0,493641;2,962424;0,193403;-0,810306;3,123176;0,148955;-0,848040;2,987725;0,173696;-0,846390;3,113555;0,098188;-0,886058;2,946008;0,310386;-0,861709;3,083987;0,252086;-0,960533;3,025573
00:00:08.866;267;3;3;4;3;-2,614877;-25,010567;2,379493;73,280889;1,494356;49,230183;-3,341146;-15,453727;5,517445;13,413777;-56,590049;10,195921;75,547378;-54,216749;0,426537;0,476751;3,202408;0,410548;0,499297;3,134940;0,408171;0,501299;3,128468;0,383685;0,478794;2,979722;0,379743;0,477076;2,979530;0,370974;0,478993;2,974050;0,361426;0,479839;2,970956;0,326229;0,466687;2,875004;0,298997;0,471997;2,891516;0,428976;0,479662;3,414734;0,363788;0,427664;3,041487;0,281286;0,321178;2,966860;0,165202;0,326990;2,868913;0,315051;0,117102;3,002315;0,139397;0,070547;2,861083;0,495964;0,006479;3,106425;0,399710;-0,036625;2,829582;0,525730;-0,031887;3,039259;0,475445;-0,086610;2,952018;0,543264;-0,029117;3,052519;0,491712;-0,058820;2,926319;0,529248;-0,016135;3,067900;0,474851;-0,043621;2,926662;0,229935;-0,105281;2,926948;0,152442;-0,112080;2,906451;0,208984;-0,449071;2,977102;0,141073;-0,495321;2,963978;0,193075;-0,811191;3,121994;0,144615;-0,846164;2,978873;0,172160;-0,848608;3,112833;0,095272;-0,887483;2,946068;0,312002;-0,852703;3,040774;0,252351;-0,960975;3,026114
00:00:08.900;268;3;3;4;3;-2,685944;-23,816290;2,245289;73,354722;-0,460655;51,132849;-2,615712;-17,310321;5,046446;10,748498;-48,059849;9,395046;84,830413;46,753917;0,407368;0,462435;3,104546;0,393864;0,485138;3,044463;0,391104;0,487270;3,038909;0,374077;0,472557;2,941701;0,370432;0,471391;2,941263;0,361558;0,472582;2,937364;0,352182;0,474125;2,935035;0,322184;0,466896;2,874362;0,294665;0,472447;2,891534;0,400639;0,456050;3,244200;0,353926;0,422153;3,000890;0,276572;0,321913;2,960734;0,158860;0,325678;2,868391;0,308141;0,117337;2,983409;0,134738;0,068184;2,862299;0,482957;0,008016;3,089213;0,395127;-0,036768;2,830164;0,510260;-0,028695;2,986491;0,464486;-0,086047;2,919959;0,532814;-0,026078;3,029439;0,480231;-0,057323;2,890241;0,518767;-0,014415;3,049001;0,462858;-0,042284;2,888870;0,228745;-0,107452;2,928389;0,150303;-0,113733;2,908306;0,209025;-0,453390;2,980478;0,139554;-0,496380;2,964786;0,194057;-0,814289;3,122186;0,140703;-0,845940;2,972833;0,171193;-0,854743;3,112952;0,092303;-0,889472;2,946073;0,312077;-0,848202;3,013656;0,253764;-0,961784;3,028106
00:00:08.933;269;3;3;4;3;-3,231208;-22,579587;2,240522;73,736997;-2,028991;53,721158;-1,833084;-18,044860;4,996655;8,135335;-40,203317;10,064590;93,087036;45,987772;0,394807;0,453011;3,040139;0,381930;0,475880;2,985314;0,380036;0,478184;2,980906;0,367857;0,468536;2,917187;0,363346;0,467710;2,916483;0,354421;0,468452;2,913749;0,345202;0,470512;2,912310;0,319558;0,467038;2,873985;0,290859;0,472843;2,892181;0,382276;0,440767;3,133818;0,346491;0,418619;2,974853;0,273518;0,322405;2,956879;0,155769;0,324799;2,867816;0,301273;0,117396;2,968765;0,131674;0,066630;2,862256;0,473350;0,009014;3,077751;0,390851;-0,035807;2,828567;0,496840;-0,026560;2,944524;0,454797;-0,084550;2,895956;0,522687;-0,024013;3,001282;0,471528;-0,054272;2,865471;0,502172;-0,013124;2,990324;0,454081;-0,039367;2,864590;0,228203;-0,108976;2,932314;0,149177;-0,115019;2,914788;0,209033;-0,456156;2,982404;0,138608;-0,497217;2,966204;0,194698;-0,817448;3,122347;0,138180;-0,844841;2,969342;0,163628;-0,848664;3,065168;0,090375;-0,890781;2,946130;0,316668;-0,849520;2,988343;0,253637;-0,962527;3,030085
00:00:08.966;270;3;3;4;3;-3,207928;-21,653039;1,846949;74,134737;-3,060505;55,121069;-1,672622;-18,226810;4,987552;7,282716;-32,926796;-11,899640;99,301066;46,887532;0,385344;0,447668;2,996409;0,374057;0,470760;2,945939;0,371711;0,472167;2,942509;0,363736;0,466864;2,900617;0,357671;0,465283;2,900161;0,348665;0,466712;2,897782;0,339563;0,469125;2,897032;0,316819;0,467150;2,873862;0,287369;0,473163;2,892980;0,369183;0,431789;3,061296;0,340525;0,417302;2,957326;0,271586;0,322788;2,954949;0,153776;0,325305;2,867748;0,299199;0,117534;2,961734;0,130669;0,066633;2,861022;0,468698;0,011905;3,073505;0,389125;-0,032099;2,827716;0,490271;-0,025175;2,917650;0,448132;-0,081437;2,877965;0,514617;-0,021511;2,968082;0,466019;-0,051278;2,850281;0,498424;-0,009157;2,982014;0,448647;-0,035436;2,850555;0,227579;-0,108767;2,931348;0,148268;-0,114651;2,915469;0,209009;-0,456804;2,983242;0,138035;-0,496836;2,968051;0,195167;-0,820861;3,123290;0,137618;-0,844124;2,967065;0,160368;-0,847860;3,045296;0,090164;-0,891328;2,945166;0,318783;-0,853055;2,973734;0,253337;-0,962186;3,028779
00:00:09.000;271;3;3;4;2;-1,914450;-18,362325;-3,512033;70,770830;-4,959110;55,850721;-3,934273;-19,889021;8,569798;5,721544;-27,077272;12,424957;109,453893;51,922540;0,392147;0,444896;3,009410;0,383641;0,468488;2,967836;0,382115;0,469403;2,965607;0,376204;0,466203;2,932923;0,367430;0,464388;2,920625;0,358520;0,466609;2,920445;0,349679;0,469650;2,922454;0,329800;0,467694;2,909981;0,295578;0,476673;2,933748;0,373516;0,426514;3,057227;0,347357;0,415931;2,973119;0,284387;0,322196;2,986467;0,160767;0,330647;2,902276;0,311472;0,116468;2,983315;0,137679;0,074140;2,867505;0,472558;0,003602;3,108916;0,388122;-0,035989;2,835630;0,488975;-0,032810;2,911690;0,445389;-0,085966;2,876636;0,509074;-0,030433;2,944776;0,463957;-0,058815;2,849820;0,495988;-0,006579;2,976612;0,451494;-0,042925;2,882513;0,230244;-0,109068;2,942549;0,148711;-0,113051;2,936493;0,209031;-0,452960;2,984323;0,141052;-0,493826;2,972191;0,195503;-0,822070;3,124390;0,140632;-0,842336;2,968538;0,149997;-0,841418;3,019022;0,092175;-0,889597;2,944725;0,314310;-0,876455;3,036570;0,253361;-0,962796;3,030546
00:00:09.033;272;3;4;4;2;1,813645;-14,582237;-2,149253;58,539189;-6,626077;48,143183;-3,185272;-4,417130;10,698502;3,486137;-22,120924;-20,671278;-49,971446;42,790527;0,265296;0,469059;3,027856;0,260916;0,493880;3,004081;0,263981;0,503406;3,053333;0,384308;0,465774;2,953922;0,236986;0,489209;2,962005;0,225664;0,489578;2,962066;0,214376;0,490613;2,964316;0,257074;0,796845;4,756951;0,168023;0,491633;2,976857;0,259658;0,455473;3,119321;0,226154;0,436953;3,004868;0,217909;0,327755;3,063317;0,049900;0,336305;2,943758;0,243284;0,110853;3,050449;0,016040;0,080125;2,907864;0,381585;-0,026543;3,150970;0,204276;-0,069154;2,876783;0,448994;-0,104638;3,612774;0,245051;-0,127975;2,895866;0,462059;-0,103093;3,634280;0,272645;-0,111538;2,895668;0,401641;-0,051339;3,050210;0,267686;-0,092814;2,921475;0,173685;-0,118849;2,995823;0,069732;-0,121064;2,958763;0,158072;-0,466200;3,044289;0,058624;-0,498818;3,003688;0,149884;-0,827591;3,165437;0,064596;-0,848432;3,019276;0,101495;-0,861788;3,115645;0,026613;-0,893183;2,993637;0,274240;-0,888501;3,070477;0,175132;-0,963393;3,046417
00:00:09.066;273;3;3;4;2;3,653483;-12,973826;-1,576397;46,212109;-6,499178;44,853509;-1,874749;-5,178965;12,867014;4,195269;-12,598732;21,077786;-41,282098;46,121883;0,208669;0,483503;3,045681;0,208064;0,510848;3,030266;0,211182;0,517066;3,062430;0,290532;0,492684;2,998262;0,184640;0,505405;3,001967;0,173916;0,504483;3,001760;0,162126;0,504233;3,004366;0,196586;0,702061;4,168980;0,111834;0,503031;3,014729;0,202937;0,463200;3,110654;0,169832;0,449555;3,033126;0,169662;0,329833;3,098712;-0,013718;0,340906;2,978760;0,197527;0,104661;3,086286;-0,059112;0,083122;2,940589;0,319605;-0,055349;3,208326;0,074718;-0,096426;2,910426;0,371292;-0,130989;3,500191;0,100415;-0,159189;2,918001;0,379775;-0,131175;3,514038;0,134612;-0,149387;2,915257;0,334571;-0,090393;3,135255;0,136491;-0,129115;2,939472;0,138084;-0,124149;3,032035;0,024819;-0,125469;2,979767;0,118218;-0,476595;3,094775;0,007067;-0,503262;3,031389;0,110898;-0,833450;3,200900;0,008308;-0,854118;3,054386;0,058675;-0,898292;3,263661;-0,022751;-0,896757;3,025840;0,242187;-0,899391;3,107018;0,127783;-0,963855;3,067790
00:00:09.100;274;3;3;4;2;4,626979;-15,125421;-3,590199;35,054367;-7,153078;47,258865;0,597760;-5,422718;13,935765;2,577073;-14,898767;11,830791;-30,587171;53,374762;0,152439;0,484607;3,033737;0,154150;0,512505;3,018856;0,157294;0,517874;3,041132;0,208872;0,502026;2,999423;0,132483;0,510479;3,009250;0,122205;0,509742;3,008318;0,111239;0,509429;3,009134;0,136952;0,636193;3,768328;0,059900;0,507249;3,014114;0,145604;0,463656;3,089822;0,115196;0,454572;3,038020;0,116305;0,330076;3,100499;-0,071074;0,342707;2,991153;0,139938;0,098666;3,080666;-0,118628;0,082409;2,944493;0,252076;-0,077041;3,227501;-0,022473;-0,121029;2,901501;0,292671;-0,150982;3,414414;-0,005368;-0,188635;2,900702;0,298166;-0,152262;3,422981;0,028613;-0,183398;2,912284;0,264219;-0,118870;3,180982;0,032657;-0,162250;2,934441;0,104659;-0,129412;3,045908;-0,012941;-0,131248;2,985405;0,086464;-0,485957;3,122069;-0,035159;-0,507211;3,042353;0,085551;-0,837129;3,223452;-0,029533;-0,858845;3,080929;0,030879;-0,920300;3,353570;-0,057123;-0,899364;3,047745;0,222730;-0,907570;3,134569;0,098195;-0,965455;3,085869
00:00:09.133;275;3;3;4;2;5,573512;-13,604844;-4,707152;28,245384;-9,452156;49,300894;1,027411;-3,685823;14,316384;0,661851;-13,888263;-8,455768;-20,945573;52,605372;0,115890;0,485325;3,025974;0,117188;0,527504;3,027962;0,119232;0,530995;3,042441;0,152757;0,520693;3,015330;0,096437;0,526941;3,019786;0,085302;0,525467;3,013755;0,073768;0,524646;3,010919;0,091579;0,601638;3,504842;0,020608;0,519309;3,016763;0,148906;0,824362;5,203620;0,085170;0,469064;3,035291;0,082787;0,331940;3,107026;-0,107742;0,343769;2,988805;0,105830;0,095828;3,075062;-0,153208;0,081619;2,935191;0,212524;-0,089622;3,230476;-0,079545;-0,135091;2,898757;0,249585;-0,161315;3,353398;-0,067042;-0,203885;2,892991;0,253156;-0,162147;3,358967;-0,034200;-0,202744;2,915401;0,225351;-0,134715;3,204984;-0,028642;-0,180887;2,935164;0,078366;-0,131278;3,045062;-0,040524;-0,134650;2,981593;0,068148;-0,491122;3,141298;-0,064795;-0,509605;3,048448;0,069062;-0,838045;3,236996;-0,055291;-0,862107;3,098863;0,011485;-0,936398;3,418579;-0,078261;-0,901579;3,059928;0,210148;-0,913207;3,153586;0,074365;-0,965793;3,091721
