Timestamp;Frame;RULA_C;Score_A_R;Score_A_L;Score_B;Trunk_Sag;Neck_Sag;UA_Sag_R;LA_Ang_R;UA_Sag_L;LA_Ang_L;Trunk_Fro;Neck_Fro;UA_Fro_R;UA_Fro_L;Wr_Flex_R;Wr_Dev_R;Wr_Flex_L;Wr_Dev_L;Nose_X;Nose_Y;Nose_Z;L_Eye_In_X;L_Eye_In_Y;L_Eye_In_Z;L_Eye_X;L_Eye_Y;L_Eye_Z;L_Eye_Out_X;L_Eye_Out_Y;L_Eye_Out_Z;R_Eye_In_X;R_Eye_In_Y;R_Eye_In_Z;R_Eye_X;R_Eye_Y;R_Eye_Z;R_Eye_Out_X;R_Eye_Out_Y;R_Eye_Out_Z;L_Ear_X;L_Ear_Y;L_Ear_Z;R_Ear_X;R_Ear_Y;R_Ear_Z;Mouth_L_X;Mouth_L_Y;Mouth_L_Z;Mouth_R_X;Mouth_R_Y;Mouth_R_Z;L_Shoulder_X;L_Shoulder_Y;L_Shoulder_Z;R_Shoulder_X;R_Shoulder_Y;R_Shoulder_Z;L_Elbow_X;L_Elbow_Y;L_Elbow_Z;R_Elbow_X;R_Elbow_Y;R_Elbow_Z;L_Wrist_X;L_Wrist_Y;L_Wrist_Z;R_Wrist_X;R_Wrist_Y;R_Wrist_Z;L_Pinky_X;L_Pinky_Y;L_Pinky_Z;R_Pinky_X;R_Pinky_Y;R_Pinky_Z;L_Index_X;L_Index_Y;L_Index_Z;R_Index_X;R_Index_Y;R_Index_Z;L_Thumb_X;L_Thumb_Y;L_Thumb_Z;R_Thumb_X;R_Thumb_Y;R_Thumb_Z;L_Hip_X;L_Hip_Y;L_Hip_Z;R_Hip_X;R_Hip_Y;R_Hip_Z;L_Knee_X;L_Knee_Y;L_Knee_Z;R_Knee_X;R_Knee_Y;R_Knee_Z;L_Ankle_X;L_Ankle_Y;L_Ankle_Z;R_Ankle_X;R_Ankle_Y;R_Ankle_Z;L_Heel_X;L_Heel_Y;L_Heel_Z;R_Heel_X;R_Heel_Y;R_Heel_Z;L_Foot_In_X;L_Foot_In_Y;L_Foot_In_Z;R_Foot_In_X;R_Foot_In_Y;R_Foot_In_Z
00:00:00.000;1;2;3;4;3;-17,754508;34,619468;20,286211;68,8589;31,644766;47,892702;24,513011;18,951613;20,568315;14,293126;-4,967136;79,056774;5,216264;-9,005801;0,034396;-0,040947;0,50365;0,039528;-0,052704;0,50645;0,044377;-0,054238;0,5054;0,048553;-0,055136;0,5061;0,02796;-0,049341;0,50575;0,024013;-0,048855;0,50925;0,021662;-0,048324;0,5124;0,058959;-0,052221;0,518;0,023249;-0,042347;0,51065;0,048291;-0,033304;0,51205;0,032494;-0,029994;0,5124;0,095329;0,007032;0,48055;0,023719;0,02007;0,56105;0,066824;0,08441;0,4326;-0,021074;0,093459;0,5635;-0,007717;0,104824;0,3955;-0,068733;0,110436;0,47495;-0,027445;0,112897;0,3836;-0,087141;0,116189;0,4466;-0,031869;0,104355;0,3843;-0,086686;0,115824;0,448;-0,029663;0,101613;0,38815;-0,07794;0,113969;0,4522;0,081946;0,144522;0,45815;0,035939;0,134412;0,44205;0,017517;0,110173;0,2835;0;0;0;0;0;0;0;0;0;0;0;0;0,020283;0,110173;0,2835;-0,004111;0,04679;0,1204;0;0;0
00:00:00.041;2;2;2;4;3;-18,571341;34,591533;19,720163;70,461067;31,530036;48,121968;23,860553;19,243559;21,626229;14,166452;-5,244679;-70,369672;6,256203;8,055648;0,056729;-0,067534;0,830673;0,065248;-0,086998;0,835993;0,073252;-0,088708;0,83426;0,080112;-0,090975;0,835065;0,046115;-0,081379;0,834138;0,039606;-0,079749;0,839913;0,035728;-0,078869;0,84511;0,099213;-0,086377;0,8568;0,038345;-0,069013;0,842223;0,079713;-0,054974;0,845233;0,053659;-0,048697;0,84616;0,157223;0,011598;0,792558;0,039092;0,033989;0,924683;0,110206;0,139911;0,71344;-0,035757;0,155416;0,931525;-0,013376;0,173602;0,652575;-0,11485;0,182056;0,782968;-0,047021;0,186386;0,63119;-0,14392;0,191893;0,73759;-0,054397;0,172619;0,633395;-0,143303;0,190741;0,7406;-0,049549;0,16757;0,640098;-0,128963;0,187101;0,74823;0,131366;0,24196;0,755248;0,054761;0,222963;0,726233;0,000473;0,217977;0,579075;-0,020324;0,049328;0,1302;0;0;0;0;0;0;0;0;0;0,029963;0,18301;0,470925;-0,006784;0,077203;0,19866;0;0;0
00:00:00.087;3;2;2;3;3;-19,818393;34,414829;19,403566;71,455833;31,440289;48,224235;23,568408;19,862683;22,22337;13,610668;-5,441741;-64,349754;6,475414;4,965089;0,071245;-0,084816;1,043237;0,081939;-0,109252;1,049845;0,091169;-0,111076;1,047669;0,100625;-0,11427;1,048892;0,057916;-0,101382;1,047589;0,049757;-0,099864;1,055193;0,044901;-0,097954;1,062072;0,12639;-0,108719;1,07842;0,048173;-0,086375;1,058095;0,10017;-0,069083;1,062151;0,067439;-0,060874;1,063454;0,198165;0,014561;0,995012;0,049055;0,04301;1,160344;0,138512;0,176124;0,896686;-0,046219;0,196607;1,170741;-0,018324;0,218121;0,818974;-0,145492;0,228446;0,982479;-0,061523;0,233843;0,791074;-0,180758;0,24101;0,926384;-0,070287;0,216367;0,795307;-0,180172;0,238796;0,93114;-0,063707;0,210351;0,803513;-0,162008;0,234462;0,93995;0,159939;0,3049;0,944861;0,063914;0,280148;0,907451;-0,003756;0,188415;0,501349;-0,033534;0,081391;0,21483;-0,003555;0,047198;0,12145;-0,004357;0,047334;0,1218;0;0;0;0,036256;0,230354;0,592751;-0,008521;0,096971;0,249529;0;0;0
00:00:00.128;4;3;2;4;4;-21,441682;34,411005;19,616007;71,659008;31,522217;48,102833;23,829445;20,095153;22,697082;13,197979;-4,333247;61,554418;7,010482;5,131467;0,080681;-0,096049;1,181404;0,092788;-0,123718;1,188849;0,102784;-0,125579;1,186035;0,113959;-0,129411;1,18788;0,065567;-0,11435;1,185983;0,057115;-0,111981;1,193726;0,050848;-0,110328;1,202747;0,144097;-0,123276;1,222823;0,054562;-0,09766;1,198412;0,113435;-0,078231;1,202798;0,076395;-0,068789;1,204695;0,225557;0,016487;1,126608;0,055561;0,04981;1,314223;0,156912;0,199663;1,015796;-0,053954;0,223441;1,326582;-0,021557;0,247246;0,927833;-0,167666;0,258519;1,111811;-0,070358;0,264793;0,895348;-0,205948;0,272663;1,048049;-0,080616;0,244803;0,900549;-0,205324;0,269674;1,053591;-0,072909;0,237528;0,909734;-0,185761;0,265334;1,064917;0,175283;0,345242;1,06636;0,067971;0,314926;1,017543;-0,005601;0,169667;0,447327;-0,042121;0,102232;0,26984;-0,006481;0,078148;0,201093;-0,007189;0,078101;0,20097;0;0;0;0,020604;0,196928;0,506738;-0,00965;0,109821;0,282594;0;0;0
00:00:00.169;5;3;2;3;4;-31,632837;34,590807;19,514934;71,916994;31,63876;48,070015;31,408693;20,310339;23,148379;13,011199;-2,652961;65,433527;7,16134;4,598673;0,086815;-0,102532;1,271213;0,099813;-0,132261;1,278852;0,110334;-0,135006;1,275973;0,122593;-0,138393;1,277872;0,07052;-0,121925;1,275589;0,061881;-0,118999;1,283422;0,054714;-0,117537;1,294185;0,156581;-0,132845;1,317735;0,058698;-0,104137;1,289268;0,122056;-0,084177;1,294219;0,083052;-0,073933;1,296502;0,243363;0,017739;1,212145;0,059774;0,054216;1,413895;0,168817;0,214894;1,092867;-0,059011;0,241001;1,428578;-0,024292;0,266083;0,998241;-0,182457;0,277862;1,198327;-0,077282;0,284704;0,962426;-0,223046;0,292513;1,127132;-0,08861;0,263382;0,969307;-0,22181;0,289194;1,133884;-0,079492;0,255102;0,978427;-0,201263;0,28475;1,146496;0,163706;0,328098;1,011984;0,069976;0,337859;1,090153;-0,006405;0,157481;0,412212;-0,047599;0,115192;0,306296;-0,007373;0,097994;0,25216;-0,010298;0,098779;0,254181;0;0;0;0,01043;0,175201;0,45083;-0,010383;0,118173;0,304086;0;0;0
00:00:00.210;6;3;2;3;4;-37,413366;34,763999;19,45568;71,664494;31,651831;48,070769;35,70378;19,958007;23,10864;12,813241;-1,254119;67,357258;6,793944;3,831751;0,090801;-0,106746;1,329588;0,104379;-0,137814;1,337354;0,115242;-0,141133;1,334432;0,128204;-0,144231;1,336367;0,07374;-0,126849;1,333833;0,064979;-0,123561;1,341724;0,057197;-0,122161;1,35292;0,164696;-0,139064;1,379428;0,062151;-0,108236;1,346924;0,127595;-0,087996;1,352942;0,087311;-0,077218;1,355126;0,254936;0,018552;1,267744;0,062499;0,057067;1,478332;0,176609;0,224863;1,143314;-0,061321;0,252179;1,493476;-0,026061;0,278234;1,043657;-0,192072;0,290435;1,254563;-0,081783;0,297646;1,006027;-0,23416;0,30469;1,178536;-0,093873;0,275648;1,0147;-0,232595;0,301239;1,186425;-0,083858;0,266798;1,024128;-0,211215;0,297197;1,198823;0,155304;0,317296;0,977689;0,070418;0,351895;1,13455;-0,008124;0,149696;0,389738;-0,052293;0,123406;0,331742;-0,008347;0,110894;0,285354;-0,012319;0,11222;0,288767;-0,000779;0,046518;0,1197;0,002225;0,161214;0,414839;-0,01086;0,123602;0,318056;0;0;0
00:00:00.250;7;3;2;3;4;-40,723234;34,88524;19,638681;71,015302;31,85403;47,809234;38,284003;19,678722;22,884265;12,901682;0,527266;-68,172581;7,078577;2,895868;0,09344;-0,109541;1,368232;0,107347;-0,141423;1,37538;0,118462;-0,144331;1,372781;0,131852;-0,148026;1,374388;0,075853;-0,129262;1,372041;0,067009;-0,126558;1,379971;0,058811;-0,125167;1,391098;0,16997;-0,143107;1,419528;0,064411;-0,110927;1,384751;0,13126;-0,089691;1,391813;0,090079;-0,079352;1,393232;0,262459;0,019081;1,303884;0,064299;0,058947;1,520916;0,181566;0,230502;1,175404;-0,062808;0,259385;1,535309;-0,027211;0,286132;1,073177;-0,198591;0,299012;1,292866;-0,084708;0,306058;1,034368;-0,241454;0,312695;1,212298;-0,097293;0,282995;1,044205;-0,239674;0,309157;1,220926;-0,086609;0,274128;1,052783;-0,217808;0,304721;1,233535;0,149376;0,310389;0,955748;0,070746;0,360542;1,164107;-0,009242;0,144636;0,37513;-0,054157;0,129037;0,346182;-0,00898;0,119279;0,30693;-0,013632;0,120957;0,311249;-0,001285;0,076754;0,197505;-0,003109;0,152123;0,391446;-0,011171;0,127131;0,327136;-0,022229;0,050598;0,1302
00:00:00.291;8;3;3;3;4;-42,605766;35,045624;20,142403;69,948196;31,964148;47,643222;39,957128;19,356653;22,376142;13,012811;2,163481;-70,567376;7,319636;2,246744;0,095156;-0,111358;1,393351;0,109331;-0,143017;1,400797;0,120555;-0,14641;1,397708;0,134189;-0,150455;1,398753;0,077226;-0,13083;1,396877;0,068329;-0,128506;1,404831;0,05986;-0,12712;1,415914;0,173314;-0,145664;1,444893;0,065881;-0,112677;1,409338;0,133544;-0,090726;1,416028;0,091878;-0,08074;1,418001;0,267348;0,019425;1,327375;0,065499;0,060197;1,549295;0,184789;0,234168;1,196263;-0,063717;0,263832;1,561101;-0,027949;0,291172;1,092015;-0,203045;0,304131;1,319163;-0,086581;0,310805;1,052439;-0,246335;0,317351;1,234944;-0,09955;0,287866;1,063733;-0,244344;0,314392;1,243702;-0,089115;0,278534;1,072459;-0,222093;0,309612;1,256098;0,146257;0,306354;0,942886;0,071653;0,365469;1,18332;-0,011186;0,141619;0,366334;-0,055314;0,134912;0,358019;-0,009392;0,124729;0,320955;-0,014486;0,126636;0,325862;-0,00539;0,097224;0,250178;-0,006576;0,146213;0,37624;-0,011372;0,129425;0,333039;-0,036678;0,083487;0,21483
00:00:00.342;9;3;3;3;4;-45,68049;34,768498;20,190459;69,857938;31,895422;47,611059;42,702601;19,932947;22,585004;12,802553;1,774793;69,376246;7,641621;-2,024;0,096295;-0,112567;1,410028;0,11062;-0,144053;1,417318;0,121946;-0,147797;1,41426;0,135742;-0,152071;1,414939;0,078118;-0,131849;1,41302;0,069187;-0,129772;1,42099;0,060556;-0,128421;1,432394;0,175488;-0,147326;1,461381;0,066869;-0,11387;1,42602;0,134996;-0,091377;1,431418;0,093139;-0,080886;1,435501;0,270456;0,019643;1,342294;0,067067;0,0609;1,564942;0,186991;0,236687;1,210521;-0,06428;0,266604;1,577166;-0,028438;0,294542;1,10461;-0,205616;0,306978;1,334156;-0,087798;0,31389;1,064185;-0,249578;0,320467;1,250014;-0,100983;0,290937;1,076077;-0,247656;0,317413;1,259906;-0,090171;0,281579;1,085948;-0,225065;0,313049;1,271813;0,144016;0,303277;0,933126;0,070011;0,35727;1,158708;-0,012024;0,139386;0,359917;-0,056066;0,13873;0,365712;-0,012114;0,128951;0,331821;-0,015041;0,130327;0,33536;-0,006832;0,109985;0,283016;-0,00883;0,142372;0,366356;-0,011503;0,130916;0,336875;-0,04607;0,104864;0,26984
00:00:00.384;10;3;2;3;4;-46,001067;34,524221;19,724899;70,529674;32,040229;47,529841;42,520568;20,445211;23,355951;12,735138;1,434958;77,665552;8,172339;-3,167464;0,097928;-0,112614;1,421918;0,111431;-0,143868;1,427707;0,12282;-0,147841;1,424669;0,136751;-0,1523;1,42546;0,0795;-0,132479;1,423163;0,070535;-0,130531;1,430794;0,061024;-0,128465;1,443456;0,176901;-0,148407;1,472097;0,067528;-0,114674;1,437213;0,135939;-0,0918;1,441422;0,094817;-0,080165;1,447225;0,272617;0,019795;1,352691;0,068072;0,061343;1,574762;0,188369;0,238257;1,219438;-0,06476;0,267961;1,590408;-0,028774;0,296919;1,113496;-0,206672;0,309068;1,344951;-0,088;0,315998;1,07217;-0,251896;0,322031;1,260859;-0,101915;0,292933;1,0841;-0,248475;0,319553;1,271139;-0,090915;0,283739;1,095416;-0,225698;0,314799;1,283079;0,142197;0,301095;0,927832;0,0704;0,362221;1,17841;-0,012345;0,137663;0,355046;-0,056555;0,141212;0,370713;-0,013436;0,131288;0,337833;-0,015402;0,132726;0,341534;-0,007173;0,118144;0,30401;-0,010294;0,139876;0,359931;-0,011588;0,131885;0,339369;-0,052175;0,11876;0,305596
00:00:00.437;11;3;2;3;4;-46,004217;34,98612;19,505804;70,866252;32,339829;47,397534;42,324261;19,750774;23,505955;13,009628;1,565264;83,264409;8,797321;3,763438;0,098941;-0,11177;1,428947;0,11193;-0,143713;1,434109;0,123418;-0,147905;1,431785;0,137542;-0,151771;1,433699;0,080298;-0,131908;1,428006;0,071306;-0,130012;1,435066;0,061225;-0,128278;1,448197;0,17782;-0,14826;1,479063;0,06784;-0,115001;1,442038;0,136519;-0,091222;1,447574;0,095884;-0,078841;1,454497;0,274022;0,019894;1,359449;0,067907;0,061713;1,583246;0,189048;0,239003;1,223835;-0,065114;0,269018;1,600065;-0,028993;0,298464;1,119273;-0,207412;0,310508;1,352318;-0,088102;0,317266;1,077011;-0,252743;0,323137;1,268258;-0,102521;0,294231;1,089315;-0,248272;0,320943;1,27844;-0,09137;0,285053;1,101221;-0,225308;0,315851;1,290051;0,141121;0,299904;0,925091;0,069483;0,366616;1,195067;-0,011352;0,13627;0,35118;-0,056873;0,142825;0,373963;-0,010096;0,131855;0,339292;-0,015636;0,134286;0,345547;-0,007396;0,123447;0,317657;-0,011246;0,138253;0,355755;-0,011644;0,132515;0,34099;-0,056143;0,127792;0,328837
00:00:00.478;12;3;2;3;4;-46,038345;35,500153;19,753055;70,751939;32,599006;47,394184;42,71042;18,450194;22,982971;13,744082;1,56949;86,689273;9,377781;-4,204928;0,098827;-0,109631;1,434216;0,111406;-0,141932;1,437921;0,123014;-0,146337;1,43676;0,136406;-0,149779;1,439055;0,080057;-0,130814;1,432204;0,071037;-0,128946;1,438893;0,06134;-0,127298;1,450928;0,177526;-0,147281;1,483241;0,068044;-0,115213;1,445175;0,136163;-0,089248;1,452623;0,095765;-0,077163;1,459573;0,274224;0,019964;1,364192;0,067017;0,062076;1,59191;0,189327;0,239284;1,225643;-0,065373;0,269823;1,607042;-0,029135;0,299468;1,123027;-0,208509;0,311202;1,356057;-0,088169;0,31809;1,080157;-0,253813;0,323589;1,272018;-0,102914;0,295074;1,092705;-0,248673;0,321584;1,282136;-0,091579;0,285635;1,103943;-0,224933;0,316364;1,293883;0,140421;0,299129;0,923309;0,068751;0,368723;1,203443;-0,010707;0,135365;0,348667;-0,05708;0,143874;0,376076;-0,007925;0,132223;0,34024;-0,015789;0,1353;0,348156;-0,00754;0,126894;0,326527;-0,012856;0,137198;0,353041;-0,011691;0,13306;0,342393;-0,058722;0,133663;0,343944
00:00:00.532;13;3;2;3;4;-47,876673;35,760933;19,666419;71,228202;33,045688;47,28886;44,959245;17,588279;23,055702;14,715315;1,052093;88,274685;9,618203;3,78177;0,096398;-0,106719;1,43939;0,108472;-0,138968;1,438649;0,120227;-0,143604;1,439294;0,133225;-0,146868;1,442886;0,078298;-0,129344;1,435633;0,070022;-0,1274;1,44103;0,06053;-0,125713;1,451303;0,175476;-0,145662;1,484557;0,068126;-0,114444;1,446164;0,133497;-0,086339;1,456605;0,094874;-0,074417;1,463222;0,273366;0,019994;1,366225;0,066368;0,063156;1,595791;0,189076;0,238225;1,224018;-0,065555;0,270404;1,611928;-0,029209;0,299934;1,124768;-0,209113;0,311494;1,357787;-0,088801;0,31914;1,081852;-0,254508;0,323883;1,274462;-0,103829;0,295717;1,095258;-0,249001;0,322088;1,284889;-0,092375;0,286105;1,106063;-0,22469;0,316698;1,296374;0,140162;0,301344;0,930551;0,065547;0,355007;1,159538;-0,011379;0,134394;0,350184;-0,054591;0,14355;0,3806;-0,009667;0,132871;0,341906;-0,015888;0,135958;0,349851;-0,006463;0,129135;0,332292;-0,013901;0,136512;0,351277;-0,011723;0,133415;0,343306;-0,060399;0,137479;0,353764
00:00:00.576;14;3;2;3;4;-40,445077;36,083099;19,96693;70,838299;33,723167;47,496305;38,644262;16,279247;22,491225;16,268221;1,390143;-88,771379;9,408358;3,595631;0,091422;-0,104704;1,441004;0,104037;-0,136126;1,438072;0,115025;-0,140875;1,439541;0,127771;-0,144051;1,444326;0,075496;-0,127538;1,437511;0,066896;-0,125573;1,44242;0,058219;-0,123567;1,448047;0,170492;-0,14269;1,482962;0,067292;-0,113834;1,445406;0,127487;-0,08354;1,457793;0,091744;-0,071764;1,464895;0,270402;0,020008;1,367196;0,065048;0,063873;1,598664;0,186941;0,236792;1,219112;-0,065589;0,270431;1,613003;-0,03114;0,299224;1,124499;-0,210226;0,311602;1,358562;-0,091557;0,318792;1,081554;-0,25489;0,323986;1,2757;-0,106928;0,296135;1,096918;-0,249146;0,322328;1,286328;-0,095292;0,286047;1,106041;-0,225211;0,316829;1,297643;0,156191;0,33994;1,054608;0,066154;0,358886;1,17965;-0,036403;0,214101;0,615419;-0,085932;0,21183;0,62119;-0,010799;0,133292;0,342989;-0,015952;0,136387;0,350953;-0,005762;0,130591;0,33604;-0,014581;0,136067;0,35013;-0,032256;0,137046;0,352649;-0,065651;0,139823;0,359796
00:00:00.617;15;3;2;3;4;-36,459542;36,251356;19,445114;71,443534;33,96167;48,469705;35,711021;15,409551;22,531075;17,489106;1,573568;80,806641;8,474447;-3,895877;0,085685;-0,102525;1,441352;0,098614;-0,133336;1,436297;0,10909;-0,138151;1,438302;0,121702;-0,14133;1,444562;0,071169;-0,125455;1,437682;0,062292;-0,12333;1,440523;0,054233;-0,121294;1,445231;0,163632;-0,140531;1,479475;0,065032;-0,112483;1,443164;0,121088;-0,080889;1,458566;0,087147;-0,069157;1,464931;0,266005;0,020007;1,367128;0,061367;0,064239;1,598082;0,1855;0,235104;1,215573;-0,067464;0,270507;1,614052;-0,033674;0,296844;1,124324;-0,213046;0,311352;1,357665;-0,094676;0,317642;1,08241;-0,255725;0,323875;1,275805;-0,110231;0,294621;1,098347;-0,251441;0,321751;1,287263;-0,098348;0,284483;1,104977;-0,227957;0,317171;1,299518;0,166509;0,364073;1,134545;0,065097;0,353511;1,166472;-0,051407;0,264018;0,787823;-0,106959;0,256322;0,777923;-0,011535;0,133565;0,343693;-0,015994;0,136665;0,35167;-0,005307;0,131538;0,338476;-0,015023;0,135777;0,349384;-0,044487;0,13927;0,358372;-0,066468;0,141211;0,363368
00:00:00.659;16;3;2;4;4;-32,737094;38,123066;19,445068;74,102485;34,790143;49,488692;33,410672;11,56522;21,838028;18,494777;-12,107065;76,574059;8,501394;6,683379;0,074282;-0,098158;1,433879;0,087386;-0,129228;1,427443;0,098521;-0,134464;1,434346;0,110053;-0,138285;1,439815;0,060857;-0,121284;1,433244;0,053483;-0,119146;1,43579;0,045853;-0,117986;1,44095;0,151106;-0,137748;1,471259;0,06078;-0,110131;1,432957;0,110624;-0,077948;1,451368;0,078834;-0,065497;1,457605;0,261332;0,019986;1,365683;0,053641;0,065593;1,602603;0,180823;0,230866;1,211172;-0,072467;0,270907;1,616834;-0,042212;0,288217;1,121411;-0,213479;0,306054;1,334682;-0,103517;0,310499;1,077717;-0,257074;0,323724;1,272723;-0,119547;0,28607;1,091575;-0,253765;0,320592;1,284721;-0,107309;0,276018;1,099385;-0,227208;0,311076;1,274837;0,173215;0,379029;1,186504;0,062613;0,354965;1,174357;-0,060329;0,292085;0,906185;-0,1253;0,290421;0,8826;-0,012014;0,133743;0,34415;-0,016021;0,136846;0,352135;-0,005011;0,132153;0,340059;-0,01531;0,135589;0,3489;-0,059104;0,138947;0,357542;-0,068465;0,142521;0,366739
00:00:00.700;17;3;4;4;4;-28,936807;40,02359;20,401628;80,072572;35,562551;50,280318;31,030627;9,857528;20,503742;19,517387;-76,481429;63,672041;7,688339;9,164793;0,064492;-0,093788;1,430421;0,07765;-0,125695;1,420988;0,088985;-0,130856;1,427225;0,100812;-0,135427;1,43603;0,050903;-0,116923;1,430008;0,043679;-0,114724;1,431663;0,036311;-0,113288;1,436767;0,142106;-0,135907;1,465568;0,053255;-0,106359;1,428772;0,102101;-0,074333;1,445289;0,07091;-0,060602;1,451444;0,256361;0,019941;1,362644;0,046852;0,066606;1,608692;0,174757;0,22636;1,206212;-0,078431;0,271914;1,617592;-0,053361;0,279653;1,117767;-0,202909;0,288487;1,258144;-0,112872;0,30272;1,074316;-0,255227;0,320931;1,25742;-0,130907;0,277501;1,089974;-0,252874;0,315304;1,267669;-0,117165;0,266236;1,0933;-0,225474;0,302506;1,248294;0,177625;0,389592;1,220628;0,056956;0,362198;1,198032;-0,067615;0,318607;0,97717;-0,104989;0,236982;0,71159;-0,012325;0,133859;0,344448;-0,016039;0,136964;0,352438;-0,004819;0,132553;0,341089;-0,015497;0,135466;0,348585;-0,066614;0,140234;0,360852;-0,068702;0,143373;0,36893
00:00:00.739;18;3;4;4;4;-26,000621;41,524716;20,953411;83,531177;38,42216;48,95539;29,380996;9,085718;19,666424;20,571092;-100,026633;-62,047366;4,550719;-11,968789;0,054024;-0,089207;1,426074;0,066498;-0,121767;1,416442;0,078689;-0,126754;1,420846;0,090527;-0,132381;1,429369;0,040355;-0,11234;1,426155;0,033213;-0,109928;1,424781;0,026821;-0,10824;1,428799;0,130939;-0,134296;1,457319;0,045905;-0,103003;1,424652;0,092353;-0,070243;1,438888;0,062323;-0,054811;1,442538;0,250503;0,019887;1,358919;0,04238;0,067146;1,60985;0,159654;0,21923;1,194588;-0,082191;0,272212;1,615985;-0,072007;0,270725;1,109099;-0,193695;0,274044;1,197893;-0,129389;0,296026;1,072805;-0,24793;0,311472;1,217723;-0,147608;0,269863;1,085433;-0,246581;0,304399;1,231735;-0,133954;0,259437;1,092845;-0,211035;0,286896;1,189041;0,180491;0,395728;1,242808;0,053304;0,367111;1,214121;-0,070991;0,337898;1,021911;-0,090734;0,202265;0,595534;-0,012527;0,133934;0,344641;-0,01605;0,13704;0,352635;-0,004694;0,132813;0,341758;-0,015619;0,135387;0,34838;-0,07066;0,14107;0,363004;-0,067213;0,14311;0,368255
00:00:00.781;19;3;4;4;4;-22,894195;42,666841;21,285617;85,13032;42,845089;45,684982;27,744896;8,51855;18,808069;20,78404;-131,102703;65,525329;5,069343;9,608016;0,04398;-0,083772;1,422548;0,055261;-0,116863;1,414187;0,067151;-0,121598;1,41565;0,078087;-0,127745;1,42224;0,030246;-0,107551;1,420851;0,024001;-0,105227;1,420658;0,017433;-0,103442;1,425019;0,119339;-0,1313;1,448458;0,03944;-0,099759;1,418124;0,081818;-0,065026;1,431577;0,053522;-0,049452;1,4378;0,241492;0,0198;1,352997;0,039333;0,064497;1,603952;0,129749;0,213279;1,175832;-0,083341;0,268503;1,60794;-0,091386;0,263277;1,101714;-0,186967;0,261177;1,154181;-0,144457;0,288624;1,064823;-0,237738;0,295451;1,16532;-0,163064;0,264082;1,084231;-0,272961;0,324064;1,355028;-0,148688;0,252215;1,085549;-0,205839;0,269377;1,153327;0,181574;0,398875;1,256875;0,051926;0,368207;1,231929;-0,070714;0,343744;1,051692;-0,133615;0,244653;0,763347;-0,012658;0,133982;0,344767;-0,016058;0,13709;0,352763;-0,004613;0,132982;0,342192;-0,015697;0,135335;0,348247;-0,075389;0,140253;0,360902;-0,065739;0,143212;0,368516
00:00:00.821;20;3;4;5;3;-19,361154;41,779592;34,552899;60,507797;46,111184;43,450248;25,001012;13,984765;-0,673319;19,460796;-115,026524;-62,816185;12,12949;12,224335;0,030182;-0,079169;1,415006;0,041445;-0,111482;1,404672;0,052337;-0,116165;1,405973;0,06433;-0,122957;1,415506;0,01728;-0,102435;1,411453;0,011628;-0,100177;1,412028;0,005762;-0,099062;1,415563;0,104145;-0,128025;1,436747;0,030424;-0,096759;1,41248;0,068504;-0,059202;1,426475;0,041277;-0,044309;1,43332;0,228119;0,01961;1,340048;0,036856;0,06016;1,576669;0,099036;0,207016;1,157341;-0,078785;0,246917;1,490361;-0,114667;0,255871;1,093764;-0,183931;0,249297;1,126467;-0,162613;0,280989;1,053335;-0,233324;0,282094;1,121808;-0,181593;0,256184;1,07085;-0,257127;0,293341;1,249318;-0,167428;0,244318;1,074507;-0,206514;0,253222;1,119262;0,180572;0,400368;1,264269;0,05031;0,36892;1,243504;-0,082168;0,354674;1,0812;-0,158437;0,277324;0,869275;-0,035798;0,137007;0,352548;-0,016063;0,137122;0,352846;-0,030602;0,13758;0,354025;-0,015749;0,135301;0,348161;-0,089522;0,141083;0,363037;-0,071413;0,142053;0,365535
00:00:00.861;21;4;6;5;3;-16,073639;41,82711;47,914015;34,483869;48,363283;40,861875;23,025435;16,318971;-27,563142;18,949896;-90,695617;-55,858325;14,657627;-14,482188;0,016422;-0,074631;1,411154;0,026939;-0,10722;1,398837;0,037966;-0,111817;1,399332;0,04972;-0,118656;1,406229;0,004871;-0,098384;1,406395;-0,000404;-0,096166;1,407468;-0,005829;-0,09471;1,410816;0,089283;-0,124795;1,425636;0,021357;-0,094535;1,404612;0,054982;-0,05376;1,421759;0,029249;-0,040091;1,427608;0,21463;0,019457;1,329531;0,034357;0,057306;1,557885;0,073313;0,200329;1,144972;-0,074382;0,225506;1,364585;-0,133656;0,250429;1,085797;-0,182628;0,241038;1,108804;-0,177212;0,275259;1,045168;-0,230077;0,27239;1,091775;-0,197804;0,250455;1,062153;-0,247053;0,272978;1,178857;-0,184193;0,238956;1,06628;-0,206952;0,242721;1,097121;0,178419;0,401228;1,268725;0,04874;0,371022;1,256627;-0,097139;0,361728;1,09828;-0,130447;0,227847;0,710629;-0,063161;0,138972;0,357606;-0,043978;0,137415;0,3536;-0,060619;0,139345;0,358566;-0,04337;0,136232;0,350554;-0,098708;0,141622;0,364424;-0,091079;0,141981;0,365348
00:00:00.902;22;4;6;5;3;-13,901601;41,779162;53,993437;24,453849;50,450771;37,879315;21,046449;21,857426;-39,624694;16,856758;-72,768333;50,98169;12,310736;-17,471882;0,003524;-0,067578;1,40585;0,011969;-0,100566;1,396094;0,022308;-0,105068;1,395366;0,033106;-0,111019;1,398799;-0,007972;-0,091796;1,403457;-0,012214;-0,090394;1,404854;-0,017305;-0,088593;1,40598;0,073946;-0,119306;1,415963;0,0123;-0,089926;1,399498;0,041347;-0,046162;1,416943;0,018204;-0,034134;1,424595;0,202181;0,019362;1,323045;0,032474;0,053306;1,532375;0,049571;0,194764;1,137282;-0,070796;0,211358;1,28143;-0,152507;0,244666;1,076068;-0,174993;0,236207;1,096973;-0,196159;0,269278;1,040209;-0,215366;0,272457;1,081004;-0,216083;0,245607;1,051599;-0,224524;0,265875;1,133757;-0,20195;0,234022;1,054282;-0,193972;0,243915;1,086228;0,175239;0,400292;1,269171;0,046919;0,371049;1,263058;-0,10357;0,365887;1,102382;-0,110964;0,195584;0,604359;-0,076709;0,139026;0,357744;-0,059295;0,137606;0,35409;-0,075361;0,139404;0,358718;-0,057853;0,137108;0,35281;-0,114428;0,141292;0,363575;-0,100765;0,142205;0,365926
00:00:00.949;23;3;5;5;3;-11,445154;42,151572;57,727693;23,142944;51,988155;35,317092;19,642098;26,259661;-47,83335;15,538358;-75,964747;-0,452663;9,117042;16,41948;-0,009609;-0,059792;1,401703;-0,002496;-0,093035;1,393611;0,006624;-0,097437;1,391388;0,016796;-0,103646;1,393269;-0,021071;-0,085091;1,400847;-0,024491;-0,083191;1,397905;-0,0278;-0,08202;1,398637;0,058364;-0,11399;1,407576;0,003266;-0,085251;1,394424;0,028476;-0,039607;1,413113;0,007025;-0,028598;1,418787;0,18973;0,019966;1,31393;0,031181;0,049759;1,512294;0,027771;0,18953;1,130183;-0,067928;0,200611;1,21793;-0,172629;0,239106;1,066944;-0,167432;0,232845;1,088232;-0,21958;0,263611;1,034536;-0,210261;0,282172;1,114253;-0,2364;0,242135;1,04334;-0,207958;0,260125;1,107242;-0,222534;0,231095;1,045083;-0,182766;0,243877;1,080898;0,173265;0,398455;1,270161;0,045759;0,369816;1,267938;-0,093838;0,38006;1,087198;-0,092083;0,174217;0,530733;-0,078792;0,139061;0,357834;-0,066815;0,13841;0,356158;-0,077588;0,139443;0,358817;-0,066861;0,137678;0,354277;-0,116684;0,141894;0,365124;-0,10539;0,142351;0,366302
00:00:00.990;24;4;6;5;3;-8,239523;41,336131;59,142184;27,971558;54,560816;33,035343;17,418616;32,351622;-49,958638;13,573991;-77,498712;17,858235;9,792688;17,132599;-0,025272;-0,046793;1,398657;-0,020294;-0,079144;1,384297;-0,012797;-0,083546;1,382502;-0,003065;-0,088344;1,383375;-0,036323;-0,072474;1,3904;-0,03853;-0,072006;1,388138;-0,039885;-0,071232;1,388264;0,03951;-0,102428;1,398975;-0,005651;-0,078735;1,384475;0,012154;-0,028128;1,407124;-0,005865;-0,019391;1,415712;0,17347;0,024606;1,301004;0,029931;0,043617;1,478241;-0,000541;0,18517;1,115769;-0,066465;0,189893;1,172804;-0,20213;0,234246;1,052614;-0,163934;0,230674;1,079751;-0,247696;0,258159;1,021398;-0,210047;0,287649;1,146014;-0,263038;0,238282;1,028521;-0,198816;0,254939;1,088957;-0,249835;0,228384;1,032804;-0,176765;0,242451;1,073934;0,170398;0,394769;1,269755;0,045832;0,363239;1,273909;-0,067756;0,294366;0,832679;-0,110787;0,236329;0,780027;-0,081924;0,138675;0,356842;-0,072033;0,138592;0,357153;-0,082263;0,138787;0,357131;-0,072837;0,137913;0,35488;-0,120467;0,141605;0,364381;-0,10743;0,141836;0,371096
00:00:01.031;25;4;6;5;3;-5,212632;41,24981;59,42644;32,714948;56,560234;30,761604;15,959284;37,37359;-50,981773;13,080007;-75,288856;13,111282;7,169968;17,137056;-0,040108;-0,035941;1,394577;-0,037379;-0,067048;1,379643;-0,030117;-0,071433;1,377426;-0,021413;-0,076067;1,376944;-0,050216;-0,062759;1,38501;-0,05165;-0,062455;1,38354;-0,051711;-0,06271;1,382922;0,021766;-0,091637;1,390933;-0,014541;-0,072913;1,377309;-0,003271;-0,019081;1,40533;-0,018123;-0,011809;1,409163;0,158146;0,029683;1,288753;0,02905;0,036347;1,452607;-0,02496;0,181881;1,1036;-0,067461;0,180658;1,144873;-0,225448;0,230165;1,039099;-0,163758;0,228815;1,072138;-0,269178;0,253442;1,010409;-0,208873;0,288118;1,156859;-0,284566;0,235368;1,019588;-0,194013;0,251487;1,076722;-0,27182;0,226777;1,025523;-0,176739;0,24105;1,067307;0,168398;0,39061;1,268441;0,045892;0,353936;1,278141;-0,048424;0,237151;0,663741;-0,121752;0,276914;0,937867;-0,083151;0,138425;0,356197;-0,074885;0,140139;0,360949;-0,084786;0,138498;0,356385;-0,075595;0,139289;0,358422;-0,12222;0,141553;0,364247;-0,104677;0,140615;0,365813
00:00:01.074;26;4;6;5;3;-1,909461;41,959026;59,663388;36,817089;57,964065;29,153304;14,611315;40,465964;-53,222353;14,714513;73,767456;7,912464;4,948651;-20,597109;-0,053677;-0,027305;1,391575;-0,052098;-0,057482;1,371718;-0,045776;-0,061072;1,369227;-0,037947;-0,065721;1,371713;-0,062826;-0,053951;1,376257;-0,063736;-0,054517;1,374951;-0,06298;-0,055446;1,374199;0,00484;-0,082059;1,381157;-0,024136;-0,06826;1,370551;-0,017178;-0,011611;1,400665;-0,03004;-0,006088;1,404206;0,143441;0,035695;1,276239;0,027647;0,030796;1,434194;-0,04378;0,179458;1,09394;-0,068526;0,171099;1,123567;-0,24416;0,227128;1,028564;-0,162613;0,22701;1,06439;-0,286292;0,249212;1,000816;-0,208049;0,286328;1,163559;-0,304149;0,233964;1,013433;-0,189691;0,248644;1,068769;-0,289704;0,225035;1,01764;-0,176253;0,239506;1,0602;0,165927;0,381845;1,264086;0,046306;0,343149;1,291392;-0,05185;0,2752;0,799982;-0,139129;0,295239;1,095064;-0,095782;0,138996;0,367328;-0,083018;0,138571;0,376367;-0,098221;0,140176;0,3629;-0,082966;0,139525;0,368074;-0,24343;0,216796;0,638561;-0,17345;0,206765;0,597928
00:00:01.115;27;4;6;5;3;1,179962;41,81663;59,758416;35,932119;59,447383;27,123762;13,293308;43,588389;-53,383651;13,046125;-77,58048;-6,716063;-2,797989;20,144642;-0,065386;-0,020876;1,385424;-0,064709;-0,050473;1,365867;-0,058223;-0,054316;1,363198;-0,051556;-0,058085;1,364114;-0,074118;-0,047452;1,370567;-0,074685;-0,048584;1,369368;-0,073349;-0,04993;1,367829;-0,009211;-0,074962;1,372702;-0,034895;-0,064345;1,363358;-0,030137;-0,005966;1,396582;-0,041723;-0,000786;1,400284;0,130699;0,041579;1,264256;0,021903;0,027096;1,415926;-0,064994;0,17876;1,085561;-0,073313;0,162501;1,114969;-0,262902;0,224923;1,020667;-0,162197;0,227248;1,057603;-0,303845;0,24586;0,99213;-0,20782;0,286258;1,169663;-0,325302;0,233123;1,012231;-0,188882;0,249267;1,07165;-0,310861;0,225098;1,015316;-0,176297;0,23878;1,05418;0,164681;0,381998;1,264056;0,046426;0,338075;1,295805;-0,03881;0,225258;0,645638;-0,147971;0,32043;1,171342;-0,087316;0,140674;0,368263;-0,074859;0,139037;0,370639;-0,088901;0,14144;0,365385;-0,087758;0,139679;0,374348;-0,195517;0,190427;0,542465;-0,140252;0,184587;0,517803
00:00:01.158;28;4;6;5;3;4,249337;44,282952;59,236209;36,692108;59,838748;26,738108;12,679308;42,507142;-54,871486;15,805806;-82,52955;-5,302382;5,879074;-21,149065;-0,077869;-0,015107;1,373375;-0,077582;-0,044144;1,352613;-0,071727;-0,048105;1,349129;-0,065838;-0,051287;1,349024;-0,086022;-0,042197;1,356368;-0,086391;-0,042933;1,355589;-0,084626;-0,045274;1,352839;-0,024112;-0,068361;1,356706;-0,045917;-0,059812;1,347133;-0,044502;-0,000764;1,386578;-0,054369;0,00416;1,388984;0,113701;0,045957;1,252966;0,015801;0,025432;1,401252;-0,080466;0,178074;1,078715;-0,076398;0,155616;1,10903;-0,279125;0,223106;1,013783;-0,158214;0,22749;1,056342;-0,318155;0,241877;0,979135;-0,210495;0,291645;1,201981;-0,342191;0,231211;1,00305;-0,19215;0,256508;1,102923;-0,326735;0,222566;1,002255;-0,173609;0,23783;1,048167;0,159842;0,376424;1,254587;0,046679;0,331511;1,303573;-0,061301;0,269616;0,838265;-0,156741;0,315601;1,232822;-0,177076;0,204102;0,575721;-0,157469;0,200921;0,596865;-0,204317;0,230396;0,61935;-0,172005;0,213189;0,595076;-0,339237;0,245113;0,810402;-0,21176;0,20666;0,667672
00:00:01.200;29;3;4;5;3;6,977398;44,810593;58,818823;82,034206;60,096111;26,011864;11,61173;42,692604;-55,510843;16,42822;-7,89717;-40,760089;8,500272;21,616338;-0,088745;-0,011345;1,361694;-0,088915;-0,040013;1,343299;-0,082736;-0,043306;1,339634;-0,077325;-0,046098;1,338516;-0,096061;-0,038033;1,34749;-0,09627;-0,03926;1,346633;-0,094248;-0,041502;1,343445;-0,035338;-0,063343;1,347009;-0,055271;-0,056825;1,335536;-0,056872;0,003385;1,378676;-0,066231;0,007338;1,37779;0,100419;0,048711;1,243528;0,008724;0,025038;1,386464;-0,092193;0,177396;1,072865;-0,077727;0,150426;1,104469;-0,288804;0,221311;1,006509;-0,168129;0,24884;1,153522;-0,32641;0,238944;0,969288;-0,212174;0,295063;1,222638;-0,350338;0,228918;0,992533;-0,194087;0,261866;1,12605;-0,335181;0,220452;0,991666;-0,18574;0,259468;1,138759;0,15562;0,372212;1,251231;0,046129;0,325995;1,309673;-0,082893;0,298746;0,978872;-0,149323;0,275709;1,166034;-0,264487;0,263618;0,765169;-0,217701;0,251712;0,782062;-0,285753;0,286186;0,778828;-0,231949;0,272704;0,77775;-0,415026;0,265484;0,917711;-0,2531;0,226046;0,765787
00:00:01.243;30;4;6;5;3;9,2402;45,636272;58,304488;103,444327;59,80444;24,987012;10,833405;42,848655;-56,999761;16,797304;-73,029027;66,163693;9,936332;23,842581;-0,095786;-0,008136;1,353751;-0,096194;-0,03655;1,336194;-0,09056;-0,039409;1,332412;-0,084686;-0,042686;1,330285;-0,103282;-0,034554;1,341018;-0,102541;-0,036076;1,339062;-0,101196;-0,038279;1,33664;-0,043956;-0,059911;1,336506;-0,06204;-0,054097;1,326949;-0,064789;0,006064;1,371439;-0,073147;0,0094;1,370163;0,091397;0,049537;1,231093;0,001003;0,024055;1,379652;-0,0991;0,176178;1,068012;-0,079811;0,145761;1,101155;-0,296812;0,219375;0,998281;-0,175541;0,265865;1,23489;-0,334378;0,236608;0,961137;-0,213022;0,297953;1,238865;-0,356798;0,22668;0,980096;-0,20088;0,27601;1,186932;-0,342068;0,218682;0,978133;-0,193434;0,274335;1,201143;0,152627;0,36745;1,24695;0,045747;0,322242;1,312937;-0,101267;0,321035;1,084617;-0,155336;0,250891;1,116322;-0,327103;0,300569;0,88691;-0,263804;0,268283;0,847141;-0,335293;0,312741;0,857288;-0,292594;0,306356;0,878287;-0,43057;0,253732;0,910462;-0,300244;0,233543;0,822562
00:00:01.285;31;4;6;5;3;10,665241;45,533356;58,212851;110,438048;59,793166;24,002585;10,213184;44,496674;-56,715146;15,657768;105,966655;81,209171;12,9653;24,30732;-0,100334;-0,005289;1,348238;-0,100751;-0,033501;1,329476;-0,095479;-0,036824;1,325618;-0,089393;-0,039693;1,323885;-0,107361;-0,032144;1,329812;-0,10688;-0,033134;1,32854;-0,105502;-0,035374;1,329766;-0,04951;-0,056889;1,328629;-0,067124;-0,052284;1,320317;-0,069874;0,008569;1,365686;-0,077598;0,011504;1,364506;0,084845;0,049386;1,223011;-0,003948;0,023301;1,368224;-0,10468;0,174613;1,063808;-0,081926;0,14107;1,100751;-0,301684;0,216947;0,990133;-0,180551;0,277232;1,289178;-0,337889;0,232571;0,949889;-0,212095;0,301565;1,253612;-0,359781;0,223092;0,967463;-0,204211;0,286517;1,228956;-0,346023;0,216674;0,967936;-0,196654;0,286607;1,249743;0,150349;0,364244;1,241368;0,045452;0,320965;1,313659;-0,112663;0,333091;1,155101;-0,158549;0,229966;1,08331;-0,361522;0,317887;0,962891;-0,289173;0,294643;0,944041;-0,373393;0,332016;0,930687;-0,311407;0,331898;0,965337;-0,52997;0,292053;1,102801;-0,314172;0,24562;0,864365
00:00:01.340;32;4;6;6;3;12,607655;46,601015;57,671931;113,682322;59,040742;23,767858;9,112808;46,391226;-57,178106;15,885161;121,508828;80,870635;16,697084;29,27241;-0,104547;-0,002681;1,341505;-0,10485;-0,030688;1,32091;-0,098968;-0,033531;1,315602;-0,093011;-0,03694;1,317276;-0,111471;-0,029082;1,322178;-0,111126;-0,030463;1,321001;-0,110974;-0,032663;1,321798;-0,053818;-0,054138;1,322459;-0,072573;-0,049569;1,314606;-0,072687;0,011629;1,353546;-0,081542;0,014305;1,353479;0,078156;0,049017;1,211107;-0,007149;0,022783;1,359045;-0,107669;0,173539;1,060725;-0,084496;0,137311;1,099788;-0,30707;0,214815;0,984836;-0,18484;0,284996;1,326216;-0,34083;0,229503;0,942928;-0,212048;0,304388;1,262148;-0,363042;0,220279;0,957151;-0,206151;0,293421;1,250321;-0,34849;0,214663;0,958159;-0,198975;0,294533;1,277833;0,149569;0,362161;1,237739;0,047477;0,32146;1,313428;-0,128425;0,337629;1,222266;-0,159309;0,215589;1,060801;-0,359238;0,300609;0,952429;-0,301543;0,317501;1,015077;-0,383909;0,320467;0,945497;-0,316713;0,351103;1,020169;-0,589262;0,308872;1,23237;-0,335447;0,279476;0,951737
00:00:01.383;33;4;6;6;3;13,987956;46,61945;57,788841;115,275058;58,783535;23,732963;8,305078;49,058003;-56,000885;14,749863;129,874069;65,590225;18,191901;35,085677;-0,108152;-0,000998;1,329778;-0,108875;-0,028092;1,313941;-0,102652;-0,031376;1,308391;-0,096737;-0,034377;1,311579;-0,115465;-0,02706;1,315466;-0,11605;-0,02797;1,315401;-0,115918;-0,030136;1,315569;-0,057296;-0,051554;1,317048;-0,076789;-0,047028;1,309844;-0,075944;0,014356;1,344255;-0,085305;0,016059;1,341761;0,073187;0,048821;1,20442;-0,009157;0,023079;1,34573;-0,109574;0,172185;1,058371;-0,08904;0,135777;1,096362;-0,311889;0,213201;0,980344;-0,188617;0,290343;1,35169;-0,346051;0,227593;0,938753;-0,212192;0,305748;1,268746;-0,367377;0,217888;0,947998;-0,208032;0,297743;1,263509;-0,351967;0,213198;0,951103;-0,201078;0,299441;1,295041;0,149062;0,360806;1,23538;0,049484;0,322183;1,311879;-0,133901;0,344039;1,250523;-0,158805;0,211091;1,047221;-0,364904;0,310446;0,991479;-0,305682;0,333173;1,0497;-0,394031;0,32686;0,994323;-0,245067;0,276671;0,79856;-0,576038;0,30769;1,228041;-0,344857;0,302909;0,999079
00:00:01.434;34;4;6;6;3;14,935385;46,699055;57,807078;115,407563;59,119295;23,624548;8,063645;49,664199;-55,368686;14,761648;133,328473;34,48679;18,84718;37,617888;-0,111366;0,000844;1,323556;-0,112072;-0,026373;1,307662;-0,105755;-0,029232;1,303354;-0,099587;-0,032623;1,304026;-0,119443;-0,024988;1,310053;-0,119789;-0,026313;1,30966;-0,119669;-0,028453;1,30942;-0,060972;-0,049824;1,312131;-0,080176;-0,045331;1,305349;-0,079481;0,016108;1,336816;-0,089253;0,017951;1,334145;0,068725;0,048792;1,202523;-0,011223;0,024789;1,337774;-0,114207;0,171022;1,055091;-0,092264;0,137994;1,090285;-0,316447;0,212001;0,976723;-0,190962;0,298256;1,356349;-0,349975;0,226351;0,93604;-0,212663;0,308303;1,270935;-0,370618;0,216575;0,943099;-0,209082;0,301765;1,271031;-0,354226;0,212246;0,946517;-0,202906;0,302573;1,299577;0,148985;0,360537;1,235947;0,05076;0,324711;1,310171;-0,135414;0,34897;1,26364;-0,158003;0,210637;1,039094;-0,366163;0,326507;1,018611;-0,321313;0,35485;1,101255;-0,398305;0,334775;1,02816;-0,199835;0,228225;0,653114;-0,518096;0,288813;1,119527;-0,355447;0,316578;1,024952
00:00:01.474;35;4;6;6;3;15,397083;46,273848;57,778478;114,962891;59,450139;23,433612;8,133468;50,115335;-54,20829;14,098745;134,180852;-21,603303;17,781122;38,175707;-0,114074;0,002038;1,318111;-0,114726;-0,025224;1,30183;-0,108384;-0,028544;1,29868;-0,102086;-0,031459;1,298067;-0,122594;-0,024349;1,304784;-0,122819;-0,02521;1,304529;-0,122741;-0,027338;1,304373;-0,064047;-0,048662;1,307885;-0,082996;-0,044171;1,300677;-0,082439;0,017226;1,33058;-0,092518;0,019169;1,328494;0,065176;0,048802;1,20199;-0,012521;0,027313;1,328753;-0,117773;0,17021;1,052609;-0,094168;0,141602;1,084236;-0,319175;0,211621;0,97367;-0,190818;0,305021;1,353077;-0,35319;0,225629;0,934626;-0,212851;0,311241;1,271658;-0,373007;0,215882;0,940614;-0,210032;0,305886;1,27312;-0,355695;0,212161;0,943536;-0,203377;0,305747;1,297975;0,148598;0,361646;1,233516;0,051547;0,329058;1,308011;-0,136698;0,351232;1,237166;-0,159646;0,21129;1,032761;-0,366133;0,338534;1,035547;-0,330488;0,363113;1,107466;-0,40512;0,345704;1,052604;-0,264361;0,27548;0,800424;-0,479175;0,281973;1,049692;-0,371854;0,32922;1,047719
00:00:01.515;36;4;6;6;3;15,259374;44,966463;57,872458;114,390377;59,610951;23,049132;8,425772;51,084617;-52,936986;11,659153;133,859566;5,020937;17,821791;-37,577889;-0,116513;0,002811;1,313872;-0,116386;-0,024465;1,29734;-0,110765;-0,028083;1,294942;-0,104413;-0,030695;1,293844;-0,125345;-0,023927;1,30101;-0,125491;-0,024487;1,300844;-0,12544;-0,026607;1,300742;-0,06597;-0,047857;1,303726;-0,084758;-0,042649;1,29659;-0,085041;0,018686;1,325477;-0,095337;0,019949;1,324121;0,063447;0,048724;1,199543;-0,013314;0,0318;1,31834;-0,120091;0,169683;1,050996;-0,093574;0,145168;1,080303;-0,320513;0,211449;0,972036;-0,190428;0,309687;1,34885;-0,354615;0,225075;0,933357;-0,213402;0,314159;1,270378;-0,373495;0,215432;0,938999;-0,210533;0,309119;1,273778;-0,355048;0,212106;0,941598;-0,203463;0,308208;1,295534;0,147315;0,364317;1,229135;0,051802;0,336842;1,300307;-0,134993;0,351337;1,198258;-0,178835;0,241679;1,132945;-0,367872;0,357391;1,055306;-0,338928;0,379279;1,125853;-0,407243;0,353115;1,065693;-0,214846;0,22892;0,651876;-0,487517;0,31025;1,0848;-0,379256;0,341719;1,058667
00:00:01.555;37;4;5;6;3;14,930612;44,879712;57,990329;114,465147;59,652481;22,940989;8,847396;50,682142;-52,646222;10,202063;133,499676;-3,948042;18,767384;-36,934443;-0,117292;0,003311;1,310417;-0,117432;-0,023965;1,294071;-0,111518;-0,027768;1,291812;-0,105136;-0,030182;1,290398;-0,125591;-0,023641;1,297856;-0,125686;-0,024005;1,297749;-0,125653;-0,026118;1,297683;-0,066446;-0,046572;1,300322;-0,085807;-0,041617;1,292533;-0,085234;0,019635;1,32216;-0,096394;0,020451;1,320929;0,063058;0,048715;1,199003;-0,014618;0,034835;1,315421;-0,120527;0,169509;1,050998;-0,093187;0,148096;1,077747;-0,321181;0,211567;0,972023;-0,190124;0,312636;1,345752;-0,354615;0,224799;0,932882;-0,212608;0,316496;1,271295;-0,373024;0,215299;0,93865;-0,210917;0,311306;1,274556;-0,355024;0,212307;0,941389;-0,203518;0,309808;1,293947;0,146356;0,365043;1,225238;0,050583;0,340269;1,2974;-0,12784;0,352873;1,211468;-0,190767;0,262347;1,208914;-0,375002;0,360425;1,083899;-0,337251;0,39238;1,145154;-0,418199;0,355815;1,091;-0,177138;0,198014;0,552519;-0,461376;0,287933;1,03062;-0,37845;0,35795;1,087834
00:00:01.596;38;4;5;6;3;15,086659;45,385781;58,061113;114,984465;59,591129;22,887562;8,830201;49,665213;-53,210445;9,990404;132,970475;1,322753;19,239843;-37,055195;-0,116931;0,002892;1,306771;-0,116615;-0,024367;1,291596;-0,111246;-0,027556;1,289428;-0,104875;-0,029848;1,288159;-0,125016;-0,023455;1,295807;-0,125078;-0,024427;1,295737;-0,125056;-0,0258;1,295694;-0,065984;-0,045713;1,297409;-0,085735;-0,040935;1,289547;-0,084611;0,020253;1,320004;-0,096333;0,020777;1,318854;0,063468;0,048695;1,198302;-0,016268;0,036175;1,317374;-0,119613;0,169395;1,050998;-0,093516;0,14995;1,075736;-0,32083;0,211491;0,971315;-0,19069;0,313791;1,343739;-0,353554;0,224619;0,932573;-0,212816;0,318016;1,271892;-0,371375;0,215053;0,937722;-0,211282;0,312901;1,275761;-0,354068;0,212517;0,941603;-0,20372;0,311102;1,293966;0,146889;0,365274;1,226555;0,049908;0,34038;1,29866;-0,123255;0,350551;1,220754;-0,179253;0,2473;1,143494;-0,383484;0,36036;1,104234;-0,335765;0,395043;1,1563;-0,425995;0,356173;1,1092;-0,153443;0,177712;0,490737;-0,446344;0,270162;0,995053;-0,378576;0,363301;1,106792
00:00:01.637;39;4;6;6;3;14,475543;45,61222;59,197786;114,986045;60,119243;23,480415;9,923154;48,39668;-52,8497;9,872615;131,869539;6,129126;19,224111;34,633516;-0,116079;0,002622;1,305801;-0,114649;-0,024634;1,290337;-0,108875;-0,027419;1,287878;-0,101782;-0,030362;1,286703;-0,124776;-0,023359;1,295874;-0,124783;-0,024721;1,295479;-0,124769;-0,025614;1,295451;-0,062727;-0,045877;1,295166;-0,084934;-0,040481;1,287255;-0,082;0,020665;1,319303;-0,096345;0,021;1,318205;0,064803;0,048967;1,204846;-0,016598;0,037819;1,319343;-0,117785;0,169266;1,050649;-0,09495;0,150544;1,074428;-0,319384;0,211365;0,970505;-0,192019;0,31439;1,33858;-0,352071;0,224334;0,931673;-0,212833;0,31955;1,27158;-0,369374;0,21444;0,937469;-0,21152;0,313938;1,276545;-0,352245;0,212575;0,941392;-0,203906;0,312028;1,294328;0,147765;0,36431;1,226011;0,050197;0,340361;1,299129;-0,120535;0,349115;1,22959;-0,189606;0,266061;1,226621;-0,386485;0,361791;1,113952;-0,254943;0,304941;0,892645;-0,429875;0,358562;1,11963;-0,132651;0,162445;0,443929;-0,434733;0,261845;0,970184;-0,380456;0,37982;1,159015
00:00:01.677;40;4;6;6;3;14,118251;47,151495;60,048949;115,689214;60,209451;23,403086;10,568646;45,905149;-54,840639;11,018319;131,093536;8,402688;18,169768;-32,022155;-0,113241;0,002445;1,304471;-0,111172;-0,025542;1,289519;-0,105167;-0,028068;1,287221;-0,097604;-0,030705;1,286107;-0,122408;-0,024034;1,295918;-0,122412;-0,024919;1,295661;-0,122371;-0,02623;1,295293;-0,05914;-0,046718;1,293708;-0,082975;-0,040927;1,286116;-0,077248;0,020168;1,317797;-0,093554;0,020278;1,309733;0,068267;0,04903;1,2063;-0,016926;0,037624;1,329373;-0,115513;0,16935;1,051472;-0,096525;0,149148;1,073928;-0,318006;0,210808;0,970328;-0,193743;0,314188;1,335927;-0,350709;0,223703;0,931437;-0,212904;0,320636;1,271727;-0,368757;0,213367;0,939055;-0,211732;0,314698;1,277404;-0,351579;0,211853;0,942655;-0,204653;0,312461;1,293863;0,150514;0,363891;1,226357;0,051138;0,3397;1,299784;-0,118121;0,348377;1,236034;-0,192116;0,279017;1,284154;-0,394712;0,36982;1,142319;-0,200056;0,246614;0,721969;-0,430455;0,364228;1,13516;-0,11797;0,153419;0,417004;-0,425609;0,25644;0,95402;-0,36649;0,385039;1,16986
00:00:01.720;41;4;6;6;3;12,784303;49,172536;60,89007;117,579033;58,975643;24,810209;11,524507;41,966499;-57,789509;11,061207;130,148982;-13,309786;18,296105;-31,315734;-0,104776;0,000105;1,304306;-0,100827;-0,028321;1,288638;-0,093974;-0,031418;1,286794;-0,085433;-0,034618;1,28677;-0,114471;-0,026762;1,299097;-0,115271;-0,027355;1,29963;-0,116072;-0,028978;1,300441;-0,04511;-0,051114;1,29661;-0,077372;-0,042716;1,286425;-0,066713;0,016859;1,317868;-0,086255;0,017671;1,311577;0,079377;0,046283;1,206195;-0,017326;0,037894;1,350242;-0,101219;0,169642;1,057257;-0,097256;0,151444;1,070453;-0,310758;0,208073;0,974763;-0,19515;0,314066;1,331053;-0,343711;0,221318;0,936534;-0,212891;0,321254;1,271472;-0,360095;0,211365;0,943936;-0,211812;0,315834;1,277613;-0,344109;0,209671;0,948026;-0,205026;0,313307;1,292861;0,154396;0,36292;1,226582;0,05175;0,33927;1,30021;-0,11121;0,344887;1,226922;-0,193051;0,304078;1,27605;-0,292421;0,289077;0,867807;-0,160309;0,208857;0,59423;-0,317809;0,286394;0,865604;-0,106953;0,14828;0,396003;-0,326569;0,215788;0,746463;-0,275095;0,299513;0,887109
00:00:01.761;42;4;6;6;3;11,788734;50,048991;61,3227;119,068825;58,01101;26,7707;12,628852;38,323055;-59,428388;10,187218;129,378985;14,252396;19,817672;29,019034;-0,094759;-0,003634;1,303149;-0,089049;-0,032368;1,289464;-0,08092;-0,035116;1,288266;-0,072456;-0,038691;1,28895;-0,103795;-0,029886;1,296263;-0,105073;-0,031016;1,296959;-0,107113;-0,032091;1,298186;-0,030808;-0,055522;1,299897;-0,069409;-0,045412;1,288377;-0,056896;0,012462;1,318964;-0,077834;0,014489;1,314175;0,091766;0,04255;1,209977;-0,016855;0,037415;1,369058;-0,086554;0,169501;1,062767;-0,092915;0,1542;1,068545;-0,298644;0,204609;0,983246;-0,196326;0,313648;1,329634;-0,333543;0,219095;0,944047;-0,212765;0,3222;1,270607;-0,347508;0,208633;0,950608;-0,212357;0,316948;1,276348;-0,333086;0,206467;0,956067;-0,205213;0,313771;1,29186;0,161145;0,3603;1,231978;0,055935;0,337959;1,302236;-0,107315;0,343974;1,228349;-0,194632;0,317024;1,277082;-0,230285;0,237071;0,698475;-0,137241;0,183907;0,51015;-0,247161;0,235394;0,689342;-0,103567;0,144532;0,381302;-0,36977;0,278555;0,878951;-0,219901;0,24358;0,702971
00:00:01.813;43;4;6;6;3;11,146401;50,038992;61,405609;119,873649;57,024672;29,343714;13,642236;36,294569;-59,639391;9,230512;128,46832;14,980588;19,547403;-28,459689;-0,083805;-0,009026;1,302397;-0,076278;-0,037228;1,290702;-0,068063;-0,0405;1,290273;-0,058888;-0,043574;1,291068;-0,093222;-0,034879;1,295121;-0,094809;-0,035625;1,295924;-0,097629;-0,036336;1,297071;-0,016295;-0,059964;1,303783;-0,061305;-0,04865;1,289995;-0,046763;0,007348;1,320027;-0,06884;0,010178;1,321814;0,102977;0,03884;1,216285;-0,014934;0,036254;1,379187;-0,070358;0,169629;1,067748;-0,084099;0,156148;1,068354;-0,283432;0,201126;0,99121;-0,194521;0,314118;1,331862;-0,321807;0,216079;0,951731;-0,212077;0,322993;1,270745;-0,334079;0,20572;0,957395;-0,212102;0,317848;1,276226;-0,320031;0,203777;0,963743;-0,204656;0,314159;1,291559;0,168973;0,357658;1,239686;0,063053;0,335355;1,302504;-0,110099;0,354107;1,284927;-0,195985;0,323074;1,279854;-0,278543;0,301362;0,873309;-0,123254;0,167689;0,455497;-0,202105;0,202788;0,576173;-0,10227;0,142231;0,372096;-0,407442;0,310589;0,969618;-0,186524;0,207811;0,586431
00:00:01.855;44;4;6;5;3;8,64591;51,948555;61,916826;121,018917;53,70343;33,759402;15,563769;29,161821;-61,249512;11,903985;115,527862;11,237877;10,470328;33,048651;-0,066356;-0,01775;1,303308;-0,057694;-0,047063;1,292556;-0,047937;-0,049981;1,293327;-0,037536;-0,053516;1,294894;-0,077558;-0,04406;1,295429;-0,080079;-0,044562;1,2963;-0,084143;-0,045041;1,297396;0,002992;-0,066898;1,311559;-0,053851;-0,053732;1,291747;-0,030396;0,000231;1,323867;-0,056168;0,00357;1,327479;0,119367;0,034457;1,226335;-0,014689;0,03685;1,407122;-0,033806;0,172404;1,080087;-0,078391;0,161725;1,06858;-0,242093;0,200868;1,003737;-0,189526;0,309812;1,316861;-0,284995;0,218587;0,974575;-0,210907;0,324232;1,270834;-0,299021;0,203565;0,974407;-0,211879;0,318345;1,275797;-0,280353;0,197205;0,985183;-0,202464;0,315008;1,293813;0,174113;0,356753;1,245046;0,066939;0,335886;1,302677;-0,10826;0,352254;1,269203;-0,201023;0,33362;1,247355;-0,220936;0,245531;0,695401;-0,109897;0,15742;0,420673;-0,173652;0,181594;0,502612;-0,095123;0,141008;0,366812;-0,431929;0,331411;1,028552;-0,158426;0,184451;0,50823
00:00:01.897;45;4;6;5;3;4,687161;53,18044;62,739655;123,592368;48,79945;40,886623;18,1984;21,044426;-62,67544;14,675994;116,420728;7,142041;6,261565;-36,282579;-0,048338;-0,026414;1,3046;-0,038241;-0,056485;1,295162;-0,027449;-0,059946;1,297063;-0,015446;-0,063883;1,300531;-0,061485;-0,052998;1,295979;-0,065358;-0,052622;1,297245;-0,070253;-0,052988;1,299008;0,022535;-0,075513;1,321513;-0,045337;-0,059284;1,293585;-0,012909;-0,007459;1,328464;-0,041843;-0,002252;1,331511;0,136295;0,029556;1,237418;-0,014625;0,039185;1,435079;0,007347;0,178989;1,094056;-0,073548;0,167408;1,070127;-0,204163;0,201657;1,016779;-0,185399;0,30986;1,322509;-0,248333;0,221676;0,996074;-0,209594;0,325307;1,271942;-0,264534;0,202488;0,990015;-0,21118;0,318204;1,276568;-0,247106;0,194813;0,999819;-0,200618;0,314588;1,297379;0,177352;0,357393;1,24783;0,067949;0,340519;1,28879;-0,10403;0,350909;1,215582;-0,156097;0,265486;0,947981;-0,168523;0,210058;0,58186;-0,101216;0,150745;0,398038;-0,135786;0,167818;0,454798;-0,067023;0,139397;0,361278;-0,31856;0,265063;0,796309;-0,140162;0,169267;0,4574
00:00:01.939;46;4;6;4;3;0,111004;53,867632;64,560344;126,56483;43,120973;49,202656;20,893278;12,703522;-64,59262;16,044931;118,325112;-7,023806;6,213148;-34,687097;-0,030676;-0,035034;1,30579;-0,018911;-0,066445;1,298955;-0,007396;-0,070301;1,301941;0,004951;-0,073753;1,306295;-0,045884;-0,061822;1,297386;-0,051368;-0,060859;1,298559;-0,056788;-0,061138;1,300405;0,039926;-0,083554;1,330084;-0,037613;-0,064449;1,296181;0,005367;-0,015548;1,333552;-0,027958;-0,008301;1,332732;0,153475;0,025773;1,252672;-0,01555;0,046191;1,463752;0,047242;0,19017;1,112937;-0,069119;0,173363;1,070083;-0,172333;0,202525;1,030156;-0,182809;0,310054;1,326881;-0,219786;0,223095;1,010048;-0,20935;0,325826;1,271962;-0,235863;0,199601;1,000859;-0,212435;0,31597;1,274269;-0,219823;0,19228;1,010382;-0,197989;0,310587;1,290246;0,180014;0,359643;1,248589;0,067661;0,350912;1,275564;-0,105374;0,347444;1,164628;-0,126065;0,220876;0,753737;-0,132306;0,186455;0,506659;-0,095573;0,146406;0,383324;-0,111173;0,158864;0,423719;-0,047712;0,137806;0,356281;-0,240211;0,220305;0,641151;-0,128291;0,159397;0,42436
00:00:01.985;47;4;6;4;3;-3,778468;53,808835;65,826591;122,353324;37,451483;57,61842;23,376828;4,199629;-66,674043;17,768701;38,841989;65,105963;7,404582;31,006276;-0,013979;-0,041396;1,306914;-0,001109;-0,073756;1,302821;0,010908;-0,077876;1,306512;0,023532;-0,081796;1,311792;-0,031308;-0,068363;1,299351;-0,037845;-0,06778;1,300814;-0,043699;-0,06764;1,309013;0,056004;-0,090527;1,338454;-0,028905;-0,069371;1,299267;0,021914;-0,021622;1,338959;-0,013587;-0,013039;1,336326;0,16818;0,023303;1,261887;-0,015386;0,0529;1,492539;0,081889;0,201696;1,126959;-0,06569;0,178636;1,071104;-0,147541;0,201487;1,039902;-0,170502;0,286832;1,245373;-0,197323;0,221141;1,016681;-0,213048;0,321128;1,269176;-0,211588;0,194427;1,008959;-0,211591;0,301818;1,243025;-0,19608;0,187429;1,012349;-0,187868;0,285209;1,21001;0,182509;0,366903;1,249433;0,066892;0,357929;1,256116;-0,080381;0,272327;0,887558;-0,102958;0,192818;0,620479;-0,108765;0,171114;0,457779;-0,091905;0,143586;0,373761;-0,095175;0,153043;0,403517;-0,036177;0,137043;0,353733;-0,180563;0,193524;0,546248;-0,120574;0,152982;0,402884
00:00:02.028;48;3;5;3;3;-6,952265;53,087762;68,19522;116,238951;31,45147;67,599419;24,280114;2,041181;-68,356384;20,15367;-13,834569;13,792387;6,755687;-31,014045;0,005904;-0,046395;1,310444;0,019501;-0,080146;1,307434;0,031075;-0,084347;1,310183;0,043712;-0,087566;1,312565;-0,0129;-0,074234;1,302728;-0,020823;-0,07351;1,309979;-0,027646;-0,07353;1,317059;0,074362;-0,096043;1,336895;-0,01803;-0,073919;1,311074;0,04054;-0,026429;1,345973;0,002736;-0,016187;1,342862;0,185245;0,021847;1,278026;-0,01355;0,056566;1,5158;0,125448;0,215358;1,143773;-0,063474;0,179033;1,061267;-0,109161;0,197262;1,046586;-0,159762;0,262498;1,172092;-0,162291;0,213565;1,021693;-0,216609;0,314607;1,274014;-0,174829;0,185237;1,014223;-0,219895;0,299133;1,276966;-0,159044;0,180333;1,017827;-0,200503;0,290443;1,283507;0,190009;0,381242;1,264682;0,066392;0,363184;1,243476;-0,064135;0,223501;0,707463;-0,087938;0,17458;0,533862;-0,074231;0,15815;0,418306;-0,08952;0,141752;0,367545;-0,062837;0,145996;0,381986;-0,02807;0,136412;0,351726;-0,141792;0,176117;0,484561;-0,115559;0,148812;0,388924
00:00:02.069;49;4;6;3;3;-12,955399;51,736305;70,279551;131,442947;26,425136;75,669241;27,185913;1,716696;-69,170245;21,334379;38,705917;-31,256204;5,945094;32,944873;0,023399;-0,05047;1,314489;0,037409;-0,085073;1,310782;0,049363;-0,088477;1,311519;0,061316;-0,092065;1,313067;0,003589;-0,078936;1,307023;-0,005209;-0,078815;1,316986;-0,012664;-0,078116;1,322288;0,08984;-0,099405;1,333082;-0,005659;-0,079104;1,318048;0,057265;-0,030317;1,350183;0,017258;-0,019035;1,34886;0,200607;0,021695;1,291667;-0,009687;0,058749;1,52602;0,163693;0,226888;1,161003;-0,061072;0,177562;1,048224;-0,070955;0,193924;1,054431;-0,171818;0,277086;1,26551;-0,125555;0,206096;1,02705;-0,219407;0,310766;1,275759;-0,137719;0,177374;1,020445;-0,225001;0,297587;1,293078;-0,12155;0,174076;1,022087;-0,208108;0,295437;1,327429;0,195961;0,39345;1,272143;0,0634;0,352634;1,185559;-0,0203;0,256401;0,745801;-0,078175;0,162725;0,47756;-0,03425;0,214331;0,558899;-0,062081;0,138657;0,358604;-0,022245;0,206023;0,534241;-0,022801;0,136001;0,350422;-0,09448;0,160585;0,433615;-0,112299;0,146102;0,379851
00:00:02.110;50;4;6;3;3;-18,152603;50,981313;71,206742;135,305072;22,378021;82,108459;28,903011;1,83585;-68,477429;22,457256;95,443477;53,013935;-7,525036;33,851285;0,039357;-0,053935;1,318518;0,053458;-0,088176;1,311558;0,065788;-0,091212;1,313087;0,076665;-0,095149;1,315494;0,019598;-0,082085;1,311215;0,0103;-0,082403;1,323641;0,001616;-0,081832;1,325337;0,103503;-0,101451;1,328853;0,006169;-0,082474;1,322581;0,072077;-0,032874;1,353969;0,031386;-0,021681;1,353809;0,214977;0,021654;1,304034;-0,005418;0,06014;1,531963;0,198294;0,236627;1,176402;-0,060149;0,177976;1,051296;-0,032285;0,189213;1,05533;-0,177924;0,287239;1,325532;-0,086341;0,198414;1,031233;-0,220858;0,308495;1,274793;-0,097197;0,171412;1,026589;-0,227971;0,298828;1,310201;-0,08135;0,168197;1,024507;-0,213502;0,302382;1,369279;0,202838;0,40297;1,281893;0,059017;0,342585;1,135664;0,022358;0,278466;0,772471;-0,057349;0,153105;0,432214;0,006135;0,250576;0,649584;-0,041707;0,136372;0,352093;0,01634;0,245448;0,634257;-0,014437;0,134238;0,345724;-0,045623;0,21537;0,56745;-0,074935;0,141348;0,366253
00:00:02.152;51;5;6;2;4;-22,098098;50,927498;71,294875;135,936439;19,060068;87,501327;29,939674;-0,111747;-67,449574;24,234164;120,894771;-55,260452;-6,167019;30,55091;0,053525;-0,056959;1,321486;0,067676;-0,090243;1,312763;0,080295;-0,093818;1,315157;0,090398;-0,097154;1,317071;0,033789;-0,08493;1,31464;0,024025;-0,085209;1,323767;0,014705;-0,085053;1,328019;0,115574;-0,10292;1,327855;0,016157;-0,084735;1,326578;0,085549;-0,034526;1,35608;0,04374;-0,023428;1,358426;0,227867;0,022432;1,314872;-0,00263;0,061386;1,544226;0,229429;0,244705;1,188161;-0,061008;0,180164;1,068342;0,010303;0,188019;1,063265;-0,180257;0,294655;1,364545;-0,042026;0,193574;1,031501;-0,221862;0,307828;1,274516;-0,051363;0,167538;1,030583;-0,22769;0,29925;1,312931;-0,038237;0,164375;1,026079;-0,213831;0,305937;1,381081;0,206568;0,408418;1,28823;0,053371;0,336758;1,107431;0,050086;0,292808;0,789806;-0,043813;0,146852;0,402739;0,038843;0,276992;0,71588;-0,028464;0,134888;0,34786;0,048702;0,274747;0,708717;-0,009;0,133092;0,342671;-0,006145;0,250164;0,652342;-0,050648;0,138258;0,357415
00:00:02.192;52;5;6;2;4;-25,204174;50,003282;59,077354;106,743432;16,434581;92,482374;28,659812;0,906163;-44,597646;27,243403;113,837546;38,215811;9,403373;36,660181;0,069871;-0,059901;1,327966;0,084586;-0,092488;1,315646;0,095928;-0,095669;1,318602;0,106301;-0,098618;1,320196;0,050941;-0,087997;1,323516;0,040038;-0,088202;1,329798;0,030927;-0,088101;1,332563;0,129784;-0,103339;1,330006;0,028873;-0,087992;1,333026;0,101026;-0,036537;1,363052;0,058469;-0,025505;1,369127;0,243034;0,023842;1,329267;0,001839;0,062082;1,549397;0,268342;0,248991;1,201055;-0,071525;0,210895;1,254422;0,072728;0,188872;1,077872;-0,181178;0,299852;1,391655;0,02089;0,191078;1,032026;-0,222576;0,307478;1,274685;0,009823;0,16437;1,028979;-0,225296;0,299311;1,310505;0,021812;0,16051;1,025702;-0,210616;0,307076;1,376503;0,20905;0,411332;1,2927;0,047257;0,337011;1,10623;0,073305;0,302267;0,801424;-0,03442;0,142787;0,38358;0,060888;0,292122;0,753722;-0,019856;0,133922;0,345109;0,068838;0,291071;0,750116;-0,005467;0,132348;0,340686;0,021788;0,272643;0,707172;-0,034862;0,136249;0,351669
00:00:02.250;53;3;5;2;3;-8,64035;49,206003;46,227647;62,061474;14,421743;93,790399;12,259032;1,403561;-18,887942;29,851398;87,629164;5,080727;-8,445905;-37,741459;0,086474;-0,062506;1,330778;0,101014;-0,094831;1,31927;0,112347;-0,097786;1,322941;0,122318;-0,100597;1,325727;0,067096;-0,090427;1,324735;0,055744;-0,090861;1,333019;0,046051;-0,090845;1,335516;0,145145;-0,104872;1,337704;0,041679;-0,090799;1,336167;0,116753;-0,038682;1,369334;0,073295;-0,026773;1,372233;0,258991;0,026293;1,338273;0,006526;0,062562;1,553458;0,303712;0,2506;1,210486;-0,078361;0,23087;1,375375;0,117638;0,185445;1,064267;-0,182102;0,304846;1,405426;0,069742;0,188555;1,030617;-0,22261;0,308826;1,272345;0,057234;0,162365;1,028286;-0,222616;0,301488;1,302278;0,068211;0,158365;1,027906;-0,206817;0,307857;1,357077;0,213359;0,413378;1,298405;0,05273;0,424879;1,39595;0,091524;0,309231;0,811076;-0,027296;0,139873;0,370427;0,076155;0,301957;0,778319;-0,014261;0,133295;0,343321;0,081836;0,30141;0,776325;-0,00317;0,131863;0,339396;0,041259;0,286983;0,742112;-0,024601;0,134943;0,347935
00:00:02.291;54;3;5;3;3;-11,078745;47,735801;34,422141;28,99181;15,470856;93,001899;12,52089;1,418436;-0,512804;34,074762;57,127741;30,455863;-18,00253;45,268289;0,104646;-0,063695;1,337856;0,118922;-0,096641;1,325475;0,12971;-0,098798;1,331012;0,139478;-0,101525;1,334573;0,085008;-0,092507;1,332528;0,07303;-0,093556;1,337912;0,062602;-0,093238;1,335335;0,16023;-0,105373;1,346207;0,054689;-0,092749;1,339958;0,132559;-0,039311;1,374117;0,089387;-0,027642;1,376351;0,271677;0,027886;1,344128;0,008678;0,063734;1,555398;0,333201;0,247079;1,204366;-0,082785;0,244706;1,453643;0,170872;0,179398;1,050173;-0,182389;0,308365;1,411927;0,130664;0,185254;1,026901;-0,222448;0,310165;1,269775;0,113726;0,159047;1,022236;-0,220259;0,30307;1,297631;0,120861;0,15472;1,021989;-0,203909;0,308856;1,34655;0,218515;0,413439;1,302813;0,050253;0,41922;1,375317;0,105748;0,28737;0,749449;-0,022665;0,137979;0,361878;0,091025;0,281826;0,726058;-0,010624;0,132887;0,342159;0,094002;0,28147;0,724762;-0,001677;0,131549;0,338557;0,064686;0,274406;0,708473;-0,017931;0,134095;0,345508
00:00:02.331;55;3;5;4;3;-19,024593;45,110077;25,108725;38,913863;21,982388;87,795938;17,147018;2,683717;10,505844;38,922799;37,395065;54,26978;-25,156476;47,484835;0,119648;-0,064519;1,343506;0,134026;-0,097313;1,333009;0,144327;-0,099612;1,338358;0,154949;-0,102395;1,343822;0,100014;-0,094856;1,340743;0,087391;-0,095359;1,341793;0,076828;-0,095204;1,340818;0,17349;-0,10589;1,354185;0,065888;-0,095296;1,349423;0,145535;-0,039801;1,380026;0,103127;-0,028236;1,380428;0,281774;0,029727;1,349333;0,01008;0,065398;1,557009;0,348399;0,237225;1,182188;-0,087522;0,255639;1,505218;0,213007;0,174202;1,036813;-0,182702;0,311897;1,410902;0,184188;0,180431;1,022386;-0,222281;0,311668;1,267753;0,16359;0,155687;1,017954;-0,218551;0,30458;1,29356;0,166015;0,151776;1,018143;-0,201758;0,309848;1,337958;0,223732;0,413391;1,307779;0,046024;0,38726;1,267406;0,119437;0,271529;0,705192;-0,020542;0,137564;0,358421;0,10069;0,268741;0,692087;-0,00826;0,132622;0,341403;0,101909;0,26851;0,691245;-0,000706;0,131344;0,338012;0,079913;0,26623;0,686607;-0,013596;0,133543;0,34393
00:00:02.371;56;2;4;4;3;-5,275903;43,234208;18,74999;53,404615;39,526271;77,07626;6,531198;2,475563;16,506831;46,648313;27,938153;66,820714;-17,060282;51,737648;0,131831;-0,065105;1,348229;0,146188;-0,097775;1,338256;0,156183;-0,100168;1,343483;0,167328;-0,102961;1,349835;0,111945;-0,096281;1,344683;0,099185;-0,096659;1,346066;0,088353;-0,096456;1,344032;0,183615;-0,106198;1,35902;0,074654;-0,096874;1,354525;0,156478;-0,040151;1,384917;0,113705;-0,028637;1,383778;0,287795;0,031725;1,353767;0,010991;0,067367;1,558056;0,339818;0,213166;1,120522;-0,090538;0,262565;1,537692;0,249034;0,170825;1,028128;-0,183431;0,313719;1,408137;0,234226;0,176249;1,016651;-0,222111;0,312557;1,26609;0,211407;0,151746;1,01097;-0,216825;0,305729;1,291614;0,208907;0,148585;1,010743;-0,200255;0,310328;1,331672;0,225758;0,411518;1,307506;0,051576;0,455325;1,489864;0,128335;0,261232;0,676425;-0,018881;0,136614;0,354423;0,106973;0,260236;0,670007;-0,006724;0,13245;0,340912;0,107049;0,260086;0,669459;-0,000076;0,131211;0,337658;0,092444;0,284311;0,732595;-0,010778;0,133185;0,342905
00:00:02.412;57;2;3;4;3;3,49809;42,033548;14,356579;62,762729;51,704801;66,882845;0,156496;2,183764;20,143059;51,57831;22,725022;73,440671;10,998496;53,570812;0,142754;-0,065453;1,350599;0,156486;-0,098895;1,342366;0,166294;-0,101353;1,347514;0,1778;-0,103382;1,354442;0,122629;-0,097105;1,345844;0,109934;-0,097504;1,348843;0,098209;-0,09809;1,346821;0,192586;-0,106426;1,362513;0,081855;-0,097848;1,357141;0,166109;-0,040409;1,389146;0,122989;-0,028905;1,386306;0,293492;0,03305;1,357698;0,01158;0,069518;1,558386;0,328385;0,193716;1,074489;-0,092478;0,267007;1,55845;0,279559;0,16789;1,017933;-0,183721;0,314586;1,404939;0,282749;0,174139;1,009773;-0,222;0,313136;1,265008;0,262295;0,149595;1,00153;-0,215761;0,30656;1,290699;0,253469;0,146218;0,999983;-0,199278;0,31064;1,327587;0,22825;0,405308;1,305579;0,055492;0,502455;1,643912;0,134119;0,254539;0,657726;-0,016396;0,135725;0,351125;0,111057;0,254708;0,655654;-0,005725;0,132338;0,340593;0,113829;0,254338;0,654599;0,000334;0,131125;0,337428;0,10059;0,296063;0,762487;-0,008946;0,132952;0,342238
00:00:02.465;58;3;3;5;3;-12,379495;39,925145;11,211556;68,063573;37,863674;56,959314;9,652612;3,182323;22,373725;46,899582;20,515307;-77,644735;72,322023;32,336547;0,153028;-0,066485;1,352839;0,165578;-0,100445;1,345738;0,176052;-0,102176;1,350834;0,186881;-0,104404;1,357088;0,1328;-0,098512;1,347999;0,119967;-0,099568;1,350298;0,107726;-0,099948;1,348983;0,199866;-0,107297;1,364084;0,089254;-0,09965;1,364092;0,174228;-0,040464;1,388045;0,132829;-0,029839;1,386549;0,299924;0,033958;1,362004;0,011955;0,070867;1,557551;0,36088;0,199256;1,158668;-0,093654;0,269652;1,570542;0,317363;0,168441;0,999407;-0,184001;0,315308;1,40356;0,33733;0,171393;0,997252;-0,221867;0,313425;1,263955;0,318131;0,149571;0,989795;-0,214394;0,307183;1,290454;0,303381;0,148527;0,985639;-0,198695;0,310925;1,325282;0,228881;0,40011;1,302926;0,047734;0,430465;1,410143;0,132529;0,248828;0,642072;-0,014781;0,135147;0,348981;0,110493;0,25193;0,648425;-0,005076;0,132265;0,340385;0,108977;0,249786;0,642839;0,000601;0,131069;0,337278;0,10369;0,278812;0,717866;-0,007756;0,1328;0,341805
00:00:02.513;59;3;3;4;4;-23,226022;37,590353;9,246236;70,886215;23,412243;62,400639;15,666423;4,537998;23,957689;43,502547;19,53085;-80,084588;35,217381;18,395199;0,160523;-0,067173;1,354646;0,173076;-0,101479;1,34828;0,183116;-0,103457;1,352642;0,194281;-0,105041;1,358457;0,140299;-0,100276;1,350449;0,127295;-0,100936;1,351594;0,114847;-0,10129;1,352139;0,206153;-0,107864;1,365104;0,095088;-0,101845;1,37176;0,181377;-0,040561;1,389429;0,139937;-0,030431;1,386007;0,305206;0,034584;1,366203;0,01219;0,072578;1,555958;0,385764;0,203213;1,220384;-0,095217;0,271071;1,576653;0,357344;0,1755;1,015364;-0,18423;0,315856;1,403014;0,378742;0,172317;0,988764;-0,22178;0,313612;1,263271;0,363186;0,15455;0,985667;-0,213505;0,307589;1,290295;0,348237;0,156506;0,988565;-0,198316;0,311111;1,323783;0,23028;0,397152;1,302602;0,042978;0,386225;1,266593;0,128539;0,246885;0,636447;-0,013731;0,134771;0,347588;0,110127;0,250125;0,643727;-0,004654;0,132218;0,34025;0,105823;0,246827;0,635195;0,000774;0,131032;0,337181;0,109865;0,292761;0,753613;-0,006982;0,132702;0,341523
00:00:02.553;60;2;3;2;3;-7,096326;36,653594;7,918335;72,829632;12,492926;66,241067;5,729855;4,429867;25,134619;41,84581;18,7525;81,805392;37,085548;-2,927547;0,16762;-0,068357;1,35512;0,179489;-0,102152;1,349932;0,190075;-0,104316;1,354167;0,200694;-0,106258;1,359697;0,147488;-0,101423;1,352042;0,134332;-0,102568;1,352086;0,121621;-0,102799;1,352441;0,211075;-0,10826;1,366118;0,100234;-0,103058;1,373944;0,187508;-0,041395;1,389629;0,146801;-0,031577;1,384604;0,30904;0,035036;1,370682;0,012342;0,073691;1,554923;0,403457;0,205025;1,2605;-0,097137;0,271992;1,580624;0,392846;0,182975;1,019087;-0,185036;0,315975;1,401609;0,417633;0,183632;0,989547;-0,221724;0,313734;1,262826;0,408337;0,170387;0,990333;-0,212927;0,307852;1,290192;0,39353;0,171576;0,994667;-0,197966;0,311066;1,322109;0,23412;0,397134;1,306241;0,053081;0,458764;1,495635;0,125945;0,245621;0,63279;-0,013048;0,134527;0,346682;0,109889;0,248952;0,640672;-0,004379;0,132187;0,340163;0,103773;0,244904;0,630227;0,000887;0,131008;0,337117;0,113879;0,301828;0,776849;-0,006479;0,132638;0,34134
00:00:02.593;61;2;3;3;3;-19,677031;36,404875;6,797881;74,099949;5,456413;68,025351;12,745507;3,855104;25,822486;41,077842;18,425926;83,187083;32,649328;7,617716;0,174548;-0,069127;1,355428;0,186019;-0,102615;1,351356;0,196142;-0,104875;1,355159;0,205693;-0,107076;1,360853;0,154517;-0,102195;1,353427;0,141256;-0,103657;1,352756;0,128297;-0,103752;1,352286;0,214217;-0,108489;1,366427;0,104278;-0,103766;1,374314;0,19397;-0,041958;1,390459;0,154238;-0,033073;1,382293;0,311146;0,035376;1,375343;0,012442;0,07353;1,55425;0,414312;0,205497;1,286925;-0,098407;0,272652;1,583556;0,417055;0,193294;1,025356;-0,185653;0,316211;1,401396;0,442521;0,197834;0,990405;-0,221749;0,313901;1,262887;0,436035;0,188407;0,992317;-0,212551;0,308023;1,290125;0,421495;0,188661;0,997934;-0,197842;0,311203;1,321721;0,236873;0,397547;1,310007;0,047513;0,405678;1,320063;0,124259;0,2448;0,630414;-0,012604;0,134368;0,346093;0,116905;0,244788;0,629937;-0,004201;0,132167;0,340106;0,111696;0,243109;0,625598;0,013238;0,197233;0,507526;0,119996;0,27943;0,719152;0,007555;0,1987;0,511321
00:00:02.638;62;3;3;3;4;-28,075233;36,48772;5,681812;75,162405;1,002979;68,94158;17,362039;3,222821;26,496107;40,596822;18,188418;84,436297;25,708623;34,427487;0,179823;-0,069627;1,355628;0,191034;-0,102917;1,352281;0,200859;-0,105238;1,355803;0,209663;-0,107581;1,361255;0,159857;-0,102697;1,354328;0,146567;-0,10362;1,353541;0,133332;-0,104317;1,351486;0,216091;-0,108555;1,365577;0,107544;-0,104093;1,372804;0,199381;-0,042411;1,393798;0,159856;-0,034045;1,38079;0,312754;0,035624;1,379423;0,012498;0,074258;1,552762;0,421061;0,205258;1,305501;-0,099233;0,27308;1,585461;0,433067;0,202804;1,028732;-0,186055;0,316364;1,401257;0,455728;0,211523;0,986063;-0,221827;0,314096;1,263277;0,451543;0,205682;0,990806;-0,212307;0,308135;1,290081;0,437692;0,20449;0,995857;-0,197657;0,311126;1,320769;0,238791;0,398026;1,313155;0,044406;0,371303;1,204541;0,123164;0,244266;0,628869;-0,014385;0,135081;0,347811;0,121466;0,242082;0,622959;-0,004085;0,132154;0,340069;0,116846;0,241943;0,622588;0,021623;0,239327;0,615842;0,205642;0,324855;0,835999;0,016677;0,24164;0,621809
00:00:02.678;63;3;3;3;4;-33,461141;36,636513;4,824138;75,983625;-1,388381;69,005076;20,400904;2,957315;26,934583;40,396021;17,790954;85,843608;20,188983;-41,993751;0,184073;-0,06997;1,356108;0,194139;-0,103032;1,351833;0,203708;-0,105365;1,354822;0,21202;-0,107797;1,360115;0,164056;-0,102997;1,354563;0,150749;-0,10357;1,353702;0,137336;-0,104657;1,350616;0,217084;-0,108486;1,363625;0,109638;-0,104278;1,371473;0,202899;-0,042705;1,395969;0,164292;-0,035461;1,379814;0,313958;0,035803;1,382775;0,012528;0,074697;1,551096;0,425334;0,205049;1,317226;-0,099725;0,273238;1,586;0,443074;0,211725;1,032676;-0,185989;0,316703;1,398717;0,463152;0,222909;0,984291;-0,221877;0,314223;1,26353;0,459992;0,218339;0,988774;-0,212091;0,308123;1,289703;0,447747;0,216809;0,995907;-0,197537;0,311076;1,32015;0,240983;0,398656;1,31625;0,043424;0,348307;1,127352;0,122451;0,243919;0,627865;-0,015543;0,135544;0,348927;0,12443;0,240323;0,618423;-0,00401;0,132146;0,340045;0,120193;0,241185;0,620633;0,025765;0,267504;0,688347;0,260113;0,354381;0,911949;0,022606;0,269552;0,693626
00:00:02.721;64;3;3;3;4;-36,695091;36,423421;3,999321;76,545667;-2,564389;68,538009;22,069981;3,414548;27,293165;40,336302;17,451744;-87,162241;18,913801;-49,52797;0,185194;-0,070157;1,35572;0,195388;-0,103108;1,351541;0,20479;-0,105447;1,354184;0,213663;-0,107993;1,360075;0,165286;-0,103218;1,355066;0,151887;-0,10351;1,353456;0,138439;-0,104905;1,3504;0,217841;-0,108497;1,363056;0,110305;-0,10526;1,371657;0,204129;-0,042843;1,39563;0,16478;-0,036372;1,378829;0,314741;0,03592;1,384954;0,01254;0,074052;1,548962;0,427885;0,204806;1,324147;-0,100023;0,272378;1,586;0,448728;0,220616;1,030689;-0,185853;0,316765;1,396366;0,468622;0,232561;0,981039;-0,22191;0,314305;1,263694;0,465584;0,229394;0,985353;-0,211893;0,308765;1,289107;0,454027;0,228343;0,99419;-0,197616;0,311291;1,320797;0,242537;0,400783;1,318963;0,042225;0,333359;1,077179;0,121988;0,243694;0,627212;-0,014238;0,135165;0,347903;0,125051;0,239996;0,617575;-0,003961;0,13214;0,340029;0,121095;0,241644;0,621811;0,027076;0,286091;0,736176;0,212329;0,315086;0,810817;0,02646;0,287694;0,740307
00:00:02.766;65;3;3;3;4;-38,900734;35,378055;2,50705;77,605238;-2,465024;68,153709;22,895583;4,608094;27,610157;40,408154;17,250792;87,799914;22,596603;57,93903;0,18602;-0,070315;1,356168;0,195481;-0,103183;1,351702;0,205547;-0,105528;1,35412;0,213902;-0,108093;1,359699;0,166086;-0,103362;1,355393;0,152666;-0,104269;1,353647;0,139229;-0,105121;1,35096;0,217503;-0,108476;1,362337;0,110209;-0,106144;1,374927;0,204084;-0,042921;1,395059;0,164397;-0,036983;1,378889;0,314618;0,036014;1,38707;0,011654;0,073533;1,545475;0,428557;0,204541;1,327945;-0,100238;0,271879;1,58635;0,44937;0,226581;1,025198;-0,185764;0,316804;1,394838;0,47149;0,240134;0,977526;-0,22187;0,314272;1,263451;0,468708;0,237977;0,982079;-0,211707;0,309099;1,288369;0,456889;0,237173;0,991673;-0,19707;0,311679;1,322268;0,242473;0,401631;1,318976;0,041432;0,323535;1,044216;0,121687;0,243547;0,626788;-0,013797;0,135055;0,347587;0,125733;0,239648;0,616674;-0,003929;0,132137;0,340019;0,121751;0,242079;0,622927;0,027929;0,298172;0,767264;0,181554;0,289408;0,744731;0,028965;0,299487;0,770649
00:00:02.808;66;3;3;3;4;-40,242054;34,706281;1,40211;78,23345;-1,043412;67,010923;23,227492;5,260693;27,810384;40,511972;17,210417;87,449449;-26,145951;-55,181941;0,186605;-0,070436;1,356809;0,196363;-0,103259;1,352156;0,206093;-0,105608;1,354428;0,214943;-0,108213;1,360154;0,167421;-0,103482;1,355955;0,153253;-0,104817;1,35447;0,139779;-0,106059;1,351674;0,217283;-0,108462;1,361869;0,110063;-0,107421;1,376003;0,20426;-0,043015;1,396089;0,164891;-0,037371;1,378578;0,314617;0,036084;1,388796;0,010199;0,073163;1,542509;0,428092;0,204696;1,327615;-0,101236;0,271435;1,585878;0,44828;0,231689;1,019529;-0,185753;0,31691;1,394195;0,472839;0,246434;0,974192;-0,221844;0,31425;1,263293;0,469505;0,244852;0,978552;-0,211643;0,309399;1,28824;0,457535;0,243671;0,988638;-0,196716;0,311931;1,323224;0,242559;0,403149;1,319684;0,040903;0,317599;1,02244;0,125691;0,240187;0,618112;-0,0133;0,134847;0,347031;0,124068;0,240101;0,617838;-0,003908;0,132134;0,340012;0,120332;0,242226;0,623303;0,028483;0,306026;0,787472;0,158139;0,272989;0,702475;0,030594;0,307152;0,790372
00:00:02.850;67;3;3;3;4;-41,262846;34,659551;0,381109;78,978015;0,809217;65,380035;23,57386;5,333622;27,715601;40,699806;-17,006481;87,624094;-27,40447;52,445582;0,187033;-0,070533;1,357576;0,196987;-0,103335;1,352802;0,206554;-0,105714;1,355328;0,21573;-0,108348;1,36115;0,168245;-0,104305;1,355971;0,153634;-0,105173;1,355006;0,140136;-0,106668;1,352138;0,217252;-0,108509;1,362265;0,109857;-0,108139;1,375302;0,20463;-0,043131;1,398508;0,165254;-0,037633;1,378726;0,314616;0,03613;1,389917;0,00838;0,072064;1,540931;0,427001;0,204418;1,324949;-0,101953;0,271325;1,58662;0,446309;0,235836;1,016894;-0,185046;0,317138;1,394477;0,472443;0,250986;0,971675;-0,221291;0,314497;1,264241;0,468749;0,249781;0,975909;-0,210983;0,309763;1,288856;0,456744;0,248088;0,985264;-0,195936;0,312424;1,325246;0,242358;0,404454;1,318745;0,04043;0,313865;1,005136;0,128293;0,238004;0,612473;-0,012977;0,134712;0,34667;0,174069;0,273584;0,703995;-0,003895;0,132133;0,340008;0,169287;0,275101;0,707897;0,028868;0,311402;0,801307;0,230197;0,321076;0,826209;0,031652;0,312134;0,803192
00:00:02.891;68;3;3;4;4;-41,894325;35,149761;1,219256;76,539507;7,722907;59,393427;23,350599;5,596771;27,041962;41,519441;-18,172049;85,821156;-23,696101;51,332419;0,186586;-0,070614;1,358425;0,196673;-0,103411;1,353571;0,206961;-0,105838;1,356613;0,215467;-0,107659;1,361798;0,168009;-0,10484;1,355981;0,153881;-0,105404;1,355354;0,139599;-0,107064;1,35244;0,217399;-0,108624;1,363572;0,108831;-0,108494;1,373446;0,204173;-0,043227;1,40078;0,164789;-0,037822;1,379522;0,314932;0,036196;1,392046;0,006321;0,070444;1,539205;0,422123;0,202237;1,310267;-0,10281;0,269048;1,579403;0,441608;0,241392;1,006081;-0,184632;0,317366;1,39501;0,466551;0,254035;0,958488;-0,22159;0,314571;1,264507;0,463062;0,253543;0,962291;-0,21061;0,310084;1,289607;0,451672;0,252182;0,973272;-0,194622;0,313419;1,32621;0,242164;0,405943;1,317784;0,039081;0,31199;0,995639;0,129984;0,236584;0,608807;-0,012767;0,134625;0,346436;0,206569;0,295347;0,759997;-0,003886;0,132132;0,340005;0,201108;0,29647;0,762883;0,028672;0,315169;0,810999;0,277035;0,352333;0,906636;0,03234;0,315373;0,811525
00:00:02.933;69;3;3;4;4;-20,191377;35,870947;1,764512;75,963752;12,342156;55,516103;11,74514;4,974906;26,552008;42,257957;-17,947982;84,768031;-24,780482;49,950678;0,186248;-0,070648;1,358626;0,196469;-0,103461;1,354071;0,206399;-0,105891;1,357099;0,21452;-0,107212;1,362219;0,167041;-0,10439;1,355638;0,153231;-0,105527;1,35523;0,139213;-0,107294;1,352286;0,216662;-0,10867;1,364072;0,108055;-0,108614;1,37084;0,204028;-0,043322;1,403307;0,164444;-0,037936;1,379689;0,314264;0,03623;1,39308;0,004109;0,069467;1,539833;0,418389;0,200549;1,298974;-0,104425;0,268878;1,577162;0,43438;0,245965;0,992053;-0,184924;0,317115;1,393606;0,459268;0,257047;0,946068;-0,221723;0,314531;1,264329;0,456643;0,256828;0,948889;-0,210425;0,310377;1,290444;0,44503;0,256171;0,960577;-0,193768;0,314065;1,326836;0,242851;0,40702;1,31751;0,050168;0,411682;1,309365;0,17027;0,277282;0,713525;-0,012458;0,13484;0,346983;0,227694;0,309494;0,796398;-0,00388;0,132131;0,340003;0,214011;0,313352;0,806324;0,031687;0,316257;0,8138;0,307479;0,372649;0,958913;0,034072;0,31639;0,814141
00:00:02.973;70;2;3;4;3;-5,137651;36,644428;1,719973;75,999957;15,592717;52,912978;5,362885;4,206928;26,367684;42,777323;-17,811925;83,840133;-28,795321;38,936034;0,186124;-0,070707;1,359457;0,196437;-0,103547;1,355096;0,206193;-0,105233;1,358464;0,214068;-0,107003;1,363542;0,166498;-0,10415;1,356115;0,152888;-0,105662;1,355849;0,138158;-0,107415;1,351836;0,216348;-0,108784;1,365447;0,107415;-0,108552;1,367396;0,204998;-0,043611;1,4123;0,164262;-0,038019;1,380148;0,313036;0,035458;1,393752;0,001795;0,068802;1,539542;0,415623;0,19929;1,290583;-0,106419;0,268886;1,576405;0,427394;0,250802;0,977684;-0,185207;0,317112;1,393394;0,453166;0,26112;0,936244;-0,22181;0,314506;1,264214;0,450938;0,261499;0,938078;-0,210362;0,310651;1,291339;0,443946;0,264001;0,959325;-0,193314;0,314651;1,327944;0,243232;0,407611;1,316981;0,057492;0,477476;1,516437;0,196456;0,303736;0,781591;-0,011621;0,134435;0,345939;0,241426;0,318689;0,820059;0,007373;0,198507;0,510802;0,222399;0,324325;0,834561;0,035011;0,316692;0,81492;0,327268;0,385855;0,992894;0,037007;0,316642;0,814792
00:00:03.014;71;2;3;4;3;-19,489995;36,844533;1,385201;76,416567;18,462786;50,505126;12,078721;3,757968;26,141254;43,367897;-17,531638;83,625886;-31,208708;38,963153;0,185268;-0,070745;1,359997;0,195645;-0,103602;1,355763;0,205389;-0,104859;1,360052;0,213884;-0,106921;1,365102;0,166101;-0,103968;1,356075;0,152625;-0,105722;1,355902;0,137472;-0,107494;1,351543;0,215366;-0,108858;1,36634;0,10633;-0,108624;1,366557;0,204665;-0,043767;1,417095;0,163399;-0,038083;1,380796;0,310804;0,034973;1,394889;-0,000585;0,068369;1,539352;0,41254;0,198201;1,283379;-0,107764;0,269011;1,576614;0,421856;0,254739;0,967295;-0,185345;0,31703;1,392906;0,447653;0,265022;0,928809;-0,221866;0,314489;1,264139;0,445851;0,265373;0,930351;-0,210264;0,310745;1,29157;0,405331;0,246281;0,877311;-0,192918;0,314866;1,327963;0,24436;0,408213;1,317338;0,050772;0,415435;1,315384;0,213476;0,320931;0,825834;-0,011923;0,134853;0,34701;0,250351;0,324666;0,835438;0,014688;0,241651;0,621821;0,227851;0,331458;0,852914;0,038063;0,316703;0,814948;0,307131;0,329423;0,847681;0,038915;0,316807;0,815215
00:00:03.059;72;3;3;5;3;-4,453112;37,138851;0,701159;77,908614;23,77048;45,521348;6,341049;3,413447;26,072446;44,566131;-16,473467;-82,863518;17,373084;34,963493;0,182389;-0,069996;1,360348;0,192764;-0,10284;1,355846;0,202489;-0,104589;1,360734;0,211428;-0,106869;1,366117;0,163529;-0,103849;1,356048;0,150176;-0,105789;1,356286;0,134753;-0,107573;1,351703;0,213224;-0,108934;1,367271;0,104021;-0,108614;1,365312;0,201288;-0,043706;1,414962;0,159691;-0,038124;1,381218;0,307687;0,03465;1,395278;-0,003008;0,068088;1,539229;0,406948;0,195763;1,267496;-0,109686;0,270352;1,578849;0,416724;0,257545;0,959492;-0,185341;0,316818;1,391889;0,410789;0,248174;0,856076;-0,221841;0,314392;1,26374;0,408962;0,248508;0,857428;-0,210029;0,311288;1,290671;0,378834;0,235073;0,823652;-0,192955;0,315009;1,324826;0,246108;0,409039;1,31897;0,061027;0,481298;1,5179;0,22454;0,332108;0,854592;-0,01212;0,135124;0,347707;0,253204;0,291418;0,749885;0,019443;0,269695;0,693984;0,239613;0,295561;0,760544;0,040047;0,31671;0,814966;0,298227;0,291382;0,749793;0,039709;0,31705;0,81584
00:00:03.100;73;3;3;5;3;-18,659882;37,564778;0,34539;79,336726;26,677743;44,794143;13,126518;2,837449;25,718041;45,373067;-15,066738;-83,227563;19,86064;-26,922625;0,179787;-0,069526;1,360926;0,19012;-0,102345;1,3559;0,198954;-0,10436;1,360477;0,208223;-0,106029;1,366426;0,160273;-0,103746;1,355682;0,147004;-0,105805;1,356186;0,13225;-0,107653;1,352157;0,210168;-0,108927;1,367176;0,101669;-0,108524;1,363453;0,199007;-0,043828;1,418825;0,155709;-0,038151;1,381491;0,304717;0,034422;1,394831;-0,005463;0,067936;1,539849;0,402608;0,194179;1,257173;-0,11096;0,272186;1,580652;0,404137;0,254229;0,93412;-0,185704;0,316748;1,388078;0,386749;0,237846;0,809499;-0,221986;0,314972;1,260331;0,38515;0,238062;0,810378;-0,21038;0,312032;1,288686;0,361358;0,228303;0,789124;-0,193419;0,315346;1,320687;0,247178;0,409467;1,31968;0,053606;0,418455;1,316335;0,231731;0,339373;0,873285;-0,01427;0,135572;0,348859;0,255058;0,269808;0,694275;0,022534;0,287923;0,74089;0,247259;0,272228;0,700504;0,041337;0,316715;0,814978;0,29244;0,266656;0,686165;0,036622;0,318432;0,819396
00:00:03.142;74;4;2;5;4;-28,040716;37,927794;0,321637;80,214528;29,136817;46,907722;18,105888;2,779649;25,502191;46,119424;-13,469666;84,402613;120,369972;25,944776;0,176415;-0,069168;1,360252;0,186765;-0,10197;1,355235;0,195883;-0,104211;1,36031;0,205414;-0,10551;1,366977;0,156654;-0,103705;1,355793;0,143434;-0,105842;1,356471;0,129146;-0,106989;1,353152;0,207508;-0,108979;1,367815;0,098592;-0,108466;1,362244;0,195014;-0,043702;1,414686;0,15237;-0,038179;1,382019;0,301421;0,0343;1,39559;-0,007057;0,068698;1,539902;0,39875;0,192986;1,249412;-0,111688;0,273134;1,580424;0,549765;0,354086;1,278478;-0,186153;0,316519;1,381401;0,371288;0,232062;0,779574;-0,222418;0,31624;1,256015;0,369589;0,23231;0,780496;-0,211108;0,312903;1,285996;0,350951;0,22536;0,768781;-0,194311;0,315313;1,316947;0,247939;0,409854;1,320492;0,048768;0,376959;1,184968;0,236405;0,344095;0,885435;-0,015668;0,135864;0,349609;0,256264;0,255761;0,658129;0,024542;0,299771;0,771378;0,252229;0,257062;0,661478;0,041318;0,317262;0,816386;0,283478;0,25276;0,650407;0,034616;0,31933;0,821707
00:00:03.183;75;4;2;5;4;-33,719251;37,956424;0,08615;81,745657;30,492334;7,886824;21,612159;2,81574;25,46158;46,361495;-11,262644;-84,584595;64,006912;32,380623;0,173449;-0,068935;1,359814;0,183905;-0,101779;1,355503;0,193306;-0,104222;1,361602;0,202961;-0,105253;1,368385;0,153568;-0,103705;1,356215;0,140375;-0,105121;1,357006;0,126358;-0,106557;1,353799;0,204271;-0,10904;1,36858;0,095842;-0,108456;1,361809;0,191573;-0,043609;1,411646;0,148519;-0,038167;1,381313;0,298264;0,033402;1,395033;-0,008963;0,069162;1,539236;0,394617;0,192103;1,243668;-0,113086;0,273811;1,580625;0,4714;0,305613;1,097711;-0,187643;0,316044;1,36901;0,360827;0,228302;0,760123;-0,223673;0,317145;1,25076;0,358898;0,228463;0,760722;-0,212506;0,314144;1,281097;0,343454;0,223237;0,754857;-0,195901;0,316015;1,311365;0,2485;0,410214;1,32137;0,045593;0,350299;1,098879;0,239444;0,347165;0,893333;-0,016576;0,136053;0,350096;0,257047;0,24663;0,634634;0,025848;0,307473;0,791196;0,255459;0,247204;0,63611;0,041826;0,318026;0,818351;0,277653;0,243727;0,627165;0,033313;0,319914;0,82321
00:00:03.223;76;4;2;5;4;-37,369738;37,778957;-0,178657;82,833049;31,709422;31,884187;23,955634;3,163103;25,467661;46,674855;-9,895644;86,372742;36,503919;13,659247;0,170833;-0,068819;1,360229;0,181321;-0,101681;1,356027;0,190031;-0,104202;1,362091;0,199756;-0,105059;1,36895;0,150827;-0,103732;1,35684;0,137649;-0,104679;1,357704;0,123805;-0,106304;1,354569;0,201438;-0,109108;1,369427;0,093347;-0,108533;1,362576;0,188581;-0,04356;1,41002;0,146015;-0,03816;1,380853;0,295491;0,032826;1,395022;-0,0102;0,069447;1,538454;0,39112;0,190774;1,239584;-0,113995;0,274251;1,580757;0,419714;0,27404;0,978462;-0,188364;0,316088;1,359207;0,352791;0,226271;0,74748;-0,224488;0,31844;1,247344;0,350301;0,226375;0,74787;-0,214019;0,314777;1,277213;0,336818;0,222899;0,746507;-0,19688;0,317125;1,307387;0,24785;0,410013;1,32054;0,04353;0,332969;1,042921;0,241419;0,34916;0,898466;-0,017167;0,136176;0,350412;0,257557;0,240695;0,619362;0,026697;0,312479;0,804077;0,257559;0,240796;0,619622;0,04212;0,31825;0,818928;0,27521;0,236768;0,609257;0,032465;0,320294;0,824186
00:00:03.266;77;4;2;5;4;-39,648403;37,767489;-0,030566;82,813579;32,393098;40,660779;25,750967;3,164762;25,279333;47,076306;-9,382088;-86,038367;24,389394;11,19171;0,167584;-0,068743;1,360499;0,178913;-0,101644;1,356717;0,187127;-0,104188;1,362409;0,196893;-0,104933;1,369318;0,148309;-0,103003;1,357596;0,13433;-0,104392;1,358158;0,120602;-0,10614;1,35507;0,198816;-0,109152;1,369977;0,09095;-0,108583;1,363074;0,185745;-0,043506;1,408263;0,142817;-0,038155;1,380555;0,292895;0,032451;1,395014;-0,011888;0,069681;1,538995;0,388737;0,189857;1,23658;-0,11456;0,273577;1,580492;0,385818;0,254179;0,90025;-0,188705;0,315649;1,357384;0,347241;0,225968;0,738562;-0,224439;0,318755;1,245824;0,344551;0,226145;0,739165;-0,214398;0,315362;1,275389;0,332349;0,223404;0,74073;-0,196989;0,317448;1,306202;0,247296;0,410415;1,319301;0,042188;0,321705;1,006549;0,242702;0,350457;0,901803;-0,017551;0,136256;0,350618;0,257888;0,236837;0,609435;0,027249;0,315733;0,81245;0,258924;0,236631;0,608904;0,041827;0,31826;0,818953;0,273622;0,232245;0,597617;0,031914;0,32054;0,824821
00:00:03.307;78;4;2;5;3;-17,727103;37,487317;0,12221;82,548982;32,874418;44,628159;14,5;3,686478;25,124205;47,320838;-9,366848;85,030812;16,574933;12,830776;0,164738;-0,068712;1,361024;0,176576;-0,101619;1,357166;0,185333;-0,104233;1,363316;0,195131;-0,104905;1,370257;0,145936;-0,102555;1,358437;0,131464;-0,104259;1,359153;0,117777;-0,10606;1,355746;0,197211;-0,109237;1,371035;0,088702;-0,108727;1,364798;0,18297;-0,043439;1,406071;0,139919;-0,038142;1,380011;0,291207;0,032208;1,395009;-0,012983;0,069816;1,538997;0,387188;0,18926;1,234627;-0,114876;0,273018;1,57962;0,364066;0,240739;0,849063;-0,188495;0,315158;1,35865;0,343633;0,22536;0,732765;-0,224469;0,318341;1,245185;0,341225;0,225584;0,733507;-0,214155;0,315364;1,275603;0,329859;0,223317;0,736974;-0,197006;0,317573;1,305081;0,246122;0,410567;1,318146;0,054455;0,422124;1,319257;0,243537;0,3513;0,903972;-0,0178;0,136308;0,350752;0,258103;0,23433;0,602983;0,027607;0,317848;0,817893;0,259811;0,233924;0,601938;0,041637;0,318266;0,81897;0,27259;0,229304;0,590051;0,031556;0,320701;0,825234
00:00:03.348;79;2;2;4;3;-3,241251;37,381316;1,197353;80,894409;32,449047;46,885107;8,105228;3,905721;24,718232;47,544507;-10,560472;84,088411;10,861789;-14,812331;0,162114;-0,068692;1,361366;0,174239;-0,101577;1,357108;0,183297;-0,104209;1,363205;0,193156;-0,10486;1,370517;0,142881;-0,10229;1,359334;0,128795;-0,104145;1,359449;0,115169;-0,106008;1,356185;0,195337;-0,109264;1,371373;0,086504;-0,108877;1,366619;0,180367;-0,043395;1,404646;0,137318;-0,038153;1,380357;0,289966;0,032034;1,394306;-0,013714;0,07;1,541098;0,3864;0,18898;1,234057;-0,115005;0,272474;1,578003;0,350978;0,232271;0,818241;-0,189133;0,315349;1,365072;0,341863;0,224662;0,729348;-0,224869;0,317898;1,24687;0,339638;0,224916;0,73018;-0,213561;0,31507;1,277492;0,328813;0,222951;0,734883;-0,196486;0,317252;1,305753;0,245424;0,410775;1,317745;0,061347;0,487397;1,522517;0,244079;0,351848;0,905382;-0,017962;0,136342;0,350839;0,258243;0,2327;0,598789;0,02784;0,319223;0,82143;0,260388;0,232164;0,59741;0,041513;0,31827;0,81898;0,305273;0,290777;0,748233;0,031323;0,320805;0,825502
00:00:03.388;80;2;2;4;3;-18,855337;37,481411;1,213105;80,598119;28,799716;46,228504;14,828512;4,091576;24,788633;47,001735;-11,31227;83,192095;12,274518;-14,848575;0,159712;-0,068714;1,362288;0,171176;-0,10155;1,35707;0,180378;-0,104167;1,362784;0,191139;-0,105638;1,371036;0,14019;-0,10217;1,360617;0,126348;-0,104125;1,360342;0,112729;-0,106002;1,35682;0,194266;-0,109365;1,372642;0,085013;-0,10889;1,366752;0,177792;-0,043345;1,40302;0,134841;-0,038161;1,380582;0,289303;0,031937;1,394549;-0,014183;0,070966;1,541764;0,388594;0,189383;1,246987;-0,115217;0,272422;1,578702;0,372514;0,243909;0,872057;-0,189547;0,315473;1,369247;0,372182;0,2382;0,794326;-0,22473;0,317339;1,249716;0,369857;0,238987;0,795217;-0,213175;0,314878;1,27872;0,329432;0,219661;0,737374;-0,196357;0,316636;1,307589;0,240657;0,410828;1,310134;0,05093;0,420513;1,313386;0,244431;0,352204;0,906298;-0,018068;0,136364;0,350895;0,258334;0,231641;0,596063;0,027992;0,320116;0,82373;0,260762;0,23102;0,594466;0,041432;0,318273;0,818987;0,326517;0,330734;0,851052;0,031172;0,320873;0,825676
00:00:03.429;81;3;2;4;5;69,524554;37,579483;1,31042;79,925116;24,055001;48,184698;-48,567242;4,661173;24,770464;46,156025;-12,35666;83,018716;13,181499;35,091356;0,157375;-0,069504;1,362887;0,168497;-0,102358;1,357746;0,177794;-0,104969;1,363209;0,189095;-0,106952;1,371723;0,137665;-0,102868;1,361451;0,123983;-0,104887;1,360922;0,110453;-0,10608;1,358283;0,192835;-0,109459;1,373818;0,083326;-0,108983;1,367889;0,176204;-0,044132;1,402663;0,13333;-0,038194;1,381778;0,289162;0,031905;1,396107;-0,014491;0,07161;1,542546;0,390935;0,188945;1,265542;-0,115329;0,272328;1,578806;0,383414;0,2467;0,914387;-0,189511;0,315566;1,375461;0,390537;0,242723;0,843912;-0,224702;0,317064;1,251915;0,387072;0,244522;0,847291;-0,212368;0,31428;1,280568;0,35544;0,232456;0,813543;-0,195837;0,316741;1,310883;0,235961;0,410641;1,304487;0,741735;7,546121;23,790952;0,244661;0,352435;0,906894;-0,018136;0,136378;0,350932;0,258393;0,230952;0,594291;0,02809;0,320697;0,825224;0,261006;0,230277;0,592553;0,04138;0,318275;0,818992;0,340326;0,356706;0,917884;0,031074;0,320917;0,82579
00:00:03.469;82;3;2;4;5;68,487433;37,876629;1,373084;79,482707;20,070297;50,043284;-46,795264;5,206006;24,757522;45,406447;-13,083687;83,355392;13,789629;46,336014;0,155041;-0,070776;1,362927;0,166024;-0,103684;1,358535;0,175338;-0,10549;1,363486;0,186158;-0,107779;1,37182;0,134472;-0,104098;1,361993;0,120925;-0,10541;1,36165;0,108198;-0,106905;1,359234;0,191075;-0,110274;1,374232;0,081451;-0,109043;1,368628;0,174203;-0,045394;1,401031;0,13156;-0,039004;1,382556;0,289215;0,031901;1,397819;-0,014698;0,072062;1,543755;0,391495;0,187027;1,281802;-0,115453;0,272387;1,579574;0,388596;0,246745;0,948551;-0,18884;0,315866;1,380549;0,398438;0,244092;0,880343;-0,224093;0,317061;1,254045;0,394836;0,246081;0,885689;-0,211843;0,313892;1,281769;0,371009;0,239413;0,870403;-0,195552;0,316894;1,313374;0,23205;0,410297;1,300117;0,501581;5,11464;16,128769;0,24481;0,352586;0,907281;-0,018181;0,136388;0,350956;0,258431;0,230504;0,593139;0,028154;0,321074;0,826196;0,261164;0,229793;0,59131;0,041346;0,318276;0,818995;0,349302;0,373588;0,961324;0,030502;0,320537;0,824813
00:00:03.509;83;3;2;3;5;66,951065;37,975604;1,187745;79,240515;13,303608;55,175219;-44,197476;5,725219;24,817095;44,442633;-13,939868;82,526154;12,364476;-59,41061;0,152085;-0,071658;1,364002;0,1645;-0,1046;1,359748;0,173052;-0,105884;1,364366;0,184387;-0,1084;1,372933;0,131654;-0,104924;1,362696;0,118219;-0,105804;1,362822;0,106011;-0,107497;1,360552;0,190026;-0,110861;1,375201;0,080291;-0,109166;1,370158;0,172192;-0,046238;1,40067;0,129718;-0,039561;1,384111;0,289466;0,031922;1,399983;-0,014836;0,072372;1,544891;0,395419;0,186679;1,304271;-0,11561;0,272607;1,581123;0,391781;0,244958;0,977758;-0,188782;0,315903;1,386657;0,401877;0,244614;0,908923;-0,223759;0,316431;1,255779;0,397747;0,2464;0,918698;-0,211502;0,31364;1,28255;0,377512;0,241472;0,910862;-0,195418;0,317077;1,315343;0,229386;0,409852;1,296576;0,34546;3,533957;11,14765;0,202312;0,313783;0,807433;-0,01718;0,136122;0,350271;0,258456;0,230213;0,59239;0,028196;0,32132;0,826827;0,261267;0,229479;0,590501;0,038613;0,319093;0,821097;0,355136;0,384561;0,989561;0,033758;0,319338;0,821729
00:00:03.550;84;3;2;3;5;64,690124;38,319301;1,405761;78,691093;8,617459;59,549045;-40,718849;5,922055;24,719828;43,798037;-14,612133;82,510782;11,863989;54,117703;0,149423;-0,072251;1,365052;0,162774;-0,105223;1,360886;0,171653;-0,106973;1,365638;0,182499;-0,108831;1,374007;0,129141;-0,105543;1,364202;0,115741;-0,106115;1,364284;0,103112;-0,107966;1,362459;0,18944;-0,1113;1,37653;0,079578;-0,109301;1,371853;0,170926;-0,046798;1,400786;0,127033;-0,039954;1,386172;0,290062;0,031983;1,403489;-0,014947;0,072673;1,547729;0,398597;0,186743;1,320976;-0,115764;0,27287;1,58283;0,390891;0,241894;0,993593;-0,188135;0,316243;1,392027;0,40356;0,245738;0,93275;-0,222949;0,316197;1,257607;0,396712;0,247013;0,944004;-0,21128;0,313475;1,283057;0,380901;0,243665;0,94521;-0,194683;0,317365;1,317323;0,228696;0,40938;1,296024;0,244943;2,505299;7,906072;0,174689;0,288561;0,742531;-0,015907;0,135677;0,349126;0,258472;0,230024;0,591904;0,028223;0,321479;0,827238;0,261334;0,229275;0,589976;0,038599;0,318672;0,820013;0,358928;0,391694;1,007915;0,03864;0,318423;0,819374
00:00:03.589;85;3;2;2;5;60,853737;38,755204;1,046741;78,364899;6,399979;62,835634;-33,742211;7,483561;24,753552;43,088882;-14,895021;81,783522;14,456224;3,077616;0,14628;-0,073491;1,367134;0,160958;-0,105683;1,362326;0,170007;-0,107708;1,366815;0,180533;-0,109923;1,375054;0,126013;-0,106;1,365881;0,112656;-0,106399;1,366285;0,100549;-0,108382;1,365098;0,189154;-0,111641;1,378095;0,078486;-0,109612;1,375754;0,169348;-0,047174;1,401211;0,124618;-0,04025;1,388912;0,292855;0,032199;1,413468;-0,015022;0,073769;1,549924;0,403177;0,187946;1,340235;-0,115863;0,273041;1,58394;0,390972;0,241288;1,015085;-0,187621;0,316306;1,394818;0,408392;0,251028;0,968537;-0,222299;0,31587;1,258094;0,394359;0,248101;0,967802;-0,210519;0,31354;1,284087;0,381753;0,245474;0,976287;-0,194102;0,317383;1,31791;0,228248;0,409073;1,295666;0,170162;1,734655;5,475647;0,156734;0,272167;0,700345;-0,013072;0,134843;0,346982;0,258483;0,229901;0,591587;0,0296;0,321039;0,826105;0,261378;0,229142;0,589634;0,039931;0,31799;0,818258;0,361393;0,39633;1,019844;0,043072;0,317012;0,815743
00:00:03.632;86;3;3;3;4;56,277768;38,749346;1,294529;77,614304;3,43933;65,577565;-27,993812;8,200259;24,674832;42,52897;-15,622661;81,13297;-22,514958;11,204586;0,144309;-0,074336;1,369187;0,159859;-0,106036;1,363962;0,169023;-0,108242;1,36828;0,179345;-0,11069;1,376435;0,124103;-0,106406;1,368373;0,110733;-0,107447;1,368635;0,098932;-0,108708;1,367514;0,189064;-0,111921;1,379812;0,077796;-0,109842;1,37864;0,167483;-0,047407;1,401137;0,123139;-0,040473;1,391743;0,294234;0,033102;1,417854;-0,015077;0,074516;1,552051;0,405683;0,188872;1,353803;-0,115903;0,273092;1,584311;0,391239;0,241771;1,032906;-0,187474;0,316663;1,398032;0,411997;0,255878;0,997399;-0,221816;0,315569;1,258061;0,396418;0,251489;0,994122;-0,210024;0,313581;1,284757;0,38469;0,248587;1,004536;-0,193776;0,31748;1,318642;0,228755;0,408985;1,295783;0,133134;1,335642;4,218921;0,145063;0,26151;0,672924;-0,011825;0,134438;0,345938;0,210002;0,233766;0,601532;0,030494;0,320753;0,825368;0,21025;0,233545;0,600962;0,040834;0,317819;0,817818;0,275968;0,342216;0,880599;0,045095;0,316503;0,814433
00:00:03.672;87;3;3;3;4;46,878181;38,224433;1,213025;77,129856;1,014431;67,149032;-19,185078;9,08705;24,798919;41,564848;-16,280367;80,321518;-18,953744;11,822574;0,1431;-0,074924;1,371221;0,159265;-0,107128;1,366075;0,168469;-0,108645;1,369932;0,178618;-0,111217;1,377683;0,123675;-0,10748;1,370342;0,109565;-0,108212;1,371213;0,097979;-0,109815;1,370484;0,189102;-0,112159;1,381628;0,077482;-0,110187;1,382966;0,1674;-0,047654;1,403889;0,122238;-0,040639;1,394283;0,295275;0,033707;1,421405;-0,01511;0,074984;1,553083;0,405879;0,18991;1,365772;-0,115954;0,272283;1,584902;0,39378;0,244088;1,056039;-0,187378;0,316895;1,400121;0,413558;0,259296;1,01721;-0,22144;0,315286;1,25769;0,397368;0,254211;1,013329;-0,209703;0,313608;1,285192;0,386421;0,251284;1,025699;-0,193016;0,317879;1,320517;0,228961;0,408706;1,295159;0,098082;0,97482;3,080398;0,137477;0,254584;0,655101;-0,011417;0,13431;0,34561;0,179196;0,236278;0,607996;0,029681;0,320703;0,825239;0,178078;0,236406;0,608326;0,040474;0,317571;0,817182;0,221368;0,306771;0,789389;0,046368;0,3159;0,812881
00:00:03.714;88;3;3;3;4;32,090516;37,548471;1,237596;76,964467;-1,577995;68,990278;-9,77727;9,588518;24,87601;40,472339;-16,574862;79,694235;-20,886079;-17,589598;0,143169;-0,075345;1,373244;0,15896;-0,107893;1,368149;0,168194;-0,108963;1,371706;0,178281;-0,111645;1,379544;0,12349;-0,108261;1,372673;0,109644;-0,108765;1,373588;0,098192;-0,110591;1,373115;0,189317;-0,112428;1,384208;0,077356;-0,110523;1,387178;0,167388;-0,047826;1,406028;0,121652;-0,040746;1,395934;0,295952;0,035725;1,423713;-0,015141;0,07534;1,554804;0,405237;0,192561;1,376352;-0,116064;0,271937;1,586336;0,395061;0,246778;1,073525;-0,187316;0,317046;1,401478;0,416254;0,26337;1,037436;-0,221134;0,315015;1,257098;0,399377;0,257277;1,031064;-0,209494;0,313626;1,285475;0,387348;0,254321;1,042254;-0,192521;0,318139;1,321736;0,229157;0,408635;1,295103;0,075298;0,740286;2,340359;0,132546;0,250082;0,643516;-0,011359;0,134363;0,345746;0,15818;0,238047;0,612547;0,028224;0,320806;0,825506;0,157167;0,238266;0,613112;0,038893;0,317819;0,817818;0,184951;0,284003;0,730803;0,046816;0,316052;0,813273
00:00:03.762;89;2;3;3;3;12,256467;37,054514;1,170646;76,594308;-3,027427;69,681076;-0,622013;9,782002;24,930098;38,457613;-17,149231;78,461226;17,555975;-15,556854;0,143287;-0,076442;1,375259;0,158843;-0,109228;1,370197;0,1681;-0,110009;1,373559;0,178106;-0,112739;1,381104;0,123432;-0,10961;1,374887;0,10978;-0,109994;1,376182;0,098406;-0,111181;1,375875;0,189553;-0,112659;1,386585;0,078068;-0,110741;1,389916;0,167339;-0,047926;1,407068;0,122068;-0,041613;1,397007;0,296538;0,037056;1,425914;-0,015159;0,075554;1,555573;0,402137;0,19772;1,384979;-0,11611;0,271651;1,586919;0,397976;0,251723;1,096091;-0,186707;0,31754;1,404111;0,418122;0,267693;1,057234;-0,220342;0,315014;1,257414;0,402139;0,261433;1,051342;-0,208173;0,314064;1,287409;0,390629;0,258925;1,063865;-0,191089;0,318982;1,325328;0,22947;0,408921;1,296117;0,060501;0,587949;1,859683;0,129272;0,247019;0,635635;-0,011322;0,134398;0,345835;0,14452;0,239197;0,615506;0,027277;0,320873;0,825679;0,143575;0,239475;0,616223;0,036494;0,318252;0,818932;0,16128;0,269204;0,692722;0,044809;0,316287;0,813877
00:00:03.802;90;2;3;2;3;-7,870717;36,572701;0,853396;76,294118;-3,542919;69,921451;6,994457;10,305273;25,112371;36,652648;-17,581974;77,854;12,875671;-10,560863;0,144148;-0,078725;1,376568;0,158847;-0,110936;1,372228;0,168125;-0,112315;1,375463;0,179008;-0,114386;1,383867;0,124275;-0,111358;1,377377;0,110682;-0,112394;1,378219;0,099357;-0,113166;1,378018;0,190691;-0,112924;1,38953;0,078591;-0,110967;1,392745;0,167182;-0,049556;1,406694;0,123071;-0,043744;1,397005;0,297283;0,03797;1,429094;-0,015163;0,075659;1,555372;0,399115;0,202185;1,392686;-0,116114;0,270503;1,586947;0,399518;0,256636;1,115309;-0,186219;0,317703;1,405122;0,418091;0,271127;1,070102;-0,219232;0,315188;1,258319;0,403084;0,264394;1,065572;-0,207315;0,314349;1,288666;0,392004;0,262886;1,079312;-0,189498;0,319698;1,328364;0,228689;0,409401;1,295376;0,050882;0,48893;1,547244;0,125797;0,245165;0,630863;-0,011901;0,134556;0,346243;0,135641;0,239944;0,617429;0,026662;0,320917;0,825791;0,13474;0,240261;0,618245;0,034935;0,318533;0,819656;0,145894;0,259585;0,667969;0,043504;0,31644;0,81427
00:00:03.842;91;3;3;2;4;-23,090516;35,902974;0,260993;75,999282;-3,679962;71,317125;12,38306;10,971972;25,291619;34,874946;-18,242269;-76,830498;12,584944;-9,272446;0,144708;-0,081778;1,377419;0,158931;-0,113672;1,374248;0,168226;-0,114659;1,377401;0,17964;-0,116277;1,386014;0,124855;-0,114098;1,379345;0,111354;-0,114832;1,380592;0,100051;-0,115333;1,380462;0,191528;-0,113947;1,392145;0,07897;-0,111966;1,395284;0,167122;-0,051429;1,406801;0,123723;-0,04672;1,397003;0,298059;0,039421;1,432561;-0,015155;0,075676;1,554192;0,39764;0,210171;1,399446;-0,116091;0,269698;1,586616;0,399622;0,260321;1,127101;-0,185328;0,318204;1,407529;0,418247;0,273891;1,080566;-0,218511;0,315302;1,258907;0,403723;0,267375;1,076572;-0,206132;0,314705;1,290183;0,392639;0,265718;1,090403;-0,187946;0,320584;1,332086;0,227323;0,409491;1,294195;0,04408;0,424568;1,344159;0,123538;0,243959;0,627761;-0,013463;0,134659;0,346508;0,12987;0,24043;0,618679;0,026262;0,320946;0,825864;0,128997;0,240772;0,619559;0,033921;0,318716;0,820126;0,135893;0,253332;0,65188;0,042656;0,316539;0,814526
00:00:03.883;92;3;3;2;4;-32,779882;35,12737;0,178238;75,56462;-4,195693;73,501557;15,818746;11,874936;25,507387;32,965356;-18,415655;75,901325;14,984549;19,355661;0,145146;-0,084593;1,378673;0,159106;-0,116327;1,376611;0,168463;-0,117092;1,380061;0,180141;-0,118358;1,388109;0,125296;-0,116727;1,381324;0,111933;-0,117358;1,383885;0,100657;-0,117714;1,38415;0,193111;-0,114758;1,395594;0,079336;-0,112786;1,399035;0,167166;-0,053476;1,407571;0,124241;-0,04949;1,398052;0,299602;0,041216;1,435865;-0,01427;0,075704;1,553775;0,396754;0,219099;1,40699;-0,116025;0,269056;1,5857;0,398864;0,263699;1,136166;-0,184613;0,318293;1,408044;0,419341;0,277197;1,093318;-0,218102;0,315463;1,25964;0,404285;0,269836;1,085822;-0,204792;0,315192;1,292219;0,39279;0,268448;1,098662;-0,186319;0,321413;1,335556;0,226436;0,410285;1,293426;0,039727;0,383394;1,214253;0,12207;0,243176;0,625745;-0,014478;0,134726;0,34668;0,126118;0,240745;0,619491;0,026002;0,320964;0,825912;0,125264;0,241104;0,620413;0,033262;0,318835;0,820432;0,129393;0,249268;0,641422;0,042105;0,316604;0,814692
00:00:03.924;93;3;3;3;4;-38,91968;34,304987;0,112499;74,4494;-4,629588;76,908557;17,762443;12,897636;25,378532;30,907841;-19,345491;74,922952;23,573449;-14,131821;0,14253;-0,087372;1,381937;0,157845;-0,118996;1,379897;0,168039;-0,120409;1,38354;0,179105;-0,121455;1,391221;0,122459;-0,119255;1,382961;0,109936;-0,119791;1,386025;0,098747;-0,119354;1,387598;0,196245;-0,118178;1,412886;0,079654;-0,114235;1,402873;0,167294;-0,055933;1,415771;0,122336;-0,052958;1,400484;0,301796;0,042437;1,439762;-0,013692;0,075705;1,553154;0,397867;0,231934;1,415043;-0,114981;0,268402;1,583705;0,395838;0,268682;1,134708;-0,183616;0,318825;1,410479;0,418863;0,281069;1,098457;-0,217238;0,315743;1,260816;0,405925;0,273131;1,093584;-0,203291;0,31568;1,294242;0,393149;0,271229;1,10298;-0,185262;0,321952;1,337811;0,225737;0,410578;1,292227;0,036874;0,356964;1,129115;0,121115;0,242666;0,624434;-0,015137;0,13477;0,346792;0,12368;0,240951;0,620019;0,025833;0,320976;0,825943;0,122838;0,24132;0,620969;0,032834;0,318912;0,820631;0,125167;0,246626;0,634624;0,041747;0,316646;0,8148
00:00:03.965;94;3;3;3;4;-41,972925;33,456409;-0,141947;73,748794;-4,737682;79,148557;18,532996;13,947609;25,348268;29,218177;-20,20363;74,195742;32,206847;10,262872;0,137007;-0,090064;1,385459;0,153154;-0,121583;1,382733;0,165237;-0,123875;1,391401;0,176985;-0,124977;1,400944;0,117569;-0,121024;1,385425;0,105572;-0,121497;1,388816;0,094505;-0,121464;1,392639;0,196542;-0,121161;1,423426;0,079116;-0,115264;1,406417;0,164659;-0,058238;1,418651;0,118008;-0,055271;1,403465;0,303148;0,04322;1,441945;-0,01331;0,075672;1,55205;0,39768;0,242655;1,419928;-0,114302;0,267977;1,582408;0,393388;0,273504;1,13236;-0,183058;0,319329;1,412761;0,418685;0,28557;1,102147;-0,216677;0,315925;1,26158;0,40699;0,276535;1,09863;-0,202316;0,315997;1,295557;0,393383;0,27367;1,105787;-0,183999;0,322639;1,340677;0,225283;0,411502;1,291448;0,034781;0,343002;1,083924;0,120495;0,242335;0,623582;-0,017293;0,13575;0,349315;0,122095;0,241084;0,620363;0,025723;0,320984;0,825963;0,121261;0,24146;0,62133;0,032556;0,318962;0,82076;0,122421;0,244909;0,630206;0,041514;0,316673;0,81487
00:00:04.004;95;3;3;2;4;-24,320618;32,933671;-0,515868;73,549108;-4,849566;80,132263;10,628363;14,750162;25,378558;27,897586;-20,412001;72,989476;32,025182;4,149589;0,130367;-0,092704;1,389148;0,147048;-0,124151;1,385627;0,160634;-0,126598;1,39301;0,172857;-0,127809;1,404463;0,111326;-0,123092;1,388426;0,099673;-0,123559;1,392381;0,090214;-0,122929;1,396965;0,194905;-0,123797;1,428877;0,078728;-0,115875;1,408021;0,160252;-0,060434;1,418073;0,112892;-0,057638;1,406802;0,3047;0,043707;1,442665;-0,013057;0,075616;1,550632;0,396745;0,24881;1,423103;-0,11386;0,2677;1,581565;0,391773;0,27804;1,136434;-0,182022;0,319086;1,415295;0,417176;0,289034;1,104196;-0,216491;0,315586;1,263127;0,40655;0,278836;1,102259;-0,201682;0,316203;1,296412;0,393131;0,275869;1,110062;-0,183179;0,323086;1,34254;0,224926;0,411991;1,290591;0,042417;0,426259;1,345751;0,120092;0,24212;0,623028;-0,018695;0,136387;0,350955;0,121065;0,241171;0,620586;0,025651;0,320989;0,825976;0,120236;0,241551;0,621564;0,032375;0,318995;0,820844;0,120636;0,243793;0,627334;0,041362;0,316691;0,814915
00:00:04.045;96;2;3;2;3;-11,233845;32,75329;-0,346968;72,70544;-3,582136;78,716675;5,979795;15,467595;25,270484;27,095614;-20,926467;-72,007804;25,063496;2,284738;0,124548;-0,096086;1,392597;0,141594;-0,127505;1,388557;0,155804;-0,130469;1,399307;0,169165;-0,131769;1,412001;0,105754;-0,125327;1,391427;0,095064;-0,125728;1,395047;0,085883;-0,124777;1,400827;0,193115;-0,126966;1,43942;0,077691;-0,117105;1,409414;0,156103;-0,06444;1,420848;0,108056;-0,060851;1,410371;0,306082;0,044077;1,444882;-0,0129;0,075631;1,550761;0,39465;0,251555;1,422717;-0,113523;0,267402;1,580318;0,391778;0,282742;1,146082;-0,181437;0,319085;1,417642;0,414934;0,291285;1,105527;-0,21637;0,315366;1,264133;0,40576;0,280422;1,104969;-0,201269;0,316337;1,296968;0,392209;0,277847;1,11249;-0,18274;0,323545;1,344451;0,224451;0,411861;1,288634;0,046738;0,484703;1,529588;0,11983;0,24198;0,622668;-0,019606;0,136801;0,352021;0,120395;0,241227;0,620731;0,017244;0,254072;0,653784;0,119569;0,24161;0,621717;0,032257;0,319016;0,820899;0,119475;0,243068;0,625467;0,041264;0,316702;0,814945
00:00:04.086;97;2;3;3;3;-3,915907;32,855045;0,246431;71,995243;-2,822394;77,619449;3,645314;16,28685;24,990568;26,464648;-20,982663;-71,764803;22,368058;-5,259915;0,117685;-0,098386;1,396238;0,135732;-0,130547;1,391162;0,150395;-0,133927;1,404799;0,164178;-0,135015;1,415501;0,099813;-0,126877;1,394428;0,089777;-0,1273;1,398531;0,080753;-0,126941;1,405088;0,189109;-0,129597;1,443473;0,075463;-0,117993;1,411369;0,150832;-0,067783;1,421251;0,102607;-0,063022;1,414441;0,307055;0,044329;1,446673;-0,012813;0,07484;1,552595;0,392575;0,252593;1,422816;-0,113329;0,267268;1,579856;0,391545;0,285623;1,151653;-0,180968;0,318927;1,418467;0,413737;0,292936;1,107093;-0,21569;0,315396;1,265486;0,404742;0,281541;1,10708;-0,201002;0,316424;1,297329;0,391339;0,279397;1,115119;-0,182313;0,32359;1,344643;0,224143;0,411776;1,287362;0,049208;0,51903;1,637532;0,119878;0,241617;0,621735;-0,020198;0,137071;0,352713;0,118899;0,241264;0,620825;0,011779;0,210576;0,54186;0,118782;0,241649;0,621816;0,031714;0,31903;0,820934;0,118721;0,242596;0,624254;0,0412;0,31671;0,814964
00:00:04.127;98;2;3;3;3;1,463942;33,315047;0,813224;71,347285;-1,646161;76,0291;2,089269;17,4528;24,758779;25,853553;-21,049205;-71,687909;21,025756;-7,51249;0,107768;-0,100837;1,400705;0,126443;-0,133422;1,393906;0,141273;-0,137016;1,40872;0,155477;-0,138959;1,419876;0,092123;-0,128946;1,399178;0,082497;-0,128614;1,403945;0,073486;-0,128543;1,409957;0,183701;-0,132529;1,450308;0,071631;-0,118629;1,41334;0,141711;-0,071555;1,421163;0,095158;-0,066175;1,419537;0,307158;0,042881;1,449238;-0,012764;0,074376;1,554837;0,389418;0,252334;1,422181;-0,113228;0,267239;1,579907;0,390849;0,287583;1,155625;-0,180708;0,318903;1,419354;0,412828;0,293915;1,10776;-0,215307;0,315504;1,266716;0,403953;0,28218;1,108102;-0,200827;0,31648;1,297564;0,390652;0,280317;1,116477;-0,182036;0,32362;1,344768;0,224919;0,411435;1,287935;0,051213;0,545671;1,721346;0,119909;0,241381;0,621127;-0,020583;0,137246;0,353164;0,117927;0,241288;0,620886;0,008226;0,182304;0,469109;0,11827;0,241674;0,62188;0,033199;0,318767;0,820257;0,118231;0,24229;0,623465;0,037059;0,317531;0,817077
00:00:04.169;99;2;3;3;3;-16,781487;33,88974;1,754048;70,124314;-1,035399;74,534543;7,611744;18,205851;24,367044;25,870452;-21,35098;-71,527623;19,845272;-9,258955;0,099019;-0,103366;1,405358;0,117345;-0,135465;1,397439;0,131864;-0,138706;1,408118;0,146411;-0,141343;1,420969;0,084791;-0,130422;1,403666;0,075381;-0,129533;1,408164;0,066392;-0,129714;1,414522;0,177409;-0,135032;1,4523;0,068349;-0,119073;1,414971;0,132689;-0,074103;1,422856;0,088822;-0,069165;1,425299;0,306545;0,041131;1,451605;-0,012744;0,07414;1,557694;0,387555;0,24905;1,422467;-0,112214;0,266205;1,579239;0,39028;0,288108;1,157856;-0,18045;0,31873;1,41923;0,411478;0,293827;1,107844;-0,215058;0,315573;1,267515;0,402682;0,282506;1,108416;-0,20066;0,316432;1,297367;0,389897;0,280979;1,12016;-0,181855;0,323639;1,344849;0,22469;0,410481;1,288308;0,043461;0,46319;1,466425;0,11993;0,241228;0,620733;-0,020833;0,137359;0,353456;0,117295;0,241303;0,620926;0,005917;0,163927;0,421821;0,117938;0,24169;0,621922;0,033698;0,318596;0,819817;0,117912;0,24209;0,622952;0,034368;0,318064;0,81845
00:00:04.211;100;3;3;3;4;-28,119204;34,344078;2,612739;69,417164;-0,297065;73,468906;11,615274;18,647678;24,051228;25,887284;-21,238157;-71,775034;21,739469;11,30582;0,091819;-0,105143;1,410133;0,109929;-0,136932;1,401135;0,124201;-0,140676;1,408427;0,138929;-0,143739;1,42203;0,078484;-0,131514;1,407983;0,069979;-0,130195;1,411607;0,060996;-0,130539;1,418189;0,1717;-0,136693;1,453945;0,066231;-0,11939;1,416381;0,125339;-0,076671;1,425707;0,083995;-0,071218;1,431144;0,306146;0,039164;1,453143;-0,012737;0,07402;1,560251;0,385252;0,244312;1,421604;-0,111556;0,265532;1,578806;0,387917;0,285666;1,153357;-0,180865;0,318226;1,417399;0,410098;0,293232;1,108249;-0,214896;0,315618;1,268035;0,400844;0,282264;1,109321;-0,200497;0,316315;1,296888;0,389005;0,280942;1,123254;-0,181691;0,323567;1,344552;0,224359;0,409527;1,2875;0,039387;0,413033;1,313676;0,119943;0,241128;0,620476;-0,020996;0,137433;0,353647;0,116885;0,241313;0,620952;0,004417;0,151982;0,391084;0,117722;0,241701;0,621949;0,033556;0,318484;0,819531;0,117705;0,241961;0,622619;0,032618;0,318411;0,819342
00:00:04.253;101;3;3;3;4;-35,034502;34,638594;3,638541;68,682402;-0,284359;73,763224;14,821237;19,1595;24,077474;26,201411;-21,187585;-71,359263;29,531245;-21,371996;0,087256;-0,106459;1,415336;0,104447;-0,138093;1,405638;0,119061;-0,142818;1,417027;0,133919;-0,146098;1,43042;0,073658;-0,132389;1,412539;0,064923;-0,130787;1,415594;0,056726;-0,131206;1,421973;0,167313;-0,137907;1,456414;0,063296;-0,119715;1,418698;0,121217;-0,078818;1,435959;0,080125;-0,072644;1,436694;0,304157;0,037049;1,453793;-0,011849;0,073991;1,562963;0,382325;0,237302;1,421743;-0,111152;0,264255;1,578874;0,378103;0,279343;1,146932;-0,181045;0,31774;1,41551;0,401602;0,291404;1,110262;-0,215214;0,315212;1,266623;0,393364;0,281806;1,113758;-0,200283;0,316068;1,295877;0,37872;0,277966;1,121065;-0,181537;0,323437;1,344009;0,224265;0,408396;1,287675;0,036728;0,380323;1,21404;0,119952;0,241063;0,62031;-0,021101;0,137481;0,35377;0,115911;0,24132;0,620969;0,003441;0,144218;0,371104;0,115583;0,24198;0,622667;0,033492;0,318684;0,820045;0,114616;0,241605;0,621702;0,031481;0,318637;0,819923
00:00:04.307;102;3;3;3;4;-39,071828;34,520386;4,33058;68,950321;-0,374571;74,14326;17,488427;19,438627;24,112596;26,686306;-20,564534;-71,570138;33,922855;15,054549;0,081945;-0,107448;1,420469;0,09943;-0,139091;1,411015;0,113223;-0,144138;1,421918;0,129191;-0,147849;1,437973;0,068978;-0,133122;1,41725;0,060091;-0,131367;1,420286;0,052388;-0,131834;1,426533;0,163818;-0,138864;1,459769;0,060647;-0,120074;1,421954;0,115976;-0,080153;1,441574;0,076906;-0,073698;1,442751;0,301749;0,035643;1,452815;-0,011278;0,074022;1,565776;0,379151;0,23005;1,420083;-0,111012;0,263715;1,580668;0,364305;0,273053;1,141706;-0,181738;0,317032;1,412531;0,386978;0,28877;1,11087;-0,215421;0,314949;1,265705;0,376144;0,280174;1,113843;-0,200036;0,315737;1,29452;0,362382;0,275181;1,121392;-0,181771;0,322593;1,340506;0,224387;0,407992;1,288839;0,035;0,359062;1,149276;0,119957;0,241021;0,620201;-0,02117;0,137513;0,353851;0,115278;0,241324;0,62098;0,002807;0,139171;0,358118;0,114192;0,242161;0,623134;0,03297;0,318678;0,820029;0,112607;0,241373;0,621106;0,030742;0,318783;0,8203
00:00:04.347;103;3;3;3;4;-41,524894;34,22119;5,011214;69,401173;-0,514876;75,350721;19,60116;19,525956;24,07849;27,536398;-19,562961;-71,782334;-43,466532;22,232633;0,076931;-0,108198;1,425205;0,093784;-0,139809;1,41521;0,107823;-0,145032;1,425447;0,123311;-0,148551;1,438682;0,064367;-0,133731;1,421713;0,056185;-0,131874;1,424736;0,048793;-0,132372;1,430896;0,159878;-0,139486;1,46195;0,058979;-0,120426;1,42547;0,110893;-0,081002;1,444873;0,073254;-0,074492;1,448788;0,300041;0,034713;1,45148;-0,010914;0,074092;1,568655;0,379039;0,225872;1,417254;-0,110969;0,26348;1,582534;0,348102;0,267679;1,135509;-0,182006;0,316258;1,409195;0,364018;0,287401;1,115116;-0,215555;0,314777;1,265108;0,352365;0,277711;1,121248;-0,199876;0,315522;1,293638;0,34609;0,276445;1,148555;-0,181779;0,321793;1,337179;0,224588;0,407951;1,290295;0,033855;0,345024;1,106479;0,119961;0,240994;0,620131;-0,021215;0,137533;0,353903;0,114577;0,241463;0,621337;0,002395;0,135891;0,349677;0,11358;0,242143;0,623087;0,033097;0,318674;0,820019;0,111302;0,241223;0,620719;0,030261;0,318878;0,820545
00:00:04.387;104;3;3;3;4;-43,252727;33,759364;5,839115;69,619373;1,425387;77,380864;21,402472;19,7503;23,833144;28,352459;-18,652028;72,595288;-43,291145;-14,678511;0,069742;-0,108157;1,432133;0,087002;-0,140519;1,420386;0,100175;-0,144693;1,42669;0,1145;-0,148898;1,438093;0,059025;-0,134391;1,427413;0,051302;-0,132527;1,431129;0,044883;-0,132948;1,436183;0,155612;-0,139856;1,463018;0,057991;-0,120862;1,430205;0,103503;-0,081593;1,447717;0,068558;-0,075227;1,456912;0,298715;0,034084;1,449562;-0,00889;0,073305;1,571925;0,381556;0,234056;1,404565;-0,109183;0,263444;1,584447;0,324136;0,264185;1,131481;-0,182044;0,315519;1,405977;0,327353;0,285801;1,115075;-0,215643;0,314666;1,26472;0,313962;0,274377;1,121511;-0,200397;0,315211;1,292365;0,309884;0,269723;1,139261;-0,182204;0,320683;1,332566;0,223983;0,409395;1,291242;0,032352;0,334052;1,072712;0,119963;0,240976;0,620085;-0,021244;0,137546;0,353937;0,110875;0,268484;0,690869;0,002127;0,133758;0,34419;0,11116;0,268926;0,692006;0,03318;0,318672;0,820012;0,098525;0,26656;0,685918;0,029949;0,31894;0,820704
00:00:04.428;105;3;3;2;4;-44,193689;33,532118;6,824077;69,736298;5,633393;77,256891;23,098686;19,844054;23,420086;29,48141;-17,855973;-73,216302;-48,962468;2,352283;0,065096;-0,108183;1,437336;0,08185;-0,141119;1,425151;0,094452;-0,144578;1,428549;0,108844;-0,149232;1,438761;0,0556;-0,134952;1,432519;0,04817;-0,133082;1,436684;0,04156;-0,13266;1,441369;0,152076;-0,140164;1,464411;0,05739;-0,121234;1,434334;0,098764;-0,082037;1,450616;0,065492;-0,075687;1,461843;0,297495;0,033636;1,446565;-0,005778;0,071972;1,575802;0,381367;0,241294;1,381617;-0,106282;0,263594;1,586741;0,297375;0,262231;1,127462;-0,181795;0,315361;1,401785;0,291039;0,284391;1,116099;-0,216358;0,314506;1,264118;0,276037;0,266864;1,120632;-0,20125;0,314668;1,290137;0,274856;0,261522;1,13322;-0,182988;0,31954;1,327818;0,223529;0,411693;1,291507;0,031334;0,326485;1,049362;0,118207;0,26844;0,690755;-0,021263;0,137555;0,353959;0,105464;0,285368;0,734315;0,001953;0,132372;0,340623;0,107678;0,286199;0,736454;0,033234;0,31867;0,820008;0,086086;0,283029;0,728296;0,029746;0,318981;0,820808
00:00:04.469;106;3;3;2;4;-44,689782;33,223135;7,70567;69,893257;7,969784;79,39557;24,516642;20,089674;23,065799;29,72471;-17,094859;-72,399743;-52,387484;3,839969;0,061292;-0,108278;1,441769;0,077737;-0,140796;1,429298;0,090794;-0,143792;1,430807;0,104442;-0,148774;1,440595;0,05261;-0,134658;1,437587;0,046154;-0,133508;1,440994;0,039418;-0,132536;1,44544;0,149777;-0,140365;1,465317;0,057054;-0,121594;1,438417;0,094877;-0,082346;1,452851;0,062675;-0,076003;1,465398;0,297089;0,033297;1,442518;-0,001951;0,071152;1,579371;0,380348;0,249941;1,363551;-0,102648;0,263866;1,589282;0,268372;0,260799;1,124151;-0,181542;0,315099;1,39836;0,2539;0,282575;1,115714;-0,216824;0,314402;1,263727;0,238012;0,260071;1,120061;-0,201693;0,314874;1,287989;0,240011;0,254351;1,129643;-0,1841;0,318545;1,323682;0,222379;0,412962;1,29098;0,030683;0,321102;1,034536;0,117066;0,286291;0,736691;-0,021275;0,13756;0,353973;0,102161;0,295526;0,760455;0,001839;0,131471;0,338305;0,105573;0,296475;0,762895;0,033268;0,318669;0,820005;0,079262;0,29319;0,754443;0,029614;0,319007;0,820875
00:00:04.510;107;3;3;3;4;-44,499212;32,672066;8,257896;70,236889;9,129449;82,346805;25,542954;20,443457;23,082777;29,822009;-16,687899;-73,362883;-52,157335;10,971659;0,057217;-0,108445;1,44605;0,074278;-0,140654;1,432694;0,086822;-0,143351;1,432974;0,099848;-0,148332;1,440386;0,049875;-0,134564;1,441932;0,044057;-0,133914;1,445196;0,03723;-0,132583;1,449486;0,14755;-0,140596;1,466956;0,056876;-0,121917;1,442121;0,090711;-0,082566;1,454653;0,060072;-0,0763;1,469459;0,296246;0,033012;1,437086;0,00234;0,070604;1,581341;0,37869;0,257115;1,348308;-0,09944;0,264217;1,591983;0,237206;0,259545;1,120598;-0,181469;0,315088;1,396834;0,214486;0,280673;1,115114;-0,217601;0,314703;1,262072;0,197223;0,253441;1,11829;-0,202601;0,314837;1,285893;0,201818;0,247406;1,125568;-0,185272;0,318138;1,318893;0,221101;0,416332;1,296237;0,030778;0,317063;1,023148;0,111257;0,296671;0,763399;-0,021283;0,137564;0,353983;0,094351;0,301585;0,776046;0,001766;0,130886;0,336798;0,098934;0,302474;0,778332;0,033291;0,318668;0,820003;0,06864;0,301155;0,774938;0,029528;0,319024;0,820919
00:00:04.551;108;3;3;3;4;-44,435257;32,274454;9,197139;69,626341;10,605128;84,521597;26,539195;20,632476;23,105378;29,199551;-17,227946;-73,612644;-48,013278;-14,602421;0,054604;-0,109461;1,449882;0,072063;-0,14063;1,435601;0,084278;-0,143134;1,435083;0,096907;-0,148117;1,440951;0,048119;-0,135395;1,445456;0,042714;-0,134243;1,448628;0,036637;-0,133442;1,452116;0,146103;-0,140746;1,468022;0,0576;-0,122982;1,444879;0,088004;-0,082709;1,455824;0,058367;-0,077315;1,471748;0,296001;0,032772;1,431106;0,007843;0,069375;1,583322;0,372952;0,264267;1,33245;-0,095537;0,263536;1,593739;0,205399;0,257855;1,117239;-0,181604;0,315397;1,397242;0,175326;0,277568;1,112274;-0,218762;0,314811;1,260647;0,157912;0,248197;1,115738;-0,203246;0,314899;1,28488;0,163544;0,242037;1,121869;-0,186133;0,318043;1,316481;0,217692;0,417104;1,293004;0,031468;0,314405;1,017496;0,103317;0,303417;0,780759;-0,021288;0,137566;0,353989;0,083916;0,306204;0,78793;-0,000993;0,131593;0,338619;0,088739;0,306781;0,789416;0,033306;0,318668;0,820002;0,055493;0,30878;0,79456;0,015659;0,254291;0,654347
00:00:04.603;109;3;3;3;4;-50,856501;31,06106;10,342761;69,697567;13,260278;83,793723;33,109532;20,487169;22,923326;26,823982;-17,135128;-73,871275;-38,659728;11,390437;0,052099;-0,111005;1,453074;0,069851;-0,141539;1,438541;0,081862;-0,143917;1,437504;0,094239;-0,148907;1,442368;0,047011;-0,136861;1,448796;0,04187;-0,135384;1,451908;0,036295;-0,134995;1,455575;0,145128;-0,14081;1,468364;0,058112;-0,123765;1,447721;0,085453;-0,083673;1,457286;0,057271;-0,079675;1,473586;0,293874;0,033193;1,417769;0,012323;0,069479;1,584609;0,351213;0,268319;1,309193;-0,092129;0,264118;1,59558;0,165038;0,256516;1,114005;-0,180896;0,315598;1,397508;0,128177;0,273126;1,103078;-0,219516;0,314881;1,259721;0,110818;0,244967;1,11198;-0,20361;0,314853;1,283872;0,118306;0,238814;1,117715;-0,186793;0,317403;1,315612;0,193109;0,375899;1,161053;0,031825;0,312385;1,011023;0,093399;0,307258;0,790644;-0,021291;0,137568;0,353993;0,073007;0,309341;0,796004;-0,004595;0,132733;0,341552;0,078424;0,309581;0,79662;0,033316;0,318667;0,820001;0,046948;0,313737;0,807314;0,004831;0,212623;0,547126
00:00:04.644;110;3;3;3;4;-53,659892;30,125985;11,187861;70,509045;16,575833;81,562518;37,263978;20,172025;23,235266;24,674373;-16,134579;76,180457;-28,126276;11,538277;0,050482;-0,113698;1,455498;0,069219;-0,143737;1,440101;0,080292;-0,146068;1,439078;0,092548;-0,150317;1,443989;0,046301;-0,138677;1,451318;0,041341;-0,137853;1,45474;0,036089;-0,136904;1,458524;0,144494;-0,141687;1,468587;0,059273;-0,1251;1,449569;0,082908;-0,086726;1,457186;0,056507;-0,083644;1,473381;0,291482;0,033441;1,40805;0,017042;0,069547;1,585446;0,328121;0,269248;1,289525;-0,089989;0,264729;1,598177;0,130262;0,256769;1,116803;-0,181612;0,315016;1,39453;0,088282;0,270666;1,098851;-0,220598;0,315466;1,258418;0,070138;0,24317;1,110937;-0,205192;0,314651;1,282517;0,079439;0,237795;1,117115;-0,188308;0,316313;1,312248;0,176274;0,349465;1,073184;0,033807;0,316967;1,023965;0,082402;0,310027;0,797768;-0,021293;0,137569;0,353995;0,059135;0,312741;0,804753;-0,00956;0,133882;0,344509;0,064925;0,312353;0,803753;0,016704;0,254467;0,654801;0,029549;0,250174;0,643754;-0,002207;0,185539;0,477432
00:00:04.684;111;3;2;2;4;-55,412852;29,121698;12,438902;71,298116;19,571041;79,034516;40,99442;19,659912;23,706951;22,978538;-14,065351;79,364821;-12,132531;10,697543;0,050274;-0,116308;1,457424;0,068807;-0,145987;1,441116;0,079271;-0,148286;1,440101;0,091449;-0,152057;1,445043;0,046668;-0,140686;1,452956;0,041006;-0,140324;1,456931;0,035964;-0,139012;1,460791;0,144082;-0,143094;1,468731;0,060885;-0,126858;1,45147;0,081309;-0,089608;1,458171;0,056023;-0,087084;1,473598;0,28799;0,03356;1,399982;0,021915;0,069591;1,58599;0,305873;0,26902;1,272891;-0,088579;0,264156;1,599515;0,099553;0,259431;1,123872;-0,182713;0,313835;1,385594;0,053689;0,270762;1,092953;-0,221891;0,316384;1,256872;0,036826;0,244451;1,107109;-0,207503;0,314262;1,280586;0,045313;0,23866;1,114975;-0,191258;0,315184;1,308311;0,165442;0,332514;1,01677;0,037097;0,317701;1,023277;0,075254;0,311827;0,802399;-0,021295;0,13757;0,353997;0,050119;0,314951;0,810439;-0,012787;0,134629;0,346431;0,056167;0,314291;0,80874;0,006329;0,212465;0,546721;0,018239;0,208859;0,53744;-0,006782;0,167934;0,432131
00:00:04.726;112;3;2;3;4;-55,497324;27,974292;13,729686;71,611273;21,465961;74,908273;43,814674;19,650572;24,024863;21,567082;-12,984671;82,323292;1,453609;-13,53471;0,049342;-0,118092;1,459725;0,06854;-0,14745;1,441775;0,078608;-0,149728;1,440765;0,090735;-0,153188;1,445728;0,046906;-0,141991;1,454022;0,0416;-0,14186;1,457655;0,035883;-0,140382;1,462264;0,143746;-0,143938;1,468125;0,061932;-0,128;1,452705;0,080289;-0,090672;1,459161;0,055709;-0,08932;1,473739;0,282814;0,033475;1,388089;0,028632;0,069512;1,583893;0,284079;0,267113;1,257179;-0,084859;0,263554;1,598985;0,073744;0,269308;1,127417;-0,183382;0,312988;1,379436;0,025064;0,281712;1,08842;-0,222794;0,317069;1,256217;0,009774;0,254953;1,098321;-0,209615;0,313837;1,278631;0,017472;0,250345;1,112533;-0,193176;0,31445;1,305752;0,157496;0,320688;0,97765;0,042726;0,320583;1,03438;0,065592;0,313405;0,80646;-0,021296;0,13757;0,353998;0,044258;0,316388;0,814136;-0,013825;0,134571;0,34628;0,049559;0,315686;0,812331;0,00059;0,184892;0,475768;0,010497;0,18214;0,468686;-0,009756;0,156491;0,402685
00:00:04.775;113;3;2;3;4;-54,354592;27,477606;14,691409;71,981506;22,836935;71,431591;44,579993;19,461573;24,403202;20,765881;-11,890687;84,830196;6,800996;-12,254965;0,048701;-0,119165;1,460172;0,067529;-0,147543;1,441854;0,077338;-0,150629;1,440848;0,089426;-0,153885;1,445823;0,047005;-0,142667;1,452964;0,041955;-0,141926;1,457076;0,035796;-0,141136;1,461822;0,143493;-0,144453;1,467382;0,063394;-0,128649;1,452458;0,078759;-0,09132;1,459105;0,055452;-0,090685;1,47243;0,278671;0,032642;1,380358;0,034776;0,06943;1,581831;0,268446;0,2651;1,246617;-0,081532;0,263163;1,59864;0,055651;0,277301;1,128321;-0,183675;0,312198;1,374384;0,005901;0,290076;1,083373;-0,222791;0,317692;1,256491;-0,008439;0,264334;1,092959;-0,210494;0,313905;1,27876;-0,001277;0,260639;1,111647;-0,194475;0,314057;1,304439;0,152332;0,313;0,952223;0,048862;0,329809;1,065397;0,060657;0,314158;0,808399;-0,021296;0,13757;0,353999;0,040463;0,317457;0,816888;-0,013909;0,134533;0,346182;0,047056;0,316049;0,813265;-0,002553;0,166969;0,429649;0,006049;0,164636;0,423646;-0,011688;0,149053;0,383545
00:00:04.817;114;3;2;3;4;-51,901752;27,325937;14,966255;72,677153;23,646925;69,007606;43,63557;18,737736;24,640126;20,701859;-11,302417;86,232005;10,616089;11,840082;0,048251;-0,119775;1,459412;0,06684;-0,147532;1,441205;0,076494;-0,150357;1,440551;0,087711;-0,153442;1,445185;0,047034;-0,143001;1,451227;0,042155;-0,141867;1,455649;0,035722;-0,141558;1,460834;0,142495;-0,143953;1,466898;0,06512;-0,128977;1,451248;0,077727;-0,091696;1,458368;0,055286;-0,090735;1,47158;0,27527;0,032109;1,375682;0,03879;0,069408;1,58119;0,258984;0,263093;1,239751;-0,078556;0,263253;1,600516;0,043883;0,283691;1,128559;-0,18396;0,311844;1,371799;-0,006584;0,297038;1,081142;-0,222789;0,318097;1,256669;-0,020278;0,271665;1,089473;-0,211008;0,313863;1,278494;-0,013259;0,266985;1,10477;-0,195319;0,313801;1,303585;0,14925;0,308581;0,937445;0,056735;0,346186;1,119158;0,05886;0,314784;0,810009;-0,021297;0,13757;0,353999;0,039768;0,317337;0,816577;-0,013753;0,134372;0,345768;0,047243;0,316013;0,813172;-0,004205;0,15532;0,399672;0,003158;0,153259;0,39437;-0,012945;0,144218;0,371104
00:00:04.869;115;3;2;3;4;-51,430791;27,296789;15,113182;73,533597;24,192726;67,292184;44,731721;18,089993;24,861895;21,119867;-10,599774;86,296991;12,599502;12,047024;0,047096;-0,118428;1,457868;0,065573;-0,145886;1,440783;0,075161;-0,148613;1,441058;0,085815;-0,152404;1,44547;0,046197;-0,142292;1,449047;0,0414;-0,141623;1,452622;0,035606;-0,140733;1,457392;0,140048;-0,143491;1,465184;0,066226;-0,128334;1,450111;0,077002;-0,090219;1,456839;0,05429;-0,089013;1,469627;0,272009;0,031731;1,371244;0,041409;0,069408;1,581124;0,252351;0,26127;1,232838;-0,076685;0,263542;1,603136;0,038162;0,288488;1,128713;-0,184145;0,311614;1,37012;-0,012901;0,302682;1,081442;-0,222912;0,318538;1,257485;-0,026148;0,277231;1,087908;-0,211399;0,313922;1,278671;-0,01928;0,272631;1,103801;-0,195868;0,313635;1,303031;0,147137;0,305478;0,927139;0,06138;0,347533;1,124003;0,057182;0,314919;0,810356;-0,021297;0,137571;0,353999;0,039815;0,31753;0,817075;-0,013455;0,134267;0,345499;0,04829;0,31599;0,813112;-0,005075;0,147611;0,379837;0,001279;0,145864;0,37534;-0,013761;0,141075;0,363018
00:00:04.910;116;3;2;3;4;-50,820358;28,965805;15,679757;73,06772;24,719445;66,056148;45,217505;16,066559;24,666756;21,589289;-11,091799;-84,577051;13,113536;-13,462732;0,046086;-0,116069;1,448464;0,064673;-0,143826;1,438759;0,073355;-0,146415;1,438938;0,084482;-0,149908;1,443906;0,045599;-0,140841;1,445881;0,040871;-0,139686;1,449254;0,035479;-0,139173;1,453055;0,13823;-0,142124;1,461619;0,066582;-0,127241;1,441672;0,076112;-0,08796;1,447796;0,054203;-0,085819;1,461007;0,269889;0,031485;1,368358;0,043132;0,06944;1,58178;0,247833;0,259864;1,227295;-0,075405;0,2635;1,603438;0,035067;0,291421;1,128114;-0,183908;0,312182;1,372178;-0,015795;0,306655;1,082688;-0,222583;0,319268;1,259765;-0,029357;0,280942;1,08724;-0,211654;0,31396;1,278786;-0,023165;0,276031;1,102121;-0,196172;0,313443;1,30232;0,145377;0,302652;0,91799;0,064918;0,351003;1,135552;0,055191;0,315142;0,810931;-0,021297;0,137571;0,354;0,03938;0,317656;0,817399;-0,013458;0,134199;0,345325;0,048508;0,315975;0,813073;-0,005642;0,142601;0,366944;0,000057;0,141057;0,362971;-0,014292;0,139033;0,357762
00:00:04.950;117;3;2;3;4;-49,449662;30,506184;15,909139;72,917231;24,899381;65,287061;44,655778;14,509068;24,640828;21,97644;-11,841446;83,589156;13,804844;-15,071657;0,045418;-0,112881;1,442002;0,06398;-0,140623;1,434994;0,072061;-0,143118;1,43511;0,083477;-0,146406;1,440439;0,044972;-0,137545;1,436123;0,040304;-0,136859;1,439015;0,035209;-0,136623;1,442536;0,136124;-0,139482;1,458253;0,066747;-0,124788;1,434787;0,07577;-0,084293;1,446467;0,054277;-0,08228;1,458905;0,268511;0,031325;1,366483;0,044252;0,06946;1,582207;0,245728;0,258404;1,224392;-0,074605;0,263587;1,604335;0,033707;0,29342;1,128074;-0,183847;0,31271;1,374216;-0,017053;0,309136;1,083147;-0,222184;0,319476;1,260197;-0,031432;0,283262;1,086456;-0,211703;0,313813;1,278161;-0,025064;0,278241;1,101028;-0,196317;0,313234;1,301508;0,145834;0,302577;0,922194;0,068609;0,356149;1,154609;0,054427;0,315696;0,812355;-0,021297;0,137571;0,354;0,039097;0,317738;0,817609;-0,013264;0,134155;0,345211;0,048691;0,316237;0,813747;-0,005814;0,139344;0,358564;-0,000737;0,137933;0,354931;-0,014637;0,137705;0,354345
00:00:04.996;118;3;2;3;4;-49,6437;32,090207;15,920996;73,181876;25,186228;64,659573;45,143728;13,590072;24,715797;22,245026;-11,627868;82,452737;13,95494;-15,372391;0,046576;-0,108293;1,436751;0,064198;-0,136628;1,429396;0,072755;-0,139187;1,430871;0,084035;-0,141837;1,431185;0,045394;-0,133043;1,43048;0,039965;-0,13269;1,43341;0,035059;-0,132629;1,436748;0,136343;-0,136875;1,455364;0,066013;-0,121519;1,429612;0,077153;-0,07859;1,444904;0,05514;-0,076651;1,457188;0,26782;0,031245;1,366314;0,04498;0,069473;1,582485;0,244429;0,257528;1,222855;-0,0741;0,263701;1,605268;0,033454;0,294627;1,127698;-0,183434;0,313196;1,37274;-0,016637;0,310131;1,083446;-0,221925;0,319612;1,260478;-0,031576;0,284428;1,086996;-0,211735;0,313717;1,277755;-0,02508;0,279409;1,101718;-0,196411;0,313098;1,30098;0,144696;0,299055;0,915826;0,070342;0,356268;1,156496;0,05074;0,316464;0,814331;-0,021297;0,137571;0,354;0,038914;0,317791;0,817746;-0,013137;0,134126;0,345137;0,044732;0,317223;0,816286;-0,006884;0,136955;0,352416;-0,002607;0,135902;0,349705;-0,014862;0,136842;0,352124
00:00:05.038;119;3;2;3;4;-43,023241;33,369955;16,096425;73,154507;25,458553;64,315001;39,607111;12,3951;24,791733;22,405926;-11,162934;81,655925;14,499806;15,701608;0,049724;-0,104428;1,432288;0,06671;-0,13313;1,424707;0,075515;-0,135632;1,426016;0,086788;-0,138031;1,42482;0,047273;-0,130087;1,426462;0,041332;-0,129887;1,428717;0,036575;-0,12919;1,432636;0,13896;-0,134355;1,453487;0,066278;-0,11928;1,424848;0,080261;-0,074684;1,439687;0,057281;-0,072088;1,454322;0,267575;0,031216;1,367254;0,045463;0,069497;1,583015;0,243723;0,257106;1,222555;-0,073757;0,262804;1,605524;0,033953;0,294953;1,128154;-0,182979;0,31319;1,370381;-0,016351;0,309861;1,08259;-0,221757;0,3197;1,260661;-0,031659;0,285095;1,086998;-0,211756;0,313655;1,277491;-0,025074;0,27999;1,101467;-0,196472;0,31301;1,300637;0,164381;0,337944;1,041187;0,070765;0,354812;1,157022;0,043767;0,317779;0,817715;-0,021297;0,137571;0,354;0,038794;0,317825;0,817835;-0,013055;0,134108;0,345089;0,042158;0,317864;0,817936;-0,009383;0,135947;0,349821;-0,006603;0,135262;0,348058;-0,015007;0,136281;0,350681
00:00:05.079;120;3;2;3;4;-37,910161;34,547856;16,094428;73,191526;25,738881;64,174891;35,232304;11,367175;24,906557;22,584638;-10,791637;81,858158;14,660004;15,671573;0,059701;-0,1017;1,426237;0,074723;-0,130763;1,42061;0,085271;-0,133193;1,421461;0,096648;-0,135589;1,421033;0,053243;-0,12798;1,42175;0,04622;-0,127974;1,424616;0,040792;-0,126925;1,429614;0,144374;-0,132373;1,448416;0,066385;-0,117711;1,420351;0,089631;-0,072162;1,436647;0,063421;-0,068954;1,44861;0,26769;0,03123;1,369265;0,045767;0,069497;1,58301;0,2441;0,256979;1,223061;-0,073518;0,262164;1,605341;0,034931;0,295257;1,1288;-0,182589;0,313026;1,368148;-0,014942;0,309886;1,082733;-0,221524;0,31958;1,26008;-0,030504;0,285804;1,088048;-0,211712;0,313529;1,276969;-0,024459;0,280546;1,102004;-0,196512;0,312952;1,300414;0,177177;0,363222;1,122672;0,071689;0,356382;1,167864;0,037402;0,319178;0,821315;-0,021298;0,137571;0,354;0,038717;0,317848;0,817893;-0,013002;0,134096;0,345058;0,040486;0,318281;0,819008;-0,011008;0,135291;0,348133;-0,009201;0,134846;0,346988;-0,015102;0,135916;0,349743
00:00:05.119;121;3;2;3;4;-35,449168;35,296837;16,148707;72,544649;26,054931;63,945348;32,793615;10,690197;24,636544;22,595882;11,261337;82,29579;14,124596;13,815745;0,071775;-0,099879;1,421604;0,087862;-0,129099;1,416546;0,099623;-0,131576;1,418149;0,111275;-0,134164;1,420322;0,062654;-0,126457;1,416938;0,054954;-0,126576;1,4202;0,047526;-0,12614;1,426249;0,15334;-0,131491;1,449671;0,066487;-0,116748;1,418128;0,103302;-0,070655;1,43747;0,071503;-0,066916;1,444896;0,268106;0,031279;1,372322;0,045083;0,069528;1,583706;0,244625;0,257189;1,22479;-0,073314;0,261578;1,604171;0,036198;0,295363;1,12887;-0,182523;0,313241;1,368096;-0,012791;0,309802;1,082477;-0,220718;0,31959;1,260052;-0,028544;0,286012;1,090132;-0,211683;0,313447;1,27663;-0,022834;0,281354;1,104102;-0,19585;0,312999;1,300619;0,184769;0,379652;1,175636;0,068947;0,353252;1,163362;0,035084;0,319407;0,821905;-0,021298;0,137571;0,354;0,038666;0,317862;0,81793;-0,012967;0,134088;0,345038;0,039398;0,318552;0,819705;-0,012064;0,134865;0,347037;-0,011494;0,134711;0,346642;-0,015164;0,135679;0,349133
00:00:05.165;122;3;2;4;4;-43,816703;34,294559;15,546814;71,587048;26,819313;63,750291;37,575901;11,182631;23,579388;22,576951;11,232999;82,56979;15,025659;15,024746;0,089304;-0,099524;1,418943;0,104881;-0,1285;1,410405;0,117679;-0,131231;1,414947;0,129383;-0,13301;1,417409;0,075982;-0,126269;1,41381;0,067059;-0,126471;1,41733;0,059057;-0,126251;1,421962;0,162838;-0,13001;1,440336;0,069404;-0,116805;1,425083;0,120971;-0,069576;1,435906;0,08236;-0,065515;1,440733;0,271264;0,032257;1,38096;0,04109;0,068764;1,586959;0,249408;0,258281;1,230463;-0,073166;0,261139;1,603061;0,042924;0,296073;1,131365;-0,181886;0,31292;1,369462;-0,004637;0,309246;1,08056;-0,220315;0,319775;1,260734;-0,023539;0,286238;1,091836;-0,21111;0,313651;1,277459;-0,017346;0,281165;1,102667;-0,194887;0,313366;1,302153;0,168835;0,349428;1,083014;0,059812;0,345841;1,140485;0,040893;0,318468;0,819488;-0,021298;0,137571;0,354;0,038633;0,317872;0,817955;-0,012944;0,134083;0,345025;0,034573;0,319816;0,822959;-0,01275;0,134588;0,346324;-0,008635;0,133944;0,344667;-0,015204;0,135525;0,348736
00:00:05.205;123;3;2;4;4;-48,850998;33,682677;16,566846;67,645175;26,352376;63,975875;40,17495;9,926897;20,565948;22,079023;-12,423312;82,851715;16,066079;-17,801218;0,105324;-0,099948;1,415113;0,121745;-0,129102;1,408513;0,134144;-0,130942;1,412166;0,146018;-0,133097;1,415866;0,089425;-0,126916;1,411426;0,079724;-0,127175;1,415115;0,070576;-0,127127;1,419175;0,172967;-0,129794;1,433568;0,072802;-0,118271;1,427154;0,136776;-0,069793;1,436989;0,093384;-0,065356;1,436626;0,274906;0,032893;1,386574;0,034002;0,06749;1,592224;0,256318;0,259944;1,238701;-0,073634;0,259659;1,59499;0,054011;0,297542;1,136838;-0,180919;0,31311;1,372101;0,006893;0,309987;1,083164;-0,220114;0,319983;1,261527;-0,014053;0,286477;1,093293;-0,210067;0,31387;1,278349;-0,007519;0,281042;1,101733;-0,19426;0,313605;1,303149;0,157807;0,331094;1,025259;0,050075;0,341117;1,123865;0,046839;0,317041;0,815817;-0,021298;0,137571;0,354;0,03591;0,31883;0,820421;-0,01293;0,134079;0,345016;0,033727;0,319958;0,823323;-0,013196;0,134408;0,345861;-0,006777;0,133445;0,343384;-0,01523;0,135425;0,348479
00:00:05.247;124;3;2;4;4;-51,938029;32,900921;15,173601;68,088793;25,518185;64,317178;40,921059;9,111453;20,021875;21,424411;-12,394265;-82,612382;16,071342;13,036092;0,117965;-0,100098;1,410873;0,134987;-0,129396;1,406234;0,147206;-0,131522;1,410008;0,158484;-0,133187;1,415213;0,101335;-0,128104;1,409527;0,091112;-0,12837;1,412975;0,080428;-0,128436;1,416664;0,182368;-0,129908;1,431969;0,076537;-0,119888;1,42675;0,148812;-0,069985;1,438743;0,103018;-0,065268;1,434307;0,279008;0,034119;1,390923;0,027541;0,066533;1,592495;0,265235;0,261833;1,247906;-0,076002;0,260459;1,594993;0,068962;0,298223;1,139344;-0,180335;0,313314;1,374165;0,019747;0,308966;1,079607;-0,219923;0,32003;1,261693;-0,000434;0,286266;1,092841;-0,209389;0,314012;1,278927;0,006381;0,280962;1,101127;-0,193264;0,314013;1,304847;0,151936;0,31913;0,985968;0,043142;0,341998;1,113763;0,059307;0,31557;0,812031;-0,021298;0,137571;0,354;0,044954;0,317141;0,816073;-0,01395;0,134485;0,34606;0,043535;0,317874;0,81796;-0,012319;0,134427;0,345909;0,009045;0,197593;0,50845;-0,014046;0,135224;0,347961
00:00:05.287;125;3;2;4;4;-54,979102;32,119989;13,21462;69,310254;25,651066;64,607465;41,397292;8,560636;19,805763;21,121096;-12,628616;-83,154518;15,602989;10,668611;0,129338;-0,100969;1,407768;0,146743;-0,130352;1,404402;0,158185;-0,131964;1,409305;0,168908;-0,133179;1,414088;0,112211;-0,129611;1,407593;0,100861;-0,129883;1,410883;0,089913;-0,130727;1,413282;0,19102;-0,129232;1,43163;0,080609;-0,121782;1,426838;0,159227;-0,070161;1,440933;0,111628;-0,065976;1,43175;0,283994;0,035809;1,39725;0,021523;0,065883;1,591972;0,274072;0,263929;1,254589;-0,078521;0,263028;1,596396;0,083855;0,297923;1,140624;-0,178787;0,314163;1,378658;0,034248;0,307891;1,077994;-0,218601;0,319695;1,2632;0,015212;0,285853;1,091496;-0,208445;0,313718;1,280702;0,021708;0,281088;1,101432;-0,192075;0,313869;1,307351;0,148421;0,310898;0,959029;0,036997;0,338115;1,091096;0,070514;0,315838;0,81272;-0,021298;0,137571;0,354;0,052672;0,316043;0,813248;-0,013609;0,134613;0,346389;0,051318;0,316655;0,814824;-0,011076;0,133215;0,342791;0,022557;0,239152;0,615392;-0,011823;0,133869;0,344475
00:00:05.328;126;3;2;3;4;-58,592624;29,710462;10,3584;71,823016;26,594164;65,214038;40,962945;9,741282;19,870106;21,647119;-11,614728;82,390225;14,7491;14,441515;0,139961;-0,10156;1,406099;0,15682;-0,131006;1,403561;0,167633;-0,132186;1,408148;0,178947;-0,133207;1,413707;0,121643;-0,130558;1,405985;0,110273;-0,131533;1,408124;0,099222;-0,132148;1,410383;0,197392;-0,12826;1,42546;0,085427;-0,124575;1,435295;0,166842;-0,069968;1,436056;0,119562;-0,067196;1,429037;0,290911;0,038814;1,411162;0,01399;0,066276;1,589532;0,289862;0,266475;1,264533;-0,082889;0,268338;1,597307;0,106872;0,296444;1,139006;-0,177692;0,314555;1,380877;0,059839;0,306196;1,073446;-0,217742;0,319477;1,26418;0,039117;0,283845;1,083973;-0,207945;0,312965;1,282557;0,046101;0,278679;1,094281;-0,191404;0,313194;1,309678;0,148205;0,306064;0,941519;0,032431;0,328753;1,052912;0,087352;0,318052;0,818418;-0,021298;0,137571;0,354;0,062322;0,315465;0,811761;-0,013388;0,134696;0,346603;0,060454;0,315591;0,812086;-0,010268;0,132427;0,340764;0,035329;0,265214;0,682455;-0,010378;0,132988;0,342209
00:00:05.368;127;4;2;3;5;-60,837328;27,559438;6,822922;75,14065;26,513272;66,102214;39,038148;10,82542;20,589516;21,888719;-10,837605;81,198227;11,246385;18,742556;0,148423;-0,101919;1,404664;0,164079;-0,131365;1,402315;0,175234;-0,132232;1,406346;0,18698;-0,133159;1,41276;0,129263;-0,131871;1,40389;0,117922;-0,132538;1,405631;0,106813;-0,133804;1,407799;0,202653;-0,127816;1,423549;0,089244;-0,126204;1,438691;0,17265;-0,06986;1,433237;0,126237;-0,067939;1,426224;0,296299;0,041597;1,420556;0,007311;0,066251;1,581296;0,305773;0,268428;1,275896;-0,088393;0,273424;1,59685;0,130128;0,294216;1,133054;-0,176367;0,315129;1,38372;0,087156;0,3052;1,06874;-0,217363;0,318878;1,265867;0,064071;0,282318;1,075932;-0,207788;0,311997;1,284812;0,071983;0,276745;1,085783;-0,19057;0,312586;1,313641;0,150194;0,303037;0,930487;0,029438;0,322334;1,027043;0,098296;0,319491;0,822122;-0,021298;0,137571;0,354;0,073016;0,316041;0,813245;-0,013244;0,13475;0,346742;0,070409;0,316123;0,813456;-0,009743;0,131915;0,339447;0,047245;0,281882;0,725346;-0,009439;0,132416;0,340736
00:00:05.413;128;4;2;3;5;-61,260612;26,516696;4,501548;77,241075;26,885014;65,263413;36,116671;10,7545;20,746589;22,391061;-10,337963;80,237628;9,200603;-19,57807;0,155518;-0,102152;1,403732;0,170346;-0,131566;1,401155;0,181722;-0,132228;1,404825;0,193757;-0,133095;1,411794;0,136606;-0,132724;1,402529;0,123691;-0,133191;1,40401;0,112514;-0,134846;1,405769;0,206722;-0,126627;1,421257;0,092428;-0,127925;1,439149;0,177009;-0,069704;1,429654;0,132052;-0,068353;1,422996;0,300249;0,043474;1,428761;0,001185;0,06625;1,576292;0,317866;0,268437;1,284333;-0,093764;0,277575;1,596202;0,156922;0,292769;1,126735;-0,175857;0,315345;1,388368;0,119574;0,30505;1,063231;-0,217176;0,318577;1,267314;0,096076;0,281002;1,067206;-0,207064;0,311536;1,286978;0,102393;0,275378;1,077459;-0,189474;0,311766;1,317616;0,155478;0,306128;0,940467;0,027756;0,321603;1,021078;0,101586;0,291863;0,751029;-0,021298;0,137571;0,354;0,081825;0,316416;0,814209;-0,013151;0,134785;0,346832;0,078154;0,316061;0,813296;-0,009401;0,131582;0,33859;0,057347;0,292989;0,753925;-0,008828;0,132044;0,339778
00:00:05.455;129;4;2;3;5;-62,234549;26,102046;2,076018;78,963096;31,667061;61,259047;32,255253;11,163223;20,84776;23,646963;-10,311656;-79,84313;-1,515183;8,63469;0,160843;-0,102253;1,402426;0,175123;-0,130835;1,399701;0,185843;-0,131363;1,403136;0,198059;-0,132186;1,410466;0,14138;-0,133279;1,401644;0,128238;-0,133616;1,402957;0,116987;-0,135489;1,4041;0,209208;-0,125762;1,418717;0,094546;-0,129108;1,440147;0,179797;-0,068776;1,426975;0,136603;-0,068605;1,420547;0,304531;0,04579;1,442145;-0,004563;0,066175;1,57129;0,326403;0,266131;1,278616;-0,099023;0,281055;1,595082;0,182499;0,283633;1,091128;-0,1757;0,315801;1,392789;0,154092;0,298975;1,039;-0,216332;0,318381;1,268254;0,133724;0,279217;1,047184;-0,206025;0,310752;1,289435;0,136958;0,272482;1,055248;-0,188811;0,311315;1,320551;0,158068;0,30762;0,942053;0,025977;0,32014;1,012301;0,103724;0,273905;0,704819;-0,021298;0,137571;0,354;0,091494;0,3187;0,820086;-0,01309;0,134808;0,346891;0,086483;0,317653;0,817393;-0,00918;0,131366;0,338034;0,067461;0,301432;0,775651;-0,008431;0,131802;0,339156
00:00:05.496;130;4;2;3;5;-62,732046;25,316531;-0,209963;80,837364;37,132641;55,90091;28,544121;11,909539;21,005186;24,639031;-9,985648;79,805947;-1,171336;53,486784;0,164347;-0,101546;1,401927;0,177479;-0,130393;1,399105;0,188473;-0,130768;1,401689;0,19975;-0,130602;1,407503;0,144482;-0,132843;1,401068;0,131194;-0,133892;1,402272;0,119127;-0,135143;1,403365;0,209757;-0,124245;1,415316;0,095148;-0,12994;1,441496;0,181564;-0,067348;1,424884;0,139632;-0,067996;1,419656;0,307239;0,047284;1,450494;-0,009161;0,066023;1,565588;0,329727;0,260983;1,264051;-0,103348;0,283317;1,594353;0,203526;0,276147;1,062033;-0,175511;0,31594;1,394963;0,173489;0,281351;0,976;-0,215783;0,318253;1,268865;0,168508;0,279395;1,03907;-0,204722;0,310411;1,291733;0,168394;0,270968;1,042211;-0,187161;0,311514;1,324558;0,157779;0,305306;0,934685;0,023899;0,322648;1,017445;0,105114;0,262232;0,674782;-0,021298;0,137571;0,354;0,101511;0,320049;0,823556;-0,013051;0,134823;0,346929;0,095561;0,319776;0,822855;-0,009035;0,131225;0,337672;0,077613;0,308008;0,792573;0,007012;0,196253;0,505001
00:00:05.535;131;4;2;4;5;-63,268455;24,874017;-2,149731;82,202229;37,827117;52,281268;25,491816;12,357909;21,18298;25,089727;-10,223047;-80,907984;3,211944;-69,281847;0,165785;-0,100265;1,401252;0,17901;-0,129309;1,398719;0,190183;-0,129585;1,400748;0,200951;-0,129637;1,406277;0,145739;-0,131795;1,401045;0,132284;-0,133241;1,401477;0,120488;-0,134087;1,402537;0,210219;-0,123318;1,413805;0,095446;-0,129534;1,440972;0,182485;-0,06634;1,421774;0,140865;-0,066825;1,419776;0,309149;0,048279;1,456621;-0,013888;0,066716;1,559783;0,338329;0,253048;1,275583;-0,107896;0,284597;1,592829;0,237786;0,269278;1,035421;-0,175519;0,316267;1,397426;0,207848;0,265781;0,92245;-0,215427;0,317447;1,269262;0,214092;0,274062;1,013845;-0,203246;0,310356;1,293927;0,209136;0,266289;1,021837;-0,184951;0,312299;1,329963;0,157815;0,303752;0,928145;0,023021;0,32318;1,01554;0,112715;0,252061;0,648609;-0,021298;0,137571;0,354;0,102855;0,29277;0,753361;-0,013025;0,134833;0,346954;0,097752;0,292185;0,751856;0,005737;0,196286;0,505087;0,084213;0,312283;0,803573;0,017513;0,238145;0,612801
00:00:05.576;132;4;2;4;5;70,056226;24,715148;-3,940957;83,922095;37,778896;50,163907;-34,071217;12,483626;21,339054;26,150051;-9,693802;-80,31748;6,156473;74,943328;0,166635;-0,098588;1,400114;0,17912;-0,127747;1,397767;0,19045;-0,127989;1,399786;0,200932;-0,12821;1,40548;0,146519;-0,130284;1,400679;0,132163;-0,131989;1,40061;0,120545;-0,133368;1,401649;0,209716;-0,121913;1,412824;0,095547;-0,129145;1,439232;0,182278;-0,064073;1,419753;0,141631;-0,06524;1,419505;0,309629;0,048938;1,460954;-0,01782;0,067106;1,554609;0,34631;0,241221;1,291829;-0,111783;0,285493;1,592189;0,264208;0,262971;1,015324;-0,175262;0,316005;1,396927;0,234973;0,252014;0,881343;-0,214589;0,317098;1,270221;0,252988;0,269639;0,993949;-0,20102;0,310655;1,296752;0,245141;0,26279;1,006844;-0,182127;0,313055;1,334526;0,157536;0,302167;0,922144;0,499816;7,594743;23,597352;0,117631;0,250754;0,645246;-0,021298;0,137571;0,354;0,102084;0,274494;0,706335;-0,013008;0,134839;0,34697;0,099176;0,27425;0,705706;0,016221;0,238167;0,612856;0,088502;0,315061;0,810722;0,024785;0,26524;0,682521
00:00:05.618;133;4;2;5;5;69,040422;24,984799;-5,276434;84,726182;39,6944;46,479132;-29,863742;12,399556;21,772624;28,405564;-10,023404;79,382181;146,083689;65,626575;0,166351;-0,096679;1,399024;0,179101;-0,125876;1,396449;0,190528;-0,126094;1,398461;0,20087;-0,126453;1,404612;0,146952;-0,129239;1,399741;0,132018;-0,13111;1,399346;0,120521;-0,132039;1,400372;0,209389;-0,121;1,412185;0,095449;-0,12786;1,435651;0,182188;-0,062615;1,41879;0,141988;-0,064149;1,417928;0,309105;0,049366;1,46377;-0,021224;0,068159;1,549496;0,35329;0,22941;1,295389;-0,116011;0,284919;1,590373;0,29122;0,258885;1,000161;-0,174516;0,31623;1,398353;0,430797;0,36259;1,279523;-0,213379;0,316958;1,271193;0,269647;0,252504;0,919067;-0,198299;0,311184;1,299989;0,280033;0,261738;0,987299;-0,179303;0,314529;1,341692;0,157812;0,301021;0,917894;0,338753;5,147864;15,994529;0,118743;0,245824;0,63256;-0,021298;0,137571;0,354;0,101992;0,262751;0,676118;-0,012997;0,134843;0,346981;0,098876;0,262185;0,674659;0,023036;0,26539;0,682907;0,100983;0,317683;0,817469;0,029511;0,282851;0,727838
00:00:05.658;134;4;2;5;5;67,411834;26,090268;-6,547889;85,579848;42,987934;40,012221;-25,472891;12,503563;22,059724;32,414458;-10,016164;-77,839266;49,72984;-60,415875;0,166083;-0,095391;1,397616;0,178207;-0,124598;1,394892;0,189737;-0,124832;1,39725;0,200031;-0,125311;1,404048;0,146365;-0,128496;1,398432;0,131891;-0,129712;1,398175;0,120476;-0,131143;1,399192;0,208322;-0,120377;1,41142;0,093492;-0,126656;1,429123;0,182085;-0,061652;1,417813;0,141241;-0,063363;1,415153;0,306328;0,04882;1,465951;-0,023399;0,068747;1,544072;0,36062;0,213135;1,294553;-0,118677;0,284358;1,588143;0,322766;0,259718;0,999404;-0,173859;0,31606;1,397879;0,39058;0,311963;1,09524;-0,21236;0,316518;1,270426;0,284397;0,244008;0,865844;-0,195685;0,312102;1,301393;0,287875;0,24952;0,912994;-0,177107;0,315599;1,34355;0,158755;0,300217;0,916531;0,234738;3,55187;11,035544;0,119467;0,242619;0,624314;-0,021298;0,137571;0,354;0,106423;0,255663;0,657876;-0,01299;0,134845;0,346987;0,102623;0,255294;0,656928;0,028957;0,283901;0,730539;0,103992;0,291368;0,749755;0,032249;0,295386;0,760095
00:00:05.701;135;4;2;5;5;65,000745;26,758572;-5,72635;83,940652;45,94172;35,00092;-21,352311;12,583766;21,926188;36,873318;-10,755526;75,300039;12,988697;56,103221;0,165033;-0,094508;1,396;0,177581;-0,123736;1,39353;0,189223;-0,124012;1,396462;0,199436;-0,124538;1,403331;0,145947;-0,127981;1,397231;0,131776;-0,128771;1,397064;0,119592;-0,130495;1,397725;0,205724;-0,119794;1,408823;0,091392;-0,125842;1,42453;0,181212;-0,061026;1,417179;0,140651;-0,062805;1,4123;0,303402;0,04675;1,465968;-0,025671;0,069098;1,539847;0,368649;0,199094;1,290159;-0,120726;0,282679;1,579343;0,345485;0,26042;1,001713;-0,173302;0,315713;1,396521;0,368256;0,281082;0,982456;-0,211756;0,315597;1,270277;0,294411;0,23836;0,832298;-0,193832;0,312447;1,301255;0,292699;0,240934;0,863996;-0,1755;0,315964;1,343357;0,183399;0,343047;1,048295;0,16866;2,507714;7,791203;0,139906;0,241761;0,622104;-0,021298;0,137571;0,354;0,111858;0,251191;0,64637;0,00509;0,199183;0,512542;0,105956;0,251223;0,646453;0,039974;0,294437;0,757651;0,106427;0,274536;0,706441;0,046522;0,301086;0,774762
00:00:05.758;136;4;2;6;5;61,518739;27,613521;-5,6247;83,612715;50,889059;27,84964;-17,163849;13,009619;21,935732;41,244581;-11,23689;-73,354808;24,135718;51,538196;0,163477;-0,093887;1,39425;0,175505;-0,123115;1,391944;0,187255;-0,123448;1,395601;0,197309;-0,123943;1,401815;0,143224;-0,127582;1,39575;0,129288;-0,128128;1,395992;0,116608;-0,130042;1,396421;0,202339;-0,119356;1,406435;0,08751;-0,12516;1,419794;0,179794;-0,060604;1,416416;0,138666;-0,062443;1,410445;0,299691;0,043718;1,465279;-0,027999;0,069278;1,536051;0,37289;0,185821;1,272254;-0,123005;0,281713;1,574323;0,364425;0,260807;1,000763;-0,172637;0,315722;1,393189;0,352752;0,258577;0,900746;-0,210698;0,315085;1,27053;0,302957;0,234085;0,806994;-0,192576;0,312586;1,300816;0,299228;0,235382;0,830748;-0,174276;0,316633;1,341832;0,199666;0,371345;1,135342;0,126192;1,836019;5,700932;0,153191;0,241203;0,620668;-0,033903;0,14054;0,36275;0,115391;0,248284;0,63889;0,017308;0,241002;0,620152;0,108123;0,248577;0,639645;0,047622;0,301421;0,775623;0,10801;0,263594;0,678287;0,054917;0,304927;0,784645
00:00:05.800;137;4;2;6;4;56,7742;27,603917;-5,987724;84,187517;54,109649;23,744648;-13,51238;13,447934;21,790526;45,097048;-11,267911;71,082776;29,234849;47,815396;0,160013;-0,093436;1,392413;0,172406;-0,122588;1,389514;0,183418;-0,123749;1,39364;0,194192;-0,124259;1,39978;0,139768;-0,127228;1,393738;0,125172;-0,127582;1,393895;0,112975;-0,129617;1,394174;0,198399;-0,118983;1,403833;0,083419;-0,124778;1,417416;0,176331;-0,060286;1,414871;0,135678;-0,062162;1,408189;0,295891;0,041675;1,462031;-0,030357;0,069348;1,532533;0,375919;0,174903;1,259215;-0,124571;0,282165;1,57211;0,374766;0,260509;0,998046;-0,172291;0,315888;1,391723;0,343605;0,24443;0,850785;-0,209953;0,314665;1,270344;0,310128;0,231884;0,795446;-0,191606;0,313162;1,29948;0,303298;0,231405;0,810886;-0,173345;0,31758;1,339791;0,210239;0,389738;1,191922;0,098761;1,40157;4,348906;0,161826;0,24084;0,619734;-0,044087;0,140281;0,364938;0,117277;0,245579;0,631929;0,024784;0,268185;0,690099;0,109531;0,246858;0,635219;0,05175;0,306369;0,788355;0,109039;0,256482;0,659986;0,062201;0,307424;0,791069
00:00:05.841;138;4;2;6;5;70,448915;26,604204;-6,400735;85,429171;56,793842;19,788187;-27,562549;13,931564;22,099271;48,530891;-11,476024;-69,040928;33,163729;43,702885;0,156143;-0,09312;1,390868;0,167946;-0,122971;1,387234;0,179256;-0,123882;1,391666;0,189691;-0,124402;1,397757;0,135085;-0,126933;1,391729;0,120068;-0,127164;1,391831;0,108215;-0,129309;1,392363;0,194199;-0,119506;1,401791;0,079221;-0,124652;1,417271;0,17235;-0,060034;1,412816;0,131276;-0,061948;1,406023;0,292171;0,039364;1,45362;-0,031867;0,069345;1,529196;0,375797;0,165719;1,23954;-0,126597;0,282712;1,572071;0,381356;0,259295;0,99453;-0,17185;0,316385;1,38902;0,338522;0,234803;0,81831;-0,209469;0,314393;1,270224;0,31508;0,230041;0,78654;-0,190976;0,313537;1,298612;0,306981;0,228178;0,797276;-0,17274;0,318195;1,338464;0,216057;0,399749;1,222749;0,660936;8,332993;25,76404;0,167439;0,240604;0,619127;-0,051459;0,139585;0,369509;0,118503;0,24382;0,627404;0,033271;0,285173;0,733814;0,110446;0,24574;0,632342;0,058803;0,308497;0,793831;0,109708;0,25186;0,648091;0,075091;0,311767;0,802245
00:00:05.883;139;4;2;6;5;69,435855;26,944279;-6,710749;86,444121;58,320959;17,734149;-28,040392;14,257925;22,263796;51,067734;-11,400196;66,610543;35,915247;36,00733;0,151115;-0,092822;1,388464;0,16257;-0,123126;1,384702;0,173973;-0,123813;1,388633;0,185046;-0,124401;1,395392;0,12961;-0,126678;1,389724;0,115143;-0,12686;1,39014;0,10268;-0,129011;1,390136;0,189696;-0,119726;1,399064;0,074665;-0,124171;1,412626;0,168039;-0,059827;1,41043;0,12679;-0,061794;1,404265;0,289336;0,037811;1,446053;-0,033706;0,070193;1,526678;0,376314;0,160127;1,224301;-0,127915;0,283067;1,572046;0,386479;0,25796;0,990145;-0,172219;0,316467;1,386213;0,334054;0,226942;0,791602;-0,209935;0,314302;1,270496;0,31842;0,227585;0,777951;-0,190566;0,31378;1,298048;0,309824;0,225779;0,787379;-0,172392;0,318678;1,337952;0,220567;0,406257;1,242787;0,4464;5,625282;17,392026;0,171088;0,240451;0,618733;-0,057136;0,138992;0,376331;0,1193;0,242677;0,624462;0,040202;0,296352;0,762579;0,111041;0,245013;0,630473;0,064794;0,310016;0,79774;0,110142;0,248855;0,640359;0,085564;0,31527;0,811259
00:00:05.929;140;4;2;6;5;67,819267;26,434178;-6,064143;86,96661;58,222015;17,323775;-29,784145;14,419352;22,627216;53,769734;-11,324611;64,231328;69,832525;42,914719;0,145381;-0,094129;1,385852;0,156682;-0,124766;1,382706;0,16739;-0,125341;1,386661;0,177903;-0,126643;1,392455;0,122758;-0,127139;1,386671;0,108712;-0,127355;1,387991;0,096694;-0,128785;1,388338;0,183509;-0,121392;1,396592;0,070122;-0,123889;1,409957;0,163404;-0,061196;1,40678;0,122137;-0,063206;1,401372;0,286035;0,036622;1,433785;-0,034902;0,071611;1,525041;0,377796;0,156142;1,211596;-0,129577;0,284001;1,57098;0,391471;0,256728;0,985894;-0,172503;0,3166;1,384738;0,521963;0,344032;1,201241;-0,210296;0,314329;1,271022;0,320083;0,224759;0,768168;-0,190248;0,313854;1,297331;0,312259;0,223715;0,779197;-0,172653;0,31849;1,335519;0,199508;0,367075;1,124562;0,307369;3,87048;11,966317;0,173459;0,240351;0,618476;-0,060679;0,138733;0,378665;0,119818;0,241934;0,622551;0,042829;0,303482;0,780927;0,111428;0,244541;0,629257;0,066427;0,31114;0,800631;0,114361;0,275329;0,708484;0,089517;0,315915;0,812919
00:00:05.970;141;4;2;6;5;65,482544;27,157174;-5,920852;87,599628;58,014587;17,637608;-28,914921;14,844775;22,708228;55,734332;-11,057003;62,217413;119,837929;-41,854725;0,137599;-0,096449;1,382754;0,148829;-0,1273;1,380359;0,15914;-0,128662;1,38503;0,169235;-0,130399;1,389846;0,114349;-0,128192;1,384336;0,100593;-0,128464;1,386594;0,088918;-0,129526;1,38822;0,177153;-0,124093;1,395335;0,06466;-0,12346;1,405422;0,157816;-0,063595;1,402657;0,11491;-0,064764;1,396342;0,283294;0,035875;1,42686;-0,036554;0,07255;1,524326;0,379879;0,152627;1,206837;-0,130746;0,2848;1,571337;0,396262;0,255641;0,984181;-0,17343;0,316607;1,38343;0,646337;0,42014;1,467507;-0,211195;0,314261;1,271014;0,322045;0,22323;0,762859;-0,190042;0,313902;1,296865;0,314567;0,222575;0,774578;-0,172823;0,318368;1,333937;0,18644;0,343266;1,051215;0,21618;2,733256;8,450106;0,175001;0,240286;0,61831;-0,064225;0,138656;0,379832;0,115866;0,241315;0,620958;0,044132;0,308525;0,793902;0,111679;0,244234;0,628467;0,067119;0,312278;0,80356;0,104684;0,288865;0,743314;0,094207;0,31715;0,816097
00:00:06.009;142;4;2;6;5;62,041926;27,852349;-6,757125;89,112684;57,312553;18,169005;-26,457433;15,511407;23,222757;57,016016;-11,114718;61,155517;123,711227;-40,939857;0,129348;-0,09947;1,38004;0,14056;-0,131261;1,378484;0,151314;-0,133073;1,38292;0,160303;-0,134273;1,38675;0,105718;-0,130412;1,382468;0,092204;-0,13004;1,386386;0,080721;-0,130831;1,388493;0,170563;-0,126575;1,393818;0,059457;-0,123028;1,400724;0,151732;-0,066705;1,399277;0,107916;-0,067411;1,394122;0,281167;0,034545;1,420609;-0,037592;0,073956;1,522462;0,382254;0,149786;1,204794;-0,131713;0,284867;1,574019;0,401344;0,255116;0,983768;-0,173944;0,316451;1,38188;0,743819;0,476859;1,669979;-0,211839;0,314303;1,271359;0,323687;0,221622;0,757309;-0,190593;0,313111;1,296212;0,316646;0,221633;0,770876;-0,172979;0,318372;1,333259;0,177946;0,32779;1,00354;0,156506;1,988737;6,148119;0,180438;0,240516;0,618901;-0,064368;0,139212;0,378141;0,111764;0,239825;0,617123;0,044494;0,311666;0,801986;0,111843;0,244034;0,627954;0,066676;0,313154;0,805814;0,099352;0,2978;0,766304;0,093583;0,316593;0,814663
00:00:06.054;143;4;2;6;5;70,124374;28,209189;-6,70032;89,345435;56,674956;19,031488;-38,442629;16,500993;23,44468;58,379225;-11,107924;60,356298;115,378332;40,226885;0,119993;-0,102915;1,377226;0,131966;-0,134511;1,376214;0,143055;-0,136688;1,381198;0,152208;-0,138437;1,385437;0,096185;-0,132641;1,381254;0,083562;-0,131784;1,385551;0,071468;-0,131746;1,38937;0,164774;-0,129839;1,393531;0,053753;-0,1229;1,399421;0,145365;-0,071085;1,39673;0,099435;-0,069941;1,39303;0,278983;0,033681;1,416546;-0,038293;0,074923;1,5223;0,385392;0,147339;1,204166;-0,132253;0,28472;1,574713;0,406356;0,254575;0,984899;-0,174588;0,316122;1,383322;0,634959;0,404428;1,419387;-0,212257;0,313606;1,271584;0,325026;0,220474;0,753351;-0,190952;0,312597;1,295788;0,318719;0,22092;0,768119;-0,17308;0,318375;1,332818;0,172735;0,318302;0,974301;0,661174;8,714652;26,933529;0,183973;0,240666;0,619286;-0,064461;0,139573;0,377042;0,109098;0,238856;0,61463;0,044303;0,31398;0,807941;0,111949;0,243904;0,62762;0,065955;0,313859;0,807629;0,097429;0,304151;0,782648;0,092636;0,315958;0,813031
00:00:06.094;144;4;2;6;5;69,096968;28,479766;-6,038407;88,439538;54,708603;21,037628;-38,32443;17,713803;23,668514;59,688148;-11,331051;59,950431;79,151718;40,102423;0,110838;-0,106775;1,376097;0,123366;-0,139116;1,376139;0,13461;-0,140681;1,380779;0,145213;-0,143443;1,391234;0,086849;-0,134874;1,380465;0,073992;-0,133671;1,384658;0,063066;-0,133098;1,389591;0,160075;-0,134108;1,406995;0,047687;-0,12291;1,399624;0,138914;-0,075559;1,395775;0,090775;-0,073188;1,392669;0,277358;0,033095;1,412855;-0,038777;0,075604;1,523245;0,3911;0,145188;1,210758;-0,132515;0,282645;1,574113;0,414225;0,25246;0,989834;-0,175229;0,315516;1,386009;0,563795;0,354161;1,250901;-0,212529;0,313153;1,271729;0,326082;0,218169;0,748328;-0,191185;0,312263;1,295512;0,351005;0,23876;0,835627;-0,1731;0,318293;1,332182;0,168701;0,311907;0,954596;0,447337;5,8831;18,182294;0,18627;0,240763;0,619536;-0,064522;0,139808;0,376327;0,107365;0,238226;0,613009;0,04233;0,315621;0,812162;0,112018;0,24382;0,627403;0,063717;0,314726;0,809859;0,095293;0,308415;0,793621;0,088723;0,315274;0,81127
00:00:06.146;145;4;2;6;5;67,445012;29,108934;-5,48858;87,772811;53,090526;22,005418;-37,011408;18,79164;23,991169;60,63165;-11,61459;59,942544;-36,716232;39,512617;0,101802;-0,110907;1,376063;0,114719;-0,143007;1,377141;0,126822;-0,144925;1,381206;0,137865;-0,147781;1,390452;0,078442;-0,137146;1,380303;0,065486;-0,135106;1,386178;0,056056;-0,13408;1,390784;0,15532;-0,138441;1,415047;0,042143;-0,122885;1,399405;0,132371;-0,080075;1,395503;0,082821;-0,076153;1,393485;0,276371;0,031921;1,410806;-0,039118;0,07697;1,524909;0,39527;0,142554;1,216443;-0,132744;0,280524;1,574424;0,421894;0,24794;0,998992;-0,175557;0,314963;1,387056;0,518827;0,319575;1,144186;-0,212647;0,312773;1,271474;0,358007;0,235047;0,817863;-0,191337;0,312046;1,295333;0,371593;0,247171;0,879858;-0,173159;0,318324;1,332118;0,165956;0,307521;0,941087;0,299338;3,93005;12,147841;0,187763;0,240826;0,619698;-0,064561;0,139961;0,375863;0,106238;0,237817;0,611956;0,038756;0,317095;0,815955;0,112063;0,243765;0,627262;0,059085;0,315697;0,812358;0,093827;0,310915;0,800054;0,082471;0,314693;0,809776
00:00:06.187;146;4;2;5;5;64,754314;29,430851;-4,725247;87,220957;52,191841;22,202483;-34,541083;19,880044;24,133183;61,679635;-11,646009;-59,014013;-7,757511;38,494762;0,094403;-0,113654;1,376741;0,107625;-0,145688;1,379191;0,11948;-0,1478;1,382534;0,130747;-0,150641;1,390294;0,070664;-0,138731;1,381247;0,058375;-0,136039;1,387166;0,049913;-0,134718;1,39156;0,150497;-0,14115;1,419231;0,036988;-0,123053;1,401364;0,126559;-0,083828;1,395677;0,076095;-0,078121;1,394715;0,275729;0,031158;1,409474;-0,039386;0,077948;1,527741;0,398913;0,139989;1,218738;-0,132953;0,279269;1,575325;0,428982;0,241467;1,009845;-0,175726;0,314525;1,387386;0,490824;0,294865;1,078671;-0,212841;0,312698;1,272008;0,376455;0,241489;0,860261;-0,191435;0,311904;1,295216;0,385691;0,249715;0,914208;-0,173152;0,31826;1,331727;0,163529;0,304441;0,931607;0,203111;2,660229;8,224397;0,168623;0,230258;0,592504;-0,064587;0,14006;0,375561;0,105506;0,237551;0,611271;0,034188;0,319277;0,821571;0,112092;0,24373;0,62717;0,052872;0,316736;0,815033;0,094639;0,312268;0,803535;0,073501;0,315132;0,810904
00:00:06.227;147;4;2;6;5;60,255883;29,549491;-4,115399;86,301851;52,124967;22,992649;-30,172132;21,008242;24,508564;63,507455;-11,975732;57,201971;-15,399864;36,813906;0,085761;-0,114803;1,378932;0,099162;-0,147584;1,381924;0,110863;-0,149823;1,384797;0,123475;-0,153246;1,396841;0,06252;-0,13994;1,38361;0,051421;-0,136784;1,389208;0,042025;-0,134675;1,395564;0,145586;-0,144451;1,42895;0,032863;-0,122484;1,404036;0,118914;-0,086358;1,39719;0,069409;-0,079502;1,397265;0,275312;0,030662;1,408608;-0,038696;0,079476;1,529932;0,40291;0,133728;1,22303;-0,132191;0,276657;1,575911;0,434952;0,232031;1,022849;-0,175835;0,31424;1,387601;0,469039;0,271736;1,029436;-0,212967;0,312649;1,272355;0,386309;0,239799;0,88782;-0,191395;0,31238;1,294441;0,391;0,244522;0,931285;-0,173147;0,318219;1,331473;0,161768;0,302096;0,924394;0,140563;1,834845;5,674158;0,156182;0,223388;0,574828;-0,064603;0,140124;0,375364;0,10503;0,237378;0,610826;0,031218;0,320696;0,825221;0,112111;0,243706;0,627111;0,049227;0,316868;0,815371;0,096039;0,316004;0,813148;0,068571;0,315281;0,811288
00:00:06.267;148;4;2;6;4;52,036343;31,039973;-0,617096;82,816689;51,159177;25,96636;-24,662067;21,103394;24,382395;66,089822;-12,85716;54,988233;-20,335221;-36,487978;0,077104;-0,115757;1,382806;0,09139;-0,149007;1,385451;0,103023;-0,15137;1,388368;0,116548;-0,155253;1,403897;0,05569;-0,140869;1,386547;0,045358;-0,137442;1,392285;0,035335;-0,134849;1,400266;0,142057;-0,147143;1,440517;0,029397;-0,1214;1,406824;0,111652;-0,088094;1,399574;0,062744;-0,080523;1,401022;0,275109;0,029546;1,408395;-0,037566;0,080919;1,539756;0,40785;0,124475;1,230719;-0,131637;0,273047;1,575592;0,437045;0,219939;1,031302;-0,175951;0,314134;1,388091;0,452961;0,251204;0,996733;-0,213774;0,312617;1,272581;0,390664;0,234173;0,904683;-0,19137;0,312689;1,293937;0,392115;0,236134;0,942035;-0,172431;0,319033;1,331657;0,160502;0,299826;0,919006;0,100422;1,297055;4,015803;0,148095;0,218923;0,563338;-0,064614;0,140166;0,375237;0,104721;0,237266;0,610537;0,029288;0,321618;0,827594;0,112123;0,243691;0,627072;0,046858;0,316953;0,815591;0,096949;0,318432;0,819396;0,064004;0,315514;0,811887
00:00:06.309;149;4;2;6;4;37,278455;31,853739;1,846488;79,995242;51,94576;29,534594;-15,557483;21,606675;24,514778;68,981547;-13,645332;53,696459;20,965399;-33,964432;0,06839;-0,116554;1,387424;0,082691;-0,150656;1,394393;0,094851;-0,15257;1,392439;0,108726;-0,1564;1,407083;0,048946;-0,140963;1,391255;0,038291;-0,137381;1,397435;0,028609;-0,134392;1,405773;0,137911;-0,147846;1,445936;0,026355;-0,120785;1,409685;0,103825;-0,089313;1,402523;0,056867;-0,081289;1,405215;0,274977;0,028821;1,408257;-0,035937;0,081839;1,545791;0,410936;0,112921;1,237468;-0,131249;0,269745;1,575035;0,434398;0,20594;1,035746;-0,176337;0,313824;1,390859;0,440974;0,232309;0,974427;-0,214298;0,312596;1,272728;0,388168;0,224658;0,915644;-0,191353;0,31289;1,293609;0,386954;0,224733;0,949373;-0,171921;0,319479;1,331427;0,157786;0,298692;0,916554;0,073906;0,947751;2,942072;0,142838;0,216021;0,55587;-0,064621;0,140193;0,375154;0,10452;0,237193;0,610349;0,028034;0,322217;0,829136;0,110396;0,270477;0,695997;0,045355;0,317281;0,816434;0,097125;0,31865;0,819957;0,061449;0,315393;0,811577
00:00:06.351;150;3;2;6;3;12,92023;32,569182;3,716493;77,511458;54,065517;34,443277;-4,068036;21,88226;24,629446;72,397134;-14,80529;52,631494;18,783745;30,939747;0,060423;-0,116482;1,392875;0,074627;-0,150925;1,400206;0,08724;-0,153543;1,396836;0,101338;-0,157343;1,410904;0,042225;-0,140471;1,396766;0,032126;-0,136742;1,402883;0,023448;-0,13345;1,411103;0,133468;-0,148195;1,448409;0,024384;-0,119609;1,411895;0,096456;-0,090242;1,40654;0,05151;-0,081931;1,410389;0,27409;0,028349;1,408167;-0,034006;0,082474;1,550414;0,413525;0,099825;1,243604;-0,130129;0,266761;1,575023;0,426914;0,18955;1,037585;-0,176765;0,313937;1,394058;0,428327;0,214923;0,960977;-0,214639;0,312583;1,272823;0,37988;0,213002;0,922069;-0,19129;0,312936;1,293046;0,376393;0,211228;0,950992;-0,171455;0,319515;1,330228;0,154634;0,298296;0,91601;0,056899;0,72291;2,252897;0,137949;0,222703;0,573065;-0,064626;0,140211;0,3751;0,104389;0,237145;0,610227;0,027218;0,322607;0,830138;0,110304;0,288159;0,741498;0,042096;0,317902;0,818032;0,099415;0,319744;0,822772;0,053959;0,316675;0,814875
00:00:06.392;151;3;2;5;3;6,209091;32,751199;3,165495;78,958039;62,793921;39,13386;-1,337677;21,966279;25,435221;75,917416;-14,518728;51,752244;12,983605;29,716862;0,051456;-0,117131;1,404819;0,065538;-0,151626;1,408884;0,077644;-0,153757;1,403193;0,091948;-0,15769;1,418288;0,034719;-0,140602;1,404898;0,025744;-0,136696;1,410274;0,017683;-0,133131;1,417717;0,129536;-0,149175;1,457366;0,023123;-0,119769;1,414732;0,08694;-0,090983;1,411251;0,045825;-0,08288;1,422853;0,272577;0,027229;1,407409;-0,031876;0,082924;1,554119;0,412315;0,087796;1,222743;-0,129146;0,266157;1,583065;0,399567;0,170372;1,01568;-0,176999;0,313932;1,395788;0,397918;0,196308;0,946985;-0,21486;0,312574;1,272885;0,353259;0,197411;0,923095;-0,19125;0,312966;1,29268;0,348529;0,194295;0,945745;-0,171107;0,319455;1,329098;0,152813;0,297448;0,917057;0,055444;0,67729;2,132183;0,130284;0,227727;0,585992;-0,064629;0,140223;0,375065;0,104304;0,237114;0,610148;0,026688;0,32286;0,83079;0,110384;0,298701;0,768624;0,039978;0,318306;0,819071;0,099663;0,319503;0,822152;0,04909;0,317508;0,817019
00:00:06.434;152;3;2;5;3;-10,682651;32,656118;5,952407;77,181104;68,505587;46,160398;7,838707;21,828629;24,853492;78,532954;-14,366453;52,551496;-11,805876;29,05141;0,043288;-0,117959;1,417482;0,057259;-0,152306;1,416624;0,069225;-0,154582;1,413626;0,0834;-0,157916;1,423087;0,028264;-0,141034;1,413684;0,019998;-0,137002;1,418578;0,012313;-0,133247;1,425516;0,126142;-0,149812;1,463188;0,02241;-0,120494;1,423926;0,078745;-0,092078;1,423763;0,040551;-0,083682;1,434105;0,271527;0,024895;1,406566;-0,028838;0,083668;1,564928;0,411176;0,078084;1,198683;-0,126635;0,265648;1,587592;0,359643;0,155681;0,985342;-0,177107;0,31385;1,396562;0,352899;0,18436;0,93579;-0,21428;0,312568;1,272925;0,314899;0,184118;0,923761;-0,19059;0,313155;1,293142;0,310969;0,17992;0,941284;-0,17097;0,319584;1,329064;0,171784;0,336056;1,046187;0,045839;0,548621;1,740469;0,120094;0,230993;0,594395;-0,064631;0,14023;0,375042;0,093214;0,264569;0,680796;0,026344;0,323024;0,831213;0,096241;0,304601;0,783805;0,038601;0,318568;0,819746;0,079283;0,319482;0,822099;0,045926;0,31805;0,818412
00:00:06.474;153;4;2;6;4;-22,505013;32,429091;7,383669;75,996923;71,509421;52,095768;15,364073;22,452032;24,410561;79,769663;-14,373315;51,79153;-20,313342;-33,876525;0,037183;-0,118614;1,427114;0,051102;-0,152082;1,423056;0,062963;-0,155195;1,421107;0,077188;-0,158449;1,429707;0,023333;-0,141287;1,427444;0,015463;-0,136682;1,427126;0,008004;-0,133615;1,433735;0,123124;-0,150262;1,467322;0,021968;-0,121084;1,431302;0,07261;-0,092814;1,432246;0,036329;-0,084306;1,443168;0,270845;0,021779;1,406018;-0,025043;0,083176;1,570553;0,409443;0,071625;1,180244;-0,12316;0,265259;1,590185;0,322637;0,143261;0,963872;-0,177355;0,313313;1,398465;0,312649;0,17306;0,932364;-0,21402;0,312011;1,273651;0,278065;0,170519;0,922795;-0,190111;0,313193;1,293092;0,274986;0,16517;0,934185;-0,170837;0,319584;1,328691;0,183833;0,360596;1,128371;0,040727;0,464772;1,485155;0,11492;0,233251;0,600207;-0,064632;0,140235;0,375028;0,082771;0,282415;0,726717;0,02612;0,323131;0,831489;0,083378;0,308572;0,794024;0,037706;0,318739;0,820185;0,061926;0,320557;0,824864;0,043869;0,318402;0,819318
00:00:06.514;154;4;2;6;4;-29,411224;32,169241;7,039401;76,568705;72,433682;57,308381;20,59555;23,338075;24,472423;79,932681;-14,258191;-53,605669;-29,418021;28,625161;0,031606;-0,119242;1,435824;0,045551;-0,151484;1,430736;0,057464;-0,155453;1,432269;0,071539;-0,158874;1,434709;0,020142;-0,141588;1,437789;0,012554;-0,137233;1,440732;0,005202;-0,134081;1,441528;0,120323;-0,150555;1,470009;0,021716;-0,121674;1,438546;0,066189;-0,09336;1,43881;0,032791;-0,084834;1,451159;0,269602;0,017355;1,405662;-0,020779;0,081975;1,574559;0,406182;0,067853;1,164058;-0,118537;0,264961;1,59712;0,28555;0,132345;0,948167;-0,176526;0,312444;1,404603;0,267342;0,160449;0,926637;-0,212399;0,311649;1,274123;0,239301;0,154625;0,924267;-0,18985;0,313302;1,29341;0,238019;0,148114;0,93272;-0,17084;0,318996;1,329149;0,191383;0,376719;1,180041;0,037643;0,412625;1,326901;0,111557;0,234719;0,603984;-0,064633;0,140238;0,375018;0,064652;0,296327;0,762516;0,025974;0,323201;0,831668;0,075016;0,311153;0,800665;0,037124;0,318849;0,82047;0,050643;0,321256;0,826662;0,042532;0,31863;0,819907
00:00:06.555;155;4;3;5;4;-32,353011;31,487836;8,715377;74,240398;70,4915;62,51398;25,027441;23,561051;22,955889;79,117324;-15,669407;-59,674386;-33,377768;30,256685;0,026368;-0,117445;1,444985;0,04041;-0,149149;1,440979;0,052267;-0,153247;1,440575;0,065572;-0,157165;1,442511;0,016432;-0,140455;1,448013;0,009831;-0,135987;1,450276;0,002548;-0,132977;1,449393;0,115985;-0,149905;1,471756;0,021588;-0,121435;1,445705;0,06046;-0,092236;1,445877;0,029703;-0,083663;1,459154;0,26418;0,011281;1,39773;-0,017119;0,081282;1,578914;0,395253;0,066294;1,146538;-0,111607;0,264077;1,597428;0,240805;0,119872;0,936559;-0,174838;0,311912;1,412442;0,21482;0,143261;0,921864;-0,209895;0,311413;1,27443;0,190994;0,135433;0,921373;-0,189248;0,313142;1,295717;0,193247;0,130122;0,926518;-0,170618;0,318089;1,333647;0,196234;0,387087;1,213277;0,035713;0,380069;1,226485;0,109371;0,235673;0,60644;-0,064633;0,14024;0,375012;0,060135;0,303602;0,781236;0,014755;0,256326;0,659584;0,06373;0,314055;0,808132;0,036746;0,318921;0,820656;0,04331;0,32171;0,82783;0,041663;0,318779;0,820289
00:00:06.597;156;4;3;5;4;-22,133205;30,745238;11,504737;71,230255;68,356664;63,715875;19,208005;23,210931;21,200822;77,732171;-17,169706;63,891393;-37,570779;-25,369542;0,022162;-0,115686;1,454091;0,036278;-0,147006;1,449736;0,048137;-0,150434;1,448774;0,060951;-0,154647;1,450032;0,013192;-0,138176;1,456058;0,007228;-0,134498;1,458229;-0,000019;-0,131672;1,457306;0,1124;-0,148748;1,473941;0,021541;-0,120648;1,452808;0,056784;-0,091592;1,45187;0,027735;-0,082195;1,4668;0,258977;0,005774;1,387675;-0,01477;0,084703;1,586294;0,374479;0,066106;1,1278;-0,106194;0,263502;1,597628;0,201208;0,110132;0,928313;-0,173095;0,311871;1,418937;0,170775;0,128932;0,918411;-0,207541;0,31126;1,27463;0,149333;0,120039;0,921593;-0,188217;0,313207;1,297916;0,153209;0,115302;0,922487;-0,170739;0,317228;1,338671;0,180739;0,357442;1,11903;0,043823;0,453141;1,464316;0,10795;0,236294;0,608036;-0,064634;0,140241;0,375008;0,060345;0,307787;0,792003;0,007462;0,212858;0,54773;0,059955;0,314853;0,810186;0,0365;0,318968;0,820776;0,040936;0,322277;0,82929;0,041098;0,318876;0,820538
00:00:06.647;157;3;3;5;3;-11,283957;30,081565;13,632715;65,285822;67,671185;62,6638;12,963945;23,210154;18,787899;75,989079;-21,723317;67,501725;-37,037892;20,936239;0,020269;-0,114569;1,460359;0,034456;-0,145749;1,456829;0,046338;-0,148779;1,455853;0,05986;-0,153656;1,461221;0,011091;-0,136791;1,462338;0,004698;-0,133561;1,463749;-0,001692;-0,130947;1,463849;0,111065;-0,148204;1,477462;0,020699;-0,119442;1,459175;0,055277;-0,092095;1,457165;0,025624;-0,082122;1,47247;0,255722;0,000632;1,381838;-0,015994;0,088853;1,592841;0,349911;0,065879;1,11387;-0,100737;0,260066;1,595658;0,16467;0,102864;0,924004;-0,168487;0,31383;1,436109;0,129606;0,119462;0,914767;-0,203484;0,311758;1,277209;0,110113;0,108294;0,919985;-0,187103;0,31301;1,301445;0,115174;0,104563;0,919166;-0,170106;0,317448;1,348586;0,19061;0,376403;1,17712;0,042372;0,483012;1,561855;0,107026;0,236697;0,609073;-0,0632;0,140803;0,371505;0,059532;0,31037;0,798652;0,002722;0,184603;0,475024;0,058841;0,3151;0,810821;0,036341;0,318999;0,820855;0,039393;0,322645;0,830238;0,040731;0,318939;0,8207
00:00:06.689;158;4;5;6;3;-15,881686;29,818154;58,99155;99,082656;67,782403;57,9686;18,078338;23,40014;-41,133885;73,25548;-123,08218;20,255474;-36,878543;23,759844;0,017375;-0,11395;1,465833;0,03163;-0,144263;1,463189;0,042702;-0,147877;1,462205;0,056561;-0,152832;1,466744;0,008051;-0,135208;1,46817;0,002212;-0,132267;1,469087;-0,004478;-0,129877;1,470902;0,109428;-0,147954;1,4808;0,019326;-0,118741;1,464364;0,05265;-0,092467;1,461308;0,023412;-0,082094;1,476505;0,248703;-0,00188;1,367895;-0,012231;0,087111;1,599547;0,298891;0,067438;1,093265;-0,084143;0,214667;1,356028;0,100362;0,099715;0,916302;-0,167797;0,30941;1,460571;0,063151;0,113663;0,910999;-0,200015;0,310897;1,283086;0,046364;0,100745;0,91439;-0,187221;0,310534;1,309689;0,053255;0,098834;0,913858;-0,172333;0,315241;1,376381;0,18972;0,386436;1,209978;0,035696;0,440347;1,433106;0,080497;0,267427;0,688148;-0,064006;0,140558;0,372028;0,033547;0,249074;0,640924;-0,000359;0,166237;0,427766;0,03389;0,252148;0,648834;0,036237;0,319019;0,820905;0,03839;0,322885;0,830855;0,040492;0,318979;0,820805
00:00:06.730;159;4;5;6;4;-27,815478;30,102086;48,319632;59,123941;68,659094;51,242888;30,073266;23,389057;-25,028903;70,626844;-96,58559;3,796186;-38,451876;-31,669287;0,013814;-0,112707;1,469392;0,028943;-0,14323;1,466623;0,039493;-0,147256;1,465983;0,053565;-0,152261;1,469983;0,005233;-0,134148;1,47161;-0,000248;-0,130644;1,473257;-0,007136;-0,128366;1,475836;0,107517;-0,147792;1,48297;0,018434;-0,118286;1,467737;0,049281;-0,091894;1,46435;0,02113;-0,080387;1,479129;0,237933;-0,003488;1,353582;-0,00336;0,083243;1,604255;0,238801;0,069854;1,066223;-0,084836;0,221741;1,443168;0,044189;0,099208;0,911297;-0,165844;0,308736;1,470521;0,005196;0,110253;0,911699;-0,196714;0,312034;1,284806;-0,010036;0,096902;0,911104;-0,184891;0,310939;1,313998;-0,001275;0,097013;0,913908;-0,170849;0,316212;1,383598;0,167578;0,356234;1,114436;0,030503;0,399992;1,305669;0,049412;0,220209;0,566646;-0,06811;0,139073;0,383568;0,016656;0,209232;0,538401;-0,025282;0,158788;0,408598;0,017671;0,21123;0,543542;0,036169;0,319031;0,820939;-0,005352;0,258161;0,664306;-0,006922;0,255486;0,657423
00:00:06.772;160;4;6;6;4;-34,120594;29,931619;48,535394;55,827948;68,878822;45,372448;38,710327;22,724086;-28,894347;67,768828;-94,094895;7,453896;-36,394737;-28,159389;0,008979;-0,111952;1,472405;0,024669;-0,142458;1,467805;0,035716;-0,145946;1,467739;0,049087;-0,151014;1,471739;0,002563;-0,133333;1,472447;-0,002684;-0,129499;1,474917;-0,008853;-0,127266;1,477643;0,103646;-0,147548;1,482981;0,017846;-0,117934;1,469229;0,043769;-0,089909;1,467377;0,017122;-0,077656;1,482234;0,227469;-0,002267;1,341478;0,002408;0,080746;1,607666;0,18514;0,076475;1,046895;-0,082168;0,218655;1,441709;0,001275;0,100219;0,910843;-0,163049;0,315303;1,462989;-0,038341;0,108747;0,909355;-0,193791;0,316564;1,280674;-0,053858;0,096276;0,912117;-0,182613;0,313598;1,311199;-0,043109;0,097088;0,91114;-0,169702;0,316664;1,373938;0,153186;0,336603;1,052333;0,026513;0,374262;1,222485;0,029207;0,189517;0,48767;-0,067074;0,139015;0,381619;0,005677;0,183335;0,47176;-0,041482;0,153947;0,396139;0,007129;0,184633;0,475102;0,036125;0,31904;0,82096;-0,033783;0,21609;0,556049;-0,029481;0,216664;0,557525
00:00:06.814;161;5;5;6;4;-36,530432;29,313978;42,712069;27,868977;69,072227;42,47584;44,483642;21,879312;-20,719981;66,021667;-74,876743;-27,239687;-21,811549;-34,995766;0,004157;-0,111383;1,473313;0,021044;-0,141021;1,467523;0,03157;-0,144991;1,46783;0,043643;-0,150133;1,472181;-0,00001;-0,131904;1,47229;-0,005103;-0,128664;1,474946;-0,010801;-0,126462;1,477768;0,099376;-0,146443;1,481937;0,017452;-0,117622;1,469149;0,038489;-0,087722;1,468295;0,013664;-0,07583;1,483202;0,216234;0,000756;1,329061;0,007979;0,079973;1,608483;0,141903;0,080595;1,038882;-0,081582;0,225765;1,478561;-0,034667;0,102789;0,922798;-0,161786;0,320658;1,455643;-0,074337;0,109698;0,91098;-0,191995;0,318962;1,278688;-0,092936;0,098067;0,913826;-0,181681;0,315726;1,307979;-0,080151;0,098556;0,912841;-0,168523;0,31767;1,36416;0,144029;0,324116;1,009517;0,026436;0,361061;1,171915;0,012556;0,170195;0,440535;-0,070401;0,13842;0,390153;-0,001459;0,166501;0,428444;-0,054969;0,150391;0,38699;0,000277;0,167345;0,430616;-0,003053;0,25811;0,664174;-0,054999;0,188609;0,485332;-0,056864;0,190342;0,489791
00:00:06.855;162;5;5;5;4;-35,338142;26,474779;34,749972;11,674794;68,305545;39,292417;47,748914;23,83731;-7,706781;63,103786;-54,900886;46,671499;-10,095538;-38,20269;-0,005607;-0,109789;1,468653;0,012846;-0,139954;1,46594;0,023017;-0,144166;1,46579;0,035042;-0,14848;1,470017;-0,007474;-0,130544;1,467289;-0,01162;-0,127639;1,469365;-0,016167;-0,125436;1,471899;0,089743;-0,145485;1,478809;0,016333;-0,118028;1,466297;0,028319;-0,085901;1,461892;0,004679;-0,074507;1,481031;0,197696;0,003385;1,30874;0,015786;0,07848;1,588714;0,095781;0,084877;1,038573;-0,076259;0,231629;1,510565;-0,08238;0,108706;0,934419;-0,159572;0,324452;1,438268;-0,121175;0,116904;0,914487;-0,191802;0,321162;1,274247;-0,140777;0,105241;0,917037;-0,180834;0,318156;1,304137;-0,125399;0,105948;0,915347;-0,169156;0,318171;1,350804;0,137439;0,316485;0,984836;0,030542;0,349458;1,135195;-0,016347;0,264677;0,824648;-0,126704;0,196672;0,706149;-0,146906;0,233869;0,741189;-0,218973;0,230415;0,838494;-0,153891;0,237409;0,726851;-0,176518;0,298033;0,955313;-0,875683;0,467631;2,458866;-0,152149;0,173462;0,640364
00:00:06.898;163;5;5;5;4;-23,80021;21,899298;25,284197;32,759579;68,131623;37,673762;38,446094;29,623459;9,673706;59,808371;-49,84039;-53,299231;5,559187;-40,7147;-0,015277;-0,108753;1,465625;0,003395;-0,138865;1,460711;0,013302;-0,14263;1,462713;0,024437;-0,147127;1,465811;-0,015645;-0,129661;1,464038;-0,01834;-0,126942;1,465387;-0,022133;-0,124711;1,467385;0,07837;-0,144658;1,474676;0,014762;-0,118177;1,463043;0,017578;-0,08318;1,45983;-0,004508;-0,072756;1,47857;0,180541;0,005091;1,295181;0,022767;0,072689;1,545414;0,059909;0,089235;1,036273;-0,069975;0,233959;1,527517;-0,115734;0,118537;0,945822;-0,159679;0,328485;1,433624;-0,152065;0,131487;0,916417;-0,191677;0,322593;1,271361;-0,173691;0,116782;0,915974;-0,182097;0,319039;1,298839;-0,157314;0,117297;0,918725;-0,170186;0,318244;1,341073;0,145578;0,344158;1,083593;0,041044;0,353564;1,187277;-0,058104;0,302404;1,030921;-0,190449;0,251669;1,104397;-0,298144;0,282492;1,050873;-0,340561;0,276935;1,120071;-0,300149;0,282359;0,993953;-0,306892;0,323809;1,143854;-0,827371;0,388168;2,167363;-0,23093;0,164937;0,737187
00:00:06.939;164;3;4;5;2;-16,093431;14,042484;18,835131;34,509014;67,955682;35,023734;28,394481;37,98483;20,769879;51,787852;58,550276;44,854094;14,681045;-37,919421;-0,023871;-0,105133;1,457006;-0,006039;-0,135617;1,456612;0,003695;-0,139746;1,458264;0,015056;-0,143659;1,462027;-0,02413;-0,126983;1,456675;-0,026713;-0,124424;1,457902;-0,030011;-0,12218;1,45955;0,067376;-0,141692;1,46394;0,010414;-0,117734;1,454278;0,01061;-0,07855;1,450789;-0,0112;-0,069618;1,469621;0,165586;0,006189;1,284618;0,028566;0,06484;1,474919;0,031743;0,094593;1,042477;-0,065829;0,227759;1,493386;-0,147213;0,127993;0,955334;-0,159843;0,328821;1,424306;-0,185804;0,141185;0,915921;-0,192316;0,322802;1,269484;-0,203209;0,127292;0,914583;-0,184129;0,319177;1,293645;-0,18482;0,128979;0,924772;-0,170764;0,318124;1,334047;0,149358;0,359468;1,141486;0,05008;0,3556;1,22148;-0,103843;0,312195;1,111799;-0,229381;0,289286;1,336308;-0,403384;0,319684;1,202817;-0,424103;0,307965;1,239046;-0,375305;0,304129;1,067469;-0,4177;0,357371;1,265705;-1,500414;0,619913;3,324686;-0,408621;0,214702;1,025521
00:00:06.992;165;3;4;6;2;-11,654945;-6,987198;23,886675;29,369026;68,654921;32,627527;17,602168;46,71731;16,687499;25,065982;106,077389;2,647404;22,813108;-38,277989;-0,034195;-0,100009;1,446504;-0,017001;-0,131465;1,449398;-0,007446;-0,135971;1,452571;0,004034;-0,14022;1,455718;-0,035175;-0,122332;1,446288;-0,037666;-0,119857;1,447086;-0,040637;-0,117613;1,448508;0,055164;-0,13839;1,451011;0,000304;-0,115317;1,442281;0,002068;-0,07359;1,437913;-0,020292;-0,06477;1,455403;0,148602;0,006898;1,277051;0,033555;0,057133;1,377647;0,000763;0,099418;1,04791;-0,055983;0,205218;1,357101;-0,184833;0,137797;0,963617;-0,15858;0,32953;1,420349;-0,221713;0,151916;0,916999;-0,19088;0,323474;1,270365;-0,236232;0,14002;0,914729;-0,184188;0,319615;1,291669;-0,218135;0,141138;0,930452;-0,170124;0,318972;1,333331;0,147684;0,36605;1,168266;0,055826;0,357693;1,241262;-0,139478;0,327834;1,156669;-0,232398;0,295929;1,3565;-0,477455;0,349881;1,305081;-0,4373;0,331404;1,29748;-0,421117;0,316452;1,097405;-0,4246;0,364245;1,271058;-1,231356;0,520811;2,682546;-0,487038;0,270194;1,236389
00:00:07.041;166;4;4;6;3;-8,910572;-29,101983;-19,204033;31,534335;67,742727;29,983915;11,578917;48,899056;35,100644;-18,953841;84,827786;19,722414;23,485992;-37,989198;-0,044215;-0,093509;1,441078;-0,028069;-0,125972;1,440509;-0,018684;-0,130729;1,445021;-0,007137;-0,135059;1,446367;-0,046448;-0,116926;1,440238;-0,048898;-0,114529;1,441106;-0,051678;-0,112307;1,44273;0,04314;-0,134463;1,440857;-0,011092;-0,112052;1,433432;-0,007514;-0,067965;1,429894;-0,029489;-0,06003;1,447212;0,134686;0,007359;1,272133;0,036284;0,05092;1,319321;-0,022428;0,103833;1,052142;-0,053074;0,212423;1,422166;-0,211321;0,145933;0,966201;-0,158262;0,330246;1,422327;-0,24812;0,16178;0,919099;-0,189479;0,324357;1,272687;-0,260884;0,151224;0,916574;-0,184327;0,320074;1,291085;-0,242;0,152194;0,939743;-0,169797;0,319691;1,333565;0,143839;0,367113;1,179723;0,059561;0,355417;1,25412;-0,162932;0,333543;1,187585;-0,239455;0,301836;1,380475;-0,49156;0,346844;1,275303;-0,477971;0,356459;1,365912;-0,456777;0,328825;1,118263;-0,437443;0,36158;1,243388;-1,077194;0,453578;2,275655;-0,552697;0,297608;1,339503
00:00:07.082;167;4;4;6;3;-9,696649;-42,060645;-43,23438;62,605663;65,364239;27,159613;9,574437;47,481165;35,165509;-42,861545;68,174395;-37,425857;25,231834;-46,351908;-0,055558;-0,085162;1,4365;-0,041714;-0,119108;1,434031;-0,03232;-0,122903;1,435564;-0,021586;-0,127331;1,436438;-0,058376;-0,109824;1,431404;-0,060794;-0,10829;1,432319;-0,063428;-0,106063;1,433724;0,028848;-0,129335;1,432507;-0,021541;-0,107865;1,421381;-0,019318;-0,061017;1,422581;-0,039442;-0,054428;1,439438;0,118822;0,007626;1,264037;0,038117;0,046247;1,283159;-0,047475;0,107566;1,051742;-0,05319;0,217292;1,471808;-0,240187;0,15416;0,962631;-0,158171;0,330955;1,424662;-0,273141;0,169893;0,915914;-0,188569;0,324932;1,274197;-0,287772;0,160992;0,911823;-0,184418;0,320373;1,290705;-0,268859;0,160439;0,931433;-0,169541;0,320075;1,333367;0,133558;0,355728;1,14587;0,061244;0,354568;1,262128;-0,188696;0,347108;1,21468;-0,248196;0,30863;1,367709;-0,502616;0,347516;1,250697;-0,520836;0,378298;1,408993;-0,482456;0,3396;1,125871;-0,456343;0,359582;1,213502;-0,976989;0,407281;2,011176;-0,599331;0,314323;1,386927
00:00:07.124;168;4;5;6;3;-10,887352;-51,048418;-53,90494;79,425919;60,164839;23,576666;7,429785;42,221794;24,514786;-55,213376;58,135893;-49,058344;28,204187;-48,628513;-0,068142;-0,075373;1,426175;-0,05765;-0,109564;1,42632;-0,049073;-0,113565;1,426267;-0,038818;-0,117947;1,425435;-0,071599;-0,101835;1,423213;-0,073171;-0,100036;1,423807;-0,075709;-0,09861;1,425071;0,011544;-0,122503;1,42358;-0,033069;-0,10348;1,412498;-0,033331;-0,052445;1,416078;-0,050531;-0,04662;1,429485;0,100747;0,007807;1,259824;0,039309;0,042517;1,259653;-0,072306;0,110755;1,058482;-0,05423;0,218974;1,506175;-0,267606;0,162811;0,96346;-0,15819;0,331578;1,426881;-0,298328;0,178566;0,912794;-0,18808;0,325484;1,275878;-0,31254;0,170718;0,907685;-0,184526;0,320654;1,290808;-0,293484;0,169093;0,924282;-0,170132;0,319565;1,333239;0,122593;0,348436;1,124215;0,060094;0,355079;1,265933;-0,204325;0,352827;1,234042;-0,248494;0,312892;1,343311;-0,529149;0,359659;1,252903;-0,48538;0,373784;1,331995;-0,505462;0,349492;1,119966;-0,444019;0,367429;1,189876;-0,900019;0,391424;1,816514;-0,592125;0,346184;1,405852
00:00:07.166;169;4;5;6;3;-12,525557;-57,76976;-58,51154;89,086568;46,302348;21,080663;3,579277;24,083646;-7,503006;-62,423834;52,701086;54,466356;28,558163;53,852489;-0,079575;-0,065832;1,420164;-0,071879;-0,100022;1,419208;-0,06379;-0,104115;1,417423;-0,054796;-0,107828;1,417933;-0,083426;-0,093456;1,418238;-0,084447;-0,092287;1,418625;-0,086097;-0,09136;1,419446;-0,00443;-0,114634;1,414627;-0,042107;-0,098973;1,405674;-0,046506;-0,045308;1,41325;-0,06093;-0,039932;1,422665;0,086215;0,006504;1,258486;0,04;0,040021;1,241925;-0,090802;0,112752;1,062164;-0,053142;0,219272;1,529214;-0,287773;0,170094;0,961199;-0,159791;0,331902;1,427972;-0,316628;0,185675;0,910416;-0,187762;0,325843;1,276971;-0,331283;0,179372;0,903945;-0,186439;0,320227;1,288426;-0,313504;0,176717;0,919283;-0,17289;0,318063;1,328255;0,114328;0,34464;1,11119;0,058407;0,356906;1,263507;-0,212092;0,355909;1,229827;-0,24695;0,316555;1,322202;-0,531417;0,359642;1,221787;-0,462581;0,369709;1,282647;-0,517371;0,356166;1,111228;-0,435496;0,367674;1,16962;-0,74855;0,329551;1,495034;-0,511441;0,309908;1,230204
00:00:07.207;170;3;5;4;3;-12,809477;-60,447534;-57,273694;94,407018;11,096188;19,682295;-0,718995;-10,919447;-40,431402;-64,989274;49,754752;51,32766;29,294924;53,452199;-0,089358;-0,060407;1,415557;-0,081804;-0,094515;1,412835;-0,074177;-0,098793;1,412025;-0,065055;-0,101912;1,410956;-0,093518;-0,08801;1,415005;-0,095013;-0,08727;1,415606;-0,096085;-0,086667;1,41614;-0,015609;-0,110314;1,408807;-0,052756;-0,094479;1,401588;-0,056615;-0,040644;1,410363;-0,070097;-0,035585;1,418232;0,074758;0,004948;1,260766;0,039738;0,038378;1,229701;-0,106385;0,113974;1,063856;-0,053258;0,217389;1,542089;-0,304447;0,175237;0,959029;-0,161403;0,331625;1,426582;-0,331478;0,191764;0,908521;-0,187606;0,326165;1,278031;-0,346091;0,185277;0,900464;-0,188465;0,319305;1,287227;-0,329725;0,182486;0,914984;-0,175942;0,316668;1,323266;0,111553;0,348802;1,124074;0,056695;0,354087;1,247929;-0,217962;0,359367;1,220438;-0,24357;0,332867;1,303581;-0,532907;0,359198;1,200162;-0,441069;0,371928;1,248821;-0,527984;0,360775;1,110098;-0,428551;0,378433;1,172553;-0,650642;0,288559;1,287122;-0,49814;0,325541;1,233283
00:00:07.250;171;3;5;5;3;-13,225509;-59,980304;-51,506646;98,164011;-26,285339;18,287145;-5,854228;-36,706034;-54,010638;-64,202337;47,353035;-45,873859;28,626522;-51,528843;-0,098034;-0,056843;1,411512;-0,09062;-0,090915;1,408343;-0,082353;-0,094384;1,406066;-0,073226;-0,097976;1,405022;-0,102425;-0,084431;1,412203;-0,104257;-0,083187;1,413294;-0,105818;-0,082833;1,414341;-0,024436;-0,10743;1,403975;-0,06354;-0,090659;1,397182;-0,064726;-0,037589;1,407436;-0,079122;-0,032719;1,413251;0,062945;0,003934;1,260848;0,039568;0,03731;1,221756;-0,122287;0,115747;1,062857;-0,053345;0,216213;1,550808;-0,317915;0,180404;0,955869;-0,163015;0,330956;1,423578;-0,344534;0,196866;0,905538;-0,187556;0,326464;1,27907;-0,359277;0,190133;0,898202;-0,189991;0,318319;1,287847;-0,343681;0,186376;0,91044;-0,177974;0,315845;1,320373;0,105447;0,345421;1,112848;0,057459;0,35174;1,233604;-0,218118;0,35922;1,202085;-0,225367;0,342155;1,240028;-0,533363;0,360055;1,175255;-0,324012;0,291215;0,947533;-0,532394;0,364087;1,095714;-0,313608;0,293593;0,886759;-0,584999;0,266071;1,148129;-0,453578;0,361095;1,219534
00:00:07.295;172;4;5;6;3;-11,252432;-57,561473;-40,802135;100,371111;-45,088201;18,062828;-6,134304;-50,964856;-59,799159;-61,35462;44,853181;41,609147;28,484638;50,280999;-0,10607;-0,054526;1,408883;-0,09874;-0,087777;1,405423;-0,090075;-0,091539;1,402543;-0,08017;-0,095464;1,401864;-0,110585;-0,081286;1,410032;-0,112608;-0,079695;1,411091;-0,114456;-0,079483;1,412122;-0,032532;-0,105504;1,400134;-0,072966;-0,087427;1,395018;-0,072305;-0,035572;1,404133;-0,08736;-0,030849;1,409663;0,052424;0,003276;1,261951;0,0394;0,035881;1,214841;-0,133227;0,118107;1,062207;-0,053139;0,211759;1,548775;-0,326214;0,1852;0,955565;-0,16379;0,328405;1,412526;-0,352707;0,201614;0,90535;-0,188253;0,32593;1,279746;-0,367788;0,194544;0,897781;-0,191611;0,317505;1,287551;-0,352205;0,190982;0,909936;-0,179488;0,314894;1,319892;0,103138;0,352736;1,140551;0,057698;0,350026;1,233393;-0,220108;0,360517;1,215355;-0,214155;0,350898;1,226368;-0,530124;0,35958;1,163966;-0,245275;0,238942;0,753447;-0,526477;0,365969;1,090914;-0,236059;0,238244;0,700994;-0,54397;0,253783;1,060934;-0,416318;0,381178;1,207797
00:00:07.338;173;4;4;6;3;-11,125297;-56,457262;-33,435299;93,204545;-49,110265;18,398526;-6,582917;-54,383988;-58,838291;-59,081922;48,547483;-40,516052;28,525715;47,893102;-0,112032;-0,052996;1,406474;-0,103876;-0,085636;1,401775;-0,09499;-0,089604;1,398853;-0,085383;-0,093739;1,398412;-0,11653;-0,079147;1,406871;-0,118707;-0,077352;1,408259;-0,120773;-0,077251;1,409629;-0,039353;-0,104201;1,396937;-0,080628;-0,085285;1,392912;-0,077167;-0,034236;1,400937;-0,093487;-0,029626;1,406981;0,045603;0,00285;1,263368;0,038149;0,034468;1,218047;-0,13714;0,120004;1,064934;-0,052757;0,204715;1,515954;-0,33139;0,188815;0,957817;-0,165892;0,325282;1,399042;-0,358963;0,206494;0,906278;-0,190005;0,325316;1,279135;-0,373981;0,198513;0,897858;-0,193397;0,316244;1,287358;-0,358357;0,195113;0,912408;-0,182324;0,313612;1,31678;0,101753;0,355448;1,151908;0,059292;0,349109;1,233955;-0,222681;0,361572;1,227131;-0,20681;0,353838;1,212939;-0,52415;0,359684;1,153828;-0,279323;0,30304;0,92864;-0,523192;0,367941;1,086394;-0,279042;0,311863;0,894546;-0,517118;0,245195;1,003907;-0,404359;0,376765;1,202618
00:00:07.379;174;4;5;6;3;-11,49579;-55,421449;-30,0047;101,053471;-50,85463;18,268948;-7,535658;-56,493855;-60,671486;-57,07881;40,221924;-46,229983;29,173129;44,799066;-0,117534;-0,050416;1,405258;-0,110452;-0,082695;1,400104;-0,101382;-0,086782;1,396805;-0,092705;-0,090221;1,395818;-0,122853;-0,076198;1,405516;-0,124269;-0,075031;1,406419;-0,125611;-0,074965;1,407309;-0,046923;-0,101721;1,394159;-0,084748;-0,083831;1,390493;-0,082732;-0,032582;1,399209;-0,098294;-0,02804;1,405588;0,040339;0,003279;1,259739;0,03586;0,033467;1,21698;-0,13973;0,121278;1,067057;-0,057375;0,204089;1,53137;-0,3347;0,191999;0,960681;-0,170522;0,320565;1,385377;-0,362185;0,210602;0,90863;-0,194944;0,323307;1,275238;-0,377217;0,201494;0,899658;-0,197825;0,314099;1,284783;-0,363161;0,198475;0,914715;-0,187686;0,310958;1,313357;0,100067;0,349788;1,13514;0,061486;0,347389;1,243071;-0,221291;0,360027;1,229535;-0,205166;0,351667;1,223461;-0,520546;0,358255;1,150738;-0,312664;0,340192;1,041816;-0,522063;0,368096;1,085556;-0,320319;0,354478;1,019655;-0,498755;0,237641;0,96509;-0,415809;0,376747;1,229702
00:00:07.419;175;4;5;6;3;-11,990372;-54,59401;-27,705766;50,99017;-51,86836;18,052184;-5,990639;-57,721526;-48,378189;-55,597745;75,773428;27,302451;29,450591;44,205129;-0,121079;-0,04793;1,404118;-0,114695;-0,079969;1,398667;-0,105479;-0,083324;1,394773;-0,097385;-0,08708;1,393081;-0,126066;-0,073431;1,403586;-0,126986;-0,072673;1,404172;-0,127859;-0,07263;1,404751;-0,052601;-0,099272;1,391653;-0,08738;-0,082846;1,38822;-0,086326;-0,030705;1,397736;-0,101392;-0,027003;1,404332;0,036227;0,003561;1,258431;0,033698;0,03145;1,216987;-0,142119;0,122187;1,069137;-0,055428;0,183822;1,393691;-0,3388;0,195022;0,961843;-0,173763;0,317124;1,378245;-0,365461;0,214395;0,91051;-0,198324;0,321543;1,273754;-0,381795;0,204133;0,899427;-0,200309;0,311749;1,285209;-0,367709;0,201106;0,915865;-0,190689;0,308896;1,312882;0,101916;0,353399;1,150141;0,063667;0,345026;1,249696;-0,220054;0,358925;1,233198;-0,201487;0,349938;1,231699;-0,48431;0,331412;1,07558;-0,320085;0,362204;1,115381;-0,524561;0,365892;1,093062;-0,330271;0,379442;1,099226;-0,48544;0,232049;0,939158;-0,400979;0,377018;1,238556
00:00:07.476;176;3;5;6;3;-12,431974;-54,491658;-28,432718;8,981599;-51,921445;18,13484;-6,358868;-58,139731;-31,137623;-54,978722;104,6855;5,535544;30,012708;42,757899;-0,121756;-0,047101;1,403027;-0,114983;-0,078141;1,396684;-0,106505;-0,081827;1,392752;-0,098031;-0,085808;1,390953;-0,127325;-0,071616;1,401981;-0,127923;-0,071123;1,402362;-0,12849;-0,071095;1,402738;-0,053967;-0,098542;1,391075;-0,088325;-0,082225;1,387093;-0,087007;-0,030257;1,395728;-0,102607;-0,026329;1,403516;0,03427;0,004459;1,25758;0,032284;0,029439;1,216642;-0,143109;0,123429;1,070839;-0,05481;0,17;1,304199;-0,341417;0,197279;0,963998;-0,17739;0,315129;1,385159;-0,368253;0,216946;0,912081;-0,200689;0,319934;1,27384;-0,385435;0,205418;0,899628;-0,202147;0,309088;1,286886;-0,371476;0,202449;0,917312;-0,192516;0,307025;1,316773;0,101615;0,35061;1,143092;0,065745;0,34249;1,252953;-0,218483;0,357403;1,235229;-0,19739;0,348878;1,239855;-0,492585;0,339866;1,104077;-0,316291;0,375091;1,154447;-0,518799;0,364413;1,09024;-0,251372;0,29526;0,855547;-0,477799;0,229935;0,922303;-0,384918;0,374897;1,232062
00:00:07.516;177;3;5;6;3;-12,852814;-56,000373;-30,281087;25,754593;-50,185357;17,703763;-2,377278;-59,070257;-15,24827;-54,310285;123,666169;10,561355;29,610744;38,237513;-0,121399;-0,046562;1,402317;-0,114349;-0,077726;1,395045;-0,105538;-0,081604;1,390739;-0,096849;-0,085749;1,389219;-0,12652;-0,071214;1,400587;-0,127736;-0,070911;1,401185;-0,128105;-0,070097;1,40143;-0,053273;-0,098068;1,390699;-0,088894;-0,081781;1,385661;-0,085908;-0,02998;1,395123;-0,101777;-0,025884;1,402635;0,034204;0,005003;1,248977;0,03037;0,027851;1,203117;-0,140873;0,124401;1,073346;-0,056886;0,16075;1,243929;-0,339796;0,198289;0,968549;-0,181229;0,31361;1,407154;-0,368617;0,219094;0,917303;-0,201837;0,317954;1,275996;-0,384294;0,206106;0,903608;-0,203326;0,305465;1,292526;-0,371593;0,204424;0,925603;-0,195102;0,305669;1,328753;0,103048;0,353016;1,15671;0,066454;0,33978;1,256469;-0,21801;0,354474;1,239699;-0,19349;0,341764;1,256356;-0,461566;0,318512;1,0421;-0,304313;0,384438;1,187191;-0,515796;0,362186;1,094006;-0,195811;0,240662;0,697505;-0,476138;0,229907;0,918697;-0,369609;0,378921;1,24324
00:00:07.569;178;3;5;6;3;-13,391586;-57,654748;-30,299795;58,235678;-45,674301;20,48818;-0,559038;-57,349077;12,536167;-54,107742;135,336995;27,699701;22,338811;34,429727;-0,12037;-0,047009;1,401856;-0,113172;-0,078269;1,394329;-0,104172;-0,082291;1,39013;-0,095362;-0,086566;1,389143;-0,126059;-0,071785;1,400382;-0,12685;-0,071588;1,40077;-0,127918;-0,071077;1,401279;-0,052031;-0,098551;1,390454;-0,088566;-0,082364;1,386129;-0,085236;-0,029815;1,39543;-0,101262;-0,026399;1,402413;0,035706;0,006089;1,247935;0,03095;0,024408;1,212876;-0,132898;0,132524;1,071475;-0,058086;0,152296;1,190404;-0,325028;0,200008;0,973957;-0,184114;0,310454;1,4309;-0,368743;0,220743;0,921747;-0,203029;0,313689;1,280198;-0,382306;0,207588;0,910745;-0,204279;0,302221;1,302142;-0,365009;0,207178;0,937642;-0,198336;0,306358;1,347039;0,107218;0,357108;1,178511;0,07105;0,334419;1,255955;-0,216932;0,352472;1,242254;-0,1726;0,289992;1,185881;-0,471534;0,328254;1,073915;-0,296437;0,375623;1,234724;-0,510871;0,361479;1,096804;-0,22178;0,288878;0,893678;-0,475059;0,229888;0,916353;-0,359344;0,374248;1,303006
00:00:07.616;179;3;4;5;3;-14,138891;-57,410683;-29,373248;78,005979;-43,716025;26,743346;-1,335799;-56,831206;28,427632;-53,359899;139,66925;40,857214;23,745615;-30,493052;-0,11976;-0,047323;1,402257;-0,112519;-0,078701;1,395264;-0,103386;-0,082821;1,391135;-0,094465;-0,087163;1,390143;-0,125055;-0,072211;1,401298;-0,126399;-0,072101;1,401901;-0,127093;-0,071769;1,402232;-0,051261;-0,098939;1,391345;-0,087606;-0,083575;1,387134;-0,084883;-0,029738;1,39703;-0,100154;-0,026741;1,402618;0,037493;0,008243;1,250408;0,035116;0,018722;1,22762;-0,123644;0,14143;1,066059;-0,054689;0,147911;1,159463;-0,315831;0,202571;0,984472;-0,183427;0,306653;1,445985;-0,366336;0,222373;0,929185;-0,201727;0,31002;1,288528;-0,378235;0,20945;0,921684;-0,202888;0,301604;1,315042;-0,360823;0,208806;0,947217;-0,199909;0,305618;1,360676;0,112287;0,357813;1,195482;0,08011;0,326931;1,251071;-0,210721;0,347196;1,244965;-0,150179;0,250821;1,135873;-0,469404;0,334568;1,098795;-0,276194;0,356713;1,249171;-0,497862;0,363842;1,111223;-0,228721;0,312809;1,025391;-0,561724;0,275895;1,100679;-0,341899;0,363164;1,355504
00:00:07.657;180;3;4;5;3;-9,35258;-63,819308;26,527617;81,406013;36,576903;36,28925;12,058756;31,311707;41,480006;-54,321915;111,944341;58,788779;27,345285;32,394718;-0,115398;-0,049937;1,402867;-0,107324;-0,081367;1,395872;-0,098163;-0,08559;1,392488;-0,088376;-0,089976;1,391493;-0,121237;-0,074903;1,402244;-0,12211;-0,074832;1,402636;-0,12339;-0,074636;1,403201;-0,042867;-0,101704;1,393674;-0,083898;-0,085241;1,389187;-0,079891;-0,031289;1,398419;-0,095463;-0,027769;1,403102;0,044935;0,011031;1,248865;0,038111;0,015081;1,245603;-0,101656;0,149877;1,056588;-0,048995;0,146262;1,129551;-0,293975;0,206848;1,001107;-0,164364;0,274942;1,30039;-0,343933;0,226718;0,950121;-0,191724;0,294696;1,238294;-0,357632;0,213658;0,944545;-0,188371;0,281398;1,232427;-0,339931;0,212899;0,969891;-0,182111;0,277786;1,244939;0,122687;0,355078;1,207564;0,087498;0,317369;1,248946;-0,197714;0,345704;1,259327;-0,13849;0,23427;1,097417;-0,468735;0,343056;1,155567;-0,271599;0,34878;1,261361;-0,483006;0,362021;1,130745;-0,241254;0,331634;1,114854;-0,611407;0,299533;1,232392;-0,315351;0,319402;1,234578
00:00:07.698;181;3;5;6;2;9,349123;11,915941;48,876518;77,404684;54,262784;44,247977;12,837319;63,346625;-28,45451;25,030483;85,188636;62,988011;28,373587;30,766524;-0,109416;-0,053263;1,403963;-0,100812;-0,084736;1,396967;-0,091613;-0,088207;1,393717;-0,081295;-0,093466;1,39342;-0,11476;-0,078251;1,402859;-0,116153;-0,078225;1,403463;-0,116985;-0,078098;1,40383;-0,032658;-0,104461;1,397288;-0,077557;-0,087163;1,391222;-0,073457;-0,033892;1,399323;-0,089643;-0,030223;1,411116;0,056218;0,012857;1,248912;0,039717;0,013539;1,269192;-0,076822;0,160104;1,053932;-0,044706;0,145284;1,110808;-0,271524;0,213104;1,017169;-0,155347;0,254109;1,204704;-0,320023;0,231702;0,972828;-0,182087;0,275679;1,169241;-0,333565;0,218483;0,971304;-0,178769;0,262706;1,161928;-0,313751;0,21591;0,991629;-0,174645;0,259109;1,16971;0,134613;0,354602;1,217516;0,091787;0,313168;1,250015;-0,187417;0,348191;1,255013;-0,131758;0,228113;1,074871;-0,45526;0,350018;1,190018;-0,275188;0,34947;1,269285;-0,464881;0,367801;1,154984;-0,256635;0,347932;1,169505;-0,6247;0,318221;1,307505;-0,302309;0,29799;1,158775
00:00:07.740;182;4;4;6;2;9,026801;15,339937;20,486649;50,293375;50,633149;51,13197;13,753947;61,643414;13,902858;26,480435;-5,147184;25,000229;27,060706;21,770615;-0,101505;-0,05701;1,404326;-0,090987;-0,088494;1,397328;-0,081793;-0,093086;1,394516;-0,07032;-0,098093;1,394323;-0,106532;-0,082003;1,402908;-0,108236;-0,081188;1,403301;-0,109599;-0,081127;1,40389;-0,020427;-0,108737;1,400687;-0,071053;-0,089206;1,392544;-0,06449;-0,037179;1,39991;-0,082324;-0,032475;1,410376;0,070661;0,014043;1,248943;0,0357;0,012602;1,292575;-0,046315;0,172235;1,056056;-0,048277;0,17222;1,284825;-0,2466;0,223132;1,03286;-0,151601;0,242314;1,153707;-0,295103;0,240657;0,996688;-0,178056;0,263964;1,127157;-0,307722;0,223412;0,996748;-0,176582;0,252879;1,126603;-0,288275;0,220491;1,012409;-0,170828;0,249257;1,131312;0,14626;0,355094;1,226786;0,094027;0,312381;1,25281;-0,178948;0,362341;1,234008;-0,143101;0,269735;1,145966;-0,334449;0,277022;0,900912;-0,206555;0,27653;0,952085;-0,340391;0,288445;0,87779;-0,194335;0,276754;0,890378;-0,63334;0,330368;1,356328;-0,23075;0,241843;0,877104
00:00:07.781;183;4;5;5;3;7,978621;28,361981;23,066842;54,88703;43,203919;55,111507;14,112942;58,586685;3,133713;29,395113;-24,587174;-8,567342;18,45893;16,220433;-0,091583;-0,061061;1,404912;-0,079827;-0,093324;1,397563;-0,069862;-0,097873;1,395385;-0,057651;-0,10357;1,39596;-0,096335;-0,085968;1,40189;-0,099077;-0,084688;1,402846;-0,100782;-0,084671;1,403578;-0,006853;-0,113238;1,404297;-0,063663;-0,090557;1,393754;-0,05387;-0,040101;1,399941;-0,073586;-0,03476;1,410594;0,090183;0,015351;1,237063;0,03119;0,016176;1,331224;-0,009284;0,185436;1,063036;-0,04871;0,187292;1,298536;-0,21671;0,234216;1,044459;-0,152559;0,2376;1,13176;-0,268186;0,251585;1,020598;-0,185675;0,25992;1,109952;-0,280706;0,229544;1,020986;-0,187104;0,246503;1,109242;-0,262558;0,225834;1,033966;-0,225975;0,301431;1,389853;0,153725;0,364185;1,226861;0,089254;0,325442;1,246926;-0,132752;0,28591;0,935105;-0,113697;0,222086;0,883128;-0,255923;0,229574;0,712993;-0,161943;0,229118;0,745905;-0,259472;0,236863;0,697613;-0,15384;0,230488;0,708946;-0,435401;0,264929;1,010763;-0,184236;0,205348;0,694018
00:00:07.822;184;2;3;4;3;-2,87527;29,526014;11,483922;76,403122;37,16519;61,891228;24,511393;53,036145;17,595701;28,279619;17,203815;-12,113397;15,498174;-14,022547;-0,076213;-0,070674;1,401793;-0,062231;-0,103623;1,397716;-0,050987;-0,108235;1,397001;-0,038272;-0,113631;1,398424;-0,08093;-0,095688;1,400879;-0,084333;-0,094115;1,4022;-0,087051;-0,092537;1,403026;0,010889;-0,118828;1,409443;-0,052496;-0,093;1,39419;-0,038202;-0,047578;1,399962;-0,060752;-0,041168;1,413536;0,110016;0,01577;1,249291;0,027669;0,025306;1,370695;0,035396;0,200208;1,082974;-0,052408;0,216453;1,398799;-0,178502;0,248573;1,071248;-0,165608;0,256017;1,205344;-0,231547;0,264777;1,050138;-0,193901;0,261094;1,109619;-0,244728;0,240361;1,058441;-0,196629;0,246045;1,111957;-0,230227;0,242371;1,098028;-0,253814;0,326845;1,518004;0,145292;0,34065;1,121909;0,085765;0,337798;1,237152;-0,106771;0,233634;0,743269;-0,141709;0,263335;0,967433;-0,19428;0,199413;0,592595;-0,132945;0,198301;0,611888;-0,193789;0,204015;0,582249;-0,127518;0,200415;0,591015;-0,32365;0,22253;0,786496;-0,143;0,18353;0,579911
00:00:07.864;185;2;2;3;3;-15,773897;32,725136;7,774892;89,372011;30,012936;67,09229;37,31615;45,78363;21,186131;27,925529;5,336655;39,225668;13,259079;-10,891183;-0,059065;-0,078488;1,399415;-0,042835;-0,111877;1,397466;-0,030751;-0,116564;1,39805;-0,016869;-0,121904;1,401426;-0,064522;-0,10351;1,399171;-0,068323;-0,100899;1,40003;-0,0717;-0,099134;1,401267;0,028836;-0,123172;1,411738;-0,040473;-0,094588;1,394473;-0,020055;-0,054015;1,399625;-0,045885;-0,045949;1,410549;0,127163;0,016032;1,256539;0,025622;0,036814;1,412802;0,073435;0,214827;1,101533;-0,054812;0,239918;1,463969;-0,147031;0,262984;1,093562;-0,166468;0,263296;1,209074;-0,200667;0,279501;1,07809;-0,199541;0,269886;1,121302;-0,213523;0,250873;1,086637;-0,204819;0,255179;1,138222;-0,198794;0,252514;1,122168;-0,268357;0,347333;1,592203;0,139813;0,328153;1,046341;0,077783;0,326442;1,142949;-0,089495;0,199337;0,618925;-0,164353;0,296607;1,032732;-0,150157;0,179672;0,513987;-0,114097;0,178269;0,524777;-0,151094;0,182664;0,507262;-0,110408;0,180868;0,51436;-0,24522;0,193066;0,635822;-0,116197;0,169349;0,505742
00:00:07.904;186;2;3;4;4;-24,806556;33,129482;5,114087;96,606668;25,302941;70,947123;43,513123;40,169599;23,945473;26,536267;-20,522177;52,827442;15,300127;10,127454;-0,042356;-0,085106;1,39717;-0,024663;-0,118833;1,397303;-0,012021;-0,123572;1,398733;0,002522;-0,128424;1,398827;-0,049084;-0,110152;1,397711;-0,053943;-0,106897;1,398619;-0,057736;-0,104984;1,399774;0,045374;-0,126867;1,41393;-0,029479;-0,097156;1,393958;-0,001913;-0,059738;1,398356;-0,031425;-0,049857;1,408607;0,142835;0,016946;1,26265;0,025128;0,044267;1,439471;0,103218;0,226455;1,117446;-0,056401;0,253489;1,50703;-0,119152;0,273126;1,113665;-0,164204;0,267435;1,205898;-0,172493;0,288443;1,098709;-0,202776;0,279339;1,141146;-0,184853;0,258438;1,105314;-0,209556;0,26683;1,171045;-0,171048;0,2622;1,151159;-0,246155;0,326468;1,480482;0,136252;0,320547;0,997222;0,071489;0,323063;1,090817;-0,081385;0,177121;0,540901;-0,12673;0,243081;0,802876;-0,121477;0,166841;0,462892;-0,078718;0,163209;0,462905;-0,123343;0,168785;0,45852;-0,071961;0,164218;0,454384;-0,18162;0,175139;0,541035;-0,098775;0,160131;0,457533
00:00:07.945;187;2;3;3;4;-33,402317;34,726774;5,361263;98,687453;23,082891;72,847437;48,615658;32,905291;23,212066;25,686808;-64,394207;54,676705;14,082532;11,399739;-0,025155;-0,09176;1,395361;-0,006504;-0,124875;1,396497;0,006374;-0,129191;1,393926;0,020679;-0,134249;1,397137;-0,03349;-0,115994;1,396062;-0,03903;-0,112323;1,397003;-0,043888;-0,110377;1,398803;0,06175;-0,130849;1,415004;-0,019161;-0,100385;1,393273;0,015453;-0,065066;1,397882;-0,01723;-0,05478;1,406994;0,160064;0,018402;1,275023;0,025046;0,052298;1,471506;0,12727;0,236472;1,13304;-0,05746;0,264242;1,53572;-0,096461;0,279807;1,127082;-0,160621;0,267638;1,192984;-0,150014;0,294634;1,115961;-0,207608;0,29006;1,169445;-0,163124;0,263039;1,118854;-0,213102;0,276673;1,199029;-0,148756;0,265708;1,160904;-0,22885;0,309567;1,390013;0,134048;0,315677;0,962494;0,064197;0,317975;1,039431;-0,058676;0,162735;0,474086;-0,102275;0,208289;0,653469;-0,084338;0,156052;0,42338;-0,055536;0,153555;0,423038;-0,082314;0,156228;0,417738;-0,04736;0,153395;0,415399;-0,140279;0,163486;0,479422;-0,087451;0,154139;0,426196
00:00:07.986;188;2;3;3;4;-38,632102;35,633764;6,598681;98,34129;19,506377;74,745735;51,855784;26,67863;22,133536;23,226295;-94,780189;54,123561;19,833093;-16,185927;-0,007649;-0,096033;1,393484;0,011559;-0,129319;1,393173;0,024755;-0,133125;1,393602;0,038883;-0,138144;1,397089;-0,017811;-0,119727;1,394291;-0,023785;-0,116581;1,395252;-0,029321;-0,114616;1,397472;0,077259;-0,133471;1,416053;-0,008502;-0,103194;1,391777;0,032321;-0,069344;1,397923;-0,003215;-0,057964;1,405596;0,175254;0,019303;1,280265;0,025952;0,058614;1,497229;0,148252;0,246254;1,151926;-0,058174;0,271357;1,555068;-0,078844;0,286141;1,146303;-0,15926;0,269455;1,191939;-0,131512;0,297445;1,127524;-0,212734;0,29987;1,199039;-0,146714;0,266778;1,130805;-0,216279;0,285216;1,226319;-0,131671;0,268231;1,168287;-0,217205;0,300015;1,337509;0,13413;0,312328;0,936421;0,058865;0,314861;1,00498;-0,043916;0,153383;0,430656;-0,086379;0,185674;0,556355;-0,060198;0,14904;0,397697;-0,038871;0,147145;0,396775;-0,055645;0,148066;0,39123;-0,03137;0,14636;0,39006;-0,113408;0,155912;0,439375;-0,08009;0,150244;0,405828
00:00:08.027;189;3;3;3;4;-43,655382;36,186694;8,2248;95,584388;19,371336;74,932073;53,51674;21,029746;21,220262;21,436544;-91,643072;48,072391;22,388532;-19,01989;0,013222;-0,100392;1,392265;0,032955;-0,13335;1,394512;0,046389;-0,136762;1,396191;0,06018;-0,140567;1,396008;0,001881;-0,123737;1,393139;-0,005154;-0,120965;1,394464;-0,011909;-0,118991;1,396957;0,096347;-0,135313;1,418134;0,004779;-0,105921;1,392205;0,052015;-0,072105;1,3976;0,013845;-0,061579;1,403638;0,192793;0,02081;1,294172;0,028425;0,062989;1,519899;0,164142;0,253175;1,169802;-0,059585;0,274354;1,568694;-0,067475;0,289434;1,160897;-0,160202;0,275049;1,210511;-0,119545;0,299456;1,135741;-0,214578;0,305444;1,217926;-0,135669;0,269872;1,141373;-0,213548;0,289118;1,237057;-0,119777;0,269548;1,171687;-0,207818;0,29532;1,310031;0,135735;0,309824;0,922974;0,055563;0,312249;0,985737;-0,03233;0,147305;0,402426;-0,076047;0,170974;0,493231;-0,044507;0,144482;0,381003;-0,032699;0,143658;0,381454;-0,03831;0,14276;0,373999;-0,024585;0,142876;0,376389;-0,096149;0,150989;0,413344;-0,075305;0,147713;0,392588
00:00:08.068;190;3;3;4;4;-41,297799;35,806597;9,014727;95,091472;20,491775;73,940853;48,574634;17,522312;22,20177;19,235593;-94,206147;-41,296232;22,780485;19,554934;0,033153;-0,104072;1,392172;0,05225;-0,136478;1,392583;0,065827;-0,139632;1,395074;0,079693;-0,143083;1,396705;0,020222;-0,127927;1,39239;0,012494;-0,125367;1,393601;0,005746;-0,123357;1,395922;0,113179;-0,1361;1,415287;0,018158;-0,109251;1,392133;0,071311;-0,075592;1,39914;0,03134;-0,064761;1,403065;0,209516;0,021796;1,303562;0,03089;0,06577;1,533234;0,173842;0,257752;1,181771;-0,063377;0,276005;1,581051;-0,060099;0,290986;1,170733;-0,160877;0,277562;1,217682;-0,112482;0,300947;1,141782;-0,214822;0,309426;1,228802;-0,128732;0,271801;1,150693;-0,211774;0,291655;1,244037;-0,112017;0,269653;1,173546;-0,201134;0,292103;1,28832;0,137672;0,308514;0,916683;0,059536;0,347872;1,090829;-0,024799;0,143354;0,384077;-0,069331;0,161419;0,4522;-0,036162;0,141927;0,371202;-0,028487;0,141391;0,371495;-0,029896;0,140536;0,36595;-0,019765;0,140475;0,367153;-0,084931;0,147789;0,396423;-0,072195;0,146067;0,383982
00:00:08.113;191;3;3;4;4;-40,492303;35,220595;9,931209;94,43679;22,468119;72,417399;44,922844;14,721388;23,010109;17,69264;-94,662716;-31,631959;23,942069;20,437855;0,050903;-0,107314;1,392812;0,069586;-0,139375;1,392029;0,083248;-0,141534;1,394698;0,097118;-0,144682;1,396808;0,036859;-0,131372;1,391204;0,028733;-0,129847;1,393391;0,021995;-0,127816;1,395599;0,128713;-0,137934;1,418687;0,031636;-0,112266;1,392787;0,088489;-0,078551;1,398391;0,04748;-0,067609;1,402342;0,224119;0,022506;1,313515;0,033404;0,066736;1,542952;0,180148;0,260041;1,189551;-0,067651;0,277017;1,588733;-0,052632;0,292253;1,178177;-0,16057;0,279115;1,221993;-0,105294;0,301352;1,146058;-0,21409;0,311038;1,234821;-0,121597;0,273802;1,1571;-0,207854;0,293105;1,244724;-0,105045;0,269962;1,175805;-0,193942;0,28959;1,269308;0,138931;0,307148;0,912594;0,062118;0,369563;1,159139;-0,019904;0,140786;0,37215;-0,064966;0,155209;0,42553;-0,030556;0,140402;0,365181;-0,025749;0,139918;0,365022;-0,024841;0,139226;0,361067;-0,017855;0,139187;0,361849;-0,077639;0,145709;0,385425;-0,070174;0,144998;0,378388
00:00:08.159;192;3;3;4;4;-37,64687;33,210037;11,395781;93,356213;25,016068;70,286138;39,046156;13,904007;23,72992;16,180673;-94,35095;-13,131775;23,84859;20,779556;0,068812;-0,111037;1,393578;0,088071;-0,14216;1,392719;0,101916;-0,144583;1,396554;0,115285;-0,147004;1,401426;0,054854;-0,1353;1,391482;0,046503;-0,134488;1,394654;0,039296;-0,133079;1,40309;0,145427;-0,139231;1,421946;0,046296;-0,116397;1,399861;0,105494;-0,082243;1,400704;0,063599;-0,071892;1,402572;0,23809;0,02303;1,323485;0,037714;0,06738;1,549619;0,183616;0,26092;1,194958;-0,070297;0,275372;1,590927;-0,048456;0,293078;1,183015;-0,157613;0,27823;1,219546;-0,101335;0,301798;1,149538;-0,206304;0,310587;1,232784;-0,117757;0,275435;1,162665;-0,196798;0,291721;1,235371;-0,101032;0,27237;1,183923;-0,183643;0,286745;1,2517;0,139072;0,305906;0,908886;0,065993;0,401353;1,26164;-0,016722;0,139116;0,364398;-0,062128;0,151172;0,408194;-0,026913;0,139411;0,361268;-0,023969;0,13896;0,360814;-0,022173;0,138511;0,358244;-0,018053;0,138621;0,359102;-0,0729;0,144356;0,378276;-0,06886;0,144302;0,374752
;;;;;;;;;;;;;;;;;;;;;;;;;;;;;;;;;;;;;;;;;;;;;;;;;;;;;;;;;;;;;;;;;;;;;;;;;;;;;;;;;;;;;;;;;;;;;;;;;;;;;;;;;;;;;;;;;;;;;;
