Timestamp;Frame;RULA_C;Score_A_R;Score_A_L;Score_B;Trunk_Sag;Neck_Sag;UA_Sag_R;LA_Ang_R;UA_Sag_L;LA_Ang_L;Trunk_Fro;Neck_Fro;UA_Fro_R;UA_Fro_L;Wr_Flex_R;Wr_Dev_R;Wr_Flex_L;Wr_Dev_L;Nose_X;Nose_Y;Nose_Z;L_Eye_In_X;L_Eye_In_Y;L_Eye_In_Z;L_Eye_X;L_Eye_Y;L_Eye_Z;L_Eye_Out_X;L_Eye_Out_Y;L_Eye_Out_Z;R_Eye_In_X;R_Eye_In_Y;R_Eye_In_Z;R_Eye_X;R_Eye_Y;R_Eye_Z;R_Eye_Out_X;R_Eye_Out_Y;R_Eye_Out_Z;L_Ear_X;L_Ear_Y;L_Ear_Z;R_Ear_X;R_Ear_Y;R_Ear_Z;Mouth_L_X;Mouth_L_Y;Mouth_L_Z;Mouth_R_X;Mouth_R_Y;Mouth_R_Z;L_Shoulder_X;L_Shoulder_Y;L_Shoulder_Z;R_Shoulder_X;R_Shoulder_Y;R_Shoulder_Z;L_Elbow_X;L_Elbow_Y;L_Elbow_Z;R_Elbow_X;R_Elbow_Y;R_Elbow_Z;L_Wrist_X;L_Wrist_Y;L_Wrist_Z;R_Wrist_X;R_Wrist_Y;R_Wrist_Z;L_Pinky_X;L_Pinky_Y;L_Pinky_Z;R_Pinky_X;R_Pinky_Y;R_Pinky_Z;L_Index_X;L_Index_Y;L_Index_Z;R_Index_X;R_Index_Y;R_Index_Z;L_Thumb_X;L_Thumb_Y;L_Thumb_Z;R_Thumb_X;R_Thumb_Y;R_Thumb_Z;L_Hip_X;L_Hip_Y;L_Hip_Z;R_Hip_X;R_Hip_Y;R_Hip_Z;L_Knee_X;L_Knee_Y;L_Knee_Z;R_Knee_X;R_Knee_Y;R_Knee_Z;L_Ankle_X;L_Ankle_Y;L_Ankle_Z;R_Ankle_X;R_Ankle_Y;R_Ankle_Z;L_Heel_X;L_Heel_Y;L_Heel_Z;R_Heel_X;R_Heel_Y;R_Heel_Z;L_Foot_In_X;L_Foot_In_Y;L_Foot_In_Z;R_Foot_In_X;R_Foot_In_Y;R_Foot_In_Z
00:00:00.000;1;4;3;5;1;0,489957;0,695246;13,748195;73,719392;-27,488116;168,559020;-14,639312;-19,576168;4,875777;29,625797;-24,547005;26,219595;19,336040;-80,428904;0,096919;-0,053268;0,455000;0,104693;-0,061320;0,459900;0,107180;-0,060710;0,460950;0,109844;-0,059436;0,462700;0,095063;-0,066099;0,456750;0,089796;-0,069017;0,456400;0,085315;-0,072592;0,460250;0,104693;-0,056833;0,459900;0,075572;-0,074800;0,474250;0,095735;-0,042713;0,452900;0,083795;-0,048942;0,456050;0,084137;-0,022181;0,470400;0,030643;-0,024077;0,448700;0,106304;0,052740;0,506800;0,031295;0,066585;0,409500;0,101415;-0,019976;0,472500;0,104768;0,074662;0,370300;0,095366;-0,037703;0,454650;0,118943;0,076829;0,350000;0,095735;-0,042713;0,452900;0,124385;0,068724;0,349300;0,095282;-0,038708;0,457800;0,120946;0,066808;0,354200;0,041595;0,083190;0,399700;0,013512;0,101338;0,461650;0,101959;0,098616;0,342650;0,124731;0,156115;0,494900;0,017621;0,030740;0,079100;0,015470;0,030060;0,077350;0,000000;0,000000;0,000000;0,000000;0,000000;0,000000;0,021608;0,030740;0,079100;0,020928;0,030876;0,079450
00:00:00.053;2;4;3;5;1;-0,755158;-0,407682;13,151354;73,394753;-27,022262;170,307702;-14,687763;-19,450215;4,085803;24,768635;-22,726814;-26,147934;20,559977;86,015080;0,160806;-0,087975;0,751450;0,172743;-0,101178;0,758835;0,176847;-0,100172;0,760568;0,181243;-0,098070;0,763455;0,156782;-0,109012;0,753288;0,148766;-0,113772;0,752360;0,141518;-0,119777;0,759413;0,172663;-0,093731;0,758485;0,125577;-0,125076;0,783213;0,158185;-0,070575;0,748335;0,139810;-0,080050;0,752833;0,141755;-0,037330;0,775460;0,049761;-0,039670;0,739305;0,169618;0,090670;0,832020;0,051744;0,110094;0,677075;0,165872;-0,032206;0,779975;0,172570;0,123581;0,609945;0,157794;-0,060898;0,752273;0,196256;0,127337;0,577500;0,158185;-0,069837;0,748335;0,205110;0,113893;0,575995;0,157215;-0,062380;0,755370;0,199561;0,110234;0,584430;0,069931;0,136613;0,659505;0,024971;0,168153;0,752623;0,168025;0,156955;0,564673;0,173563;0,209563;0,664335;0,029124;0,050584;0,130165;0,030338;0,050414;0,129728;0,000000;0,000000;0,000000;0,017287;0,030604;0,078750;0,035781;0,050720;0,130515;0,039620;0,050401;0,129693
00:00:00.097;3;4;3;5;2;-7,159656;-0,333400;12,107850;73,409713;-26,297484;171,773813;-16,978050;-19,618926;3,452930;21,453403;-21,163350;-26,146587;21,226269;85,521420;0,203815;-0,110534;0,944143;0,218552;-0,127132;0,953493;0,223713;-0,125869;0,955669;0,228321;-0,123888;0,958596;0,198383;-0,136906;0,946037;0,189605;-0,143074;0,946134;0,179959;-0,150171;0,952118;0,217511;-0,117672;0,952215;0,159337;-0,157473;0,982288;0,199590;-0,088718;0,940718;0,178177;-0,100122;0,944341;0,181432;-0,047160;0,973399;0,061324;-0,049693;0,926098;0,208517;0,116596;1,040263;0,064472;0,138601;0,852399;0,206926;-0,040141;0,979484;0,216344;0,155764;0,764664;0,198445;-0,076003;0,946077;0,246059;0,160245;0,725725;0,198851;-0,087500;0,940718;0,257015;0,143253;0,723347;0,197399;-0,077738;0,948441;0,249847;0,138903;0,733380;0,090143;0,171049;0,826978;0,031666;0,202548;0,884705;0,213058;0,193581;0,710387;0,208673;0,246087;0,776568;0,037580;0,063620;0,163707;0,041070;0,063509;0,163423;0,015540;0,030196;0,077700;0,029757;0,050632;0,130288;0,046435;0,063572;0,163585;0,051770;0,063092;0,162350
00:00:00.139;4;4;3;5;2;-9,333705;-0,634594;11,320884;73,498084;-26,047812;172,830934;-17,614587;-19,317321;3,068831;19,636157;-20,413132;-25,555151;21,598757;83,724646;0,231770;-0,125938;1,069393;0,248166;-0,145404;1,079320;0,254010;-0,143228;1,081785;0,258671;-0,141284;1,084387;0,226166;-0,156521;1,071324;0,216007;-0,163499;1,071387;0,204878;-0,170617;1,077027;0,247409;-0,133980;1,078140;0,181339;-0,180127;1,112037;0,227317;-0,101284;1,066117;0,203923;-0,113206;1,069172;0,208748;-0,053549;1,102059;0,068748;-0,056133;1,046114;0,233802;0,133447;1,175621;0,072746;0,157132;0,966359;0,233685;-0,045313;1,109514;0,243796;0,176826;0,865932;0,224199;-0,085849;1,072400;0,277979;0,181142;0,822421;0,225432;-0,099045;1,066467;0,289986;0,162545;0,820175;0,223446;-0,087692;1,073586;0,282195;0,157672;0,830897;0,104495;0,193288;0,935136;0,038238;0,226472;0,977208;0,244517;0,217193;0,808602;0,235199;0,270832;0,852669;0,043077;0,072092;0,185510;0,047918;0,072021;0,185325;0,025515;0,049823;0,128205;0,037735;0,063651;0,163787;0,053001;0,071789;0,184730;0,059667;0,071342;0,183578
00:00:00.188;5;4;3;5;2;-12,277161;-1,401448;11,021331;73,691857;-26,154724;173,317588;-18,448801;-19,288777;2,959757;18,402528;-20,747688;-25,389912;22,090202;82,867437;0,250759;-0,136734;1,151155;0,268163;-0,158775;1,161108;0,273621;-0,155962;1,163410;0,279232;-0,154139;1,166502;0,244150;-0,169961;1,152411;0,233027;-0,177408;1,152102;0,221143;-0,185454;1,158567;0,266842;-0,145327;1,159991;0,195698;-0,196451;1,196724;0,245339;-0,109451;1,147626;0,220794;-0,121784;1,151012;0,226165;-0,059898;1,183939;0,073574;-0,060319;1,124124;0,250099;0,144320;1,262904;0,077402;0,169062;1,039734;0,251079;-0,048675;1,194034;0,261737;0,190588;0,932106;0,240865;-0,092221;1,154160;0,298727;0,194725;0,885274;0,242710;-0,106550;1,148203;0,311295;0,175016;0,882764;0,240376;-0,093419;1,154931;0,303221;0,169871;0,894283;0,113823;0,207097;1,005438;0,042256;0,236697;1,017385;0,267931;0,230093;0,878391;0,252203;0,283132;0,895485;0,046521;0,077600;0,199681;0,052626;0,077553;0,199561;0,031803;0,062444;0,160683;0,043048;0,072113;0,185561;0,057345;0,077403;0,199175;0,066069;0,076704;0,197375
00:00:00.228;6;4;3;5;2;-13,954639;-1,839315;10,999334;73,866710;-26,294206;173,296991;-18,800798;-19,280261;3,149382;17,979982;-21,153147;25,411461;23,062145;84,962201;0,263102;-0,143751;1,204301;0,281079;-0,167417;1,213920;0,287116;-0,164987;1,216467;0,292597;-0,162494;1,219876;0,255691;-0,178592;1,204417;0,244687;-0,186340;1,203866;0,232258;-0,194927;1,210519;0,279393;-0,153404;1,212844;0,205031;-0,207062;1,251771;0,256979;-0,115465;1,200257;0,232297;-0,127249;1,203158;0,236658;-0,064005;1,236810;0,077457;-0,063058;1,175181;0,260693;0,150576;1,319637;0,080377;0,176704;1,086727;0,262458;-0,050875;1,249322;0,273301;0,199462;0,974769;0,252369;-0,095593;1,206954;0,312095;0,203478;0,925778;0,253792;-0,111364;1,200632;0,324900;0,182983;0,922747;0,251308;-0,096371;1,207455;0,316770;0,177734;0,935134;0,119887;0,216072;1,051135;0,045472;0,245125;1,043150;0,288540;0,235205;0,924454;0,268690;0,288794;0,930315;0,050133;0,081316;0,209243;0,055557;0,081149;0,208815;0,037117;0,071056;0,182844;0,046036;0,077477;0,199365;0,060168;0,081051;0,208563;0,070231;0,080189;0,206344
00:00:00.268;7;4;3;5;2;-14,530625;-2,244152;11,022918;73,865924;-26,847376;173,211958;-18,474606;-19,052595;2,972432;17,649383;-21,533294;25,619017;23,137078;86,424230;0,271125;-0,149796;1,238846;0,289393;-0,174478;1,247898;0,294975;-0,172251;1,250253;0,301116;-0,170079;1,253869;0,263118;-0,185630;1,237871;0,251384;-0,193513;1,236813;0,238537;-0,202398;1,243237;0,287471;-0,160846;1,246849;0,210100;-0,214493;1,286151;0,264545;-0,120113;1,234467;0,238966;-0,132243;1,236702;0,243076;-0,066563;1,269077;0,079257;-0,065562;1,208367;0,267441;0,154563;1,355814;0,082311;0,181670;1,117272;0,269560;-0,052247;1,283860;0,280916;0,205301;1,002850;0,258957;-0,097729;1,240570;0,320566;0,209397;0,953156;0,260184;-0,114460;1,234361;0,333298;0,188231;0,949085;0,258268;-0,098236;1,240896;0,325355;0,183045;0,962737;0,123828;0,221260;1,080838;0,047827;0,253831;1,065498;0,301473;0,239763;0,954745;0,276776;0,292088;0,949805;0,052481;0,083731;0,215458;0,057170;0,083623;0,215180;0,040571;0,076654;0,197249;0,047594;0,080964;0,208337;0,063695;0,083287;0,214316;0,072936;0,082454;0,212174
00:00:00.307;8;4;3;5;2;-15,051006;-3,157581;10,937496;74,097340;-27,299062;173,549768;-18,324839;-18,438669;2,776978;17,420310;-21,625754;-25,976351;22,938323;83,032476;0,275598;-0,154466;1,261300;0,294052;-0,180559;1,269984;0,300083;-0,178467;1,272215;0,305820;-0,176458;1,275615;0,266466;-0,191684;1,259616;0,254190;-0,199597;1,257878;0,241200;-0,208798;1,264854;0,292802;-0,167222;1,269302;0,212081;-0,221101;1,309898;0,269537;-0,123908;1,257054;0,242494;-0,136189;1,258157;0,247936;-0,068206;1,289700;0,079683;-0,067170;1,229589;0,272706;0,158005;1,379679;0,082900;0,185567;1,137127;0,273337;-0,053125;1,305959;0,285865;0,209097;1,021102;0,262282;-0,099036;1,261371;0,326190;0,213321;0,971301;0,264338;-0,116472;1,256285;0,338757;0,191642;0,966205;0,261833;-0,099365;1,261582;0,330699;0,186363;0,979979;0,125704;0,227145;1,099795;0,048552;0,259799;1,076174;0,307333;0,244138;0,975484;0,285211;0,298675;0,977173;0,052634;0,085165;0,219148;0,057868;0,085094;0,218967;0,041279;0,080021;0,205912;0,048479;0,083230;0,214169;0,064706;0,084740;0,218056;0,074694;0,083927;0,215963
00:00:00.348;9;4;3;5;2;-15,632478;-4,334418;11,183591;74,158002;-28,110494;173,516907;-17,967502;-17,990986;2,590274;17,031633;-21,780833;26,065127;23,509800;-80,206032;0,278658;-0,157590;1,276595;0,296999;-0,184461;1,283990;0,302574;-0,182457;1,286140;0,308961;-0,180655;1,290100;0,268642;-0,195619;1,273751;0,256013;-0,203551;1,271571;0,242733;-0,212780;1,277855;0,295360;-0,172016;1,283196;0,212542;-0,224565;1,324984;0,272043;-0,126375;1,271735;0,244653;-0,138677;1,271402;0,250622;-0,069895;1,300655;0,080004;-0,068254;1,244083;0,275990;0,160161;1,394492;0,083233;0,187985;1,149333;0,275719;-0,053682;1,319973;0,289180;0,211636;1,033317;0,262820;-0,099831;1,274191;0,329963;0,215949;0,983446;0,265418;-0,117715;1,269835;0,342550;0,193998;0,978034;0,263268;-0,100045;1,274329;0,334173;0,188521;0,991186;0,126923;0,227740;1,112117;0,049664;0,263140;1,083463;0,311361;0,247156;0,989665;0,291968;0,302476;0,995313;0,053073;0,086233;0,221896;0,058707;0,086051;0,221428;0,042119;0,082209;0,211543;0,049518;0,084839;0,218310;0,065748;0,085685;0,220486;0,075837;0,084884;0,218426
00:00:00.393;10;4;3;5;2;-16,383555;-4,386701;11,543930;74,116406;-29,018891;173,573421;-17,618275;-17,508059;2,451029;16,935329;-21,284195;-27,181085;23,359563;77,799935;0,280800;-0,159708;1,287237;0,297264;-0,187639;1,292393;0,302538;-0,185695;1,294491;0,308427;-0,183930;1,298115;0,270056;-0,198177;1,282938;0,257199;-0,206121;1,280471;0,243598;-0,215250;1,285606;0,294553;-0,175730;1,291178;0,212456;-0,226399;1,332340;0,272933;-0,128718;1,281278;0,245990;-0,140256;1,279661;0,251481;-0,070954;1,307076;0,080279;-0,069016;1,254554;0,278332;0,161684;1,405170;0,083449;0,189556;1,157266;0,276357;-0,053250;1,328383;0,291237;0,213215;1,040906;0,261553;-0,099556;1,281824;0,332649;0,217811;0,992040;0,264503;-0,118459;1,277943;0,345461;0,195460;0,985372;0,262582;-0,100432;1,281914;0,336667;0,190056;0,999171;0,127715;0,226189;1,120126;0,050925;0,264882;1,086451;0,314447;0,249031;0,998532;0,292393;0,290536;0,980853;0,054005;0,086927;0,223682;0,060411;0,086673;0,223028;0,043495;0,083768;0,215553;0,051435;0,086021;0,221351;0,066425;0,086299;0,222066;0,076580;0,085506;0,220027
00:00:00.433;11;4;3;5;2;-17,622025;-4,431094;11,968863;73,908971;-30,065557;173,836244;-17,364620;-16,634422;2,145949;16,776867;-21,081470;27,125097;23,360659;-76,594953;0,281372;-0,162527;1,293804;0,296533;-0,191088;1,297156;0,301609;-0,189185;1,299219;0,307251;-0,188248;1,302975;0,270309;-0,201375;1,289260;0,257162;-0,208472;1,285906;0,243354;-0,217536;1,290294;0,292387;-0,179531;1,295665;0,210814;-0,229062;1,336771;0,272992;-0,131830;1,288530;0,245788;-0,141822;1,283280;0,251905;-0,071603;1,310549;0,079798;-0,070297;1,262410;0,279994;0,161943;1,412810;0,083589;0,190578;1,162423;0,275242;-0,052970;1,333849;0,292574;0,214241;1,045839;0,259186;-0,098613;1,286436;0,334279;0,218944;0,997276;0,262297;-0,118877;1,282513;0,347477;0,195911;0,990492;0,260452;-0,100602;1,285794;0,338287;0,191054;1,004361;0,128270;0,224603;1,125682;0,051370;0,264124;1,080693;0,315876;0,250249;1,004296;0,302381;0,283981;0,990005;0,054610;0,087378;0,224844;0,061389;0,087077;0,224069;0,044389;0,084781;0,218159;0,052424;0,086789;0,223328;0,067634;0,086698;0,223093;0,077063;0,085911;0,221067
00:00:00.474;12;4;3;5;2;-18,235070;-3,133775;12,388503;73,794177;-31,270629;173,757723;-16,713635;-15,364855;1,690922;16,705895;-21,039078;27,057576;23,365632;-75,650602;0,281669;-0,166542;1,297723;0,295158;-0,195450;1,299551;0,300101;-0,193579;1,301592;0,305578;-0,192441;1,305434;0,269588;-0,204820;1,292669;0,255594;-0,211417;1,289089;0,241589;-0,219640;1,292641;0,290160;-0,184175;1,298233;0,207157;-0,229575;1,332651;0,273398;-0,135525;1,294995;0,245791;-0,144390;1,286332;0,250898;-0,072616;1,310007;0,078716;-0,071089;1,266817;0,281074;0,162923;1,417777;0,083581;0,191676;1,164375;0,274232;-0,052733;1,336002;0,293443;0,214908;1,049045;0,256037;-0,097948;1,288733;0,335220;0,219604;1,000329;0,259256;-0,118350;1,284783;0,349032;0,196342;0,994520;0,257460;-0,100658;1,287616;0,339459;0,191769;1,008085;0,128671;0,223641;1,129643;0,051727;0,263974;1,078350;0,317492;0,248816;1,008392;0,306253;0,278294;0,994903;0,055004;0,087672;0,225598;0,062411;0,087340;0,224745;0,044772;0,085303;0,219504;0,053583;0,087289;0,224614;0,068419;0,086957;0,223760;0,077376;0,086174;0,221744
00:00:00.522;13;4;3;5;2;-18,440754;-2,421109;12,581777;73,745127;-32,564613;171,430798;-16,181048;-14,575630;1,322984;17,028997;-21,285190;26,205520;30,748335;75,047000;0,281786;-0,170590;1,299920;0,293367;-0,198917;1,300408;0,298219;-0,197812;1,302435;0,302681;-0,196439;1,305632;0,269119;-0,207799;1,294885;0,254507;-0,213273;1,290808;0,240249;-0,220827;1,293117;0,286263;-0,188519;1,298851;0,204727;-0,229848;1,329623;0,272991;-0,138710;1,299547;0,245925;-0,146139;1,289016;0,250044;-0,073214;1,308605;0,077971;-0,070840;1,268981;0,282938;0,163762;1,422755;0,083575;0,192391;1,165644;0,275142;-0,052248;1,348951;0,294008;0,215341;1,051129;0,253855;-0,097463;1,289527;0,335832;0,220033;1,002314;0,257279;-0,118008;1,286259;0,349351;0,196553;0,996788;0,255446;-0,100666;1,288450;0,339525;0,192168;1,010155;0,128812;0,225392;1,131168;0,051397;0,264748;1,077878;0,318075;0,247968;1,011405;0,305140;0,274685;0,990037;0,054872;0,087862;0,226089;0,062818;0,087511;0,225184;0,044642;0,085643;0,220377;0,054078;0,087613;0,225449;0,068546;0,087126;0,224194;0,077580;0,086344;0,222183
00:00:00.564;14;4;3;5;2;-18,556015;-2,783445;12,663910;73,937926;-33,627107;169,715183;-15,693092;-13,584405;1,026739;17,221476;-22,412550;26,705356;35,313557;73,680881;0,280970;-0,174607;1,300648;0,290643;-0,203337;1,300615;0,295512;-0,202047;1,302983;0,300213;-0,200635;1,306461;0,267194;-0,211097;1,295625;0,252996;-0,215892;1,291575;0,237778;-0,222948;1,292726;0,282176;-0,192768;1,298903;0,201143;-0,231086;1,329405;0,272944;-0,142388;1,303555;0,245541;-0,148916;1,292160;0,249356;-0,073563;1,306993;0,076742;-0,070659;1,270038;0,284220;0,164348;1,426341;0,082882;0,193461;1,166118;0,274953;-0,051933;1,357368;0,294571;0,215766;1,053184;0,251635;-0,096387;1,289692;0,335658;0,220312;1,003604;0,255261;-0,117052;1,287218;0,349436;0,196621;0,997912;0,252535;-0,099885;1,288293;0,339451;0,192360;1,011151;0,128823;0,227678;1,131459;0,051183;0,265251;1,077571;0,318701;0,247163;1,012313;0,303105;0,272778;0,984424;0,054916;0,087986;0,226408;0,063496;0,087485;0,225120;0,044810;0,085863;0,220945;0,055174;0,087824;0,225992;0,068884;0,087235;0,224476;0,077713;0,086456;0,222469
00:00:00.608;15;4;3;5;2;-18,109006;-3,360298;12,771004;73,865958;-34,577114;169,265733;-15,032546;-11,797864;0,390590;17,458347;-23,253548;-27,004873;35,724469;69,489437;0,277184;-0,179239;1,299721;0,286426;-0,207516;1,299700;0,291221;-0,206054;1,301939;0,296143;-0,205424;1,305950;0,262645;-0,214418;1,294356;0,248270;-0,219005;1,291724;0,232000;-0,225310;1,293872;0,277012;-0,196787;1,297537;0,194180;-0,232523;1,328563;0,271279;-0,146934;1,305461;0,243267;-0,153066;1,295254;0,248709;-0,073730;1,304895;0,073696;-0,070463;1,269324;0,285123;0,164769;1,429021;0,082334;0,194584;1,165027;0,273423;-0,050834;1,359689;0,294937;0,216043;1,054520;0,249258;-0,095612;1,288750;0,335428;0,220416;1,004093;0,253215;-0,116431;1,287842;0,349736;0,196803;0,999343;0,249710;-0,099296;1,287140;0,339638;0,192618;1,012498;0,128871;0,229880;1,131999;0,051242;0,267236;1,081571;0,319108;0,246640;1,012904;0,301783;0,272092;0,980776;0,054944;0,088067;0,226615;0,063937;0,087469;0,225078;0,044919;0,086007;0,221314;0,055758;0,087962;0,226345;0,068976;0,087307;0,224660;0,077799;0,086528;0,222655
00:00:00.648;16;4;3;5;2;-17,285657;-4,273618;12,800887;73,723935;-35,036759;170,331294;-14,293320;-10,118632;-0,204130;17,669162;-23,544520;-27,231331;33,164063;70,547806;0,271556;-0,182835;1,298069;0,280294;-0,210620;1,297005;0,285914;-0,209904;1,299860;0,290816;-0,208931;1,303517;0,255880;-0,217191;1,292832;0,241459;-0,221703;1,291471;0,224556;-0,227584;1,294617;0,271897;-0,200649;1,295249;0,186770;-0,233643;1,329066;0,268636;-0,151337;1,306350;0,239756;-0,157378;1,298315;0,247482;-0,073819;1,303182;0,070255;-0,070317;1,268511;0,285570;0,165777;1,430064;0,081315;0,195314;1,164318;0,270619;-0,047629;1,355948;0,295077;0,216151;1,055038;0,246314;-0,092201;1,288488;0,335278;0,220484;1,004410;0,250085;-0,113678;1,286497;0,349931;0,196922;1,000273;0,246280;-0,097400;1,285691;0,339993;0,192340;1,014074;0,128862;0,231239;1,131999;0,051627;0,269723;1,091521;0,319727;0,245554;1,012587;0,302616;0,271992;0,985754;0,054963;0,088119;0,226750;0,065120;0,087459;0,225051;0,044990;0,086100;0,221554;0,057208;0,087915;0,226224;0,069035;0,087353;0,224779;0,077855;0,086575;0,222776
00:00:00.689;17;4;3;5;2;-16,875239;-5,329518;12,805019;73,639153;-35,558566;170,940079;-13,548390;-8,852285;-0,698537;18,019761;-23,755440;26,492845;31,319300;70,840561;0,267092;-0,186593;1,296645;0,273959;-0,213988;1,294553;0,280106;-0,213762;1,297809;0,284987;-0,212571;1,301236;0,250080;-0,220524;1,292191;0,234768;-0,224129;1,290956;0,218075;-0,229609;1,294051;0,265496;-0,204513;1,293062;0,180484;-0,234433;1,329743;0,265359;-0,155643;1,306577;0,235867;-0,161574;1,299605;0,245683;-0,074535;1,300668;0,067280;-0,069482;1,267632;0,286675;0,166432;1,430742;0,079992;0,195789;1,163856;0,268098;-0,044020;1,353866;0,295070;0,216149;1,055025;0,242934;-0,088518;1,288317;0,335064;0,220451;1,004267;0,246590;-0,111158;1,285623;0,349487;0,196999;1,000877;0,242591;-0,094707;1,284749;0,340224;0,192160;1,015098;0,129501;0,232122;1,131999;0,051794;0,270907;1,096239;0,320019;0,242463;1,012032;0,299802;0,269918;0,981640;0,054504;0,088017;0,226487;0,065608;0,087588;0,225383;0,044588;0,086025;0,221360;0,057635;0,087884;0,226146;0,068562;0,087383;0,224856;0,077892;0,086605;0,222854
00:00:00.730;18;4;3;5;2;-18,622193;-6,244249;12,917853;73,576968;-35,264791;172,783918;-13,503112;-7,204410;-0,996208;18,191029;-23,660774;-25,476731;27,490543;71,493474;0,260239;-0,191030;1,294319;0,267570;-0,218319;1,292610;0,273909;-0,217560;1,295426;0,278767;-0,216968;1,298704;0,241840;-0,224096;1,291424;0,226691;-0,227844;1,290271;0,210130;-0,232333;1,293333;0,261335;-0,208492;1,291640;0,173663;-0,236143;1,332633;0,261537;-0,160537;1,305675;0,230257;-0,166429;1,299743;0,245779;-0,074421;1,301834;0,063922;-0,069679;1,267411;0,287606;0,169431;1,432232;0,078447;0,196038;1,163207;0,265284;-0,038556;1,350413;0,294562;0,215619;1,055366;0,240323;-0,084027;1,289956;0,334925;0,220430;1,004173;0,243781;-0,106677;1,286105;0,349321;0,196547;1,001620;0,240578;-0,091636;1,286237;0,340375;0,192042;1,015764;0,132151;0,234677;1,129200;0,051405;0,265967;1,076205;0,321247;0,240947;1,011321;0,292700;0,265124;0,972316;0,054206;0,087951;0,226317;0,065925;0,087672;0,225599;0,044396;0,086112;0,221584;0,058042;0,087864;0,226095;0,068126;0,087403;0,224907;0,077915;0,086625;0,222905
00:00:00.770;19;4;3;5;2;-19,058053;-5,130177;13,232819;73,365319;-34,227465;174,682646;-13,554403;-4,380943;-1,064730;18,340695;-23,989802;25,917491;23,962696;58,695804;0,251985;-0,196737;1,292107;0,259616;-0,222475;1,290646;0,266070;-0,222107;1,293177;0,271569;-0,221113;1,296007;0,232637;-0,228428;1,289876;0,216985;-0,231662;1,289476;0,200802;-0,235901;1,294617;0,256296;-0,212426;1,290016;0,164990;-0,237320;1,330661;0,254688;-0,166209;1,301589;0,222227;-0,172594;1,300183;0,247316;-0,073819;1,306442;0,061033;-0,069827;1,267617;0,288281;0,172240;1,433551;0,077397;0,196082;1,162084;0,263455;-0,035005;1,348169;0,294330;0,215345;1,055938;0,236356;-0,081088;1,290671;0,334611;0,220646;1,005163;0,240833;-0,104962;1,292368;0,349091;0,196185;1,001753;0,238728;-0,089710;1,288254;0,340244;0,191584;1,017246;0,135571;0,235965;1,125630;0,051750;0,265784;1,075433;0,324460;0,239058;1,009458;0,279592;0,262771;0,971156;0,054269;0,087908;0,226206;0,066131;0,087726;0,225739;0,044524;0,086168;0,221730;0,058692;0,087852;0,226062;0,067948;0,087551;0,225289;0,077931;0,086638;0,222938
00:00:00.811;20;4;3;5;3;-20,724498;-3,004839;13,592230;73,189583;-31,488302;177,340740;-14,978637;-2,062492;-0,511127;19,058233;-24,045609;-25,421736;23,608391;55,157968;0,245760;-0,201066;1,289970;0,253581;-0,225783;1,288670;0,260106;-0,225671;1,291015;0,266086;-0,224480;1,293905;0,225923;-0,231244;1,288869;0,210622;-0,234811;1,288610;0,193805;-0,238695;1,294051;0,251423;-0,215595;1,288261;0,159431;-0,238968;1,330080;0,249370;-0,170535;1,298233;0,216728;-0,177092;1,298719;0,250113;-0,073949;1,318888;0,059186;-0,069961;1,268451;0,289893;0,174282;1,436158;0,076714;0,196110;1,161355;0,262537;-0,033493;1,348110;0,294178;0,215168;1,056310;0,232246;-0,079892;1,290786;0,334292;0,220710;1,005456;0,237610;-0,103601;1,293289;0,349306;0,195582;1,002890;0,237042;-0,088552;1,290965;0,340042;0,191220;1,017860;0,138296;0,236578;1,122259;0,051774;0,261686;1,058832;0,329604;0,236039;1,005448;0,280031;0,260424;0,986851;0,055557;0,088016;0,226484;0,066674;0,087626;0,225481;0,045971;0,086613;0,222874;0,059595;0,087979;0,226390;0,068676;0,087104;0,224138;0,077941;0,086646;0,222960
00:00:00.852;21;4;3;5;3;-21,762785;-1,008500;13,999128;73,057838;-28,908850;179,358480;-16,516417;0,218819;0,211306;19,876308;-24,157427;-25,182889;-21,505545;40,961593;0,240124;-0,205228;1,287880;0,248066;-0,229268;1,286686;0,254564;-0,229259;1,288560;0,260985;-0,228072;1,292188;0,220769;-0,234474;1,287865;0,205700;-0,237524;1,287696;0,189061;-0,240980;1,292283;0,247459;-0,218325;1,286769;0,155139;-0,240167;1,330402;0,244984;-0,175402;1,295001;0,212251;-0,181336;1,296717;0,253904;-0,074382;1,333277;0,057292;-0,070088;1,269693;0,293520;0,176172;1,442403;0,075589;0,196069;1,160531;0,262211;-0,032543;1,349471;0,294177;0,215123;1,056901;0,229021;-0,079177;1,291911;0,334316;0,220906;1,006346;0,236019;-0,104011;1,300888;0,349569;0,195258;1,003978;0,235522;-0,087915;1,294477;0,340260;0,191180;1,019309;0,141245;0,236828;1,119369;0,051913;0,259038;1,050491;0,332829;0,234563;1,002491;0,279832;0,259032;0,995303;0,056782;0,088086;0,226665;0,067451;0,087288;0,224612;0,047424;0,086902;0,223618;0,060859;0,087926;0,226254;0,070008;0,087085;0,224090;0,081853;0,086380;0,222274
00:00:00.892;22;4;3;5;3;-21,982050;1,223222;14,442625;72,672164;-26,160900;176,883588;-17,619449;2,616857;0,715082;20,173863;-24,390334;24,204899;-21,632707;43,904822;0,235607;-0,209276;1,285822;0,244417;-0,232198;1,285046;0,250962;-0,231591;1,286964;0,257669;-0,231141;1,291072;0,216630;-0,237239;1,286862;0,201769;-0,240019;1,287103;0,185098;-0,242998;1,290084;0,244752;-0,219978;1,285100;0,151553;-0,241640;1,330261;0,241401;-0,179300;1,292901;0,207869;-0,184831;1,295416;0,258360;-0,075012;1,348930;0,054641;-0,070208;1,271201;0,297215;0,177703;1,448912;0,074857;0,196043;1,159995;0,262406;-0,031973;1,352456;0,294177;0,215094;1,057286;0,227226;-0,078818;1,294392;0,334332;0,221033;1,006925;0,232819;-0,103971;1,301977;0,349166;0,195048;1,004686;0,233918;-0,088290;1,297460;0,340403;0,191154;1,020251;0,145456;0,236617;1,115740;0,053138;0,259896;1,055569;0,341219;0,230866;0,996019;0,279219;0,257684;0,999047;0,059802;0,087995;0,226432;0,070211;0,087367;0,227898;0,050849;0,087362;0,224802;0,063095;0,087377;0,226165;0,073041;0,087073;0,224058;0,085507;0,086070;0,221478
00:00:00.932;23;4;3;5;3;-23,423423;2,937031;14,831109;72,230061;-24,346080;175,316174;-18,996137;4,843458;1,148544;20,548561;-24,547281;23,463092;-21,847310;-40,740854;0,232608;-0,211848;1,284134;0,241251;-0,234037;1,283630;0,247758;-0,233708;1,285227;0,254578;-0,232943;1,289297;0,213152;-0,238970;1,285860;0,198377;-0,241508;1,286017;0,181743;-0,244242;1,288305;0,242926;-0,221720;1,283665;0,148353;-0,242404;1,329120;0,239007;-0,181783;1,291186;0,204913;-0,187000;1,293871;0,261528;-0,075499;1,360505;0,052918;-0,070287;1,272180;0,300816;0,178080;1,454893;0,074359;0,195307;1,159297;0,262871;-0,033193;1,356147;0,294079;0,215004;1,057186;0,225499;-0,080130;1,297055;0,333884;0,221192;1,007651;0,231286;-0,104943;1,305835;0,348332;0,194911;1,005146;0,233240;-0,089715;1,305699;0,340146;0,191268;1,021563;0,148677;0,236257;1,112331;0,054160;0,256070;1,041020;0,347360;0,226300;0,992163;0,286113;0,255165;1,008831;0,062710;0,087665;0,225581;0,073723;0,087014;0,230384;0,054145;0,087525;0,225221;0,066714;0,087824;0,228907;0,075012;0,087065;0,224038;0,089664;0,086005;0,221311
00:00:00.973;24;4;3;5;3;-24,349444;4,248192;14,905272;72,301022;-22,492561;174,279168;-20,302398;6,790235;1,678448;20,810727;-25,295710;-23,174695;-20,158431;41,140505;0,230659;-0,213520;1,283037;0,239193;-0,235962;1,282709;0,245676;-0,235813;1,284097;0,252636;-0,234911;1,288493;0,210778;-0,239963;1,284509;0,195390;-0,242409;1,284961;0,178831;-0,245051;1,287148;0,241011;-0,222853;1,282732;0,145481;-0,242836;1,328028;0,237452;-0,183396;1,290071;0,202883;-0,188305;1,292166;0,263271;-0,075951;1,370478;0,051784;-0,070318;1,272467;0,303156;0,177491;1,458780;0,073376;0,195488;1,158843;0,263444;-0,035579;1,359945;0,294113;0,215017;1,057471;0,225293;-0,082361;1,308586;0,333935;0,221142;1,007423;0,231051;-0,107047;1,317093;0,347999;0,194619;1,004395;0,233168;-0,091544;1,313155;0,339862;0,191277;1,022066;0,150190;0,236097;1,110465;0,054709;0,253068;1,029463;0,351045;0,221802;0,990356;0,290461;0,254092;1,012740;0,064261;0,087178;0,224328;0,075486;0,087721;0,231649;0,056252;0,087767;0,225844;0,067243;0,087281;0,226490;0,076294;0,087060;0,224025;0,091836;0,085827;0,220852
00:00:01.016;25;4;3;5;3;-24,827122;4,982359;14,889253;72,358794;-21,446441;175,896791;-21,191782;8,077848;1,998636;21,072835;-24,787697;22,989048;-23,672852;47,443531;0,229392;-0,214606;1,282324;0,237855;-0,236484;1,282111;0,244322;-0,236452;1,283363;0,251373;-0,236190;1,287971;0,209179;-0,240543;1,283281;0,194074;-0,242862;1,283575;0,177526;-0,245375;1,285346;0,239766;-0,223589;1,282126;0,143614;-0,243117;1,327318;0,236440;-0,183712;1,289346;0,202188;-0,188318;1,290358;0,264404;-0,076245;1,376961;0,051033;-0,070320;1,272304;0,304898;0,177234;1,462357;0,072737;0,195606;1,158548;0,265054;-0,037437;1,372915;0,294443;0,214812;1,056606;0,225337;-0,084638;1,317131;0,334084;0,221186;1,007625;0,230018;-0,109118;1,323710;0,348025;0,194564;1,004607;0,232975;-0,092983;1,321500;0,340144;0,191217;1,022043;0,150639;0,236142;1,109952;0,055065;0,251117;1,021951;0,353004;0,219517;0,989531;0,294508;0,253539;1,013531;0,065608;0,087133;0,224213;0,076133;0,087782;0,231772;0,057750;0,087924;0,226248;0,067546;0,087200;0,225618;0,077126;0,087057;0,224016;0,092622;0,085711;0,220554
00:00:01.068;26;4;3;5;3;-24,514366;4,630310;15,085701;72,352342;-22,262785;178,092771;-20,609244;7,964420;2,018367;21,950217;-24,353697;21,958603;-26,546085;-49,451062;0,228444;-0,215194;1,281161;0,236857;-0,237422;1,281022;0,243376;-0,236803;1,282536;0,250553;-0,237022;1,287631;0,208084;-0,240854;1,282133;0,192489;-0,243156;1,282673;0,175948;-0,245586;1,284175;0,238827;-0,223944;1,281032;0,142511;-0,243493;1,327907;0,235719;-0,183868;1,288525;0,201737;-0,188326;1,289183;0,263284;-0,076126;1,375574;0,050559;-0,070340;1,272547;0,306176;0,176315;1,465382;0,072279;0,195564;1,157656;0,265898;-0,040994;1,380294;0,294963;0,214465;1,054994;0,224431;-0,087562;1,321635;0,334405;0,220984;1,006706;0,229226;-0,111163;1,327312;0,347921;0,194461;1,004394;0,231907;-0,094602;1,325875;0,340444;0,190661;1,022378;0,150788;0,236577;1,108569;0,056587;0,252942;1,029668;0,353028;0,220201;0,988645;0,299637;0,254686;1,010895;0,065974;0,087104;0,224138;0,075134;0,087254;0,228352;0,058429;0,088162;0,226862;0,067361;0,087148;0,225052;0,077668;0,087054;0,224010;0,092882;0,085636;0,220360
00:00:01.111;27;4;3;5;3;-24,170890;4,859106;15,143377;72,387850;-22,184269;178,817825;-20,531706;8,041596;2,170511;22,438471;-24,620682;-21,299381;-27,513759;53,853741;0,227828;-0,214849;1,280405;0,236208;-0,237303;1,280314;0,243490;-0,237031;1,281998;0,250684;-0,237497;1,287060;0,207428;-0,241122;1,281736;0,192188;-0,243347;1,282088;0,175700;-0,245790;1,283764;0,239010;-0,224237;1,280671;0,142476;-0,243608;1,327589;0,235983;-0,183969;1,287991;0,201443;-0,188332;1,288419;0,263022;-0,076184;1,377123;0,050223;-0,070314;1,272006;0,307081;0,175758;1,467698;0,071959;0,195478;1,156727;0,265521;-0,044074;1,384391;0,295399;0,214311;1,054296;0,223959;-0,090269;1,325263;0,334613;0,220853;1,006109;0,228592;-0,113949;1,328953;0,347732;0,194327;1,003906;0,231334;-0,096466;1,329419;0,340638;0,190300;1,022596;0,150836;0,236785;1,107320;0,057597;0,254809;1,035034;0,352607;0,220725;0,988419;0,301435;0,256897;1,006032;0,065957;0,087085;0,224090;0,074473;0,087047;0,226479;0,058390;0,088181;0,226910;0,066905;0,086842;0,223984;0,078020;0,087053;0,224007;0,093222;0,085859;0,220934
00:00:01.153;28;4;3;5;3;-23,804518;4,879025;15,221246;72,377425;-21,464253;178,672336;-20,631725;8,127188;2,432811;22,503147;-23,977961;20,307844;28,001079;-59,132474;0,228156;-0,214624;1,279913;0,236514;-0,237226;1,279854;0,243498;-0,237114;1,281299;0,250564;-0,236882;1,285639;0,207731;-0,241296;1,281479;0,191993;-0,243472;1,281707;0,175586;-0,245990;1,283847;0,239725;-0,224304;1,279736;0,142603;-0,243941;1,328783;0,235962;-0,183153;1,286594;0,202040;-0,188386;1,288272;0,263319;-0,076358;1,380580;0,050005;-0,070298;1,271654;0,307669;0,176234;1,469204;0,071730;0,195362;1,155772;0,265142;-0,046052;1,386354;0,295486;0,214068;1,053142;0,222952;-0,092813;1,327971;0,335203;0,220120;1,005371;0,227244;-0,115666;1,328969;0,347851;0,194375;1,004289;0,231203;-0,097783;1,333122;0,340765;0,190065;1,022737;0,151497;0,236920;1,106508;0,058373;0,256542;1,040622;0,355451;0,218664;0,987573;0,296119;0,260415;1,000071;0,065921;0,087209;0,224408;0,074043;0,086912;0,225261;0,058107;0,088194;0,226942;0,066945;0,086915;0,223989;0,078248;0,087052;0,224004;0,093421;0,085868;0,220957
00:00:01.193;29;3;3;4;3;-23,582516;5,882555;15,036993;72,532328;-19,535957;177,426245;-21,460074;8,889642;2,970635;21,626415;-23,722503;20,703887;28,259017;-62,642557;0,229097;-0,214478;1,279593;0,237507;-0,237241;1,279905;0,245028;-0,236504;1,281194;0,252085;-0,236610;1,285415;0,208656;-0,241409;1,281311;0,193323;-0,243552;1,281460;0,176925;-0,246053;1,283550;0,240984;-0,224410;1,279478;0,144123;-0,244028;1,328859;0,236614;-0,182574;1,285336;0,202428;-0,187689;1,288177;0,265509;-0,076819;1,389127;0,050587;-0,070287;1,271425;0,307141;0,176502;1,469833;0,071624;0,195406;1,155852;0,264303;-0,047374;1,388680;0,295641;0,213982;1,052743;0,222530;-0,094569;1,331131;0,335704;0,219719;1,005241;0,227244;-0,116844;1,329680;0,348257;0,194270;1,003838;0,231419;-0,098769;1,337280;0,340960;0,189653;1,021429;0,152408;0,236782;1,104930;0,059434;0,257495;1,043554;0,357860;0,216202;0,987022;0,291651;0,262315;0,992696;0,066025;0,087290;0,224616;0,073764;0,086824;0,224470;0,058181;0,088201;0,226962;0,066843;0,086962;0,223993;0,079036;0,086916;0,223653;0,093446;0,086010;0,221322
00:00:01.235;30;3;3;4;3;-24,365808;7,705721;15,129776;72,495151;-17,986689;176,687560;-22,664424;8,986716;3,402026;21,138165;-24,036436;19,913752;29,112051;69,049250;0,231957;-0,212256;1,279736;0,241133;-0,235128;1,280289;0,248348;-0,234775;1,281826;0,254678;-0,234365;1,285970;0,212353;-0,240219;1,282252;0,197216;-0,243008;1,281999;0,180716;-0,245363;1,283358;0,243258;-0,223022;1,279311;0,147891;-0,243699;1,326808;0,237833;-0,180054;1,284869;0,204258;-0,185134;1,288815;0,266333;-0,077176;1,395733;0,050950;-0,070260;1,270926;0,306870;0,176718;1,470591;0,072125;0,195197;1,154504;0,263956;-0,048272;1,391242;0,296340;0,213926;1,052483;0,222256;-0,096471;1,333185;0,336484;0,219383;1,004807;0,226131;-0,118176;1,328042;0,348643;0,194270;1,003895;0,231560;-0,100176;1,339982;0,341322;0,189515;1,021279;0,153001;0,236693;1,103905;0,060345;0,254222;1,029710;0,359426;0,214601;0,986664;0,297100;0,266020;0,997002;0,066500;0,087206;0,224400;0,073583;0,086767;0,223955;0,058617;0,088207;0,226975;0,066777;0,086993;0,223996;0,079547;0,086827;0,223424;0,094070;0,085966;0,221209
00:00:01.286;31;4;3;4;4;-27,574911;10,047371;15,068805;72,614895;-17,420649;175,734207;-25,151601;8,786354;3,695817;20,988272;-24,027794;19,814915;27,709511;71,313819;0,236797;-0,207953;1,280178;0,244949;-0,232297;1,280538;0,251966;-0,231462;1,282237;0,257828;-0,230708;1,286331;0,217742;-0,238048;1,283214;0,203456;-0,241259;1,282699;0,186777;-0,243389;1,282883;0,245532;-0,220724;1,279552;0,153005;-0,242222;1,322676;0,239422;-0,176271;1,284915;0,208326;-0,181224;1,288880;0,266602;-0,078131;1,398626;0,051924;-0,070263;1,270952;0,306840;0,176942;1,471784;0,072494;0,195180;1,154327;0,262412;-0,048755;1,390107;0,296894;0,213960;1,052664;0,222078;-0,097707;1,334520;0,336991;0,219735;1,004524;0,225349;-0,119010;1,326627;0,349587;0,194338;1,004282;0,231591;-0,101064;1,341388;0,341792;0,189555;1,021881;0,153533;0,236231;1,104288;0,058961;0,241723;0,972762;0,360395;0,211608;0,987832;0,302358;0,267285;0,999802;0,067125;0,087301;0,225310;0,073962;0,086867;0,223971;0,058900;0,088210;0,226984;0,067244;0,087013;0,223997;0,080773;0,087041;0,223976;0,094349;0,085937;0,221136
00:00:01.330;32;4;3;4;4;-29,385593;11,140347;14,940007;72,882155;-17,470912;175,470993;-26,353455;7,878061;3,744497;21,073584;-24,604134;18,970321;27,049510;-69,892123;0,239943;-0,204427;1,280466;0,248887;-0,229728;1,280699;0,255048;-0,228577;1,282504;0,261340;-0,227599;1,286565;0,221787;-0,235716;1,282789;0,207394;-0,239262;1,282455;0,191446;-0,242106;1,282574;0,248468;-0,218501;1,279709;0,157254;-0,241517;1,321389;0,241320;-0,173171;1,285645;0,211029;-0,178730;1,289272;0,266444;-0,078651;1,398757;0,052558;-0,070264;1,270969;0,306820;0,177088;1,472560;0,072757;0,195885;1,154563;0,261408;-0,049069;1,389370;0,297353;0,214054;1,053131;0,221787;-0,098432;1,334338;0,337655;0,219811;1,003641;0,225474;-0,119489;1,325008;0,349957;0,194246;1,003833;0,231370;-0,101534;1,340902;0,342443;0,189451;1,021573;0,153829;0,237113;1,104187;0,058741;0,235301;0,938545;0,360462;0,210226;0,988591;0,307139;0,267722;1,002321;0,067402;0,087363;0,225902;0,074209;0,086931;0,223981;0,058864;0,088076;0,226640;0,067420;0,087026;0,223998;0,081569;0,087180;0,224334;0,094405;0,085919;0,221088
00:00:01.372;33;4;3;4;4;-30,388840;12,684750;14,708406;73,220941;-17,157255;174,717777;-27,433614;7,453642;3,975449;21,081331;-25,002685;19,429042;26,382068;68,579666;0,242649;-0,202081;1,280303;0,252246;-0,227390;1,281155;0,257782;-0,225973;1,282678;0,264356;-0,224845;1,286717;0,225876;-0,234200;1,282513;0,211473;-0,238029;1,282645;0,195940;-0,241272;1,282373;0,251903;-0,216386;1,280161;0,162085;-0,240804;1,319153;0,243219;-0,171111;1,285769;0,213461;-0,176328;1,289177;0,267541;-0,079109;1,400942;0,053677;-0,070246;1,270630;0,307867;0,177309;1,474114;0,072927;0,196344;1,154716;0,260756;-0,048483;1,388890;0,298151;0,214044;1,053085;0,221715;-0,097435;1,334920;0,338086;0,219860;1,003067;0,225616;-0,118326;1,324305;0,350645;0,194119;1,003191;0,231226;-0,101077;1,340587;0,342867;0,189384;1,021372;0,154120;0,237209;1,104822;0,059096;0,231127;0,916304;0,360378;0,209254;0,988734;0,309807;0,267062;1,002559;0,068051;0,087282;0,226986;0,074369;0,086973;0,223988;0,059226;0,087989;0,226416;0,067768;0,087171;0,224349;0,082343;0,087271;0,224567;0,094614;0,086179;0,221758
00:00:01.412;34;4;3;4;4;-30,624629;13,689346;14,574201;73,333087;-17,095463;174,295908;-27,795270;6,828362;3,957403;21,178063;-25,679074;19,647760;25,602600;67,734684;0,245273;-0,199934;1,280897;0,255230;-0,225200;1,281801;0,260361;-0,223609;1,283141;0,267196;-0,222442;1,287516;0,228661;-0,232611;1,283033;0,214915;-0,236561;1,283120;0,199591;-0,240001;1,282242;0,254936;-0,214340;1,280805;0,165973;-0,240341;1,317699;0,245252;-0,169085;1,286200;0,215716;-0,174720;1,288765;0,268119;-0,079367;1,401662;0,054389;-0,070214;1,270059;0,308547;0,177453;1,475124;0,073695;0,196642;1,154815;0,260267;-0,048090;1,388229;0,298869;0,214179;1,053756;0,221842;-0,096100;1,336348;0,338818;0,219815;1,002343;0,225947;-0,116938;1,325248;0,351662;0,194036;1,002774;0,231193;-0,100806;1,340731;0,343368;0,189725;1,020192;0,154162;0,237045;1,104184;0,059877;0,230468;0,909898;0,360323;0,208622;0,988827;0,312091;0,267097;1,004463;0,068344;0,087229;0,227691;0,074473;0,087000;0,223992;0,059425;0,088069;0,226620;0,068122;0,087265;0,224577;0,082589;0,087194;0,224369;0,094853;0,086212;0,221842
00:00:01.452;35;4;3;4;4;-26,574402;14,319493;14,646260;73,388732;-17,030185;173,951953;-24,841556;6,090939;4,078904;21,249332;-26,201055;-19,862533;25,205443;67,669439;0,246979;-0,198539;1,281283;0,257099;-0,222988;1,281870;0,262768;-0,221342;1,283441;0,268895;-0,220028;1,287336;0,231203;-0,231578;1,283372;0,217883;-0,235606;1,283428;0,202693;-0,239174;1,282158;0,257566;-0,212223;1,280873;0,169389;-0,240230;1,317805;0,246507;-0,167723;1,286130;0,217914;-0,173674;1,288497;0,268630;-0,079574;1,402831;0,054868;-0,070213;1,270039;0,309136;0,177631;1,476481;0,074149;0,196716;1,154180;0,260014;-0,047847;1,388149;0,299837;0,214196;1,053841;0,221867;-0,095208;1,336926;0,339413;0,219863;1,002223;0,226042;-0,116729;1,325161;0,352323;0,193983;1,002503;0,231111;-0,100603;1,340475;0,343576;0,189881;1,019075;0,154867;0,237014;1,104120;0,066279;0,249697;0,982734;0,360160;0,208700;0,988538;0,315552;0,268789;1,012001;0,069356;0,087058;0,227449;0,074541;0,087018;0,223995;0,060620;0,087984;0,226403;0,068737;0,087326;0,224725;0,082748;0,087144;0,224240;0,095388;0,086233;0,221898
00:00:01.493;36;4;3;4;4;-28,486815;14,967983;14,612409;73,423980;-16,523213;173,091556;-26,520257;5,594016;4,187317;21,044578;-25,989267;19,968024;25,149057;-67,041284;0,248748;-0,196850;1,281184;0,258385;-0,221609;1,282266;0,264333;-0,219868;1,283637;0,269999;-0,218460;1,287218;0,232854;-0,230175;1,283592;0,219812;-0,234986;1,283628;0,204767;-0,238702;1,282452;0,259346;-0,210175;1,281267;0,172454;-0,240286;1,318573;0,247390;-0,166882;1,286434;0,219343;-0,172995;1,288323;0,269364;-0,079829;1,405690;0,055194;-0,070232;1,270375;0,309518;0,177746;1,477362;0,074490;0,196884;1,154467;0,258865;-0,048441;1,387047;0,300864;0,214065;1,053197;0,220834;-0,095264;1,335552;0,339799;0,219894;1,002145;0,225113;-0,116470;1,323705;0,352876;0,194016;1,002677;0,230877;-0,100393;1,339259;0,344289;0,189982;1,018349;0,155325;0,237622;1,104078;0,064641;0,241522;0,947127;0,360744;0,208825;0,988699;0,319241;0,269726;1,014101;0,069940;0,086928;0,226242;0,074585;0,087029;0,223997;0,061654;0,087929;0,226262;0,070161;0,087365;0,224821;0,082851;0,087111;0,224156;0,096683;0,085975;0,221233
00:00:01.535;37;4;3;4;4;-25,004385;17,769205;14,585922;73,373680;-12,194162;168,554646;-26,089407;8,680123;5,114191;18,844620;-25,189000;-20,533590;24,509425;-65,642101;0,249169;-0,195752;1,281120;0,259220;-0,220713;1,282523;0,265423;-0,218970;1,284114;0,270790;-0,217499;1,287492;0,233928;-0,229264;1,283735;0,221066;-0,234583;1,283758;0,206172;-0,238460;1,282994;0,260504;-0,208844;1,281524;0,174352;-0,240195;1,318373;0,248031;-0,165648;1,286982;0,219479;-0,172507;1,287860;0,273334;-0,081030;1,425748;0,055452;-0,070302;1,271644;0,310683;0,177021;1,478286;0,074688;0,196933;1,154304;0,256415;-0,049589;1,385630;0,301430;0,213908;1,052428;0,219176;-0,096714;1,333259;0,340169;0,220561;1,002444;0,223582;-0,116960;1,321708;0,353807;0,194037;1,002790;0,228966;-0,100911;1,337068;0,344872;0,190114;1,018227;0,155524;0,237866;1,103351;0,068572;0,256256;1,004482;0,362250;0,208906;0,988805;0,320966;0,269199;1,013365;0,071199;0,086979;0,225807;0,074614;0,087037;0,223998;0,063098;0,087894;0,226170;0,071355;0,087255;0,224534;0,085186;0,086818;0,223401;0,097776;0,085808;0,220802
00:00:01.576;38;4;3;4;4;-23,572720;20,755087;14,369250;73,374691;-7,514118;162,904893;-27,322106;13,389820;5,988640;15,613177;-25,412929;20,935946;23,173128;66,379033;0,249511;-0,195091;1,281428;0,259835;-0,220190;1,283040;0,266277;-0,218504;1,285124;0,271453;-0,216991;1,288370;0,234562;-0,228609;1,283478;0,221821;-0,234257;1,283493;0,206971;-0,238172;1,282646;0,261400;-0,208091;1,282391;0,174602;-0,239817;1,316492;0,248584;-0,164935;1,288039;0,219508;-0,172143;1,287209;0,277861;-0,082388;1,448937;0,055620;-0,070348;1,272469;0,311366;0,176509;1,478536;0,074840;0,197025;1,154547;0,253719;-0,050270;1,382960;0,302000;0,213949;1,052628;0,217985;-0,097603;1,331068;0,340410;0,220996;1,002639;0,221779;-0,117247;1,320060;0,354288;0,193983;1,002514;0,226849;-0,101193;1,334944;0,345251;0,190199;1,018147;0,156330;0,238100;1,103228;0,069259;0,261099;1,023214;0,364393;0,208663;0,987473;0,322180;0,269993;1,014988;0,072285;0,086876;0,225175;0,076927;0,087041;0,223999;0,064036;0,087871;0,226111;0,072132;0,087183;0,224347;0,087083;0,086627;0,222911;0,098950;0,085562;0,220171
00:00:01.617;39;4;3;4;4;-21,926467;22,614922;14,508719;73,066608;-4,850617;159,420824;-27,196322;16,739239;6,341796;13,328033;-25,141823;-20,214812;22,648745;66,055157;0,248207;-0,195337;1,281278;0,259503;-0,219850;1,283376;0,266172;-0,218260;1,286131;0,271149;-0,216661;1,288940;0,233513;-0,228184;1,283310;0,220850;-0,234045;1,283320;0,206031;-0,237986;1,282420;0,262125;-0,207714;1,283654;0,173879;-0,240126;1,314220;0,248410;-0,164604;1,289775;0,218121;-0,171953;1,287136;0,280670;-0,083231;1,463309;0,055004;-0,070377;1,273005;0,311736;0,176134;1,478348;0,075549;0,196965;1,154006;0,251245;-0,051511;1,381574;0,302270;0,213904;1,052408;0,216568;-0,098990;1,330344;0,341018;0,221200;1,002415;0,219857;-0,117434;1,318989;0,354724;0,194016;1,002684;0,224715;-0,102135;1,333564;0,346196;0,190320;1,018446;0,156854;0,238252;1,103148;0,070082;0,268715;1,050439;0,365786;0,208505;0,986608;0,319584;0,270250;1,010792;0,072736;0,086937;0,224764;0,078430;0,087045;0,223999;0,064775;0,087856;0,226072;0,073156;0,087001;0,223876;0,088078;0,086639;0,222942;0,099839;0,085403;0,219761
00:00:01.658;40;4;3;4;4;-22,087746;21,512108;14,860439;72,706194;-5,216723;160,496363;-26,811112;15,940653;6,041786;14,217511;-24,349133;19,843802;23,439879;65,704460;0,244379;-0,195444;1,280831;0,256958;-0,219510;1,282894;0,264496;-0,217984;1,286085;0,270290;-0,216506;1,289661;0,229789;-0,228512;1,282502;0,216512;-0,233844;1,282858;0,201878;-0,237994;1,282973;0,261865;-0,207469;1,284475;0,171528;-0,240841;1,315543;0,246024;-0,165080;1,290554;0,213046;-0,172751;1,288488;0,279118;-0,083022;1,459351;0,053850;-0,069634;1,272653;0,312743;0,175848;1,477876;0,075987;0,196866;1,153304;0,249950;-0,052385;1,382423;0,302244;0,213733;1,051565;0,215591;-0,099865;1,329524;0,341532;0,221411;1,002620;0,218665;-0,117587;1,318643;0,354884;0,193969;1,002445;0,223327;-0,101989;1,332667;0,346691;0,190333;1,018290;0,157095;0,238826;1,102396;0,069455;0,269079;1,050285;0,366823;0,208476;0,986395;0,312277;0,271168;1,004565;0,072760;0,087113;0,224846;0,079408;0,087047;0,223999;0,064998;0,087846;0,226047;0,073822;0,086882;0,223569;0,088355;0,086783;0,223312;0,100416;0,085300;0,219495
00:00:01.705;41;4;3;4;4;-25,366210;18,776652;15,384795;72,343445;-8,826701;163,424459;-27,285172;13,310682;5,058641;17,433819;-24,089049;19,529414;18,757268;65,424428;0,240497;-0,196296;1,280890;0,253844;-0,220019;1,282581;0,261942;-0,218536;1,286055;0,268263;-0,217139;1,290130;0,225181;-0,229455;1,281976;0,211503;-0,234443;1,282558;0,196307;-0,238796;1,283683;0,260232;-0,208042;1,285009;0,166207;-0,241242;1,316053;0,243067;-0,165435;1,291410;0,208224;-0,173222;1,289017;0,274846;-0,081910;1,439628;0,052390;-0,069170;1,272774;0,313397;0,175663;1,477570;0,076295;0,196862;1,153197;0,247731;-0,053429;1,375275;0,302723;0,213550;1,050668;0,215012;-0,101217;1,329341;0,341628;0,221393;1,002053;0,218120;-0,117811;1,319818;0,354988;0,193939;1,002289;0,222484;-0,101921;1,332433;0,346893;0,190276;1,017838;0,157776;0,239047;1,101208;0,065233;0,256793;0,999435;0,367497;0,207896;0,986257;0,299722;0,269741;0,987217;0,073002;0,087112;0,225600;0,080043;0,087048;0,224000;0,065142;0,087839;0,226030;0,074362;0,087077;0,224070;0,088281;0,086877;0,223553;0,100666;0,085232;0,219322
00:00:01.746;42;4;3;3;4;-28,148324;15,479914;15,912751;72,013257;-13,382961;166,639980;-26,496340;10,336494;3,636798;20,396062;-23,793745;-19,520505;13,169847;64,178429;0,235725;-0,197524;1,280579;0,250295;-0,221018;1,282028;0,258750;-0,219566;1,285686;0,265264;-0,218106;1,289384;0,219942;-0,230004;1,281285;0,206113;-0,234896;1,282713;0,191272;-0,239382;1,284494;0,257638;-0,209820;1,285006;0,160580;-0,242381;1,317084;0,239610;-0,166355;1,291617;0,204302;-0,174215;1,289011;0,270338;-0,080670;1,417708;0,049979;-0,068125;1,272503;0,313674;0,175459;1,476670;0,076495;0,197515;1,153128;0,245788;-0,053993;1,367829;0,303136;0,213503;1,050434;0,215392;-0,102095;1,329221;0,341929;0,221536;1,002384;0,218751;-0,118082;1,321982;0,355179;0,193987;1,002538;0,221819;-0,101824;1,331582;0,346785;0,190109;1,016845;0,158538;0,239355;1,098335;0,062798;0,248502;0,963233;0,368066;0,207593;0,986517;0,303382;0,273038;0,993091;0,072805;0,087098;0,225390;0,080456;0,087049;0,224000;0,065079;0,087971;0,226370;0,074714;0,087204;0,224395;0,088233;0,086937;0,223709;0,100829;0,085189;0,219209
00:00:01.803;43;4;3;3;4;-30,181926;13,121920;16,369478;71,762744;-18,941769;170,420184;-24,677418;8,614542;2,238540;23,065548;-23,756223;19,444658;8,007910;65,520756;0,231287;-0,198432;1,281076;0,245007;-0,223063;1,281318;0,253616;-0,221576;1,284746;0,260246;-0,220079;1,288200;0,214407;-0,231153;1,281185;0,200522;-0,235319;1,283513;0,185947;-0,239960;1,286071;0,253826;-0,211766;1,285354;0,154290;-0,242473;1,314255;0,235955;-0,167735;1,292101;0,200338;-0,174908;1,289357;0,264974;-0,079365;1,394710;0,048437;-0,067483;1,273027;0,313162;0,174570;1,476786;0,076625;0,197940;1,153083;0,245232;-0,054345;1,362639;0,303008;0,213614;1,050982;0,218783;-0,102721;1,329844;0,342124;0,221629;1,002600;0,220966;-0,118415;1,325138;0,355428;0,194086;1,003050;0,222960;-0,101787;1,331378;0,346835;0,190065;1,016549;0,158512;0,239709;1,097168;0,061215;0,243114;0,939701;0,368435;0,205710;0,986686;0,306659;0,274327;0,997959;0,072947;0,086954;0,224904;0,080724;0,087049;0,224000;0,065222;0,087785;0,225890;0,074942;0,087286;0,224607;0,088558;0,086705;0,223111;0,100935;0,085160;0,219136
00:00:01.842;44;4;3;4;4;-31,626061;10,724690;16,851149;71,401610;-23,802699;173,838216;-22,484734;6,800828;0,922495;24,941840;-23,043205;-19,893028;-4,966939;-61,758035;0,226096;-0,200369;1,280699;0,240176;-0,225184;1,281207;0,248089;-0,224342;1,284135;0,255655;-0,223682;1,288130;0,209296;-0,232565;1,280770;0,195323;-0,236196;1,283334;0,180879;-0,240871;1,286046;0,249086;-0,214434;1,285230;0,148859;-0,242792;1,313816;0,232904;-0,169414;1,292766;0,196871;-0,176680;1,288532;0,258342;-0,078259;1,375212;0,046734;-0,067101;1,274068;0,311915;0,173950;1,476511;0,076686;0,198156;1,152704;0,246282;-0,054546;1,358565;0,302724;0,213544;1,050638;0,223442;-0,103210;1,331299;0,341800;0,222338;1,003090;0,225044;-0,118819;1,329290;0,355589;0,194150;1,003382;0,224519;-0,101790;1,331596;0,346527;0,190167;1,017057;0,157972;0,240717;1,097109;0,059610;0,239846;0,923356;0,368635;0,203082;0,988196;0,310017;0,274012;1,003224;0,073051;0,086725;0,224237;0,080899;0,087050;0,224000;0,065443;0,087664;0,225579;0,074602;0,087068;0,224045;0,089022;0,086554;0,222722;0,100718;0,085006;0,218738
00:00:01.883;45;3;3;4;3;-32,553111;8,046414;17,412422;71,126046;-27,086842;176,104177;-20,873277;6,078809;0,136315;25,838923;-22,965274;-20,153695;-5,226433;-58,045018;0,221323;-0,201684;1,280805;0,234726;-0,227165;1,280434;0,242909;-0,226744;1,283038;0,250341;-0,226631;1,287384;0,204464;-0,233418;1,280151;0,190484;-0,236766;1,283217;0,175344;-0,241397;1,285680;0,243748;-0,216840;1,284799;0,143369;-0,242767;1,316330;0,230185;-0,171242;1,293198;0,193732;-0,177685;1,286946;0,254097;-0,078322;1,362888;0,045627;-0,066854;1,274744;0,311178;0,172748;1,476682;0,076609;0,197994;1,150708;0,248633;-0,054705;1,356617;0,302041;0,213570;1,050765;0,228372;-0,103363;1,330144;0,341136;0,222877;1,003758;0,228209;-0,118956;1,330588;0,355247;0,194260;1,003948;0,225989;-0,101658;1,329987;0,345984;0,190365;1,018087;0,157621;0,240123;1,097071;0,058567;0,237722;0,912731;0,371213;0,200323;0,986727;0,305828;0,269663;0,993345;0,074709;0,087131;0,226254;0,081638;0,087213;0,226450;0,066483;0,087585;0,225376;0,074265;0,086790;0,223329;0,089828;0,086456;0,222469;0,100614;0,085041;0,218830
00:00:01.923;46;3;3;4;3;-33,168829;5,792303;18,050233;70,911317;-29,760762;176,443559;-19,343101;5,815026;-0,431986;26,469584;-23,378858;20,256835;-10,653441;69,940655;0,216705;-0,203212;1,280523;0,228821;-0,228989;1,278882;0,237292;-0,228971;1,281975;0,244500;-0,229088;1,285850;0,199139;-0,234701;1,279748;0,185149;-0,237867;1,283141;0,169596;-0,241805;1,285792;0,238024;-0,219073;1,284170;0,138365;-0,242879;1,318665;0,227004;-0,172478;1,293828;0,190280;-0,178387;1,286265;0,250255;-0,079020;1,353127;0,044919;-0,066711;1,275534;0,310773;0,171166;1,477143;0,076466;0,197648;1,148010;0,252373;-0,054467;1,346951;0,301099;0,213658;1,051197;0,235094;-0,102600;1,327994;0,340132;0,223227;1,004193;0,232902;-0,118482;1,325132;0,354575;0,194399;1,004667;0,230657;-0,101545;1,328592;0,344704;0,190624;1,019457;0,157393;0,239738;1,097046;0,057889;0,236341;0,905825;0,373874;0,197901;0,985423;0,298723;0,266282;0,989024;0,075728;0,087930;0,228965;0,081829;0,087185;0,229092;0,066391;0,087534;0,225245;0,074906;0,087842;0,227064;0,089482;0,086528;0,222655;0,100047;0,085064;0,218889
00:00:01.963;47;3;3;4;3;-25,280605;5,999829;18,378315;70,517812;-31,226574;175,522209;-14,160234;6,618171;-1,078548;27,264851;-23,731380;19,072928;-14,807281;60,137981;0,212247;-0,204933;1,280340;0,223647;-0,231030;1,278574;0,232246;-0,231211;1,281633;0,239305;-0,231480;1,285202;0,194222;-0,235535;1,279486;0,180220;-0,238582;1,283092;0,165042;-0,241938;1,285165;0,231932;-0,221799;1,282710;0,133112;-0,241988;1,314932;0,223346;-0,174658;1,293539;0,186476;-0,179476;1,285122;0,246490;-0,079558;1,348183;0,042984;-0,065856;1,275347;0,310803;0,170297;1,478843;0,076420;0,197543;1,146957;0,258372;-0,053515;1,339618;0,300487;0,213715;1,051478;0,243158;-0,101037;1,322396;0,339362;0,223949;1,004125;0,240511;-0,117456;1,321936;0,353565;0,194489;1,005133;0,237069;-0,100561;1,325585;0,343638;0,190662;1,019647;0,157244;0,239487;1,097030;0,066037;0,270903;1,036787;0,375603;0,195767;0,984575;0,289493;0,263867;0,991816;0,075591;0,088050;0,230727;0,082200;0,086890;0,231510;0,065791;0,087637;0,225509;0,075456;0,087993;0,229492;0,089256;0,086575;0,222776;0,099837;0,085215;0,219278
00:00:02.003;48;4;3;3;4;-24,462286;12,303202;18,620207;69,948052;-19,749124;163,495998;-19,218215;15,259083;1,842826;26,052242;-23,514004;17,784470;-12,636509;41,221460;0,206435;-0,207509;1,280221;0,217319;-0,233745;1,278023;0,225146;-0,233928;1,280362;0,232885;-0,234365;1,284082;0,186659;-0,237532;1,279316;0,172592;-0,239711;1,282710;0,157737;-0,242822;1,285107;0,225904;-0,224425;1,282462;0,126382;-0,240701;1,308656;0,218646;-0,177448;1,292650;0,181083;-0,181644;1,284380;0,252994;-0,083763;1,395019;0,040990;-0,064558;1,274876;0,312291;0,170529;1,486948;0,076389;0,197476;1,146272;0,274184;-0,038552;1,334152;0,299890;0,214207;1,050961;0,262868;-0,084599;1,307207;0,338744;0,224910;1,003732;0,260087;-0,104309;1,311809;0,352909;0,194548;1,005437;0,256192;-0,090519;1,316630;0,342945;0,190686;1,019770;0,158397;0,238075;1,097019;0,066784;0,272750;1,050161;0,376457;0,195361;0,983324;0,269988;0,268916;0,986980;0,075768;0,088128;0,231873;0,081144;0,087374;0,232032;0,065583;0,087432;0,224981;0,075415;0,088224;0,231069;0,089110;0,086605;0,222854;0,099075;0,085314;0,219531
00:00:02.043;49;4;3;3;4;-23,968609;14,921928;18,725698;69,280937;-9,569993;150,242721;-22,885175;22,887450;3,660189;20,661944;-23,807526;-17,360783;-12,692538;-38,658738;0,199539;-0,209677;1,278744;0,209358;-0,235973;1,276265;0,217455;-0,236224;1,278485;0,225562;-0,236706;1,281953;0,178831;-0,238831;1,279205;0,164757;-0,241241;1,282811;0,150833;-0,244195;1,285420;0,219626;-0,226671;1,281250;0,120054;-0,240443;1,307726;0,212598;-0,179946;1,291723;0,174701;-0,183834;1,284247;0,259162;-0,087166;1,436312;0,038217;-0,062216;1,273519;0,309187;0,169843;1,484866;0,076346;0,197371;1,145477;0,290967;-0,019085;1,326399;0,299501;0,214528;1,050625;0,286417;-0,061530;1,296635;0,338224;0,225455;1,003126;0,282785;-0,083110;1,301026;0,352238;0,195022;1,004934;0,276562;-0,070575;1,306960;0,342495;0,191283;1,019851;0,161536;0,235138;1,096313;0,067927;0,272291;1,059555;0,377977;0,191944;0,983560;0,255547;0,277888;0,995737;0,076380;0,086563;0,233317;0,080814;0,086879;0,233421;0,066687;0,087461;0,227088;0,076150;0,087296;0,232795;0,089014;0,086625;0,222905;0,099205;0,085377;0,219695
00:00:02.083;50;4;3;3;4;-24,359275;15,802360;19,136949;68,647976;-3,562248;138,737302;-25,268414;27,851227;4,743755;16,034665;-24,178209;-16,990520;9,862494;30,788598;0,192829;-0,211754;1,277433;0,202786;-0,237487;1,275472;0,211059;-0,237782;1,277615;0,219290;-0,238162;1,280220;0,172200;-0,240270;1,278434;0,158123;-0,242832;1,282177;0,144041;-0,244886;1,284573;0,214034;-0,228796;1,280113;0,114566;-0,240533;1,308522;0,206464;-0,182304;1,291120;0,168318;-0,185207;1,283810;0,262311;-0,090239;1,463153;0,036451;-0,060757;1,274037;0,306668;0,164924;1,481063;0,076922;0,197183;1,144260;0,304849;0,008016;1,327309;0,299349;0,214807;1,050756;0,309088;-0,031994;1,290113;0,337886;0,225810;1,002732;0,304381;-0,051830;1,295067;0,352047;0,195467;1,005307;0,295760;-0,034127;1,301024;0,342437;0,191802;1,020603;0,166125;0,231431;1,096203;0,067479;0,269699;1,056561;0,381489;0,190151;0,983014;0,232840;0,273227;0,965379;0,077866;0,086759;0,233906;0,081540;0,085482;0,234323;0,067932;0,087454;0,226357;0,078105;0,085753;0,233917;0,090076;0,086502;0,222588;0,099290;0,085419;0,219802
00:00:02.133;51;4;3;4;4;-24,524582;17,236583;19,655050;67,938493;0,282904;120,246056;-26,536766;32,041456;5,219154;12,647337;-24,240290;-16,788227;27,981344;60,802189;0,186242;-0,213044;1,276232;0,196340;-0,239197;1,274957;0,204670;-0,239455;1,276700;0,213033;-0,239835;1,279093;0,165709;-0,241205;1,277932;0,151625;-0,243865;1,281765;0,138132;-0,245268;1,283672;0,208945;-0,230177;1,279373;0,109107;-0,239626;1,303789;0,200121;-0,183685;1,289678;0,161896;-0,185997;1,282827;0,262391;-0,093865;1,479199;0,034552;-0,058314;1,273324;0,302859;0,152284;1,476141;0,077897;0,196939;1,142769;0,331066;0,058222;1,335251;0,300639;0,214702;1,049441;0,358427;0,037574;1,330323;0,338118;0,225961;1,002126;0,343708;0,012956;1,297143;0,352372;0,195688;1,005200;0,329113;0,024912;1,298215;0,342627;0,191942;1,020042;0,168650;0,224858;1,097182;0,067433;0,267776;1,058464;0,380688;0,189118;0,983359;0,217198;0,270717;0,943897;0,224478;0,223113;0,640289;0,118434;0,107551;0,336060;0,071305;0,086936;0,229382;0,176347;0,152207;0,503096;0,092098;0,086062;0,223432;0,991292;0,627074;2,128771
00:00:02.181;52;4;4;4;4;-25,710554;17,747810;20,110547;67,165962;1,274976;100,849898;-28,341295;34,409516;5,402274;12,150002;-23,859787;15,295456;57,255721;-27,890166;0,181188;-0,213824;1,275101;0,191424;-0,240307;1,274622;0,199844;-0,240609;1,276455;0,208239;-0,240922;1,278360;0,159996;-0,242472;1,277256;0,145869;-0,244403;1,280797;0,132798;-0,245449;1,282737;0,204909;-0,231075;1,278893;0,104899;-0,239230;1,301763;0,195165;-0,185212;1,288041;0,156264;-0,187239;1,282187;0,261585;-0,097081;1,489630;0,032585;-0,055987;1,272511;0,301579;0,143256;1,483092;0,078530;0,196781;1,141800;0,347998;0,099025;1,326763;0,301376;0,215158;1,048237;0,386556;0,095994;1,323210;0,338720;0,226550;1,001382;0,378145;0,074299;1,314243;0,352706;0,195899;1,005480;0,357515;0,078591;1,306190;0,342986;0,192165;1,020377;0,169720;0,220028;1,098168;0,066071;0,260732;1,038702;0,380592;0,187821;0,983234;0,214389;0,279489;0,965283;0,175853;0,174022;0,499138;0,142714;0,121896;0,402189;0,073648;0,087271;0,230998;0,239135;0,195017;0,676662;0,093418;0,085864;0,222231;1,597390;1,008651;3,425951
00:00:02.220;53;4;4;2;4;-26,520534;17,580064;20,659300;66,195448;0,654475;89,046491;-29,483956;35,642369;5,351069;13,517458;-23,338375;13,937781;-10,954842;-55,636103;0,176362;-0,214212;1,273665;0,187455;-0,240963;1,274054;0,195981;-0,241359;1,276296;0,204397;-0,241629;1,277884;0,155516;-0,243229;1,276466;0,141363;-0,244685;1,279818;0,128602;-0,245567;1,282129;0,202286;-0,231658;1,278580;0,101529;-0,239230;1,301846;0,190332;-0,186051;1,285926;0,151145;-0,188047;1,281772;0,261182;-0,099219;1,497109;0,030576;-0,053738;1,271632;0,302636;0,138188;1,497060;0,079566;0,196618;1,140820;0,362858;0,130849;1,316696;0,302145;0,215830;1,046404;0,376386;0,126441;1,224787;0,338992;0,227989;1,000548;0,400983;0,122158;1,313108;0,352678;0,196472;1,004962;0,379178;0,121485;1,309624;0,343220;0,192310;1,020595;0,170415;0,216262;1,098809;0,065824;0,256412;1,026906;0,382904;0,185923;0,983502;0,222892;0,329651;1,116734;0,290413;0,283593;0,818990;0,217024;0,176257;0,610373;0,074753;0,087085;0,232399;0,278563;0,221517;0,788781;0,094026;0,085735;0,221450;1,982533;1,247823;4,250219
00:00:02.260;54;4;4;2;4;-27,729659;17,398770;20,958761;65,499534;0,753733;82,463119;-31,003013;36,439695;5,317950;13,711625;-24,428411;-13,043956;-9,621239;55,058250;0,173133;-0,214346;1,272033;0,184825;-0,241323;1,273335;0,193418;-0,241779;1,275842;0,201899;-0,242088;1,277575;0,151878;-0,243721;1,275953;0,137671;-0,244802;1,278832;0,125081;-0,245509;1,281034;0,200581;-0,232037;1,278377;0,099363;-0,239294;1,302250;0,187240;-0,186648;1,284902;0,147741;-0,188468;1,280802;0,261040;-0,100657;1,502671;0,029271;-0,052276;1,271061;0,302763;0,135518;1,503339;0,080239;0,197161;1,140183;0,369475;0,152586;1,302452;0,302746;0,217529;1,045563;0,367749;0,146666;1,156611;0,338482;0,229980;0,999656;0,405539;0,150792;1,288220;0,351720;0,197777;1,003575;0,389331;0,150398;1,304155;0,342210;0,192985;1,020737;0,170296;0,215134;1,099576;0,065116;0,249997;1,002439;0,384968;0,185250;0,983676;0,205065;0,305297;1,031777;0,361343;0,352160;1,019193;0,207900;0,166650;0,581892;0,075090;0,086968;0,232959;0,247424;0,195262;0,698207;0,094195;0,085787;0,221293;2,258300;1,408817;4,804892
00:00:02.301;55;4;4;2;4;-28,320470;17,198636;21,146478;64,773129;0,960861;78,561721;-31,988809;36,596545;5,162211;13,696214;-24,829084;-11,733811;-10,412145;54,745887;0,172479;-0,214433;1,270971;0,183790;-0,241490;1,272518;0,192373;-0,241920;1,274847;0,200893;-0,242254;1,276674;0,151005;-0,244108;1,275970;0,136762;-0,244945;1,278541;0,124248;-0,245471;1,280322;0,198585;-0,232092;1,277195;0,098749;-0,239464;1,303213;0,185960;-0,187036;1,284236;0,146944;-0,188690;1,279821;0,260087;-0,102453;1,506286;0,028407;-0,051298;1,269990;0,301845;0,132862;1,506720;0,081325;0,197513;1,139769;0,370871;0,166716;1,293194;0,303035;0,219152;1,044666;0,366553;0,161891;1,134347;0,338600;0,231193;0,998727;0,409863;0,171146;1,291643;0,351098;0,199195;1,002674;0,390122;0,167745;1,296051;0,341320;0,193871;1,020129;0,169018;0,214468;1,100425;0,064655;0,245827;0,986535;0,386730;0,184747;0,983440;0,198124;0,286758;0,984605;0,428073;0,408664;1,179076;0,206285;0,157976;0,564430;0,077174;0,087025;0,233324;0,232109;0,176061;0,640385;0,096159;0,085685;0,220840;3,099821;1,785024;6,403030
00:00:02.352;56;4;4;2;4;-28,680724;16,479732;21,349389;63,984664;1,436201;75,211593;-32,718567;36,245757;5,002821;12,811294;-24,252093;11,326870;-11,554103;-52,653698;0,172101;-0,214549;1,270631;0,183840;-0,241598;1,271987;0,192418;-0,241287;1,274201;0,201020;-0,242428;1,276438;0,151165;-0,244359;1,275980;0,136898;-0,245037;1,278352;0,124400;-0,245380;1,279509;0,198013;-0,232128;1,276427;0,098534;-0,240025;1,306288;0,185909;-0,186608;1,284154;0,146585;-0,188312;1,280584;0,259647;-0,103693;1,509686;0,027846;-0,050663;1,269293;0,299905;0,131785;1,506468;0,082679;0,197742;1,139500;0,372504;0,177352;1,287176;0,303020;0,220651;1,043383;0,372796;0,177206;1,151026;0,338795;0,232631;0,998472;0,405507;0,182506;1,260968;0,351141;0,200046;1,001738;0,393149;0,182108;1,291833;0,340858;0,194514;1,020084;0,167612;0,214104;1,101326;0,064829;0,243398;0,975148;0,388711;0,187920;0,981186;0,202856;0,285734;0,993143;0,308344;0,295862;0,848299;0,204231;0,155369;0,552030;0,078529;0,087063;0,233560;0,220415;0,167124;0,601400;0,096528;0,085483;0,220196;2,995923;1,759971;6,166420
00:00:02.391;57;4;4;3;4;-28,889961;16,221260;21,538127;63,312577;1,880198;72,495840;-33,221050;35,922802;4,816221;12,020435;-22,452003;-10,180484;-16,460524;-51,617190;0,174121;-0,214743;1,271110;0,184647;-0,241735;1,271991;0,193172;-0,240875;1,273781;0,201102;-0,242541;1,276285;0,152678;-0,244455;1,275637;0,138364;-0,244963;1,277529;0,125226;-0,245320;1,278981;0,197642;-0,232152;1,275928;0,099194;-0,240518;1,308987;0,187338;-0,186331;1,284100;0,148457;-0,187964;1,280379;0,259480;-0,104548;1,512596;0,027496;-0,051000;1,269541;0,298575;0,131055;1,505954;0,084234;0,197952;1,139675;0,374396;0,185774;1,283615;0,303192;0,221325;1,041149;0,363892;0,181551;1,109367;0,339370;0,233483;0,997957;0,411206;0,191704;1,273579;0,351291;0,200669;1,001480;0,395847;0,192174;1,289092;0,340791;0,195066;1,020755;0,166122;0,214562;1,102262;0,064894;0,241644;0,967046;0,389442;0,191650;0,979721;0,194302;0,267892;0,934293;0,229740;0,222809;0,632244;0,262526;0,206648;0,711969;0,076806;0,086922;0,229864;0,270174;0,213714;0,744060;0,096270;0,085352;0,219778;1,989154;1,171756;4,095323
00:00:02.433;58;4;4;3;4;-28,931100;16,955249;21,702251;62,722368;2,139030;70,776124;-33,424491;35,817795;4,737986;11,594137;-21,246711;9,588893;-19,710704;51,294835;0,178432;-0,214262;1,272122;0,186620;-0,241101;1,271994;0,195111;-0,240607;1,273507;0,201826;-0,241822;1,275835;0,156519;-0,244451;1,275064;0,142948;-0,244915;1,276994;0,128599;-0,245147;1,277938;0,197292;-0,232039;1,274903;0,100951;-0,241197;1,308642;0,189727;-0,186150;1,284065;0,154045;-0,187737;1,280247;0,259372;-0,104240;1,514487;0,027275;-0,051233;1,270051;0,297780;0,130611;1,505970;0,085245;0,198088;1,139789;0,376144;0,191863;1,280599;0,303202;0,222277;1,039347;0,358910;0,184443;1,079488;0,339744;0,234036;0,997622;0,415251;0,197112;1,282827;0,351266;0,201573;1,000962;0,398952;0,198659;1,286960;0,340514;0,195871;1,020491;0,165102;0,216048;1,102520;0,065080;0,241575;0,963880;0,389917;0,194630;0,978768;0,188982;0,255995;0,894991;0,178647;0,175326;0,491809;0,301575;0,244398;0,819080;0,075560;0,086831;0,227462;0,303070;0,249570;0,839939;0,096005;0,085402;0,219855;1,334586;0,790151;2,748760
00:00:02.473;59;4;4;3;4;-29,517032;19,194713;21,926525;62,313302;2,056665;69,994932;-34,102363;35,858356;4,765895;11,673059;-21,016332;10,067234;-22,151329;50,939103;0,187202;-0,214125;1,273829;0,191632;-0,240820;1,272696;0,198658;-0,240566;1,274030;0,204531;-0,241421;1,275893;0,164766;-0,243656;1,274342;0,151644;-0,244750;1,275946;0,137284;-0,244968;1,276910;0,197064;-0,231966;1,274237;0,105477;-0,240925;1,304567;0,194314;-0,186134;1,284742;0,162826;-0,186912;1,280510;0,259182;-0,103992;1,515017;0,027125;-0,050648;1,270033;0,297469;0,130412;1,507031;0,085848;0,198055;1,139163;0,378006;0,196546;1,278640;0,303310;0,222972;1,038525;0,355655;0,186579;1,058318;0,339988;0,234396;0,997404;0,417198;0,201765;1,286737;0,351695;0,202090;1,000275;0,400639;0,202703;1,284524;0,340567;0,196529;1,021019;0,164439;0,217013;1,102688;0,064364;0,238443;0,949572;0,391338;0,196568;0,978150;0,203181;0,265952;0,939794;0,144548;0,144437;0,398426;0,328764;0,268893;0,890452;0,074610;0,086908;0,226250;0,373621;0,313386;1,035260;0,095707;0,085435;0,219906;0,909540;0,541967;1,873494
00:00:02.513;60;4;4;3;4;-29,824274;21,492940;21,992203;62,063902;1,803537;69,991983;-34,482796;35,796662;4,662475;12,011048;-20,789720;9,521261;-23,633621;50,945324;0,194413;-0,214095;1,275289;0,196452;-0,240770;1,273853;0,202472;-0,240604;1,274719;0,207073;-0,241227;1,276280;0,172403;-0,243273;1,274572;0,159568;-0,244050;1,275965;0,145151;-0,244918;1,276591;0,197025;-0,232046;1,274504;0,110471;-0,240424;1,300169;0,198816;-0,186174;1,285532;0,170770;-0,186427;1,281032;0,258939;-0,103783;1,514661;0,027020;-0,050254;1,269672;0,297405;0,130344;1,508420;0,086267;0,198094;1,139106;0,379321;0,198920;1,277716;0,303381;0,223423;1,037992;0,353538;0,187387;1,044556;0,340593;0,234548;0,996913;0,417727;0,204053;1,289279;0,351974;0,202425;0,999829;0,401957;0,205446;1,283640;0,340715;0,196687;1,019962;0,163483;0,217780;1,103497;0,063898;0,236407;0,940272;0,391425;0,198239;0,977047;0,213097;0,270683;0,966816;0,122255;0,124360;0,337727;0,351072;0,285624;0,941394;0,073992;0,086958;0,225463;0,377281;0,315134;1,035519;0,095514;0,085456;0,219939;0,634563;0,380337;1,304921
00:00:02.554;61;4;4;3;4;-30,020717;22,421515;22,041342;61,899063;1,583978;70,432535;-34,698013;35,175661;4,589869;12,303019;-20,023449;-9,162832;-23,099770;-50,405590;0,199885;-0,214134;1,276588;0,200369;-0,240803;1,274954;0,205735;-0,240696;1,275518;0,209511;-0,241166;1,276882;0,177418;-0,243090;1,275072;0,164766;-0,243662;1,276327;0,150307;-0,244953;1,276734;0,196327;-0,232162;1,275028;0,113880;-0,240422;1,299060;0,203379;-0,186352;1,287096;0,175985;-0,186162;1,281721;0,258662;-0,103600;1,513730;0,026944;-0,049984;1,269087;0,297295;0,130269;1,508973;0,086513;0,198059;1,138719;0,379241;0,198902;1,276415;0,303324;0,223641;1,037294;0,355498;0,187990;1,052412;0,341106;0,234729;0,996943;0,415471;0,205672;1,274132;0,352279;0,202715;0,999889;0,402083;0,205769;1,283066;0,341045;0,196924;1,019976;0,162810;0,218209;1,103673;0,063596;0,235084;0,934227;0,391481;0,199879;0,976331;0,220522;0,270311;0,973880;0,108012;0,111586;0,299322;0,413570;0,339068;1,103306;0,073464;0,086990;0,224951;0,426611;0,361446;1,164488;0,095691;0,085742;0,220660;0,455545;0,275844;0,935349
00:00:02.594;62;4;4;3;4;-30,138594;23,324559;22,156920;61,770858;1,373355;70,873318;-34,792313;34,683805;4,613871;12,566439;-19,136388;8,954649;-20,911001;50,107773;0,204344;-0,214335;1,278482;0,203699;-0,240891;1,276020;0,208641;-0,240821;1,276386;0,211883;-0,241193;1,277623;0,181508;-0,243105;1,276097;0,168871;-0,243410;1,276563;0,154386;-0,244976;1,276827;0,195980;-0,232365;1,276068;0,116833;-0,240421;1,298339;0,207195;-0,186569;1,288813;0,180156;-0,186040;1,282518;0,258481;-0,103480;1,513124;0,026910;-0,049836;1,269406;0,297292;0,130250;1,509682;0,086673;0,198036;1,138467;0,378360;0,198836;1,275220;0,303671;0,223631;1,036141;0,360924;0,190602;1,073618;0,341440;0,234847;0,996963;0,414365;0,206549;1,263236;0,352478;0,202903;0,999928;0,402056;0,205924;1,282343;0,341260;0,197079;1,019984;0,162322;0,218418;1,103438;0,062944;0,235015;0,931347;0,391518;0,200391;0,975865;0,221173;0,276707;0,998422;0,098754;0,103283;0,274360;0,404286;0,336253;1,082549;0,072100;0,087011;0,224618;0,456622;0,394161;1,251467;0,094376;0,085656;0,220429;0,338728;0,208232;0,694777
00:00:02.646;63;4;4;3;4;-30,061822;24,592956;22,128049;61,854286;1,755439;70,310700;-34,914736;34,338109;4,849736;12,353072;-19,253046;-8,868897;-21,293162;-48,741456;0,210583;-0,214876;1,282163;0,207435;-0,241080;1,277413;0,211435;-0,241100;1,278001;0,214271;-0,241342;1,278805;0,187183;-0,243247;1,277463;0,175327;-0,244174;1,277766;0,161493;-0,245125;1,277588;0,195186;-0,232688;1,277794;0,120794;-0,240096;1,296120;0,211561;-0,187065;1,292378;0,186575;-0,186743;1,283387;0,257444;-0,103379;1,512381;0,027594;-0,049712;1,268914;0,296739;0,130853;1,507344;0,086723;0,197899;1,137604;0,378617;0,199572;1,274793;0,304000;0,223701;1,035742;0,362540;0,190997;1,083551;0,341657;0,234923;0,996976;0,413654;0,206767;1,254053;0,352483;0,202954;0,999603;0,401928;0,205967;1,281523;0,341282;0,197112;1,019640;0,161902;0,219042;1,102585;0,062520;0,234971;0,929476;0,391541;0,200724;0,975562;0,219959;0,281058;1,015074;0,092736;0,097886;0,258134;0,447040;0,380190;1,200657;0,071214;0,087025;0,224402;0,477017;0,420255;1,310454;0,093668;0,085736;0,220629;0,262938;0,164849;0,538405
00:00:02.694;64;4;4;3;4;-27,594427;25,648666;22,039174;62,041407;2,015877;70,306099;-32,618120;34,361826;5,226349;12,301322;-20,039737;8,900245;-17,646488;48,666023;0,215311;-0,216636;1,284206;0,210770;-0,242131;1,279369;0,214100;-0,242144;1,279751;0,216734;-0,242368;1,280623;0,191710;-0,244203;1,279051;0,180356;-0,244805;1,279248;0,166841;-0,245950;1,278082;0,194776;-0,233025;1,279616;0,124069;-0,239820;1,294328;0,215377;-0,188331;1,296096;0,191697;-0,188139;1,285352;0,256948;-0,103384;1,512948;0,028769;-0,049646;1,268944;0,296655;0,130509;1,507223;0,086756;0,197811;1,137042;0,377955;0,198547;1,274165;0,304316;0,223821;1,035832;0,370935;0,194789;1,114158;0,341798;0,234973;0,996984;0,412836;0,206379;1,249135;0,352239;0,202845;0,998692;0,401008;0,205212;1,280640;0,341062;0,196997;1,018716;0,161578;0,219377;1,101680;0,066453;0,248614;0,982159;0,391142;0,201012;0,975715;0,219170;0,283886;1,025898;0,088825;0,094378;0,247587;0,473943;0,407270;1,272877;0,071036;0,086898;0,223911;0,490226;0,434914;1,344245;0,094238;0,085924;0,221109;0,214239;0,136085;0,436763
00:00:02.734;65;4;4;2;4;-25,735372;25,663823;21,926667;62,201404;2,366287;70,067778;-31,046567;34,166533;5,489382;12,044948;-21,713558;-8,704631;-14,976826;-48,501498;0,218445;-0,219306;1,285884;0,213115;-0,243746;1,281690;0,216071;-0,243822;1,282288;0,217783;-0,243967;1,282855;0,194031;-0,245689;1,280783;0,182946;-0,246013;1,280561;0,169589;-0,246486;1,278403;0,193989;-0,234232;1,282201;0,125670;-0,240030;1,295263;0,217917;-0,190690;1,298862;0,195191;-0,189936;1,287679;0,256862;-0,103484;1,514716;0,029524;-0,049589;1,268614;0,296669;0,130316;1,507495;0,086777;0,197753;1,136678;0,377628;0,197934;1,274108;0,304342;0,224203;1,037291;0,376391;0,197254;1,134053;0,341650;0,234840;0,996290;0,412304;0,206127;1,245937;0,352328;0,202916;0,998800;0,400409;0,204720;1,280066;0,340690;0,197126;1,019165;0,161469;0,219735;1,101792;0,068558;0,258103;1,018854;0,387959;0,201417;0,976865;0,243185;0,316483;1,147034;0,086283;0,092098;0,240732;0,492513;0,423734;1,316320;0,072063;0,086815;0,223592;0,499121;0,444087;1,362709;0,095529;0,085638;0,220371;0,183326;0,117505;0,371046
00:00:02.789;66;4;4;2;4;-24,953907;25,559370;21,782401;62,427115;2,710407;69,641481;-30,585872;34,184828;5,866241;11,727039;-22,818013;8,581859;-13,016852;48,097891;0,220110;-0,222144;1,289075;0,214259;-0,245934;1,285298;0,217711;-0,246051;1,286037;0,218824;-0,246145;1,286406;0,195756;-0,246926;1,283309;0,184732;-0,247664;1,282115;0,170789;-0,247767;1,279662;0,192848;-0,235879;1,284580;0,126746;-0,240231;1,296221;0,219926;-0,193282;1,302761;0,197789;-0,192158;1,291291;0,256925;-0,103596;1,516565;0,030746;-0,049565;1,268749;0,296679;0,130191;1,507672;0,086791;0,197715;1,136440;0,377312;0,198207;1,273720;0,304359;0,224450;1,038239;0,380169;0,198976;1,147684;0,341107;0,234836;0,996188;0,412423;0,206903;1,245259;0,351940;0,203034;0,999220;0,399911;0,204345;1,279343;0,340449;0,197210;1,019457;0,161399;0,219968;1,101865;0,069851;0,261697;1,032555;0,386585;0,201194;0,977962;0,259576;0,338452;1,225772;0,084630;0,090616;0,236275;0,505903;0,433972;1,348058;0,072615;0,086626;0,223035;0,506996;0,450404;1,378211;0,096119;0,085452;0,219891;0,163056;0,104747;0,327980
00:00:02.829;67;4;4;3;4;-23,827166;25,380209;21,632798;62,578223;3,151757;68,721460;-29,675042;34,132546;6,074136;10,882294;-23,454220;8,504890;-18,623647;-47,961402;0,221434;-0,226452;1,292549;0,215354;-0,249978;1,289744;0,218337;-0,250054;1,290224;0,219060;-0,250116;1,290464;0,196412;-0,250276;1,286701;0,185364;-0,250478;1,284525;0,171758;-0,250337;1,281880;0,190792;-0,238614;1,287177;0,127481;-0,241166;1,297194;0,221472;-0,196675;1,306694;0,199696;-0,195295;1,295039;0,257143;-0,102874;1,518818;0,031549;-0,049564;1,269187;0,295553;0,129989;1,506387;0,086853;0,197813;1,136986;0,376692;0,198887;1,272068;0,304472;0,224687;1,039205;0,371630;0,195505;1,115945;0,340873;0,234916;0,996473;0,408172;0,205216;1,227669;0,351811;0,203181;0,999843;0,400204;0,204773;1,278523;0,340525;0,197400;1,020347;0,161353;0,221373;1,101912;0,071576;0,267941;1,054411;0,384304;0,201462;0,977976;0,281942;0,355075;1,276952;0,083556;0,089653;0,233379;0,359731;0,312173;0,958488;0,072709;0,086638;0,223023;0,358995;0,323525;0,976687;0,095907;0,085468;0,219929;0,147226;0,099247;0,294737
00:00:02.883;68;4;4;3;4;-22,979698;24,733095;21,302284;62,910516;5,865475;65,689576;-30,130144;34,579776;6,590327;8,293972;-23,628709;-8,538359;-24,041837;-49,522290;0,224044;-0,231841;1,304957;0,216313;-0,255446;1,303134;0,219066;-0,255565;1,303796;0,219536;-0,255605;1,303952;0,198175;-0,254939;1,297656;0,186889;-0,254581;1,293791;0,171936;-0,253159;1,285422;0,187445;-0,241394;1,290265;0,127457;-0,242975;1,300276;0,335774;-0,303214;1,972851;0,201763;-0,199660;1,307626;0,255297;-0,102130;1,529381;0,032035;-0,049508;1,268071;0,294276;0,129616;1,502751;0,086894;0,197228;1,137341;0,376638;0,198713;1,262594;0,303665;0,223286;1,040884;0,364381;0,193124;1,081664;0,339941;0,235216;0,997707;0,393889;0,199217;1,176335;0,350587;0,202708;1,000248;0,397667;0,203273;1,262590;0,340105;0,196760;1,023026;0,160270;0,221313;1,103343;0,071701;0,269956;1,063017;0,383105;0,200937;0,977284;0,265685;0,325944;1,170219;0,083094;0,088906;0,232896;0,420926;0,371544;1,116867;0,072389;0,086646;0,223015;0,263829;0,239695;0,717797;0,095441;0,085750;0,220654;0,137509;0,093105;0,274529
00:00:02.923;69;4;4;3;4;-24,339202;23,156645;21,014455;64,784382;9,948790;62,156982;-33,905012;35,162045;7,455675;1,967583;-21,229084;10,259715;-20,496792;-56,583506;0,225921;-0,236292;1,314072;0,216238;-0,259826;1,312187;0,218027;-0,259904;1,312617;0,219204;-0,260071;1,313419;0,199482;-0,258932;1,305826;0,188083;-0,258276;1,301214;0,173032;-0,257210;1,295075;0,185499;-0,245281;1,299272;0,127438;-0,246359;1,309979;0,298510;-0,271173;1,756953;0,203215;-0,203365;1,316507;0,256545;-0,100813;1,551298;0,032378;-0,050235;1,268396;0,292352;0,130575;1,494788;0,086947;0,196261;1,137922;0,370899;0,193506;1,220386;0,302647;0,214123;1,042324;0,363124;0,191783;1,051332;0,339336;0,229151;0,998510;0,380730;0,190142;1,113218;0,350645;0,197157;1,002961;0,380291;0,190688;1,180833;0,339023;0,190648;1,022317;0,159515;0,219946;1,103923;0,068186;0,258017;1,022761;0,381770;0,200595;0,976835;0,259108;0,304758;1,092792;0,242853;0,234260;0,658533;0,464917;0,412203;1,233114;0,075418;0,086949;0,226860;0,201836;0,184800;0,549518;0,098925;0,086500;0,225325;0,131581;0,090016;0,265244
00:00:02.976;70;4;4;3;4;-23,900451;22,371014;21,175090;67,497102;14,017430;58,187637;-35,118202;36,028510;7,957240;-6,954182;-20,550069;-19,535149;-12,294586;61,330517;0,226623;-0,238682;1,321397;0,216530;-0,263097;1,320171;0,217693;-0,263147;1,320451;0,218458;-0,263256;1,320972;0,200652;-0,261951;1,313237;0,188211;-0,260819;1,306739;0,173884;-0,260056;1,302398;0,184283;-0,247875;1,305477;0,127492;-0,248692;1,316987;0,274408;-0,250456;1,617320;0,204537;-0,205397;1,324729;0,258380;-0,097598;1,571844;0,031887;-0,051445;1,268958;0,286597;0,132340;1,474913;0,087169;0,189528;1,140749;0,352866;0,179923;1,151301;0,298093;0,193165;1,046411;0,358920;0,177406;1,028466;0,336217;0,206484;1,002881;0,371864;0,170871;1,069741;0,350399;0,171447;1,002275;0,366036;0,170801;1,118942;0,335169;0,170542;1,022906;0,160126;0,224420;1,112000;0,067290;0,255568;1,017945;0,370611;0,218189;0,990193;0,271886;0,306370;1,080265;0,346695;0,328741;0,935196;0,326781;0,298536;0,880274;0,077387;0,087146;0,229359;0,153573;0,150860;0,436287;0,098732;0,086148;0,223461;0,118017;0,088842;0,250459
00:00:03.017;71;4;4;4;4;-21,219133;21,471341;23,095268;70,242626;15,352602;56,528712;-31,413946;36,036695;8,669795;-11,850727;-21,879006;29,640320;32,856932;46,729006;0,227498;-0,240682;1,328608;0,217062;-0,264883;1,327461;0,217818;-0,264916;1,327643;0,219135;-0,265056;1,328332;0,201627;-0,264196;1,319454;0,188495;-0,262754;1,311731;0,174578;-0,262117;1,308209;0,183638;-0,249763;1,310560;0,127729;-0,250608;1,323641;0,258859;-0,237099;1,527258;0,205666;-0,206991;1,331824;0,260374;-0,095468;1,584498;0,031577;-0,052969;1,269673;0,281514;0,130735;1,467943;0,092155;0,178695;1,138387;0,332399;0,166650;1,121096;0,300928;0,163874;1,048367;0,369798;0,180414;1,099003;0,337418;0,173456;1,006773;0,360233;0,162730;1,069132;0,354289;0,136406;1,000429;0,346514;0,156463;1,090262;0,341424;0,136034;1,025039;0,169957;0,234189;1,168000;0,076795;0,257658;1,052614;0,364341;0,226653;1,003425;0,284287;0,289059;1,052172;0,253653;0,244149;0,686278;0,237266;0,224516;0,650578;0,078667;0,087274;0,230983;0,123896;0,128663;0,362336;0,098356;0,085920;0,222250;0,110516;0,087671;0,239798
00:00:03.057;72;3;4;4;3;-18,717269;21,443393;26,064820;71,698795;17,098342;54,268052;-27,692476;38,680805;10,710011;-16,315466;-25,203059;33,395694;122,162187;44,614578;0,228126;-0,242046;1,333645;0,217464;-0,266114;1,332550;0,218777;-0,266205;1,333018;0,219633;-0,266297;1,333466;0,202314;-0,265725;1,323845;0,188729;-0,264083;1,315325;0,175874;-0,263598;1,312686;0,183218;-0,250239;1,313864;0,128018;-0,251357;1,329367;0,248753;-0,228417;1,468718;0,206455;-0,208082;1,336786;0,265662;-0,096084;1,611274;0,032107;-0,056147;1,270487;0,283960;0,124859;1,476013;0,099419;0,162044;1,131952;0,317913;0,151716;1,099362;0,311088;0,131520;1,047539;0,376003;0,180422;1,155702;0,345909;0,139307;1,001952;0,368138;0,165961;1,135586;0,364357;0,101109;0,998179;0,336867;0,147483;1,094370;0,354402;0,098973;1,026775;0,185537;0,235545;1,220850;0,089229;0,259659;1,101049;0,390480;0,225577;1,089726;0,300775;0,278175;1,089212;0,330880;0,327926;0,941680;0,310398;0,288633;0,910426;0,076037;0,086559;0,232039;0,228779;0,231085;0,723069;0,095674;0,086316;0,222862;0,278865;0,213462;0,649369
00:00:03.096;73;4;4;5;3;-17,133607;21,584470;29,951112;71,045287;27,819490;37,437801;-23,972622;38,520468;11,030303;-39,548328;-28,502207;31,554401;54,345627;47,400276;0,229600;-0,242484;1,338669;0,218604;-0,267054;1,336558;0,220280;-0,267183;1,337212;0,220837;-0,267243;1,337503;0,203627;-0,266101;1,327399;0,190540;-0,264404;1,318711;0,178172;-0,263739;1,315246;0,183746;-0,250614;1,316362;0,130387;-0,251646;1,332038;0,242243;-0,222828;1,431016;0,207075;-0,208900;1,340711;0,266085;-0,095747;1,616078;0,032416;-0,058866;1,269617;0,255584;0,110798;1,339159;0,111790;0,144847;1,127768;0,341220;0,153237;1,201435;0,328015;0,099597;1,042450;0,380862;0,177604;1,192906;0,363115;0,105975;0,990069;0,383852;0,167535;1,208531;0,378616;0,069057;0,990766;0,365247;0,153565;1,211141;0,368636;0,067189;1,018804;0,196070;0,237542;1,253103;0,098124;0,262630;1,133932;0,407061;0,226036;1,136722;0,308587;0,264984;1,103138;0,245420;0,242151;0,695042;0,368702;0,347261;1,090177;0,077031;0,086894;0,231675;0,302196;0,328870;0,969445;0,096650;0,086165;0,222211;0,217471;0,168238;0,506440
00:00:03.137;74;3;4;4;2;-16,266287;18,616242;36,732951;67,603768;32,281177;90,602529;-20,596474;30,171784;10,978447;-45,110950;-23,753175;29,475580;-66,941483;-17,763446;0,233940;-0,243085;1,343685;0,222883;-0,267456;1,341962;0,223973;-0,267540;1,342388;0,224334;-0,268348;1,342577;0,208024;-0,266212;1,332860;0,196028;-0,264553;1,324412;0,183780;-0,263565;1,319360;0,184186;-0,250992;1,318685;0,136189;-0,252626;1,337975;0,240518;-0,219359;1,407561;0,210829;-0,209705;1,345012;0,251335;-0,095462;1,574401;0,038184;-0,060369;1,263801;0,234480;0,102191;1,249153;0,138795;0,123817;1,113150;0,353518;0,156981;1,277933;0,353321;0,065887;1,030743;0,377660;0,177976;1,217439;0,389399;0,069999;0,986545;0,386122;0,168199;1,247195;0,401289;0,035328;0,989798;0,374955;0,159894;1,273392;0,390728;0,034549;1,012923;0,200633;0,237835;1,264617;0,100015;0,259706;1,128006;0,424949;0,220935;1,185119;0,262372;0,264008;1,093290;0,279436;0,270969;0,806327;0,350646;0,390291;1,179365;0,197036;0,219521;0,621339;0,310806;0,400778;1,143589;0,096278;0,086076;0,227737;0,166087;0,139823;0,407586
00:00:03.194;75;4;4;5;2;-13,369585;16,559022;42,242673;65,272190;34,492658;113,367431;-14,920734;22,157560;10,924596;-46,492888;-22,165943;28,473743;-99,864075;47,272539;0,238301;-0,243475;1,346945;0,228280;-0,268064;1,347226;0,228988;-0,268119;1,347502;0,228390;-0,268574;1,347275;0,213465;-0,266630;1,338159;0,202264;-0,265135;1,330568;0,189956;-0,263799;1,323784;0,185374;-0,251437;1,321245;0,142465;-0,252338;1,336934;0,240949;-0,217104;1,392314;0,215753;-0,210392;1,348858;0,234962;-0,098259;1,529461;0,046008;-0,061134;1,255821;0,221016;0,093618;1,192050;0,162475;0,104975;1,100147;0,354899;0,159902;1,311557;0,373180;0,038759;1,027333;0,373624;0,179037;1,234085;0,410387;0,043268;0,984254;0,388350;0,170383;1,280027;0,422625;0,009291;0,993719;0,378902;0,164448;1,311055;0,410318;0,008662;1,011900;0,201326;0,235111;1,276301;0,102665;0,261235;1,154254;0,386239;0,176317;1,136078;0,239217;0,257449;1,150588;0,319464;0,237468;0,967913;0,301619;0,345076;1,129187;0,258549;0,212890;0,839970;0,265663;0,349382;1,080733;0,235594;0,121936;0,642929;0,206018;0,182711;0,613531
00:00:03.242;76;4;5;5;2;-7,975213;15,225736;47,490762;62,606597;37,023174;119,733911;-9,434497;15,673740;10,468847;-46,840800;-28,332793;28,584241;-113,720397;-55,404787;0,241777;-0,243602;1,348364;0,232436;-0,268320;1,349947;0,232896;-0,268356;1,350126;0,232508;-0,268652;1,349979;0,217769;-0,266903;1,341603;0,207082;-0,265514;1,334569;0,194835;-0,264090;1,327360;0,189424;-0,252059;1,324660;0,148825;-0,252152;1,336257;0,242466;-0,216139;1,380654;0,220497;-0,210839;1,351358;0,224902;-0,106039;1,492899;0,054034;-0,063156;1,252733;0,217140;0,078141;1,154582;0,183053;0,084215;1,093096;0,355105;0,162626;1,333762;0,392435;0,016273;1,033516;0,370281;0,180447;1,244906;0,429343;0,020785;0,986965;0,388979;0,171438;1,298567;0,440242;-0,011656;0,996967;0,376964;0,166912;1,319435;0,426665;-0,010958;1,022085;0,188703;0,214371;1,285646;0,095386;0,253504;1,214015;0,432864;0,104506;1,428651;0,203801;0,188142;1,160532;0,360245;0,148044;0,981943;0,306271;0,245004;1,108472;0,319052;0,144013;0,892481;0,378698;0,271172;1,332826;1,021263;-0,075871;2,252604;0,262746;0,118177;0,758945
00:00:03.281;77;4;5;5;2;-3,723654;14,400184;49,853466;58,115039;38,487593;122,158663;-5,148387;10,209479;10,079280;-46,166032;65,744817;1,097848;-124,541965;55,879772;0,245574;-0,241379;1,349287;0,237451;-0,266945;1,351715;0,237750;-0,266968;1,351832;0,237497;-0,267161;1,351736;0,222929;-0,265614;1,344192;0,211684;-0,264928;1,336820;0,199524;-0,263520;1,329684;0,195248;-0,252663;1,327929;0,153888;-0,252294;1,337217;0,244098;-0,213857;1,372375;0,224293;-0,210303;1,352632;0,216147;-0,109937;1,464935;0,060160;-0,068235;1,254227;0,213297;0,070075;1,133028;0,191762;0,069046;1,093062;0,352550;0,165394;1,349945;0,387758;0,012915;1,031236;0,365918;0,181718;1,254389;0,527335;0,030528;1,257177;0,380913;0,172912;1,294169;0,430699;-0,009318;1,005029;0,369606;0,171524;1,313683;0,415717;-0,008874;1,023455;0,180062;0,205693;1,294170;0,089923;0,247787;1,253210;0,388325;0,076892;1,296123;0,192225;0,129360;1,149496;0,391738;0,091127;0,986863;0,347092;0,153402;1,080307;0,373506;0,097485;0,920663;0,500856;0,193309;1,483037;0,843895;-0,073209;1,822593;0,331122;0,059195;0,854514
00:00:03.323;78;4;5;5;2;-0,548946;14,108738;50,562367;55,952300;39,529876;122,865156;-2,248503;6,285946;9,584657;-45,377113;-80,280420;2,283911;-129,970016;55,054787;0,249580;-0,239164;1,349887;0,242188;-0,265212;1,352515;0,242382;-0,265227;1,352591;0,242283;-0,266191;1,352879;0,227879;-0,264844;1,346225;0,217260;-0,264125;1,340033;0,204203;-0,263288;1,331894;0,200718;-0,252495;1,331104;0,158792;-0,252519;1,338541;0,246703;-0,211601;1,366994;0,228424;-0,210063;1,354161;0,211211;-0,111638;1,446408;0,065000;-0,073846;1,257647;0,211129;0,065545;1,120769;0,194823;0,059291;1,095840;0,351835;0,167673;1,358014;0,362977;0,014359;1,037103;0,363180;0,182595;1,260903;0,562468;0,063570;1,473065;0,375101;0,175422;1,286760;0,409075;0,008094;1,015869;0,364122;0,175995;1,304694;0,399301;0,000686;1,026096;0,174534;0,204634;1,300410;0,086455;0,247349;1,280086;0,360776;0,057763;1,210680;0,186527;0,087973;1,145822;0,417473;0,053559;0,990411;0,376388;0,093912;1,058849;0,413708;0,064471;0,938631;0,583852;0,140726;1,582074;0,736154;-0,076588;1,548685;0,376922;0,019283;0,913134
00:00:03.369;79;4;5;5;2;1,755580;13,843356;53,271684;52,916354;40,396616;122,360038;-0,361616;2,327948;8,740772;-43,706871;-73,374368;2,306336;-132,730187;53,838127;0,253087;-0,237077;1,350976;0,246874;-0,263382;1,353385;0,247001;-0,264163;1,353434;0,246936;-0,264790;1,353621;0,232759;-0,263711;1,348246;0,222537;-0,262973;1,342821;0,208992;-0,262649;1,334731;0,205202;-0,252583;1,334217;0,163685;-0,252164;1,340802;0,249300;-0,209468;1,364196;0,231943;-0,209189;1,355505;0,206653;-0,112430;1,430515;0,068972;-0,078332;1,261621;0,211865;0,063927;1,114200;0,204868;0,046611;1,094146;0,351521;0,169624;1,360809;0,374089;0,005218;1,035667;0,361729;0,183684;1,263737;0,523497;0,043062;1,314493;0,370922;0,178300;1,280544;0,423129;-0,000498;1,014515;0,360614;0,179280;1,296401;0,409752;-0,004794;1,025012;0,169447;0,206932;1,304467;0,084139;0,249891;1,296506;0,339668;0,052656;1,158642;0,185380;0,062418;1,147285;0,546895;0,046969;1,266767;0,487911;0,103613;1,311602;0,550305;0,082836;1,239410;0,591401;0,145128;1,587648;0,646933;-0,053128;1,349645;0,524590;0,027840;1,221087
00:00:03.410;80;4;5;5;2;3,652686;13,378440;54,363034;51,734487;41,502198;121,505813;0,665063;-1,421210;7,877572;-42,384831;-77,535215;-0,638226;-133,816457;-50,750065;0,257677;-0,235720;1,351685;0,251395;-0,262125;1,353600;0,251478;-0,263404;1,353632;0,251436;-0,263811;1,353754;0,238303;-0,263042;1,349910;0,227563;-0,262291;1,344984;0,214569;-0,262439;1,337625;0,209869;-0,252905;1,337641;0,169302;-0,252129;1,343321;0,252401;-0,207976;1,361678;0,236422;-0,208513;1,355678;0,203394;-0,111981;1,418085;0,072931;-0,080456;1,263154;0,215822;0,062174;1,108530;0,210918;0,040872;1,093745;0,351009;0,171901;1,358426;0,381899;0,000452;1,034734;0,361209;0,184959;1,264529;0,612064;0,043433;1,487570;0,368626;0,180739;1,275454;0,432617;-0,000903;1,015735;0,358186;0,182407;1,287861;0,416109;-0,003699;1,024658;0,163942;0,209229;1,307453;0,081775;0,252712;1,305429;0,316478;0,036055;1,127967;0,183650;0,043827;1,146135;0,510016;0,028794;1,179349;0,459307;0,072029;1,212341;0,641396;0,078784;1,444717;0,627472;0,137047;1,657421;0,593173;-0,053200;1,236020;0,497833;0,011151;1,149657
00:00:03.449;81;4;5;5;2;4,895343;12,995443;56,107006;50,259742;42,657338;120,911071;1,401582;-4,303405;6,329355;-41,273314;-69,607566;1,289576;-135,033604;47,650085;0,261430;-0,234838;1,352145;0,255037;-0,261242;1,353390;0,255929;-0,262910;1,353761;0,255901;-0,263175;1,353840;0,242677;-0,262607;1,350992;0,231598;-0,261849;1,346390;0,218958;-0,262302;1,339507;0,214374;-0,253048;1,339517;0,173767;-0,252172;1,345309;0,255894;-0,206953;1,359690;0,240106;-0,208074;1,355791;0,201127;-0,110813;1,408955;0,075504;-0,081836;1,264150;0,220269;0,060409;1,104844;0,219524;0,034623;1,092084;0,350767;0,173427;1,357227;0,394594;-0,004427;1,035527;0,360772;0,185736;1,264694;0,562071;0,027083;1,320071;0,366112;0,182889;1,271095;0,447398;-0,009820;1,015127;0,356608;0,184440;1,282310;0,431614;-0,010698;1,030378;0,161235;0,211642;1,310445;0,080177;0,255092;1,310179;0,302014;0,028312;1,108029;0,181926;0,031122;1,149938;0,583340;0,044906;1,386077;0,500354;0,097014;1,418022;0,687989;0,096898;1,563466;0,596372;0,154733;1,654124;0,552337;-0,036888;1,158313;0,571532;0,039500;1,367127
00:00:03.506;82;4;5;5;2;5,887268;12,168489;56,772917;50,962787;42,930892;120,177241;2,068660;-6,384529;5,507244;-40,311549;-56,991073;-2,628511;-135,694719;44,662768;0,264147;-0,234506;1,353844;0,257472;-0,260734;1,353604;0,258822;-0,262589;1,353845;0,258804;-0,262761;1,353896;0,245520;-0,262325;1,351695;0,234283;-0,262397;1,347653;0,221046;-0,262214;1,340729;0,218302;-0,253405;1,342136;0,176811;-0,252397;1,347651;0,258367;-0,206447;1,359449;0,242691;-0,207949;1,356914;0,199555;-0,109999;1,402321;0,078571;-0,082687;1,264097;0,222968;0,060000;1,104549;0,225270;0,031819;1,091705;0,350791;0,174510;1,357148;0,408719;-0,008848;1,040242;0,361007;0,186137;1,264101;0,532761;0,014176;1,209446;0,365096;0,184235;1,267912;0,461472;-0,017993;1,016833;0,355583;0,185761;1,278701;0,443191;-0,017485;1,029546;0,160309;0,217076;1,313089;0,079180;0,256776;1,313966;0,296362;0,030604;1,095419;0,180697;0,026145;1,151710;0,616126;0,072077;1,560350;0,491901;0,109462;1,504114;0,651174;0,119192;1,573803;0,531722;0,161024;1,584431;0,627835;-0,000469;1,381503;0,612059;0,067152;1,526333
00:00:03.546;83;4;5;5;2;6,735825;11,610854;56,830788;51,331712;42,649181;119,362637;2,657895;-7,235364;4,574478;-39,780566;-43,308823;1,488018;-135,818241;36,338334;0,265913;-0,234290;1,354949;0,259054;-0,260404;1,353742;0,259932;-0,262381;1,353899;0,259920;-0,262493;1,353932;0,246598;-0,262141;1,352151;0,235136;-0,261849;1,347775;0,222404;-0,262156;1,341524;0,220854;-0,253637;1,343838;0,177834;-0,252281;1,347773;0,259907;-0,206065;1,358942;0,243661;-0,207921;1,357994;0,198483;-0,108652;1,397659;0,080518;-0,083193;1,263363;0,222136;0,059884;1,107157;0,228609;0,031266;1,092508;0,350896;0,175259;1,357446;0,416131;-0,011698;1,041908;0,360640;0,186502;1,264416;0,512491;0,005203;1,138590;0,363818;0,185162;1,266193;0,469958;-0,023922;1,018991;0,354916;0,186620;1,276356;0,450918;-0,021947;1,030755;0,159123;0,219345;1,316208;0,078572;0,257256;1,317128;0,291561;0,029663;1,087572;0,180391;0,021583;1,151811;0,626480;0,097882;1,654727;0,471949;0,126902;1,521924;0,619687;0,138465;1,574572;0,472456;0,166592;1,488730;0,664750;0,030534;1,509777;0,628579;0,096739;1,620016
00:00:03.586;84;4;5;5;2;7,567200;11,077632;56,938514;51,140440;42,083226;118,739539;3,206473;-7,872967;4,298589;-39,589502;-29,714449;0,405638;-135,984300;29,385290;0,266358;-0,234210;1,356017;0,260151;-0,260257;1,354183;0,260721;-0,262313;1,354284;0,260714;-0,262386;1,354306;0,246656;-0,262157;1,353148;0,235937;-0,261764;1,349254;0,222638;-0,262255;1,342741;0,221863;-0,253920;1,345645;0,178592;-0,252336;1,348552;0,260068;-0,205764;1,358262;0,244229;-0,207850;1,358346;0,197885;-0,109414;1,395328;0,082454;-0,083476;1,262186;0,221032;0,059194;1,109202;0,231477;0,030294;1,093380;0,350462;0,175883;1,358690;0,420804;-0,013545;1,042640;0,359781;0,186791;1,264970;0,499975;-0,000071;1,093933;0,362467;0,185868;1,265775;0,474560;-0,026589;1,019694;0,353901;0,186915;1,277981;0,456296;-0,024909;1,033640;0,158310;0,216249;1,317885;0,077643;0,255282;1,323033;0,286789;0,024175;1,083172;0,177536;0,017341;1,156077;0,635482;0,111000;1,737773;0,455926;0,139392;1,519501;0,602851;0,146762;1,595722;0,434739;0,170639;1,418824;0,682636;0,041895;1,597705;0,633833;0,114255;1,660611
00:00:03.632;85;4;5;5;2;7,956684;10,844142;56,805950;51,145097;41,714312;118,195089;3,463593;-7,914323;3,837122;-39,594831;-17,399769;3,533133;-135,748790;29,390622;0,266785;-0,234279;1,357411;0,260092;-0,260933;1,354469;0,260463;-0,262269;1,354535;0,261229;-0,262316;1,354549;0,246694;-0,262168;1,353797;0,235627;-0,262410;1,349865;0,222848;-0,262388;1,343881;0,222461;-0,254038;1,346469;0,178317;-0,252372;1,349059;0,260375;-0,206501;1,358870;0,243950;-0,207910;1,359275;0,197695;-0,110020;1,395213;0,083042;-0,083706;1,262121;0,219749;0,058763;1,110881;0,232394;0,030324;1,095347;0,349820;0,176878;1,358098;0,424130;-0,014757;1,043816;0,359744;0,186875;1,264631;0,491510;-0,003491;1,064207;0,361490;0,186275;1,265154;0,477055;-0,028291;1,019101;0,353679;0,186953;1,277988;0,459948;-0,027436;1,035866;0,157741;0,214933;1,318625;0,077060;0,254825;1,327222;0,285949;0,024874;1,079612;0,176741;0,015229;1,157100;0,639234;0,119874;1,767602;0,438765;0,147570;1,502876;0,593055;0,152097;1,599669;0,407482;0,174835;1,374086;0,700289;0,050374;1,657308;0,633159;0,128827;1,678597
00:00:03.673;86;4;5;5;2;7,749136;9,505999;57,124768;51,652708;40,654941;117,841371;3,859929;-5,535960;6,019669;-40,815109;-9,848059;9,276584;-134,983684;19,004330;0,260033;-0,235037;1,357967;0,254593;-0,261304;1,354305;0,255669;-0,263011;1,354698;0,257002;-0,263110;1,355057;0,239368;-0,262467;1,351768;0,228227;-0,262489;1,348512;0,215220;-0,262337;1,343923;0,220491;-0,254815;1,346655;0,170778;-0,253692;1,352188;0,256248;-0,208025;1,361016;0,237746;-0,208886;1,360929;0,197193;-0,112728;1,403889;0,082751;-0,083902;1,262779;0,216841;0,058611;1,114423;0,234561;0,029681;1,095226;0,349403;0,177525;1,357714;0,430452;-0,017958;1,045980;0,359720;0,186929;1,264410;0,487300;-0,009119;1,042784;0,361474;0,186488;1,264400;0,481068;-0,033985;1,017666;0,353535;0,186978;1,277992;0,462825;-0,032941;1,030663;0,159048;0,219135;1,326807;0,076620;0,255086;1,328894;0,349480;0,055076;1,315298;0,203025;0,057176;1,244915;0,547444;0,142455;1,589942;0,377199;0,183893;1,389869;0,508782;0,173546;1,473085;0,341572;0,202724;1,273606;0,633944;0,097890;1,565850;0,526536;0,171343;1,465238
00:00:03.714;87;4;6;5;2;6,589603;9,325295;57,718526;52,113612;40,373304;118,169931;3,609899;-0,732997;6,958856;-42,091793;-17,047846;12,988900;-134,272721;20,671138;0,250110;-0,236180;1,357629;0,245329;-0,261974;1,352448;0,246855;-0,263153;1,353053;0,248611;-0,264123;1,353987;0,228307;-0,262458;1,349399;0,217238;-0,263237;1,347283;0,204191;-0,263138;1,344300;0,215271;-0,255953;1,346076;0,159229;-0,253692;1,349672;0,248427;-0,210065;1,364160;0,227396;-0,210188;1,361304;0,196823;-0,115769;1,415128;0,078381;-0,084193;1,265656;0,212780;0,057804;1,115325;0,234573;0,029245;1,094447;0,349131;0,177946;1,357464;0,432041;-0,022972;1,045637;0,359505;0,187580;1,263566;0,482686;-0,014481;1,028510;0,361463;0,186626;1,263910;0,478942;-0,040815;1,010433;0,353442;0,186994;1,277995;0,463110;-0,040605;1,027631;0,161839;0,222153;1,329324;0,076275;0,255810;1,328931;0,393149;0,077796;1,469894;0,207416;0,079605;1,292545;0,484069;0,153729;1,491962;0,343514;0,205946;1,361565;0,450455;0,183631;1,406555;0,305182;0,219663;1,243644;0,585718;0,125409;1,531253;0,470014;0,193116;1,374855
00:00:03.757;88;4;6;5;1;4,469292;6,508552;57,681298;51,563510;40,819225;119,155792;2,953769;1,803356;4,823567;-42,943598;-22,561268;15,675064;-133,741034;-14,861064;0,234738;-0,237199;1,354609;0,232127;-0,262834;1,349491;0,235581;-0,263806;1,350935;0,238370;-0,264574;1,352242;0,211884;-0,263148;1,347509;0,199508;-0,263930;1,347534;0,185658;-0,263866;1,345595;0,210191;-0,256491;1,344649;0,143953;-0,255144;1,355737;0,236830;-0,211118;1,364454;0,211368;-0,211034;1,361547;0,197981;-0,117277;1,426633;0,067572;-0,084359;1,267177;0,208426;0,059050;1,113461;0,224163;0,029071;1,098140;0,350044;0,177989;1,355552;0,428367;-0,027325;1,042614;0,359983;0,187950;1,262668;0,474793;-0,020635;1,013631;0,361873;0,187278;1,262542;0,472849;-0,049606;1,002931;0,354444;0,186800;1,276597;0,458048;-0,047598;1,020410;0,167924;0,226023;1,328861;0,075553;0,258299;1,320205;0,371966;0,129132;1,394681;0,204531;0,146130;1,219554;0,425935;0,262994;1,445075;0,321619;0,220280;1,343167;0,394051;0,299721;1,400761;0,281528;0,230674;1,224169;0,554372;0,143297;1,508764;0,324802;0,156265;0,972756
00:00:03.797;89;4;6;5;1;1,839571;6,481544;55,977216;54,967825;41,115172;120,526584;1,755537;8,393632;3,800100;-44,065185;-27,609650;18,918643;-132,906794;15,598046;0,216159;-0,237675;1,351596;0,217279;-0,263949;1,346519;0,221916;-0,264720;1,348158;0,226180;-0,265427;1,350057;0,193478;-0,263458;1,345581;0,180275;-0,264311;1,347347;0,165906;-0,264270;1,346087;0,204597;-0,256840;1,343722;0,127424;-0,255097;1,354429;0,223027;-0,211747;1,364295;0,191807;-0,211802;1,363106;0,201965;-0,119186;1,445311;0,054865;-0,084747;1,272365;0,203131;0,062409;1,112600;0,205514;0,034167;1,105091;0,350274;0,178599;1,352909;0,412614;-0,031058;1,049399;0,360094;0,188802;1,261384;0,458654;-0,026109;1,013760;0,362755;0,187649;1,261302;0,457476;-0,054506;1,002955;0,355525;0,186520;1,274638;0,443991;-0,052585;1,023067;0,174953;0,231625;1,328910;0,074904;0,260755;1,311383;0,335505;0,172888;1,273693;0,200355;0,184317;1,129760;0,296279;0,201686;1,018399;0,224466;0,173378;0,950759;0,273932;0,225422;0,989245;0,266153;0,237831;1,211510;0,385216;0,123475;1,058747;0,232695;0,132448;0,711741
00:00:03.838;90;4;5;5;1;-4,938737;9,310657;51,558118;63,146983;41,172104;121,430154;-5,408789;20,070056;8,308383;-46,435549;-30,499670;25,938070;-128,739096;-26,646376;0,188296;-0,236419;1,345087;0,195376;-0,263841;1,344238;0,201440;-0,265105;1,345302;0,207307;-0,265635;1,346887;0,166634;-0,262834;1,340128;0,153784;-0,264077;1,344776;0,140155;-0,264876;1,348156;0,196378;-0,257067;1,343119;0,109716;-0,254935;1,352879;0,200899;-0,211435;1,364542;0,165040;-0,211416;1,363419;0,215159;-0,117627;1,488252;0,037885;-0,085465;1,282737;0,202124;0,069388;1,126040;0,166469;0,044776;1,114859;0,352850;0,178296;1,345941;0,375220;-0,031942;1,062560;0,364869;0,189198;1,259500;0,419933;-0,030571;1,022594;0,367523;0,187838;1,260146;0,421403;-0,057768;1,013471;0,359136;0,185979;1,270915;0,408220;-0,056311;1,032843;0,178381;0,238412;1,296041;0,071130;0,262662;1,270649;0,325641;0,275235;1,293750;0,192949;0,303197;1,222594;0,207616;0,161291;0,739659;0,161316;0,142891;0,695693;0,195855;0,177128;0,721759;0,256160;0,242483;1,203281;0,269252;0,111134;0,767635;0,172826;0,116967;0,542082
00:00:03.884;91;4;5;4;2;-11,315025;11,607442;45,399773;72,827413;33,733226;91,014759;-12,044819;28,161607;11,055510;-34,767678;-30,003204;31,949506;-102,264980;28,912840;0,164875;-0,234845;1,340857;0,175546;-0,262531;1,340304;0,182600;-0,264249;1,341697;0,189493;-0,264662;1,343077;0,143994;-0,261945;1,337983;0,131750;-0,262479;1,339604;0,118616;-0,263887;1,346352;0,187306;-0,257349;1,343428;0,095185;-0,254258;1,352921;0,181818;-0,210401;1,364352;0,143787;-0,209666;1,363972;0,227351;-0,114343;1,522114;0,021653;-0,086026;1,290879;0,231395;0,083039;1,262176;0,124538;0,059811;1,126459;0,354905;0,177913;1,340011;0,328313;-0,027062;1,078114;0,371045;0,189560;1,258975;0,374399;-0,031343;1,036036;0,373700;0,188065;1,260095;0,377684;-0,058544;1,027656;0,362819;0,185577;1,268145;0,366101;-0,056754;1,046898;0,182383;0,245624;1,268027;0,064488;0,260110;1,213022;0,323689;0,338611;1,306438;0,188135;0,380470;1,282936;0,149985;0,135035;0,558479;0,120269;0,123075;0,529901;0,145104;0,145737;0,547893;0,249664;0,245506;1,197933;0,193068;0,102841;0,577713;0,133911;0,106904;0,431803
00:00:03.932;92;3;4;4;2;-17,453023;13,750371;38,214002;82,281009;27,930517;58,892979;-18,722934;33,950772;13,226371;-24,710268;-28,018893;-32,756599;-72,793946;2,057162;0,144118;-0,231826;1,335307;0,157940;-0,260582;1,335998;0,166303;-0,262454;1,336903;0,173922;-0,262928;1,338850;0,123918;-0,259714;1,335889;0,112308;-0,260531;1,339393;0,100829;-0,261849;1,345879;0,177585;-0,256768;1,343628;0,082707;-0,253242;1,353999;0,165637;-0,208334;1,365279;0,124398;-0,207437;1,362232;0,238493;-0,110609;1,547274;0,007323;-0,086670;1,300371;0,251683;0,092062;1,352764;0,081613;0,077332;1,139948;0,358792;0,175836;1,345607;0,282766;-0,018851;1,088574;0,376310;0,187904;1,260384;0,327655;-0,031211;1,043724;0,378357;0,185645;1,262162;0,331035;-0,059287;1,041077;0,366237;0,182930;1,269844;0,319623;-0,056686;1,060934;0,179106;0,249847;1,220417;0,055701;0,258362;1,157014;0,226643;0,250429;0,927234;0,185006;0,430697;1,322159;0,112525;0,117968;0,440711;0,093589;0,110194;0,422135;0,112117;0,125333;0,434881;0,245441;0,247472;1,194456;0,141358;0,097178;0,453563;0,108617;0,100363;0,360122
00:00:03.972;93;3;4;4;2;-18,703841;4,701260;31,729218;93,259037;-13,323008;51,099257;-4,260996;15,400872;-0,009651;18,761459;-26,560987;-34,973181;-54,026735;13,406960;0,121577;-0,227601;1,331699;0,137322;-0,257537;1,331799;0,147309;-0,258821;1,332737;0,156950;-0,260219;1,335752;0,103066;-0,255139;1,329978;0,092562;-0,255867;1,333305;0,081398;-0,257050;1,339271;0,165998;-0,256365;1,351808;0,067425;-0,249636;1,346999;0,145645;-0,204403;1,364131;0,103321;-0,202995;1,361801;0,217946;-0,096572;1,385128;-0,010367;-0,084320;1,310392;0,264121;0,098303;1,416897;0,026525;0,099912;1,159216;0,363457;0,173495;1,360095;0,214202;-0,005286;1,097123;0,378907;0,186059;1,260949;0,259076;-0,025676;1,046620;0,381383;0,182631;1,263505;0,261827;-0,052293;1,044550;0,368244;0,179999;1,272699;0,250222;-0,048210;1,057457;0,178608;0,252007;1,204521;0,047105;0,258765;1,124459;0,207260;0,250354;0,864152;0,182972;0,463344;1,347653;0,088681;0,106875;0,364162;0,076246;0,101822;0,352088;0,090675;0,112070;0,361422;0,242697;0,248749;1,192197;0,110147;0,093906;0,373916;0,092175;0,096112;0,313529
00:00:04.011;94;4;5;5;2;-13,128701;-6,300913;26,097562;102,845355;-55,838836;88,956691;6,789577;13,197694;-7,749064;6,320473;-27,424452;30,946760;-38,374240;-21,739411;0,104003;-0,222118;1,331105;0,120786;-0,252223;1,327319;0,131782;-0,253808;1,327929;0,142043;-0,255990;1,332689;0,086510;-0,249913;1,326136;0,076730;-0,250641;1,329698;0,065805;-0,252048;1,337076;0,155008;-0,253132;1,353625;0,053755;-0,246275;1,345250;0,129524;-0,199473;1,363035;0,086465;-0,197590;1,360121;0,200965;-0,086492;1,265033;-0,027267;-0,080659;1,319355;0,270393;0,102334;1,458233;-0,024591;0,119119;1,175241;0,364142;0,171681;1,360762;0,152002;0,006142;1,105830;0,379877;0,184859;1,261317;0,197457;-0,019654;1,045003;0,382630;0,180672;1,264378;0,198299;-0,044757;1,046807;0,369548;0,178094;1,274554;0,187354;-0,039774;1,057997;0,175052;0,253234;1,190339;0,038460;0,262908;1,101899;0,152518;0,192950;0,640449;0,115413;0,394617;1,116425;0,073183;0,099664;0,314405;0,064974;0,096380;0,306557;0,076737;0,103449;0,313675;0,240913;0,249580;1,190728;0,089859;0,091778;0,322146;0,081488;0,093348;0,283244
00:00:04.051;95;4;5;4;3;-23,064502;8,909065;21,694478;108,136737;-32,467406;84,171533;-3,156380;19,919769;11,741697;25,258499;-23,713138;31,325039;-26,864336;25,841005;0,087993;-0,216121;1,329668;0,106222;-0,247078;1,323357;0,117912;-0,248984;1,324454;0,129305;-0,250913;1,330348;0,071290;-0,245265;1,325038;0,061236;-0,246239;1,330154;0,050411;-0,247843;1,338800;0,144742;-0,249424;1,354457;0,040311;-0,242931;1,346212;0,116041;-0,193358;1,363723;0,071705;-0,191993;1,360778;0,219353;-0,092265;1,390672;-0,042852;-0,076795;1,325880;0,274998;0,107278;1,492801;-0,069665;0,133199;1,192656;0,363626;0,170415;1,360495;0,095665;0,016536;1,104490;0,380613;0,184130;1,261906;0,137789;-0,012185;1,042202;0,383547;0,179448;1,265296;0,138346;-0,037362;1,043725;0,370192;0,176760;1,275060;0,128896;-0,031190;1,052398;0,173054;0,257642;1,197570;0,031623;0,265422;1,086534;0,180515;0,239462;0,768742;0,074238;0,349808;0,965776;0,063109;0,094977;0,282064;0,057647;0,092842;0,276962;0,067678;0,097846;0,282638;0,239753;0,250120;1,189773;0,073250;0,089715;0,286745;0,074541;0,091552;0,263559
00:00:04.092;96;4;3;3;4;-27,988165;18,515593;15,821591;108,488216;-17,590749;79,060856;-10,468542;29,601452;19,545455;23,900678;-13,203012;33,483644;-21,475327;26,152473;0,074630;-0,210219;1,330484;0,093010;-0,241486;1,320782;0,105124;-0,243537;1,321845;0,117277;-0,246166;1,329176;0,057641;-0,240047;1,324675;0,047287;-0,240132;1,324850;0,036532;-0,241661;1,333270;0,134478;-0,246023;1,358147;0,026960;-0,237501;1,341238;0,103331;-0,186917;1,363120;0,058227;-0,185211;1,360856;0,224302;-0,093200;1,456237;-0,058472;-0,072115;1,332572;0,277864;0,110439;1,514571;-0,110329;0,142534;1,205377;0,363477;0,169679;1,361022;0,046602;0,023333;1,086468;0,380774;0,183504;1,261239;0,085500;-0,006179;1,034431;0,383718;0,179175;1,264492;0,087028;-0,031817;1,034721;0,369986;0,175941;1,275739;0,079723;-0,024913;1,040709;0,165452;0,255314;1,175671;0,022943;0,265655;1,073397;0,295180;0,468658;1,374682;0,025633;0,328107;0,890254;0,056561;0,091931;0,261041;0,032358;0,154335;0,421875;0,061789;0,094203;0,262465;0,153111;0,255749;1,013103;0,062453;0,088375;0,263734;0,046893;0,152680;0,411063
00:00:04.136;97;4;3;3;4;-29,787706;26,547727;12,532521;105,125238;-9,443304;75,210117;-13,205500;37,605056;25,459699;22,108375;-8,295520;-35,840223;-17,542966;32,625112;0,056084;-0,204816;1,330665;0,074698;-0,236414;1,319459;0,087068;-0,238497;1,320149;0,099818;-0,242184;1,331915;0,040469;-0,234849;1,322689;0,029991;-0,234426;1,320003;0,020004;-0,235659;1,326875;0,120085;-0,243158;1,361245;0,012269;-0,232443;1,333455;0,084205;-0,181911;1,362378;0,040966;-0,180422;1,364056;0,223233;-0,093513;1,493954;-0,072861;-0,069337;1,342522;0,279536;0,112415;1,527671;-0,151125;0,146284;1,211895;0,362540;0,170352;1,358214;-0,017542;0,032666;1,064954;0,381489;0,183763;1,260455;0,014643;0,005208;1,026930;0,383829;0,178998;1,263970;0,019096;-0,020105;1,027119;0,369548;0,175990;1,275130;0,016112;-0,013890;1,030661;0,162314;0,257695;1,185236;0,016104;0,265629;1,064158;0,287430;0,483914;1,413643;0,008271;0,308753;0,824365;0,052304;0,089951;0,247377;0,015920;0,194305;0,516069;0,057962;0,091836;0,249352;0,096793;0,259408;0,898267;0,055436;0,087503;0,248777;0,028921;0,192413;0,506941
00:00:04.182;98;4;3;3;4;-31,332080;32,084069;11,608836;99,554179;-5,494936;72,958460;-13,738903;42,017514;28,596745;21,667028;18,980270;-38,384517;-15,738350;-40,540617;0,040225;-0,200242;1,328682;0,058975;-0,232575;1,315448;0,071539;-0,234977;1,317647;0,084413;-0,238551;1,327744;0,025560;-0,230127;1,317898;0,015761;-0,230030;1,317202;0,005490;-0,231305;1,324469;0,105857;-0,239914;1,359760;-0,000307;-0,227887;1,329796;0,069407;-0,178480;1,360496;0,026628;-0,175967;1,361587;0,219199;-0,093422;1,513570;-0,086429;-0,066948;1,353189;0,280431;0,113621;1,535136;-0,180065;0,148242;1,217882;0,362024;0,170833;1,356739;-0,071720;0,044657;1,052370;0,381954;0,183931;1,259946;-0,050214;0,019623;1,024155;0,383182;0,178882;1,263631;-0,041833;-0,009028;1,022527;0,369365;0,176070;1,275085;-0,041140;-0,003229;1,026579;0,160503;0,258937;1,193203;0,011060;0,265672;1,056053;0,310790;0,480912;1,420418;0,000257;0,293237;0,778038;0,049538;0,088664;0,238495;0,082115;0,319578;0,836995;0,055474;0,090297;0,240829;0,147731;0,350478;1,085423;0,052151;0,087209;0,239755;0,135419;0,307747;0,831062
00:00:04.228;99;4;3;2;4;-32,338693;36,888487;5,072662;95,183316;-3,657834;71,963598;-13,405004;45,254960;25,946033;22,144553;-24,683212;44,310997;-14,641144;46,393702;0,026146;-0,196712;1,323543;0,045028;-0,229275;1,312491;0,057709;-0,231942;1,316021;0,070836;-0,236413;1,330634;0,012141;-0,226372;1,315133;0,002766;-0,226543;1,316081;-0,006901;-0,227372;1,320805;0,092854;-0,238167;1,360894;-0,010669;-0,223655;1,324267;0,056656;-0,175258;1,357522;0,013469;-0,171958;1,357181;0,214346;-0,093152;1,522821;-0,096929;-0,066242;1,361523;0,280886;0,114352;1,539289;-0,189219;0,149540;1,258873;0,361596;0,171101;1,355431;-0,116133;0,057193;1,052591;0,382150;0,183989;1,259265;-0,109130;0,034359;1,024801;0,382761;0,178807;1,263410;-0,094983;0,002677;1,014993;0,368822;0,176268;1,276105;-0,088020;0,008682;1,016227;0,159828;0,260126;1,196982;0,006593;0,265640;1,052884;0,317502;0,496486;1,469622;-0,007812;0,285952;0,751074;0,047740;0,087827;0,232722;0,125141;0,401006;1,045597;0,053857;0,089297;0,235289;0,180840;0,409674;1,207075;0,049185;0,086881;0,233541;0,204643;0,382714;1,041740
00:00:04.269;100;4;3;2;4;-33,820005;40,977217;-3,601772;93,382445;-3,624864;71,959223;-13,434545;48,835375;25,589446;23,198848;-27,863608;42,331706;-14,933275;47,058373;0,009506;-0,193021;1,320903;0,027785;-0,226149;1,309169;0,040486;-0,229607;1,312863;0,054263;-0,233623;1,324462;-0,004046;-0,222498;1,313687;-0,013894;-0,222724;1,315003;-0,023067;-0,222860;1,315623;0,078739;-0,236006;1,355681;-0,024759;-0,218901;1,317524;0,039884;-0,172005;1,352440;-0,001850;-0,167826;1,348018;0,209900;-0,092787;1,525683;-0,106293;-0,065882;1,369040;0,281309;0,114880;1,542688;-0,208845;0,146035;1,302668;0,361877;0,171542;1,356680;-0,167179;0,071788;1,057634;0,382065;0,184640;1,258122;-0,173425;0,051196;1,028370;0,382276;0,178660;1,262566;-0,156768;0,021898;1,013945;0,368268;0,176299;1,276068;-0,146399;0,029113;1,021397;0,155097;0,256591;1,176688;0,000051;0,266435;1,056425;0,305744;0,491066;1,460304;-0,029634;0,286679;0,753148;0,046571;0,087283;0,228969;0,153108;0,453934;1,181188;0,052806;0,088646;0,231688;0,202361;0,448151;1,286149;0,047258;0,086668;0,229502;0,249639;0,431442;1,178681
00:00:04.309;101;4;3;2;4;-28,354371;43,538788;-8,260564;90,221524;-4,040910;71,982028;-9,112210;50,971802;26,429212;24,187773;-35,835188;-36,485952;-14,936942;46,218690;-0,004996;-0,188785;1,316737;0,012128;-0,222635;1,307010;0,025575;-0,226306;1,309061;0,039001;-0,230941;1,319750;-0,018262;-0,218318;1,311696;-0,027584;-0,218240;1,311152;-0,036597;-0,217865;1,313305;0,066558;-0,234135;1,354043;-0,036920;-0,215180;1,313840;0,025169;-0,168486;1,343886;-0,014888;-0,163830;1,343812;0,204863;-0,092360;1,524394;-0,114051;-0,065698;1,374976;0,280323;0,115066;1,542797;-0,222609;0,137961;1,327984;0,361780;0,171696;1,356442;-0,207368;0,082994;1,059862;0,382009;0,185777;1,257379;-0,225002;0,067500;1,037691;0,382067;0,178613;1,262368;-0,207844;0,041459;1,023064;0,367908;0,176320;1,276044;-0,194559;0,048016;1,036658;0,153637;0,258211;1,181348;-0,008499;0,292639;1,163726;0,215068;0,348248;1,038098;-0,067559;0,290984;0,780746;0,045811;0,086930;0,226530;0,057259;0,402510;1,044272;0,052123;0,088224;0,229347;0,092070;0,398479;1,111797;0,046005;0,086530;0,226876;0,117249;0,388026;1,042993
00:00:04.348;102;4;3;2;4;-26,186680;45,221932;-11,494500;87,460034;-5,134434;72,496971;-7,144461;52,722072;28,090398;25,606289;-23,930742;-25,929364;-14,371294;-48,163245;-0,016667;-0,183844;1,314379;-0,000255;-0,217956;1,304557;0,012927;-0,221765;1,305540;0,026841;-0,226843;1,315988;-0,030366;-0,212931;1,307603;-0,039451;-0,213099;1,308649;-0,048447;-0,212600;1,313198;0,056246;-0,232380;1,349828;-0,047873;-0,210746;1,312846;0,014075;-0,164341;1,341826;-0,024986;-0,159306;1,344228;0,199506;-0,092776;1,520756;-0,119948;-0,065611;1,379534;0,279746;0,114334;1,543218;-0,234751;0,129612;1,344790;0,361624;0,171751;1,355937;-0,242159;0,092292;1,081960;0,383009;0,186673;1,257947;-0,264456;0,080292;1,041649;0,382248;0,178732;1,263289;-0,250318;0,058589;1,032142;0,367549;0,176623;1,278129;-0,237489;0,064892;1,057428;0,150296;0,258083;1,175976;-0,015120;0,303887;1,210372;0,231568;0,393223;1,187864;-0,088636;0,292051;0,803235;0,045317;0,086700;0,224944;0,019305;0,361196;0,934977;0,051678;0,087949;0,227826;0,046806;0,356399;0,973268;0,045191;0,086440;0,225169;0,063615;0,349333;0,927845
00:00:04.387;103;4;2;2;4;-28,058854;47,129592;-15,245894;85,728151;-6,184029;73,463562;-7,171673;53,952956;29,686232;26,745625;-12,107206;14,005621;-12,073593;-48,214612;-0,027981;-0,179886;1,312846;-0,011958;-0,213897;1,301212;0,001039;-0,217790;1,301501;0,015229;-0,222853;1,310042;-0,041193;-0,208690;1,304942;-0,050170;-0,209123;1,307722;-0,059012;-0,208109;1,311029;0,047165;-0,230583;1,343238;-0,056388;-0,207594;1,310450;0,003846;-0,159846;1,338037;-0,034462;-0,155173;1,340648;0,194990;-0,092960;1,516992;-0,125464;-0,065605;1,383547;0,279244;0,113808;1,542792;-0,247788;0,124708;1,362013;0,360791;0,171839;1,350009;-0,274293;0,101831;1,111724;0,384375;0,187256;1,258315;-0,294178;0,091769;1,040372;0,382049;0,179378;1,262838;-0,286553;0,074078;1,046092;0,367015;0,176675;1,278434;-0,273349;0,080356;1,078628;0,148101;0,259162;1,177734;-0,020036;0,295774;1,179092;0,235316;0,425189;1,293611;-0,103299;0,291897;0,821003;0,044996;0,086551;0,223914;-0,019372;0,340734;0,880385;0,051390;0,087771;0,226837;0,002415;0,336256;0,901774;0,028209;0,148949;0,385060;0,010878;0,332615;0,874699
00:00:04.431;104;4;2;2;4;-25,220973;49,088835;-17,814695;84,041010;-7,039594;73,869577;-5,455519;55,192270;31,093281;27,669511;-8,642992;49,566321;-11,104958;-47,400712;-0,038255;-0,177129;1,310450;-0,023225;-0,210411;1,298338;-0,009611;-0,214300;1,297826;0,004016;-0,219118;1,303727;-0,051190;-0,205193;1,303212;-0,060006;-0,205528;1,305369;-0,068042;-0,205030;1,308569;0,038175;-0,228065;1,335455;-0,064047;-0,204534;1,307143;-0,006549;-0,156684;1,333474;-0,043514;-0,152139;1,335171;0,191067;-0,093014;1,513495;-0,130668;-0,065617;1,386506;0,278792;0,113414;1,541815;-0,259577;0,122373;1,373909;0,360531;0,172031;1,347206;-0,299810;0,109964;1,124421;0,385263;0,188351;1,258555;-0,318485;0,103064;1,041992;0,381306;0,179848;1,262895;-0,315432;0,088942;1,060060;0,366667;0,176709;1,278632;-0,303244;0,094299;1,093108;0,144042;0,258118;1,168027;-0,027567;0,310132;1,237160;0,229776;0,443089;1,343447;-0,110096;0,292044;0,830452;0,044787;0,086453;0,223244;-0,038178;0,325121;0,838950;0,051202;0,087655;0,226194;-0,020111;0,320170;0,847603;0,017172;0,189580;0,488989;-0,015095;0,318076;0,830705
00:00:04.477;105;4;3;2;4;-23,687438;52,142309;-21,277933;83,939104;-7,819564;74,448492;-4,668055;56,468290;31,807786;28,204332;-4,811854;62,567251;-9,683334;45,624664;-0,051520;-0,174367;1,307143;-0,036123;-0,206371;1,289820;-0,023621;-0,209514;1,288787;-0,009812;-0,214769;1,296823;-0,063210;-0,201281;1,296138;-0,071206;-0,201657;1,298590;-0,078706;-0,201492;1,301720;0,027791;-0,224914;1,325846;-0,071544;-0,201529;1,298343;-0,020721;-0,153483;1,327008;-0,055164;-0,148917;1,327061;0,187364;-0,092898;1,508772;-0,137973;-0,064816;1,388079;0,278055;0,114724;1,538730;-0,271141;0,121476;1,388991;0,360181;0,172464;1,341884;-0,319678;0,120458;1,143524;0,385625;0,188957;1,258011;-0,341255;0,122049;1,057745;0,381330;0,180054;1,262232;-0,338921;0,111115;1,079289;0,366342;0,176683;1,278411;-0,325905;0,112683;1,110570;0,136816;0,256694;1,149818;-0,037083;0,321173;1,275604;0,226661;0,453896;1,368491;-0,129331;0,294200;0,838344;0,044652;0,086390;0,222809;-0,070230;0,319870;0,824618;0,032895;0,149331;0,384676;-0,054592;0,315972;0,828492;0,009997;0,215990;0,556543;-0,056135;0,315290;0,819258
00:00:04.518;106;4;3;2;4;-21,855751;53,776225;-23,464188;83,059576;-8,575317;74,835834;-3,677893;57,127388;32,014509;28,966468;-5,188442;66,031086;-9,218281;45,033052;-0,064251;-0,170469;1,300093;-0,048131;-0,202295;1,284283;-0,036330;-0,204901;1,282561;-0,023697;-0,209598;1,286735;-0,074727;-0,198112;1,292240;-0,082201;-0,198514;1,294883;-0,089364;-0,198564;1,297968;0,017324;-0,221716;1,317150;-0,077852;-0,198793;1,292273;-0,034407;-0,150614;1,322455;-0,066167;-0,145588;1,317240;0,182963;-0,093521;1,503251;-0,144817;-0,063397;1,386651;0,277387;0,115495;1,535674;-0,279026;0,121519;1,396694;0,360048;0,172791;1,338775;-0,334175;0,131793;1,154540;0,385860;0,189351;1,257657;-0,358287;0,141933;1,072534;0,380629;0,180188;1,261801;-0,356215;0,132561;1,092138;0,366030;0,176618;1,277917;-0,343582;0,131289;1,122971;0,131809;0,255131;1,135182;-0,044553;0,332244;1,312843;0,230135;0,464783;1,398769;-0,142387;0,295723;0,843823;0,044564;0,086349;0,222526;-0,089481;0,315912;0,813902;0,020221;0,189556;0,488039;-0,074849;0,312290;0,813620;0,005337;0,232885;0,599753;-0,082241;0,313208;0,811118
00:00:04.559;107;4;3;2;4;-20,825790;55,109768;-23,472850;80,515224;-9,725162;75,116723;-2,912772;57,249655;32,032807;29,915063;-6,638939;-71,274838;-9,286680;-46,482563;-0,075481;-0,166513;1,295860;-0,059584;-0,198248;1,281034;-0,048227;-0,200508;1,278865;-0,035608;-0,204793;1,280178;-0,085166;-0,194641;1,290056;-0,092310;-0,195056;1,292824;-0,098433;-0,195088;1,294829;0,006842;-0,218494;1,309047;-0,084139;-0,196286;1,288327;-0,046313;-0,146544;1,319846;-0,076506;-0,142273;1,314006;0,177279;-0,093771;1,497213;-0,151795;-0,061746;1,387123;0,275957;0,115943;1,532988;-0,283715;0,121366;1,399601;0,358818;0,173186;1,338153;-0,345276;0,143694;1,160651;0,385906;0,189554;1,257077;-0,370610;0,160492;1,082147;0,379455;0,180274;1,261520;-0,367969;0,152793;1,100140;0,365299;0,176672;1,278296;-0,354170;0,148835;1,124381;0,126219;0,253158;1,121468;-0,052589;0,340406;1,337748;0,228506;0,467192;1,404450;-0,150804;0,298221;0,842135;0,028580;0,148482;0,382292;-0,098126;0,312660;0,805186;0,006420;0,217743;0,560476;-0,083365;0,309353;0,802553;-0,006174;0,247403;0,636939;-0,092921;0,310766;0,803027
00:00:04.602;108;4;3;2;4;-20,431627;56,389918;-23,083241;78,650969;-11,024069;75,532269;-2,519139;57,632395;32,229806;30,770705;-7,128092;-74,339994;-9,330328;-45,917847;-0,082677;-0,160846;1,291709;-0,067731;-0,192665;1,278572;-0,056405;-0,194765;1,271562;-0,044040;-0,199400;1,275215;-0,092654;-0,189409;1,288286;-0,100004;-0,190063;1,287636;-0,105893;-0,190777;1,293839;-0,000692;-0,214702;1,302381;-0,091113;-0,192418;1,285413;-0,053996;-0,141547;1,317100;-0,084390;-0,137687;1,317504;0,171702;-0,093822;1,491539;-0,158744;-0,059107;1,387780;0,274096;0,116207;1,530892;-0,289886;0,123633;1,401141;0,357552;0,173973;1,336000;-0,352391;0,157382;1,160073;0,385007;0,190294;1,256000;-0,376993;0,177317;1,083846;0,378482;0,180231;1,260638;-0,375272;0,170811;1,100791;0,363899;0,177337;1,277842;-0,362908;0,166281;1,123198;0,119604;0,251993;1,107654;-0,060866;0,346831;1,352186;0,227584;0,474962;1,419342;-0,155095;0,300971;0,835088;0,008934;0,192541;0,495590;-0,094215;0,308642;0,794621;-0,011485;0,240008;0,617709;-0,080241;0,304860;0,788709;-0,032497;0,265544;0,683511;-0,090832;0,307410;0,793217
00:00:04.642;109;4;3;2;4;-20,853442;59,280981;-23,361141;77,739826;-12,440974;76,184071;-2,540402;58,840951;32,594229;31,817059;-10,589280;79,954880;8,555618;-48,273593;-0,090305;-0,154279;1,289361;-0,075526;-0,185371;1,271372;-0,064496;-0,187972;1,265415;-0,053103;-0,192963;1,271640;-0,099758;-0,182056;1,279436;-0,106791;-0,182621;1,280063;-0,112884;-0,183947;1,285145;-0,008506;-0,210603;1,296998;-0,097945;-0,186023;1,276518;-0,061311;-0,135444;1,316715;-0,091663;-0,131565;1,318378;0,165221;-0,093655;1,484700;-0,165587;-0,055008;1,387857;0,272638;0,117138;1,528130;-0,298438;0,129345;1,404591;0,355889;0,175575;1,331450;-0,360087;0,174728;1,158998;0,384529;0,190829;1,255650;-0,383768;0,200239;1,088800;0,378060;0,181020;1,260765;-0,381236;0,194303;1,106464;0,362691;0,178348;1,276498;-0,369481;0,188754;1,126979;0,109888;0,251897;1,086075;-0,069169;0,352435;1,358071;0,225946;0,482824;1,427623;-0,162412;0,303898;0,829807;-0,005103;0,221723;0,570633;-0,088268;0,304805;0,784604;-0,024475;0,255161;0,656661;-0,075267;0,300443;0,775861;-0,052961;0,278288;0,716232;-0,083597;0,302781;0,780541
00:00:04.684;110;4;3;2;4;-20,588559;61,051553;-24,357574;79,015042;-14,719608;78,119644;-1,897032;59,354779;33,278954;32,944558;-13,995975;82,257102;6,732205;49,210610;-0,098127;-0,148472;1,287135;-0,083484;-0,179244;1,267042;-0,073374;-0,182224;1,262120;-0,061593;-0,186703;1,264766;-0,107419;-0,176066;1,275433;-0,113468;-0,177201;1,276191;-0,119741;-0,178248;1,280894;-0,016456;-0,206095;1,291048;-0,103852;-0,181197;1,271087;-0,068247;-0,129884;1,315415;-0,098940;-0,126390;1,322445;0,159919;-0,093392;1,477805;-0,171661;-0,051565;1,388257;0,272000;0,117880;1,528085;-0,308982;0,135904;1,411034;0,354802;0,177349;1,322892;-0,364636;0,189034;1,156898;0,384718;0,192495;1,254723;-0,386797;0,218183;1,091670;0,378292;0,182865;1,260147;-0,383598;0,211961;1,109452;0,362555;0,180049;1,272823;-0,371933;0,206015;1,129786;0,104919;0,253857;1,080449;-0,074544;0,356762;1,361546;0,211319;0,495631;1,436155;-0,163507;0,305595;0,822175;-0,016356;0,241508;0,621512;-0,089294;0,304080;0,782642;-0,033822;0,265419;0,683030;-0,076459;0,299749;0,773110;-0,066829;0,286980;0,738551;-0,081401;0,301132;0,775802
00:00:04.724;111;4;4;2;4;-29,764353;62,462589;-23,661534;79,079972;-16,968131;79,517944;-2,938127;59,474384;33,616557;33,994081;17,739239;-81,822031;7,734576;48,333882;-0,104703;-0,143273;1,286038;-0,090719;-0,174407;1,263177;-0,080495;-0,176919;1,258928;-0,069179;-0,181776;1,259248;-0,113737;-0,171317;1,271782;-0,119938;-0,172189;1,273324;-0,126295;-0,173728;1,277431;-0,023788;-0,202330;1,286482;-0,109028;-0,177201;1,266507;-0,074136;-0,125366;1,312820;-0,105061;-0,122149;1,323690;0,154493;-0,093021;1,470173;-0,176493;-0,048558;1,389217;0,271338;0,118253;1,526655;-0,315269;0,141524;1,412772;0,353718;0,179049;1,315930;-0,366078;0,198325;1,159034;0,385770;0,193688;1,254820;-0,388869;0,229864;1,099135;0,379160;0,184781;1,259746;-0,383625;0,223873;1,116294;0,363086;0,181825;1,270085;-0,371854;0,217172;1,134411;0,100290;0,249251;1,054742;-0,068921;0,325136;1,234655;0,198602;0,497030;1,429101;-0,162127;0,306177;0,818264;-0,025424;0,255184;0,656683;-0,088033;0,303065;0,779968;-0,041751;0,273038;0,702619;-0,075284;0,298481;0,769221;-0,080166;0,293582;0,755508;-0,076512;0,298292;0,768171
00:00:04.766;112;4;4;2;4;-26,293946;63,879134;-22,794252;78,554783;-19,453559;81,169764;-1,226517;59,788741;33,840549;34,759620;22,001003;-64,872549;9,923817;45,730410;-0,110506;-0,139236;1,286024;-0,096822;-0,169789;1,260315;-0,086495;-0,172666;1,256153;-0,075458;-0,177719;1,254611;-0,119176;-0,167376;1,268358;-0,125475;-0,168077;1,270411;-0,131688;-0,169707;1,272380;-0,029260;-0,199049;1,282813;-0,113722;-0,173747;1,262479;-0,079477;-0,121716;1,311483;-0,110677;-0,118756;1,325898;0,149933;-0,092646;1,463113;-0,180520;-0,047418;1,390541;0,270163;0,118551;1,526426;-0,320244;0,145214;1,414252;0,352730;0,180008;1,310355;-0,367343;0,208131;1,159372;0,386346;0,194408;1,254533;-0,391842;0,243193;1,106788;0,379512;0,185921;1,258785;-0,383569;0,236909;1,118641;0,363029;0,183492;1,266905;-0,371767;0,229164;1,135317;0,098399;0,250775;1,056932;-0,074686;0,340325;1,286226;0,183802;0,492595;1,402815;-0,164254;0,306946;0,819221;-0,032183;0,264345;0,680244;-0,099139;0,304717;0,784179;-0,047858;0,278535;0,716753;-0,087600;0,301466;0,776494;-0,087893;0,297737;0,766180;-0,087900;0,301207;0,775461
00:00:04.806;113;4;4;3;4;-22,730800;64,989234;-22,150906;78,343450;-21,337345;82,004143;0,364702;59,746946;33,799522;35,319724;25,734829;55,090197;11,809681;44,159562;-0,116195;-0,136324;1,283216;-0,102772;-0,166562;1,256705;-0,092357;-0,169624;1,252250;-0,081588;-0,174232;1,250547;-0,125470;-0,163965;1,265083;-0,130997;-0,164421;1,266417;-0,137185;-0,166197;1,267697;-0,035642;-0,196599;1,278328;-0,117990;-0,171222;1,257762;-0,085081;-0,118477;1,309214;-0,116094;-0,115359;1,322084;0,145120;-0,092270;1,456423;-0,184675;-0,045873;1,391052;0,268226;0,118607;1,524527;-0,324365;0,149265;1,415564;0,351993;0,180582;1,306380;-0,367384;0,218620;1,157142;0,386720;0,194877;1,254346;-0,392519;0,255249;1,110012;0,379741;0,186662;1,258160;-0,383173;0,250876;1,119117;0,362991;0,184575;1,264839;-0,371138;0,242370;1,134156;0,097826;0,255823;1,072706;-0,079419;0,351038;1,322897;0,171260;0,501845;1,401830;-0,164025;0,307518;0,818794;-0,038367;0,271116;0,697658;-0,103654;0,305791;0,786916;-0,053729;0,283060;0,728389;-0,092323;0,302997;0,780171;-0,093502;0,300846;0,774167;-0,091088;0,302557;0,778800
00:00:04.849;114;4;4;3;4;-22,645472;66,217260;-21,233299;78,332209;-23,175280;82,608012;1,007131;59,821980;33,681526;35,588034;30,139107;-41,699309;12,878909;-41,451157;-0,121240;-0,132873;1,280340;-0,107897;-0,163531;1,252608;-0,097464;-0,166756;1,248312;-0,086878;-0,171071;1,246506;-0,130798;-0,160816;1,261204;-0,135616;-0,160895;1,260321;-0,141309;-0,163023;1,263253;-0,041194;-0,194126;1,274364;-0,122003;-0,168640;1,252945;-0,090128;-0,115541;1,306689;-0,121355;-0,112601;1,322055;0,140943;-0,091870;1,449625;-0,188265;-0,044891;1,392084;0,265860;0,118535;1,521892;-0,327934;0,153551;1,416767;0,351325;0,180858;1,303097;-0,366741;0,227615;1,153592;0,386747;0,195072;1,253525;-0,393329;0,264620;1,113158;0,379572;0,186987;1,256704;-0,382916;0,260591;1,119426;0,362766;0,185176;1,262795;-0,370085;0,252242;1,133402;0,094165;0,250091;1,045509;-0,082451;0,357815;1,346033;0,159909;0,511652;1,409240;-0,163316;0,307755;0,815716;-0,041488;0,275109;0,707928;-0,109293;0,306489;0,788696;-0,056123;0,285321;0,734203;-0,098724;0,304537;0,783961;-0,095132;0,302187;0,777609;-0,097422;0,304115;0,782720
00:00:04.889;115;4;4;3;4;-29,285944;67,362490;-20,365082;78,385253;-25,029089;83,277500;1,551509;59,885759;33,423633;35,749413;31,806181;41,704971;13,682596;-39,739197;-0,123865;-0,129972;1,279171;-0,110357;-0,160633;1,248195;-0,099988;-0,164051;1,244703;-0,089611;-0,168311;1,243879;-0,133277;-0,157756;1,256233;-0,138376;-0,157637;1,254259;-0,143782;-0,160030;1,258615;-0,044803;-0,192519;1,271786;-0,125172;-0,166071;1,248414;-0,092616;-0,112833;1,304348;-0,124809;-0,110084;1,322385;0,137219;-0,091477;1,443106;-0,191392;-0,044252;1,392754;0,263399;0,118460;1,519830;-0,330253;0,157145;1,417548;0,350796;0,180988;1,300613;-0,365449;0,234616;1,150585;0,386764;0,195199;1,252991;-0,392236;0,270638;1,112403;0,379462;0,187198;1,255758;-0,382391;0,267281;1,118577;0,363234;0,185514;1,261117;-0,369173;0,259134;1,132211;0,094918;0,253272;1,056531;-0,075744;0,326862;1,224221;0,151419;0,518463;1,410906;-0,161038;0,308446;0,809165;-0,039989;0,276073;0,710403;-0,100000;0,304086;0,782502;-0,054393;0,285023;0,733432;-0,087771;0,300505;0,773475;-0,090795;0,301290;0,775296;-0,084044;0,298735;0,768818
00:00:04.931;116;4;3;3;4;-32,597082;68,314752;-19,109569;77,685372;-26,248969;83,066676;2,437114;59,789757;32,929095;35,839696;33,345026;31,517787;13,220273;41,012031;-0,125359;-0,127882;1,276311;-0,111827;-0,158575;1,243927;-0,101511;-0,162113;1,240957;-0,091308;-0,166379;1,241121;-0,134578;-0,154720;1,250201;-0,140089;-0,155433;1,249618;-0,145974;-0,157245;1,254550;-0,047120;-0,191370;1,269411;-0,127084;-0,164219;1,244069;-0,094128;-0,110957;1,301426;-0,125960;-0,108169;1,319101;0,134702;-0,091154;1,437819;-0,194218;-0,043837;1,393190;0,261501;0,117415;1,516740;-0,332153;0,161693;1,416306;0,350736;0,181219;1,300049;-0,364903;0,243657;1,145480;0,386667;0,195226;1,252294;-0,392799;0,277883;1,110162;0,379391;0,187335;1,255143;-0,382235;0,276515;1,114875;0,363640;0,185786;1,260376;-0,368766;0,267763;1,130037;0,096253;0,258243;1,073145;-0,071473;0,307691;1,146444;0,149944;0,526732;1,420039;-0,164317;0,309303;0,805958;-0,039014;0,276699;0,712012;-0,091088;0,301573;0,776026;-0,052366;0,284421;0,731881;-0,076818;0,295845;0,761409;-0,093373;0,302475;0,778342;-0,069832;0,292381;0,752432
00:00:04.973;117;4;3;3;4;-34,062744;69,077512;-17,602596;76,605637;-28,018103;83,713936;3,596627;59,413388;32,366490;35,969341;33,537486;25,442716;12,075719;-41,724572;-0,127631;-0,126387;1,273052;-0,114122;-0,156447;1,240453;-0,103813;-0,160719;1,237472;-0,093650;-0,164846;1,237229;-0,136834;-0,152747;1,246281;-0,141867;-0,153959;1,246252;-0,148023;-0,155350;1,251207;-0,049316;-0,190518;1,267167;-0,128178;-0,162834;1,239845;-0,095795;-0,109680;1,298827;-0,127455;-0,106925;1,316965;0,132066;-0,090812;1,432282;-0,196055;-0,043568;1,393474;0,259585;0,116816;1,515781;-0,332171;0,165241;1,413749;0,350508;0,181272;1,298982;-0,364212;0,250583;1,141112;0,385956;0,194917;1,249741;-0,393417;0,284978;1,105905;0,378710;0,187110;1,252643;-0,382420;0,284280;1,109669;0,363498;0,185756;1,258494;-0,368108;0,275121;1,125474;0,098091;0,264102;1,094794;-0,067975;0,295697;1,093439;0,150350;0,527476;1,415825;-0,167435;0,309996;0,804222;-0,038825;0,277378;0,713758;-0,082317;0,298306;0,767617;-0,051048;0,284029;0,730873;-0,067381;0,291591;0,750416;-0,097512;0,303926;0,782072;-0,055852;0,286211;0,736531
00:00:05.014;118;4;3;3;4;-34,967292;69,694732;-16,285418;75,618494;-29,409821;84,095528;4,391499;59,383659;31,657885;36,198672;32,856811;-19,125270;11,517237;39,471946;-0,128962;-0,125278;1,269534;-0,115479;-0,154890;1,236794;-0,105217;-0,158978;1,234157;-0,094418;-0,163758;1,233999;-0,138142;-0,151296;1,242333;-0,143646;-0,152210;1,243364;-0,149977;-0,154032;1,248335;-0,050699;-0,189091;1,264659;-0,129441;-0,161751;1,235699;-0,096825;-0,108056;1,296438;-0,129139;-0,106088;1,315228;0,130290;-0,090545;1,427984;-0,197149;-0,043371;1,392958;0,258339;0,115565;1,515158;-0,331769;0,169731;1,410337;0,350454;0,181355;1,298638;-0,363731;0,257162;1,136173;0,385601;0,194061;1,248432;-0,394054;0,291312;1,100338;0,378161;0,186912;1,250668;-0,383184;0,290857;1,102785;0,363407;0,185736;1,257271;-0,368303;0,282055;1,118658;0,099223;0,267741;1,108166;-0,065724;0,287430;1,059335;0,143142;0,529384;1,419036;-0,168094;0,310446;0,803095;-0,042685;0,279588;0,719443;-0,091528;0,300808;0,774051;-0,054862;0,286223;0,736517;-0,077620;0,295899;0,761470;-0,102349;0,304596;0,783797;-0,071507;0,292538;0,752795
00:00:05.055;119;4;3;3;4;-35,836893;70,089964;-15,514016;75,185741;-30,699465;84,747192;4,878146;59,142041;31,226116;36,234383;33,615202;-13,566113;11,631552;40,174776;-0,130361;-0,124387;1,265497;-0,116294;-0,153792;1,233716;-0,106037;-0,157714;1,230952;-0,095476;-0,162820;1,230149;-0,138912;-0,150269;1,239066;-0,144719;-0,150989;1,240786;-0,150370;-0,153005;1,245068;-0,051554;-0,188007;1,261978;-0,129489;-0,160956;1,232305;-0,098093;-0,106858;1,293134;-0,130058;-0,105404;1,312348;0,129042;-0,090305;1,424139;-0,197760;-0,043221;1,391923;0,256727;0,114779;1,515102;-0,331426;0,172604;1,407769;0,350230;0,181311;1,297715;-0,362553;0,261271;1,132262;0,385263;0,193451;1,247231;-0,393973;0,294905;1,097070;0,378514;0,186783;1,249384;-0,383182;0,295230;1,098660;0,363347;0,185723;1,256476;-0,367337;0,286189;1,112828;0,099520;0,268919;1,111958;-0,064694;0,281483;1,035068;0,139094;0,533242;1,428124;-0,168596;0,310875;0,802712;-0,047512;0,282248;0,726288;-0,096526;0,302162;0,777533;-0,059754;0,288873;0,743336;-0,082817;0,298291;0,767606;-0,108575;0,304897;0,784568;-0,079328;0,296242;0,762317
00:00:05.096;120;4;3;3;4;-35,935106;70,472917;-14,829248;74,638803;-31,784611;85,183479;5,335325;59,052458;30,765304;36,415538;34,844491;7,205780;11,765638;38,569578;-0,130409;-0,123671;1,261473;-0,116026;-0,152949;1,230666;-0,105783;-0,156759;1,227819;-0,095468;-0,162210;1,227647;-0,138632;-0,149517;1,236243;-0,144590;-0,150069;1,238061;-0,150539;-0,152252;1,242244;-0,052050;-0,187096;1,258836;-0,129409;-0,160303;1,229048;-0,098078;-0,105966;1,289587;-0,130548;-0,104876;1,309426;0,128199;-0,090126;1,421291;-0,198107;-0,043113;1,390900;0,255737;0,113430;1,515417;-0,330159;0,174339;1,405050;0,350179;0,181331;1,297465;-0,361339;0,264246;1,128321;0,385151;0,193108;1,246800;-0,393426;0,296715;1,095295;0,378743;0,186699;1,248550;-0,381940;0,298073;1,095979;0,363207;0,185663;1,255610;-0,365850;0,288690;1,108338;0,100716;0,272399;1,125623;-0,063846;0,276853;1,016494;0,136788;0,530514;1,420030;-0,168392;0,310562;0,802112;-0,050649;0,283977;0,730737;-0,098345;0,302770;0,779097;-0,062934;0,290596;0,747769;-0,085186;0,299438;0,770544;-0,112121;0,304955;0,784719;-0,082437;0,297970;0,766756
00:00:05.138;121;4;3;3;4;-38,601977;70,692518;-14,535684;74,469164;-32,553708;85,525404;4,942952;59,138826;30,620546;36,410736;32,421704;-5,601948;11,921707;-39,832254;-0,130294;-0,123069;1,257458;-0,115819;-0,152357;1,228333;-0,105587;-0,156094;1,225432;-0,094767;-0,161118;1,226021;-0,138371;-0,148944;1,233708;-0,144466;-0,149429;1,235940;-0,150606;-0,151720;1,240059;-0,051646;-0,185739;1,256443;-0,129283;-0,159787;1,226231;-0,097988;-0,105301;1,286232;-0,129952;-0,104394;1,305777;0,127589;-0,089966;1,418739;-0,197393;-0,043010;1,389185;0,254173;0,112529;1,515271;-0,329171;0,175378;1,402582;0,350052;0,181296;1,296952;-0,361111;0,264037;1,127508;0,385078;0,192885;1,246520;-0,392693;0,295744;1,093092;0,378999;0,186697;1,248357;-0,380148;0,296532;1,093186;0,363217;0,185676;1,255396;-0,364143;0,287720;1,105070;0,096735;0,261202;1,081305;-0,063385;0,273665;1,005821;0,136357;0,524963;1,417570;-0,169625;0,309044;0,810473;-0,051771;0,284693;0,732579;-0,115050;0,304933;0,784663;-0,065001;0,291716;0,750650;-0,103660;0,302495;0,778403;-0,112193;0,304994;0,784818;-0,106653;0,302086;0,777341
00:00:05.179;122;4;2;3;4;-37,822924;70,821497;-14,151599;73,978847;-33,009326;85,705237;5,313692;58,961747;30,606765;36,361690;30,040195;-1,431824;12,082050;-45,903411;-0,129472;-0,122644;1,254497;-0,114988;-0,151973;1,226816;-0,104795;-0,155706;1,224231;-0,094258;-0,160317;1,224263;-0,138202;-0,148571;1,232060;-0,144385;-0,149013;1,234561;-0,149863;-0,151289;1,237938;-0,051354;-0,184755;1,254188;-0,128506;-0,159452;1,224400;-0,097983;-0,104925;1,284751;-0,129668;-0,104164;1,304455;0,127161;-0,089840;1,416730;-0,196930;-0,042943;1,388070;0,253040;0,111891;1,514476;-0,328365;0,175170;1,400279;0,349780;0,181174;1,295919;-0,360321;0,264542;1,126980;0,384214;0,192686;1,245988;-0,391472;0,294400;1,091310;0,379271;0,186748;1,248582;-0,378741;0,295960;1,090671;0,363325;0,185736;1,255608;-0,362293;0,286998;1,102595;0,098373;0,265296;1,099748;-0,062696;0,271787;1,001684;0,135909;0,519916;1,414220;-0,168970;0,307415;0,818008;-0,054850;0,286383;0,736926;-0,122229;0,306204;0,787931;-0,068304;0,293396;0,754972;-0,110990;0,304075;0,782462;-0,115080;0,305427;0,785931;-0,113384;0,303808;0,781772
00:00:05.220;123;4;2;3;4;-38,962651;70,908662;-13,708312;73,783503;-33,727168;85,823938;5,342651;58,669574;30,617000;36,335462;28,489536;1,571135;11,749904;-50,257254;-0,128938;-0,122367;1,252573;-0,114415;-0,151679;1,225481;-0,104250;-0,155409;1,223100;-0,093232;-0,159796;1,223121;-0,137354;-0,148287;1,230639;-0,143631;-0,148743;1,233665;-0,149421;-0,151051;1,236910;-0,051179;-0,184166;1,253072;-0,128001;-0,159234;1,223210;-0,098034;-0,104738;1,284488;-0,129657;-0,104154;1,305346;0,126820;-0,089713;1,414725;-0,196678;-0,042911;1,387696;0,252420;0,111528;1,514659;-0,327841;0,175035;1,398781;0,349618;0,181487;1,298047;-0,359808;0,263588;1,126637;0,383760;0,192611;1,245992;-0,390059;0,293526;1,090151;0,379555;0,186833;1,249078;-0,377087;0,294876;1,088686;0,363598;0,185878;1,256445;-0,360862;0,285724;1,100287;0,096432;0,259871;1,078136;-0,062249;0,270566;0,998994;0,136897;0,518412;1,416943;-0,168332;0,306444;0,821855;-0,057334;0,287753;0,740452;-0,122949;0,306213;0,787955;-0,070920;0,294624;0,758132;-0,111803;0,304149;0,782650;-0,118302;0,305708;0,786655;-0,113359;0,303976;0,782202
00:00:05.260;124;4;2;3;4;-38,480567;71,093183;-12,996981;73,129291;-33,660095;85,588127;5,583296;58,609828;30,544991;36,112698;27,167992;3,464756;11,410528;-55,154260;-0,128591;-0,122187;1,251323;-0,114043;-0,151489;1,224612;-0,103896;-0,155217;1,222365;-0,092565;-0,159458;1,222379;-0,136803;-0,148102;1,229715;-0,143100;-0,148525;1,232732;-0,149134;-0,150897;1,236241;-0,050381;-0,183173;1,253047;-0,127636;-0,159047;1,222087;-0,098093;-0,104645;1,284667;-0,129720;-0,104203;1,306625;0,126661;-0,089675;1,414121;-0,196563;-0,042901;1,387802;0,251843;0,112076;1,513729;-0,327173;0,174772;1,396408;0,349419;0,181642;1,299081;-0,358945;0,263050;1,126764;0,383465;0,192562;1,245995;-0,389140;0,292338;1,089398;0,379133;0,186941;1,249751;-0,376012;0,293553;1,087396;0,363160;0,186023;1,257339;-0,360161;0,284451;1,099487;0,097456;0,262493;1,089639;-0,061958;0,269773;0,997246;0,137163;0,516039;1,414863;-0,168461;0,305941;0,824706;-0,057986;0,288099;0,741344;-0,127244;0,306763;0,789371;-0,071684;0,295150;0,759486;-0,116061;0,304606;0,783823;-0,119337;0,305483;0,786076;-0,121010;0,305309;0,785631
00:00:05.302;125;4;2;3;4;-39,163870;71,381472;-12,281701;72,335756;-33,746223;85,490797;5,631137;58,663734;30,330128;35,943765;24,984565;-2,446305;11,260916;60,441619;-0,128330;-0,122036;1,250160;-0,113801;-0,151365;1,224048;-0,103666;-0,155091;1,221887;-0,092132;-0,159238;1,221896;-0,136444;-0,147982;1,229115;-0,142756;-0,148383;1,232126;-0,148948;-0,150796;1,235807;-0,049862;-0,182527;1,253031;-0,127399;-0,158925;1,221356;-0,098158;-0,104613;1,285134;-0,128947;-0,104179;1,306756;0,126558;-0,089651;1,413729;-0,196588;-0,043706;1,388571;0,251526;0,112458;1,513474;-0,325946;0,173808;1,394865;0,349383;0,181791;1,300103;-0,358606;0,262220;1,127547;0,383381;0,192585;1,246347;-0,388294;0,291380;1,088209;0,379071;0,187116;1,250888;-0,375193;0,291983;1,086208;0,362976;0,186168;1,258271;-0,360048;0,283267;1,100016;0,096463;0,259733;1,078565;-0,061682;0,268316;0,994710;0,136995;0,513227;1,410011;-0,168331;0,305700;0,825509;-0,057458;0,287781;0,740524;-0,133573;0,307937;0,792391;-0,071681;0,295220;0,759666;-0,122886;0,305991;0,787385;-0,119276;0,305745;0,786749;-0,131014;0,307264;0,790660
00:00:05.343;126;4;2;3;4;-33,785857;71,433440;-12,068202;71,759345;-33,823465;85,562340;5,245476;58,563766;30,132362;35,728270;23,920071;0,368729;10,701746;-62,018650;-0,128088;-0,121870;1,248704;-0,113708;-0,151371;1,224381;-0,103576;-0,155099;1,222277;-0,091876;-0,159140;1,221933;-0,136289;-0,147989;1,229425;-0,142572;-0,149035;1,232082;-0,148911;-0,150816;1,236225;-0,049497;-0,182006;1,252320;-0,126623;-0,158937;1,221582;-0,097364;-0,104478;1,284037;-0,128411;-0,104136;1,306492;0,126522;-0,089657;1,413824;-0,196555;-0,044219;1,388721;0,250573;0,112759;1,514008;-0,324438;0,172433;1,394212;0,349360;0,181888;1,300767;-0,358496;0,261762;1,128405;0,383326;0,192599;1,246575;-0,387993;0,290944;1,088136;0,378819;0,187837;1,250927;-0,375022;0,291242;1,086485;0,362856;0,186263;1,258876;-0,360089;0,282587;1,100711;0,094189;0,252987;1,053167;-0,069462;0,300379;1,121862;0,137364;0,511565;1,411757;-0,168246;0,305542;0,826031;-0,057114;0,287573;0,739990;-0,140866;0,308700;0,794354;-0,071181;0,294993;0,759083;-0,131130;0,307299;0,790750;-0,117993;0,306187;0,787887;-0,141615;0,308535;0,793929
00:00:05.385;127;4;2;3;4;-27,552414;71,471310;-11,848420;71,460559;-33,850463;85,540921;5,531440;58,375032;29,862771;35,511521;23,279149;2,170804;10,385687;60,184362;-0,127398;-0,121933;1,249508;-0,113015;-0,151461;1,225298;-0,102879;-0,155192;1,223230;-0,091736;-0,159123;1,222306;-0,136265;-0,148077;1,230326;-0,142574;-0,149586;1,233103;-0,148266;-0,150915;1,237196;-0,049273;-0,181719;1,252208;-0,126190;-0,159036;1,222428;-0,097005;-0,104561;1,285424;-0,128813;-0,104721;1,314020;0,126530;-0,089683;1,414235;-0,196682;-0,044586;1,389869;0,249954;0,112954;1,514355;-0,322905;0,171667;1,394838;0,349345;0,181951;1,301198;-0,358314;0,261383;1,128614;0,383398;0,192663;1,247074;-0,387797;0,290660;1,088088;0,378656;0,188305;1,250953;-0,374293;0,290142;1,086665;0,362678;0,186273;1,258919;-0,359603;0,282234;1,101512;0,096750;0,258748;1,081809;-0,074345;0,319710;1,201710;0,137604;0,508875;1,412892;-0,167580;0,305182;0,825670;-0,056418;0,287167;0,738944;-0,142881;0,309196;0,795630;-0,070362;0,294574;0,758004;-0,133828;0,308285;0,793288;-0,116760;0,306610;0,788977;-0,144731;0,309089;0,795354
00:00:05.425;128;4;3;3;4;-24,811166;71,467289;-11,786599;70,814475;-33,557730;85,242140;5,469594;58,464833;29,691246;35,364717;21,455253;5,313857;10,452669;55,903685;-0,127056;-0,122076;1,251080;-0,112596;-0,151563;1,226244;-0,102455;-0,155297;1,224199;-0,091001;-0,159202;1,223249;-0,135587;-0,148176;1,231262;-0,141912;-0,149987;1,234117;-0,147971;-0,151107;1,238877;-0,048442;-0,182346;1,252835;-0,125944;-0,159146;1,223328;-0,096824;-0,104672;1,287026;-0,128938;-0,104990;1,317513;0,126598;-0,089744;1,415203;-0,195972;-0,044825;1,390615;0,249495;0,113055;1,514231;-0,320320;0,169580;1,395245;0,348781;0,182090;1,302179;-0,358306;0,261218;1,129099;0,383445;0,192704;1,247398;-0,386927;0,290382;1,087707;0,378443;0,188557;1,250619;-0,373200;0,289427;1,086782;0,362562;0,186279;1,258948;-0,358772;0,282094;1,102383;0,097256;0,258794;1,087476;-0,076827;0,328574;1,242412;0,138009;0,502743;1,408030;-0,167447;0,304941;0,829285;-0,056439;0,287174;0,738963;-0,147756;0,309382;0,796110;-0,071321;0,295117;0,759402;-0,139603;0,308790;0,794587;-0,115857;0,306614;0,788985;-0,152278;0,309585;0,796630
00:00:05.466;129;4;3;3;4;-22,486821;71,295931;-11,490923;70,351087;-33,348583;84,877064;5,506355;58,126984;29,569251;35,195194;20,608349;8,466160;10,368741;52,955924;-0,126939;-0,122271;1,253152;-0,112387;-0,151716;1,227558;-0,101511;-0,155410;1,225180;-0,089825;-0,159951;1,223862;-0,135222;-0,148325;1,232570;-0,141562;-0,150333;1,235476;-0,147905;-0,151360;1,241020;-0,047928;-0,182857;1,253943;-0,125820;-0,159960;1,224263;-0,095972;-0,105478;1,288067;-0,128132;-0,105804;1,318383;0,126642;-0,089784;1,415832;-0,195608;-0,045003;1,391800;0,249138;0,113094;1,513800;-0,318639;0,168223;1,395509;0,348508;0,182229;1,303166;-0,357769;0,260547;1,129764;0,383368;0,192677;1,247259;-0,386237;0,290109;1,087110;0,378199;0,188668;1,250053;-0,372490;0,288962;1,086859;0,362486;0,186283;1,258966;-0,358232;0,282003;1,102949;0,097365;0,258246;1,088709;-0,078302;0,336994;1,279018;0,138273;0,498758;1,404869;-0,165457;0,304309;0,831636;-0,056452;0,287179;0,738976;-0,145543;0,309640;0,796771;-0,071944;0,295471;0,760312;-0,137914;0,309119;0,795432;-0,115371;0,306888;0,789690;-0,150300;0,309771;0,797110
00:00:05.504;130;4;3;3;4;-21,891374;71,031683;-11,649254;70,291032;-32,467358;84,350769;5,247935;57,944022;29,469956;34,968899;19,635878;9,189970;10,065981;49,321743;-0,125466;-0,123148;1,254849;-0,110913;-0,152603;1,229113;-0,099582;-0,156317;1,226867;-0,087762;-0,160622;1,225660;-0,134395;-0,149253;1,234471;-0,140786;-0,150729;1,237760;-0,147235;-0,152319;1,243113;-0,046247;-0,183547;1,257113;-0,125183;-0,160674;1,226271;-0,093999;-0,106060;1,289443;-0,126724;-0,106220;1,317549;0,126827;-0,089921;1,417991;-0,195372;-0,045119;1,392570;0,248849;0,113954;1,513170;-0,317705;0,167425;1,396381;0,348237;0,182271;1,303458;-0,357420;0,260112;1,130197;0,383533;0,193478;1,247868;-0,385665;0,289837;1,086371;0,378252;0,188845;1,250384;-0,371789;0,288475;1,086208;0,362538;0,186338;1,259328;-0,357994;0,282033;1,103667;0,096185;0,254588;1,075511;-0,079344;0,342833;1,304211;0,138410;0,496044;1,402465;-0,162539;0,303517;0,832113;-0,057413;0,287727;0,740385;-0,136521;0,308991;0,795101;-0,073321;0,296108;0,761953;-0,128260;0,308244;0,793181;-0,115956;0,307066;0,790149;-0,137709;0,308804;0,794621
00:00:05.545;131;4;3;3;4;-20,948477;70,788191;-11,567315;69,936790;-31,785861;83,915733;5,091747;57,965791;29,336145;34,891913;19,585991;7,670473;9,622971;-49,822014;-0,123143;-0,124505;1,256652;-0,109284;-0,153925;1,230473;-0,097628;-0,157606;1,227963;-0,085746;-0,161804;1,227179;-0,132448;-0,150560;1,235706;-0,139614;-0,151736;1,239594;-0,146130;-0,153696;1,244824;-0,043761;-0,184201;1,260573;-0,124840;-0,161230;1,228276;-0,092077;-0,106555;1,291738;-0,125126;-0,106547;1,317707;0,127041;-0,090077;1,420444;-0,195219;-0,045194;1,393070;0,248834;0,114593;1,513811;-0,316861;0,166781;1,395898;0,348434;0,182494;1,305048;-0,357082;0,259748;1,130128;0,383532;0,193944;1,247914;-0,385417;0,289754;1,086241;0,378287;0,188961;1,250600;-0,371334;0,288775;1,085785;0,362572;0,186373;1,259563;-0,357840;0,282053;1,104133;0,096231;0,254357;1,076032;-0,080021;0,347397;1,320587;0,134402;0,481232;1,359602;-0,160037;0,302749;0,831724;-0,057560;0,287810;0,740600;-0,125232;0,307209;0,790516;-0,073712;0,296251;0,762319;-0,116134;0,306179;0,787867;-0,115681;0,306638;0,789047;-0,122718;0,306543;0,788804
00:00:05.588;132;3;3;3;3;-19,706568;70,471985;-12,149568;70,107316;-30,654433;83,509599;4,921608;58,201898;29,223484;34,825901;20,341618;-6,585640;9,172552;-49,888487;-0,120787;-0,125960;1,256424;-0,107494;-0,155441;1,231008;-0,094933;-0,159098;1,228326;-0,083012;-0,163925;1,227816;-0,130442;-0,152071;1,236159;-0,138107;-0,153761;1,240436;-0,145452;-0,155346;1,246285;-0,041434;-0,185398;1,263173;-0,124616;-0,162293;1,229580;-0,090020;-0,107525;1,292180;-0,123145;-0,107336;1,315710;0,127368;-0,090311;1,424139;-0,195021;-0,045220;1,392696;0,248939;0,115926;1,514927;-0,316470;0,166446;1,396283;0,348655;0,182687;1,306431;-0,356642;0,259993;1,129383;0,383532;0,194247;1,247944;-0,385380;0,289794;1,086507;0,378310;0,189036;1,250740;-0,371157;0,289064;1,085860;0,362594;0,186396;1,259716;-0,357853;0,282155;1,104787;0,097325;0,257644;1,088271;-0,080399;0,350087;1,330182;0,136624;0,484048;1,364642;-0,158411;0,302722;0,831470;-0,057181;0,287593;0,740040;-0,113640;0,305234;0,785435;-0,072999;0,295935;0,761507;-0,103423;0,303341;0,780564;-0,115605;0,306631;0,789030;-0,106289;0,303170;0,780123
00:00:05.630;133;4;3;3;4;-20,683174;70,030198;-12,097526;69,533090;-29,794545;83,109708;4,523056;58,108554;29,171771;34,773527;20,408824;6,150779;8,908305;-52,488203;-0,118667;-0,127050;1,257675;-0,105658;-0,157173;1,231705;-0,093206;-0,160813;1,228912;-0,080580;-0,165399;1,228931;-0,128505;-0,153846;1,237153;-0,136458;-0,155829;1,241333;-0,144341;-0,157174;1,247585;-0,039921;-0,186177;1,264862;-0,124542;-0,163779;1,231127;-0,087947;-0,108892;1,292467;-0,121921;-0,108654;1,315111;0,127643;-0,090508;1,427240;-0,194941;-0,045248;1,392802;0,249064;0,116819;1,516003;-0,315900;0,165269;1,395134;0,348986;0,182911;1,308030;-0,356577;0,259671;1,129599;0,383640;0,194499;1,248314;-0,385604;0,289386;1,087380;0,378536;0,189191;1,251531;-0,370662;0,288819;1,086609;0,362709;0,186463;1,260165;-0,357748;0,282132;1,104861;0,096002;0,254380;1,073476;-0,080454;0,351006;1,333268;0,131747;0,466311;1,312967;-0,156751;0,302450;0,830606;-0,057887;0,287995;0,741076;-0,108046;0,304495;0,783533;-0,073503;0,296138;0,762030;-0,097579;0,302312;0,777916;-0,116903;0,306627;0,789020;-0,099922;0,302337;0,777980
00:00:05.671;134;4;2;3;4;-20,448115;69,436371;-12,152689;68,786290;-28,364826;82,455396;4,113741;57,830854;29,030908;34,603512;20,765337;-4,883851;9,057108;-54,059857;-0,114481;-0,129266;1,259189;-0,101551;-0,159516;1,230758;-0,089261;-0,163281;1,228943;-0,076937;-0,167856;1,230355;-0,124963;-0,156884;1,236050;-0,133120;-0,158404;1,240517;-0,141331;-0,159601;1,247031;-0,037522;-0,187562;1,267010;-0,123055;-0,166102;1,231782;-0,083636;-0,111220;1,292304;-0,119063;-0,111191;1,316822;0,128829;-0,090769;1,431356;-0,194743;-0,045232;1,391822;0,249088;0,117372;1,516352;-0,315134;0,164299;1,392637;0,348455;0,183057;1,309070;-0,356313;0,259943;1,129039;0,383602;0,194608;1,248204;-0,385749;0,289741;1,087947;0,378577;0,189238;1,251695;-0,370222;0,289186;1,086746;0,362166;0,186558;1,260808;-0,357453;0,282566;1,104210;0,096144;0,254918;1,075059;-0,080680;0,352433;1,338424;0,134934;0,475257;1,334679;-0,154879;0,302574;0,828294;-0,058346;0,288257;0,741749;-0,105433;0,304422;0,783346;-0,073831;0,296270;0,762369;-0,094782;0,302052;0,777246;-0,117693;0,306488;0,788663;-0,097271;0,302340;0,777987
00:00:05.711;135;4;2;3;4;-20,804843;68,405859;-12,629623;68,712400;-27,364440;81,970604;3,674550;56,468297;28,961684;34,520932;21,228551;3,313771;9,153775;55,103053;-0,107740;-0,135788;1,254573;-0,093963;-0,166583;1,229793;-0,081839;-0,170585;1,229663;-0,069752;-0,175388;1,233381;-0,118964;-0,163474;1,233232;-0,127161;-0,163912;1,237186;-0,135477;-0,164938;1,243170;-0,033815;-0,192244;1,269457;-0,120618;-0,170317;1,231509;-0,076251;-0,116798;1,288697;-0,113225;-0,115421;1,305685;0,129600;-0,090939;1,434031;-0,194516;-0,045199;1,390484;0,249104;0,117732;1,516579;-0,314794;0,163750;1,391714;0,348202;0,183200;1,310095;-0,356142;0,260120;1,128676;0,383577;0,194678;1,248133;-0,385844;0,289972;1,088315;0,378604;0,189269;1,251802;-0,369935;0,290043;1,086835;0,361813;0,186620;1,261225;-0,357375;0,282938;1,104136;0,095359;0,252940;1,066289;-0,080911;0,353729;1,343176;0,138571;0,481071;1,348791;-0,152255;0,302654;0,826791;-0,057219;0,287611;0,740087;-0,100770;0,303423;0,780775;-0,073576;0,296220;0,762240;-0,090055;0,300930;0,774360;-0,115318;0,305854;0,787031;-0,090690;0,300709;0,773791
00:00:05.752;136;4;2;3;4;-28,211816;66,976826;-12,904231;68,490327;-26,484090;81,724800;2,999449;54,370005;28,884046;34,359569;21,097105;2,385587;9,223668;50,048962;-0,100352;-0,143967;1,249122;-0,085536;-0,176069;1,229165;-0,072827;-0,180293;1,230481;-0,060902;-0,184742;1,236748;-0,112940;-0,172596;1,231051;-0,121186;-0,172396;1,235021;-0,129595;-0,173384;1,241010;-0,029224;-0,198130;1,270697;-0,117698;-0,175965;1,232031;-0,068473;-0,123922;1,284953;-0,106948;-0,121426;1,294595;0,130164;-0,091093;1,436470;-0,194368;-0,045178;1,389615;0,249172;0,118857;1,517076;-0,314494;0,163353;1,390764;0,347476;0,183391;1,311462;-0,356141;0,260316;1,128789;0,383561;0,194724;1,248086;-0,385905;0,290122;1,088555;0,377698;0,189184;1,251171;-0,369749;0,290600;1,086893;0,361065;0,186764;1,262196;-0,357437;0,283270;1,104439;0,096039;0,254813;1,073888;-0,073565;0,322884;1,221664;0,143830;0,484879;1,355864;-0,149894;0,302788;0,824764;-0,052849;0,285423;0,734457;-0,093437;0,301550;0,775954;-0,069476;0,294011;0,756556;-0,082629;0,298433;0,767934;-0,109137;0,304898;0,784570;-0,079668;0,296521;0,763014
00:00:05.805;137;4;2;3;4;-33,273821;63,507498;-13,295345;68,345379;-25,064581;81,067703;2,077521;51,157575;28,758786;34,205780;21,011238;1,796273;9,190711;54,699292;-0,090674;-0,153659;1,246630;-0,075198;-0,186545;1,229458;-0,062157;-0,190582;1,233813;-0,050274;-0,194897;1,242086;-0,104911;-0,182188;1,230683;-0,114425;-0,183367;1,241314;-0,123020;-0,184521;1,248357;-0,022627;-0,205033;1,272553;-0,115287;-0,184044;1,242520;-0,058370;-0,133080;1,283920;-0,100350;-0,129583;1,292987;0,130754;-0,091349;1,440506;-0,194272;-0,045164;1,389049;0,249216;0,119588;1,517400;-0,314299;0,163094;1,390147;0,347004;0,183516;1,312350;-0,356141;0,260443;1,128863;0,382734;0,194700;1,247706;-0,385945;0,290219;1,088711;0,377320;0,189234;1,251461;-0,369628;0,290962;1,086930;0,360578;0,186857;1,262828;-0,357478;0,283486;1,104635;0,096293;0,256147;1,076727;-0,068306;0,301242;1,134632;0,149211;0,495257;1,377962;-0,147217;0,302836;0,819597;-0,046525;0,282505;0,726947;-0,086788;0,299788;0,771420;-0,062170;0,290263;0,746911;-0,075361;0,295449;0,760257;-0,099386;0,302780;0,779121;-0,070607;0,292711;0,753209
00:00:05.845;138;4;2;3;4;-38,129573;60,783203;-13,382160;67,699786;-23,584153;80,285108;0,381086;48,856556;28,432232;34,165330;19,752055;2,675335;9,205766;-56,696265;-0,080903;-0,162229;1,246059;-0,065071;-0,195172;1,232097;-0,051739;-0,199692;1,237728;-0,040535;-0,203820;1,246606;-0,096939;-0,190639;1,231144;-0,107731;-0,192285;1,243304;-0,116389;-0,193504;1,250682;-0,015436;-0,211277;1,275509;-0,113002;-0,190731;1,249338;-0,049614;-0,141221;1,283248;-0,093749;-0,136883;1,290191;0,132092;-0,090778;1,444529;-0,194161;-0,045144;1,388332;0,250050;0,120036;1,517260;-0,313067;0,162763;1,388345;0,346789;0,183645;1,313278;-0,356251;0,260607;1,129261;0,382303;0,194738;1,247809;-0,385723;0,290096;1,088112;0,376467;0,189319;1,252000;-0,369430;0,291103;1,086605;0,359642;0,186970;1,263588;-0,357277;0,283446;1,104063;0,093077;0,248533;1,040773;-0,065570;0,287738;1,080161;0,153516;0,500261;1,385325;-0,145476;0,303329;0,816238;-0,041976;0,280336;0,721365;-0,081498;0,298234;0,767423;-0,056960;0,287555;0,739942;-0,069704;0,293102;0,754217;-0,093523;0,301540;0,775928;-0,063344;0,289554;0,745086
00:00:05.885;139;4;2;3;4;-40,207793;58,584166;-13,557893;67,177385;-22,293157;80,002382;-0,916406;47,079589;28,312915;34,197531;19,258366;-2,530663;8,794232;57,708481;-0,072506;-0,169474;1,247439;-0,056432;-0,202493;1,235563;-0,043582;-0,206568;1,241673;-0,032079;-0,210582;1,250944;-0,089783;-0,197893;1,233544;-0,101501;-0,200099;1,248098;-0,110678;-0,200831;1,252543;-0,008569;-0,216434;1,279531;-0,110109;-0,196572;1,254120;-0,041749;-0,148060;1,283511;-0,087222;-0,143736;1,287674;0,133091;-0,090493;1,448544;-0,193203;-0,045108;1,387166;0,250767;0,120410;1,518219;-0,312031;0,162424;1,386125;0,346373;0,183583;1,312831;-0,356102;0,260552;1,128820;0,382023;0,195473;1,247876;-0,386073;0,289922;1,087373;0,376016;0,189428;1,252700;-0,369064;0,291007;1,085693;0,359132;0,187095;1,264432;-0,357147;0,283420;1,103691;0,092521;0,247711;1,034552;-0,063793;0,279517;1,044754;0,155597;0,504566;1,390811;-0,144222;0,303386;0,813355;-0,038179;0,278654;0,717038;-0,081933;0,298721;0,768675;-0,053115;0,285522;0,734713;-0,068418;0,292801;0,753441;-0,084883;0,298829;0,768953;-0,067227;0,291990;0,751356
00:00:05.925;140;4;3;3;4;-41,659392;55,580418;-13,708475;66,687455;-20,397259;79,395098;-2,459714;45,430974;28,140766;33,901332;19,261906;-6,028476;8,398901;-56,108749;-0,064927;-0,175657;1,248685;-0,048746;-0,208975;1,239566;-0,036166;-0,212646;1,245288;-0,025147;-0,216347;1,253414;-0,083118;-0,204322;1,236853;-0,094545;-0,206486;1,250513;-0,104260;-0,207389;1,255853;-0,001893;-0,220828;1,283895;-0,108022;-0,202132;1,263528;-0,035168;-0,153922;1,283332;-0,080884;-0,149870;1,287788;0,134833;-0,089648;1,453953;-0,192580;-0,045084;1,386408;0,251175;0,121490;1,518492;-0,311201;0,162122;1,383981;0,346010;0,183493;1,312190;-0,356005;0,259874;1,128533;0,381948;0,196007;1,248269;-0,386175;0,289716;1,086542;0,375724;0,189498;1,253155;-0,369064;0,290515;1,085801;0,358702;0,187124;1,264631;-0,357063;0,283403;1,103449;0,091393;0,247251;1,028409;-0,063194;0,274174;1,021740;0,160224;0,507620;1,395077;-0,145039;0,304412;0,812881;-0,035711;0,277560;0,714224;-0,080285;0,298357;0,767739;-0,051075;0,284473;0,732013;-0,066124;0,291789;0,750837;-0,081228;0,298019;0,766870;-0,064868;0,290990;0,748781
00:00:05.964;141;4;3;2;4;-43,064349;53,335942;-14,168352;66,796983;-19,343007;79,450776;-3,853052;43,763434;27,868854;33,584155;18,469298;8,460462;8,052978;-52,960928;-0,058617;-0,181261;1,250545;-0,041676;-0,215050;1,244618;-0,029951;-0,218405;1,249737;-0,018505;-0,221976;1,257469;-0,076736;-0,210164;1,240405;-0,088660;-0,212253;1,253134;-0,097934;-0,213088;1,258005;0,004679;-0,225534;1,288832;-0,105180;-0,207145;1,269293;-0,029441;-0,159285;1,283916;-0,075315;-0,155368;1,288212;0,136832;-0,088286;1,457820;-0,192175;-0,045069;1,385915;0,251614;0,123144;1,519720;-0,310188;0,162090;1,383988;0,345867;0,183484;1,312123;-0,356383;0,258466;1,129746;0,382113;0,196464;1,249225;-0,386242;0,288965;1,086003;0,375638;0,189597;1,253801;-0,369682;0,289577;1,085870;0,359042;0,187092;1,264410;-0,357008;0,282765;1,103292;0,089768;0,245054;1,014266;-0,062694;0,270783;1,005031;0,165199;0,501667;1,376150;-0,147947;0,305673;0,812922;-0,033673;0,276578;0,711696;-0,078239;0,297712;0,766080;-0,049748;0,283792;0,730259;-0,063223;0,290451;0,747394;-0,079355;0,297765;0,766215;-0,060544;0,288979;0,743608
00:00:06.007;142;4;3;2;4;-43,970839;50,629847;-14,710600;66,656310;-17,709204;79,145507;-5,367846;41,819064;27,913837;33,275261;17,945079;13,467012;7,763746;-48,926290;-0,051039;-0,186104;1,254904;-0,034283;-0,219630;1,251402;-0,023079;-0,222849;1,256479;-0,011302;-0,225680;1,264305;-0,069485;-0,215760;1,252863;-0,080958;-0,217428;1,262887;-0,090757;-0,218343;1,268153;0,011988;-0,228605;1,296241;-0,100033;-0,211232;1,277941;-0,023548;-0,163093;1,286745;-0,068762;-0,159675;1,288488;0,138333;-0,086686;1,462433;-0,190241;-0,045036;1,384895;0,251841;0,125055;1,520168;-0,309295;0,161946;1,382942;0,345681;0,183429;1,311730;-0,357162;0,257471;1,130185;0,382220;0,196761;1,249846;-0,386161;0,288383;1,085302;0,375478;0,189608;1,253871;-0,370322;0,289152;1,086616;0,359164;0,187019;1,263917;-0,357199;0,282528;1,103890;0,089306;0,243712;1,005423;-0,061815;0,268578;0,994170;0,175262;0,505488;1,391498;-0,148899;0,306021;0,815400;-0,027000;0,273763;0,704452;-0,068768;0,293077;0,754152;-0,042798;0,280628;0,722118;-0,054116;0,286045;0,736056;-0,070404;0,293519;0,755290;-0,046483;0,282504;0,726945
00:00:06.053;143;4;3;2;4;-44,476064;49,259360;-15,240335;66,233833;-15,989486;78,709281;-6,835591;40,675928;28,115428;32,814501;19,432550;19,775539;6,739157;-48,180158;-0,045462;-0,188907;1,260188;-0,028080;-0,222451;1,258961;-0,017180;-0,225458;1,263311;-0,005157;-0,227677;1,270498;-0,062566;-0,219274;1,260261;-0,074476;-0,220730;1,268877;-0,084568;-0,221573;1,273699;0,018253;-0,230042;1,302107;-0,094410;-0,214446;1,282511;-0,019000;-0,165106;1,290685;-0,063077;-0,162612;1,289717;0,140385;-0,085786;1,467881;-0,188196;-0,045802;1,384232;0,252105;0,126357;1,521159;-0,308637;0,160240;1,381912;0,345837;0,182792;1,312525;-0,357558;0,256746;1,130120;0,382183;0,196898;1,249900;-0,387100;0,288284;1,085896;0,375374;0,189616;1,253916;-0,371456;0,289433;1,089200;0,359144;0,186919;1,263246;-0,357776;0,282732;1,105678;0,088974;0,242192;0,999325;-0,060278;0,267811;0,989561;0,185844;0,504740;1,401474;-0,147737;0,305066;0,820160;-0,019496;0,270981;0,697294;-0,059471;0,288568;0,742549;-0,034948;0,277076;0,712977;-0,045637;0,282092;0,725886;-0,060104;0,288719;0,742939;-0,034528;0,277343;0,713664
00:00:06.094;144;4;3;2;4;-44,114090;48,385487;-16,303848;66,038588;-14,584127;78,749357;-8,014498;40,355055;28,724570;32,684315;20,638323;23,753960;6,187717;47,355734;-0,041169;-0,190324;1,265722;-0,024061;-0,223747;1,264925;-0,012623;-0,226615;1,268802;-0,000432;-0,228308;1,274874;-0,057370;-0,220955;1,265770;-0,068806;-0,222148;1,272770;-0,079083;-0,222941;1,277305;0,023116;-0,231286;1,307669;-0,089286;-0,215800;1,285482;-0,015318;-0,165946;1,295345;-0,058702;-0,163965;1,291916;0,141889;-0,084456;1,473173;-0,184417;-0,046276;1,383101;0,252567;0,127351;1,523554;-0,308287;0,158386;1,381593;0,345754;0,182282;1,312341;-0,358037;0,256432;1,130778;0,381945;0,196878;1,249235;-0,388087;0,287877;1,087332;0,375097;0,189515;1,253245;-0,372671;0,289987;1,092280;0,359130;0,186855;1,262810;-0,358490;0,283133;1,107891;0,090417;0,245698;1,013911;-0,058641;0,266932;0,985165;0,191901;0,492697;1,386258;-0,145388;0,303591;0,822204;-0,013839;0,269037;0,692291;-0,053859;0,285773;0,735357;-0,029036;0,274494;0,706335;-0,040558;0,279796;0,719976;-0,051241;0,284647;0,732460;-0,027956;0,274396;0,706082
00:00:06.148;145;4;3;2;4;-42,471985;47,938471;-19,514666;68,794165;-13,171098;78,631362;-8,382549;39,998577;29,459224;32,643417;22,970325;24,411949;6,165635;-48,938380;-0,038443;-0,190156;1,271769;-0,020743;-0,223441;1,270551;-0,008936;-0,225488;1,274122;0,003384;-0,226832;1,279468;-0,053304;-0,221505;1,270400;-0,064423;-0,222462;1,276000;-0,074806;-0,223892;1,279998;0,027054;-0,230026;1,312335;-0,083731;-0,216622;1,287064;-0,012932;-0,165883;1,299424;-0,055185;-0,164329;1,295096;0,143038;-0,082842;1,478362;-0,181129;-0,046572;1,382015;0,252983;0,128056;1,525810;-0,311372;0,158044;1,389086;0,345700;0,181950;1,312222;-0,358770;0,257357;1,130506;0,381790;0,196864;1,248803;-0,389348;0,288233;1,088266;0,375734;0,189502;1,253159;-0,374085;0,291596;1,094282;0,359122;0,186813;1,262526;-0,359702;0,284749;1,109679;0,093734;0,254422;1,049992;-0,058036;0,267977;0,990357;0,182357;0,456625;1,294818;-0,141980;0,302632;0,823533;-0,011334;0,268045;0,689739;-0,052019;0,284908;0,733132;-0,026421;0,273361;0,703418;-0,038959;0,278983;0,717885;-0,046328;0,282272;0,726349;-0,026961;0,273841;0,704653
00:00:06.187;146;4;4;2;4;-41,717567;47,907328;-20,842896;69,107884;-12,206197;78,882596;-9,132509;40,261040;30,283359;32,763663;25,596769;-24,752771;6,707272;49,323193;-0,037449;-0,187373;1,277450;-0,018598;-0,219041;1,275258;-0,007271;-0,221160;1,277929;0,005136;-0,222324;1,283154;-0,051428;-0,218397;1,274460;-0,061605;-0,219866;1,278800;-0,072080;-0,221763;1,282799;0,029623;-0,226257;1,315718;-0,079425;-0,215803;1,288791;-0,011399;-0,162455;1,304876;-0,053005;-0,161941;1,299962;0,143921;-0,081019;1,483136;-0,177508;-0,047575;1,382010;0,253544;0,128662;1,529026;-0,312665;0,155882;1,390806;0,345573;0,181686;1,311794;-0,359357;0,257394;1,130679;0,382010;0,197021;1,249572;-0,390424;0,287865;1,091323;0,375750;0,189652;1,254154;-0,375216;0,292042;1,098033;0,359116;0,186786;1,262342;-0,360830;0,285436;1,111891;0,094670;0,256785;1,059795;-0,057460;0,269385;1,000732;0,193404;0,464453;1,342131;-0,140775;0,299505;0,833496;-0,010490;0,267536;0,688431;-0,051725;0,284754;0,732736;-0,027218;0,273712;0,704322;-0,039217;0,278998;0,717925;-0,043134;0,280729;0,722377;-0,027986;0,274160;0,705475
00:00:06.226;147;4;4;2;4;-41,907223;48,948179;-20,794984;67,648213;-11,454235;79,251120;-10,140001;41,358937;31,080708;32,641424;25,604425;23,730941;7,777088;-49,114936;-0,036861;-0,182915;1,283243;-0,017216;-0,213423;1,279368;-0,006193;-0,214911;1,281804;0,006287;-0,215999;1,287300;-0,050248;-0,213625;1,278149;-0,059804;-0,215368;1,281320;-0,069593;-0,217504;1,284969;0,031302;-0,221607;1,318267;-0,075853;-0,213687;1,289214;-0,010426;-0,157626;1,311919;-0,051692;-0,157727;1,305925;0,145587;-0,079961;1,488688;-0,174582;-0,049868;1,383757;0,254257;0,129234;1,533217;-0,312952;0,151842;1,389474;0,345490;0,181514;1,311516;-0,360074;0,257012;1,131841;0,382368;0,196520;1,250772;-0,390749;0,285933;1,094010;0,375865;0,189803;1,255150;-0,375561;0,291257;1,101172;0,359212;0,186820;1,262572;-0,361156;0,285426;1,114029;0,095371;0,257960;1,067217;-0,056292;0,265917;0,993126;0,181892;0,427689;1,247935;-0,140504;0,297088;0,843123;-0,013959;0,268702;0,691430;-0,052915;0,285334;0,734228;-0,032464;0,275980;0,710159;-0,041582;0,279961;0,720401;-0,048757;0,283534;0,729595;-0,030364;0,275184;0,708109
00:00:06.274;148;4;3;2;4;-35,567850;50,284789;-19,776007;65,081781;-12,955433;82,245273;-8,102192;42,552371;31,768422;33,550239;23,383264;23,232441;10,744325;-43,474329;-0,036527;-0,177297;1,288758;-0,016317;-0,206842;1,282039;-0,005493;-0,207915;1,284323;0,007034;-0,209676;1,289995;-0,049494;-0,207652;1,280897;-0,058648;-0,209571;1,283308;-0,067976;-0,212534;1,286380;0,032366;-0,216162;1,318873;-0,072797;-0,210843;1,289489;-0,009807;-0,151693;1,318598;-0,050891;-0,152141;1,311202;0,146705;-0,079292;1,492647;-0,172016;-0,052982;1,385942;0,257004;0,130316;1,544341;-0,311721;0,146570;1,385808;0,345252;0,181306;1,310636;-0,361209;0,254643;1,134697;0,383028;0,196413;1,252952;-0,391209;0,282351;1,096457;0,376149;0,190007;1,256497;-0,376022;0,288406;1,103912;0,359374;0,186894;1,263072;-0,361820;0,283862;1,116819;0,095828;0,258724;1,072041;-0,062169;0,298416;1,122232;0,188927;0,429701;1,264058;-0,135089;0,295538;0,843780;-0,011802;0,267827;0,689179;-0,047416;0,282719;0,727498;-0,030316;0,275143;0,708003;-0,036658;0,277866;0,715011;-0,046464;0,282365;0,726587;-0,024449;0,272721;0,701771
00:00:06.321;149;4;3;2;4;-30,849566;51,727618;-19,272518;63,710481;-13,611303;84,009892;-6,856034;43,935876;32,241381;34,159925;21,052119;22,556485;13,089755;-37,941770;-0,036359;-0,171644;1,294093;-0,015733;-0,201099;1,283775;-0,005037;-0,201900;1,285960;0,007520;-0,204093;1,291747;-0,048273;-0,202306;1,282683;-0,057897;-0,204338;1,284600;-0,066175;-0,207050;1,286947;0,033021;-0,210906;1,317868;-0,070041;-0,207416;1,288968;-0,009420;-0,146573;1,325388;-0,050449;-0,147225;1,316731;0,148355;-0,078038;1,495921;-0,169599;-0,055812;1,387712;0,259621;0,130990;1,551222;-0,311077;0,143212;1,384125;0,345005;0,181122;1,309713;-0,362839;0,249798;1,139353;0,382848;0,196398;1,254719;-0,392007;0,277857;1,099447;0,376334;0,190139;1,257373;-0,376679;0,284289;1,106743;0,359479;0,186942;1,263397;-0,363118;0,279822;1,119332;0,096187;0,259389;1,075877;-0,066101;0,320093;1,208251;0,205464;0,457544;1,351188;-0,131843;0,295322;0,839657;-0,010790;0,267259;0,687717;-0,044713;0,281427;0,724174;-0,029335;0,274734;0,706952;-0,033886;0,276776;0,712207;-0,045404;0,281741;0,724981;-0,021397;0,271256;0,698001
00:00:06.360;150;4;3;2;4;-28,214074;53,228312;-19,248912;62,879014;-13,679821;84,811432;-6,646732;45,542583;32,896648;34,265100;15,019469;-32,150996;14,453674;35,471090;-0,036259;-0,167270;1,297910;-0,016091;-0,196685;1,285254;-0,004740;-0,197939;1,286674;0,007838;-0,199778;1,293235;-0,048223;-0,198151;1,284194;-0,057409;-0,200204;1,285440;-0,065004;-0,202752;1,287316;0,033437;-0,206687;1,316864;-0,067483;-0,204348;1,287929;-0,009167;-0,142448;1,329452;-0,050148;-0,143993;1,319975;0,150391;-0,077277;1,499099;-0,166526;-0,058475;1,389563;0,261263;0,131398;1,555344;-0,310107;0,138771;1,384081;0,344937;0,181051;1,309464;-0,366020;0,237803;1,151129;0,382121;0,196443;1,256217;-0,393148;0,265256;1,103140;0,376663;0,189614;1,258643;-0,380053;0,271939;1,113483;0,359647;0,187025;1,263958;-0,365631;0,267642;1,124116;0,095450;0,256612;1,067520;-0,069417;0,334091;1,263813;0,217032;0,477410;1,413072;-0,133119;0,297130;0,834527;-0,011321;0,267298;0,687816;-0,062757;0,288884;0,743363;-0,030802;0,275285;0,708369;-0,052420;0,285181;0,733835;-0,045627;0,281879;0,725338;-0,046715;0,282273;0,726351
00:00:06.414;151;4;3;3;4;-24,958785;54,605127;-21,671815;67,182617;-12,952354;84,276664;-5,649036;46,978786;33,580672;34,267146;9,533639;-42,848904;15,343442;33,861975;-0,036184;-0,162900;1,300042;-0,016309;-0,192931;1,285165;-0,004545;-0,193797;1,286438;0,008041;-0,196134;1,293503;-0,048152;-0,194564;1,284126;-0,057076;-0,196001;1,285636;-0,064209;-0,198389;1,286855;0,033681;-0,203787;1,315162;-0,065786;-0,200784;1,286554;-0,009007;-0,138313;1,332794;-0,049927;-0,140312;1,321384;0,152534;-0,076764;1,500814;-0,164528;-0,059414;1,390766;0,263506;0,130484;1,554524;-0,311426;0,135106;1,392803;0,344892;0,181005;1,309301;-0,369828;0,211986;1,168584;0,381648;0,196473;1,257191;-0,396508;0,235495;1,112891;0,376877;0,189272;1,259468;-0,384576;0,239043;1,122764;0,359757;0,187079;1,264323;-0,370238;0,235310;1,136325;0,098087;0,260772;1,089738;-0,071572;0,342412;1,299928;0,228881;0,486788;1,442797;-0,138299;0,299501;0,831893;-0,011665;0,267323;0,687880;-0,085922;0,295636;0,760736;-0,031756;0,275643;0,709290;-0,075726;0,292413;0,752443;-0,043550;0,280881;0,722770;-0,079290;0,291746;0,750728
00:00:06.454;152;4;3;3;4;-22,809476;55,380153;-23,329072;72,302415;-12,883684;84,177635;-4,835031;47,695513;34,079901;34,360208;7,512547;62,555250;15,679339;31,781874;-0,036816;-0,160549;1,299327;-0,016415;-0,190813;1,282307;-0,004410;-0,191478;1,283835;0,008158;-0,194191;1,291577;-0,048079;-0,192130;1,283382;-0,056814;-0,193845;1,284714;-0,064388;-0,196180;1,285856;0,033794;-0,201637;1,312305;-0,064632;-0,199038;1,284610;-0,008884;-0,136110;1,332166;-0,049730;-0,137778;1,320900;0,154598;-0,076342;1,500179;-0,163149;-0,059993;1,390848;0,265726;0,129831;1,553290;-0,312283;0,132724;1,398472;0,344863;0,180974;1,309196;-0,371838;0,184346;1,180630;0,381235;0,195721;1,257474;-0,399585;0,200787;1,119929;0,376807;0,188945;1,259304;-0,390196;0,200379;1,130896;0,359828;0,187114;1,264560;-0,375042;0,198856;1,147762;0,101632;0,261301;1,103130;-0,072992;0,347134;1,323754;0,237375;0,492766;1,461768;-0,142225;0,301673;0,828080;-0,007970;0,266387;0,685472;-0,103535;0,300704;0,773778;-0,028200;0,274243;0,705688;-0,093505;0,298065;0,766988;-0,035041;0,277240;0,713400;-0,103506;0,298584;0,768323
00:00:06.506;153;4;3;3;4;-20,957019;57,590368;-24,971266;82,034166;-12,889989;84,285832;-3,882303;49,459777;34,717237;34,623811;-11,927699;-55,360330;16,863940;-33,544108;-0,040868;-0,158852;1,297463;-0,020661;-0,188257;1,272400;-0,007922;-0,189458;1,278643;0,004578;-0,192203;1,285425;-0,050613;-0,189421;1,275198;-0,059194;-0,191357;1,276764;-0,066310;-0,193697;1,278206;0,030817;-0,199657;1,306598;-0,064240;-0,196063;1,275997;-0,011789;-0,134330;1,328258;-0,052592;-0,136096;1,320235;0,155828;-0,076015;1,498716;-0,162171;-0,060338;1,390201;0,267929;0,129349;1,551789;-0,314681;0,131271;1,403207;0,344568;0,180810;1,308077;-0,368724;0,144021;1,180759;0,380861;0,195894;1,257308;-0,398146;0,147172;1,122054;0,376866;0,188785;1,259548;-0,390204;0,141198;1,131283;0,359774;0,187085;1,264364;-0,373078;0,141540;1,143645;0,106532;0,263191;1,118484;-0,073099;0,350798;1,338540;0,235229;0,496652;1,474099;-0,137575;0,302757;0,818602;-0,005568;0,265778;0,683907;-0,097251;0,300734;0,773856;-0,025063;0,272925;0,702297;-0,085335;0,296707;0,763492;-0,030335;0,275281;0,708360;-0,105349;0,301124;0,774860
00:00:06.546;154;3;3;3;3;-19,589744;59,242747;-27,340309;92,617293;-13,109588;84,128035;-2,966357;50,596306;35,383945;34,642797;-13,688019;24,464003;16,504539;32,715508;-0,047805;-0,157454;1,293801;-0,026968;-0,186494;1,265260;-0,015117;-0,187223;1,268968;-0,002056;-0,190341;1,277576;-0,055845;-0,187660;1,269879;-0,063613;-0,189739;1,271597;-0,070437;-0,192083;1,273234;0,025909;-0,198106;1,301139;-0,064648;-0,193970;1,269348;-0,018116;-0,132861;1,322568;-0,057279;-0,134650;1,316303;0,156443;-0,076563;1,496016;-0,162326;-0,060563;1,389781;0,269053;0,128891;1,549063;-0,319944;0,131649;1,411884;0,344468;0,180751;1,307700;-0,367059;0,105194;1,186444;0,380512;0,195951;1,256850;-0,395636;0,097617;1,130085;0,375979;0,188576;1,259006;-0,387099;0,087222;1,135734;0,359020;0,186347;1,264237;-0,370131;0,089369;1,147969;0,110478;0,264663;1,129515;-0,073168;0,353180;1,348151;0,208949;0,447579;1,328815;-0,136269;0,303802;0,814541;-0,004396;0,265519;0,683240;-0,086783;0,297898;0,766556;-0,023025;0,272069;0,700093;-0,072478;0,292015;0,751420;-0,028520;0,274552;0,706484;-0,095977;0,300055;0,772109
00:00:06.587;155;3;4;3;3;-19,576505;60,455506;-28,399488;100,668447;-13,801896;84,419961;-2,638609;51,495020;35,970176;34,855869;-11,527436;10,006991;15,926849;32,072935;-0,052859;-0,156082;1,287570;-0,032444;-0,185143;1,259219;-0,020462;-0,185515;1,260929;-0,007041;-0,188613;1,268975;-0,061357;-0,186413;1,265721;-0,068597;-0,188584;1,267538;-0,075254;-0,190982;1,269652;0,021980;-0,197044;1,297240;-0,066305;-0,192504;1,264326;-0,022941;-0,131768;1,317469;-0,061721;-0,134276;1,311997;0,156695;-0,077693;1,492860;-0,163218;-0,060709;1,389508;0,270725;0,128622;1,547641;-0,324744;0,132608;1,416475;0,344496;0,180761;1,307805;-0,364979;0,073963;1,200638;0,380285;0,195989;1,256553;-0,388777;0,056139;1,143355;0,374686;0,188441;1,258654;-0,379677;0,042687;1,148427;0,358007;0,185969;1,264854;-0,363894;0,047309;1,160580;0,111465;0,261410;1,121285;-0,073214;0,354728;1,354398;0,210599;0,461858;1,369129;-0,137351;0,304597;0,809802;-0,003633;0,265351;0,682806;-0,077608;0,294966;0,759012;-0,019273;0,270424;0,695861;-0,061003;0,287470;0,739723;-0,023643;0,272310;0,700715;-0,084066;0,296640;0,763321
00:00:06.631;156;4;3;2;4;-20,158002;61,461238;-28,049535;107,458811;-12,706300;82,153773;-2,457808;52,342142;36,415120;34,115958;-13,743818;2,212695;14,313663;-37,490644;-0,056870;-0,154465;1,283521;-0,036701;-0,183504;1,254942;-0,024655;-0,183746;1,256054;-0,011005;-0,186879;1,264084;-0,065615;-0,184786;1,262319;-0,073226;-0,187014;1,264200;-0,079700;-0,189288;1,265574;0,017952;-0,196249;1,294006;-0,069503;-0,191498;1,260712;-0,026069;-0,130278;1,313805;-0,065331;-0,133255;1,308848;0,156748;-0,079215;1,489759;-0,164714;-0,060850;1,390380;0,270385;0,127779;1,538667;-0,329071;0,134683;1,417709;0,344044;0,180913;1,308923;-0,359735;0,048076;1,208465;0,379212;0,195904;1,255659;-0,380753;0,023082;1,155481;0,373950;0,187688;1,258775;-0,371192;0,005435;1,162278;0,356727;0,185775;1,265605;-0,356044;0,011629;1,174377;0,111281;0,257437;1,107885;-0,073168;0,355368;1,357059;0,217592;0,469848;1,396384;-0,140854;0,306160;0,807071;-0,003138;0,265241;0,682524;-0,067017;0,290747;0,748158;-0,016437;0,269219;0,692759;-0,049711;0,283019;0,728270;-0,020473;0,270853;0,696965;-0,067239;0,289932;0,746059
00:00:06.671;157;3;3;2;3;-19,012046;62,165005;-27,782291;112,930786;-12,938371;81,342298;-1,412344;52,566493;36,944661;34,083099;-14,231862;1,294524;12,886901;38,655100;-0,060185;-0,153372;1,280539;-0,040152;-0,181629;1,251463;-0,028061;-0,182444;1,251835;-0,014290;-0,185700;1,260554;-0,069768;-0,183626;1,259407;-0,076857;-0,185788;1,260630;-0,083256;-0,188084;1,262223;0,014598;-0,195678;1,291554;-0,072231;-0,190685;1,257313;-0,028855;-0,129344;1,311773;-0,068459;-0,131919;1,307501;0,155755;-0,080108;1,485994;-0,166479;-0,060150;1,390947;0,270412;0,127348;1,534233;-0,333583;0,136875;1,418861;0,343368;0,181205;1,311050;-0,352480;0,033368;1,219852;0,378515;0,195849;1,255079;-0,370746;0,002136;1,167563;0,372652;0,187147;1,258504;-0,359520;-0,016972;1,175830;0,356188;0,185080;1,267143;-0,345928;-0,009685;1,187545;0,113708;0,259936;1,124025;-0,073119;0,355692;1,358438;0,222848;0,473985;1,413400;-0,143002;0,306451;0,804596;-0,002816;0,265170;0,682340;-0,057454;0,286646;0,737602;-0,014594;0,268435;0,690744;-0,040280;0,279174;0,718375;-0,019627;0,270450;0,695927;-0,050835;0,283123;0,728538
00:00:06.711;158;3;4;2;3;-18,905208;62,768509;-25,025038;115,726592;-13,731432;81,319489;-0,881347;52,919934;36,954648;34,239818;-13,260550;-6,986280;11,915209;41,043697;-0,063122;-0,152058;1,279650;-0,043090;-0,180360;1,248851;-0,030973;-0,181547;1,248743;-0,017120;-0,184781;1,257210;-0,073160;-0,182109;1,257165;-0,079907;-0,184227;1,257959;-0,086971;-0,187249;1,259695;0,011683;-0,195202;1,289260;-0,075383;-0,190051;1,254403;-0,031401;-0,128703;1,310103;-0,071174;-0,130947;1,305576;0,155074;-0,080669;1,483196;-0,168461;-0,059709;1,391666;0,270739;0,127212;1,533102;-0,335205;0,139815;1,410859;0,343202;0,181540;1,313483;-0,345405;0,027362;1,229004;0,378167;0,195868;1,255051;-0,360780;-0,008821;1,177516;0,372014;0,186900;1,259028;-0,348706;-0,028148;1,185340;0,355935;0,184679;1,268493;-0,336087;-0,020113;1,196804;0,114461;0,259070;1,126466;-0,072994;0,355445;1,357585;0,225771;0,469930;1,406610;-0,144659;0,306238;0,801938;-0,002607;0,265123;0,682221;-0,048240;0,282755;0,727592;-0,013793;0,268062;0,689783;-0,031287;0,275314;0,708444;-0,021559;0,271412;0,698403;-0,034984;0,276793;0,712250
00:00:06.750;159;3;4;2;3;-18,803693;63,234837;-22,592536;118,451685;-14,296430;81,563297;-0,598515;53,209866;36,179630;34,379965;-7,608881;13,504803;12,414144;-43,986816;-0,065012;-0,151164;1,278723;-0,045000;-0,179535;1,247153;-0,032866;-0,180964;1,246733;-0,018959;-0,184183;1,255037;-0,075320;-0,181023;1,255007;-0,081841;-0,183111;1,255524;-0,089359;-0,185941;1,257702;0,009784;-0,194786;1,287069;-0,077409;-0,188875;1,252162;-0,033065;-0,128320;1,309367;-0,072979;-0,130385;1,305024;0,154631;-0,081033;1,481377;-0,170455;-0,058602;1,391433;0,271014;0,127153;1,532716;-0,334960;0,145463;1,403559;0,342821;0,181613;1,314014;-0,336809;0,026967;1,233203;0,378549;0,195825;1,254683;-0,348465;-0,011065;1,175235;0,372316;0,186738;1,259368;-0,336419;-0,031012;1,182071;0,355380;0,184936;1,267971;-0,324283;-0,022571;1,195123;0,114306;0,258508;1,128053;-0,073684;0,355284;1,357030;0,230632;0,471571;1,420046;-0,145411;0,305913;0,800909;-0,002471;0,265093;0,682144;-0,041415;0,279954;0,720385;-0,013671;0,267956;0,689509;-0,025042;0,272669;0,701639;-0,025343;0,273125;0,702812;-0,023126;0,272270;0,700612
00:00:06.801;160;3;4;2;3;-18,620010;63,213929;-20,198574;120,883339;-14,287687;81,320581;-0,329084;53,174799;34,483533;34,545258;-5,778265;-16,951741;12,893069;-44,318397;-0,066222;-0,150541;1,277770;-0,046227;-0,179656;1,245699;-0,033369;-0,181190;1,244726;-0,020149;-0,184455;1,253274;-0,076724;-0,180316;1,253605;-0,083099;-0,182386;1,253940;-0,090173;-0,185753;1,256056;0,008554;-0,194622;1,286345;-0,079436;-0,188822;1,250705;-0,034137;-0,128038;1,308538;-0,074132;-0,129984;1,304316;0,153502;-0,081270;1,480195;-0,171707;-0,057076;1,390931;0,271007;0,127028;1,531415;-0,331932;0,155199;1,396713;0,342301;0,182262;1,313309;-0,324024;0,032145;1,229632;0,378586;0,196401;1,253744;-0,333459;-0,005880;1,167453;0,372202;0,187194;1,258539;-0,321658;-0,026759;1,174346;0,355019;0,185104;1,267631;-0,309836;-0,018017;1,188430;0,114418;0,258620;1,131185;-0,074133;0,355179;1,356670;0,223441;0,459647;1,389230;-0,145772;0,305434;0,799541;-0,002382;0,265074;0,682094;-0,037814;0,278406;0,716400;-0,013991;0,268022;0,689681;-0,021783;0,271222;0,697915;-0,027803;0,274239;0,705678;-0,017757;0,270011;0,694798
00:00:06.840;161;3;3;2;3;-18,348232;62,883818;-14,799891;120,562564;-14,160679;81,021341;-0,252154;52,841990;30,233703;34,418949;-4,852801;22,474425;12,797545;46,181699;-0,066209;-0,152145;1,275750;-0,046370;-0,181357;1,246155;-0,033036;-0,183011;1,245172;-0,019520;-0,186266;1,253528;-0,076903;-0,181941;1,252343;-0,083988;-0,183494;1,253961;-0,090778;-0,186501;1,256037;0,008485;-0,195978;1,285874;-0,080823;-0,189658;1,250809;-0,034072;-0,129271;1,307300;-0,074881;-0,131207;1,303855;0,152804;-0,081444;1,479777;-0,172565;-0,056099;1,390955;0,270071;0,126917;1,530220;-0,313474;0,165512;1,381064;0,341780;0,182586;1,312151;-0,297333;0,052806;1,225911;0,377792;0,196720;1,252784;-0,302999;0,014844;1,154694;0,371413;0,187489;1,258000;-0,291757;-0,009642;1,160575;0,354784;0,185212;1,267410;-0,280102;-0,001303;1,172529;0,113401;0,259172;1,135320;-0,075196;0,355883;1,356435;0,217800;0,462622;1,382850;-0,145351;0,305658;0,800052;-0,002325;0,265061;0,682061;-0,035909;0,277671;0,714510;-0,014199;0,268066;0,689793;-0,020066;0,270418;0,695845;-0,029402;0,274963;0,707540;-0,015055;0,268814;0,691719
00:00:06.882;162;3;3;2;3;-17,507613;61,013663;-7,554276;115,853849;-14,105990;80,681657;-0,003950;51,335721;26,368936;34,212088;-8,701659;26,164034;10,940661;47,496681;-0,064685;-0,155181;1,273038;-0,044346;-0,184645;1,246801;-0,030721;-0,186539;1,246862;-0,017691;-0,189693;1,254393;-0,076414;-0,184685;1,253273;-0,084972;-0,187264;1,259925;-0,091709;-0,189540;1,263374;0,009183;-0,198543;1,286968;-0,082891;-0,191940;1,257526;-0,032537;-0,131521;1,306145;-0,074607;-0,133448;1,303206;0,151473;-0,081537;1,479155;-0,173914;-0,054672;1,390971;0,268532;0,127686;1,529093;-0,294782;0,174731;1,356541;0,341420;0,182438;1,314198;-0,266481;0,073900;1,202492;0,377065;0,196817;1,251459;-0,268206;0,042388;1,145351;0,370693;0,187577;1,256950;-0,257749;0,014293;1,149524;0,353910;0,185283;1,267267;-0,248246;0,019713;1,157294;0,112727;0,261705;1,144658;-0,077599;0,357855;1,359083;0,215287;0,466960;1,381152;-0,144560;0,306125;0,800034;-0,002287;0,265053;0,682040;-0,034671;0,277194;0,713282;-0,013942;0,268094;0,689865;-0,018959;0,270031;0,694849;-0,030005;0,275161;0,708051;-0,013305;0,268172;0,690067
00:00:06.921;163;3;3;2;3;-16,005323;58,670927;-2,950292;110,580808;-13,722949;80,165687;0,472492;49,753235;23,536945;33,939221;-12,245750;30,937244;9,923417;-49,993069;-0,060086;-0,159319;1,271275;-0,040225;-0,189134;1,248620;-0,026402;-0,191300;1,250060;-0,014370;-0,194347;1,256706;-0,073972;-0,188666;1,254227;-0,082762;-0,191271;1,264501;-0,091008;-0,194027;1,270243;0,010364;-0,202297;1,286979;-0,084522;-0,194802;1,266092;-0,028553;-0,135836;1,304344;-0,071341;-0,136120;1,300334;0,149871;-0,082499;1,479801;-0,174747;-0,052940;1,390631;0,266722;0,128215;1,528711;-0,279581;0,179182;1,340252;0,340706;0,182486;1,316579;-0,233761;0,092307;1,182020;0,376593;0,196880;1,250599;-0,228019;0,069094;1,137528;0,370329;0,187686;1,256618;-0,217712;0,039141;1,137790;0,353342;0,185329;1,267173;-0,211535;0,042029;1,142841;0,113935;0,267284;1,167878;-0,079829;0,358672;1,359054;0,218309;0,465595;1,365699;-0,143196;0,306562;0,800372;-0,002263;0,265047;0,682026;-0,033430;0,276612;0,711783;-0,014174;0,268248;0,690262;-0,018239;0,269779;0,694202;-0,032100;0,275971;0,710133;-0,011771;0,267619;0,688644
00:00:06.973;164;3;3;2;3;-16,200671;56,415323;-0,599675;108,052500;-12,434900;79,071820;0,219398;48,498782;18,744617;33,369787;9,531775;-35,251102;9,304762;50,176447;-0,052035;-0,166289;1,269778;-0,032666;-0,198282;1,257153;-0,020064;-0,200534;1,258789;-0,008618;-0,202156;1,261009;-0,067673;-0,196645;1,261498;-0,077872;-0,198745;1,270626;-0,086234;-0,200768;1,275758;0,014112;-0,208199;1,290137;-0,085630;-0,198964;1,272360;-0,022250;-0,142915;1,301774;-0,064726;-0,141336;1,296717;0,149038;-0,083243;1,482321;-0,175199;-0,051789;1,389710;0,264498;0,128470;1,527412;-0,258294;0,188531;1,332814;0,340061;0,182421;1,317426;-0,181017;0,113519;1,174663;0,376286;0,196921;1,250039;-0,161681;0,098787;1,133843;0,369989;0,187705;1,256052;-0,152310;0,066725;1,130164;0,352973;0,185359;1,267113;-0,152105;0,067332;1,133447;0,112906;0,266577;1,164071;-0,080611;0,360443;1,360785;0,221426;0,458040;1,336404;-0,127657;0,305222;0,792892;-0,002247;0,265044;0,682017;-0,025248;0,273241;0,703109;-0,014326;0,268349;0,690521;-0,017771;0,269616;0,693781;-0,033462;0,276496;0,711487;-0,010775;0,267260;0,687718
00:00:07.014;165;4;3;2;4;-25,756611;54,271123;1,575016;104,426555;-10,880610;77,802682;-2,166271;47,761381;13,861478;32,573874;10,354423;36,777222;8,861746;50,549989;-0,043957;-0,173239;1,270556;-0,025590;-0,206584;1,263750;-0,014495;-0,208836;1,265163;-0,002699;-0,210493;1,265906;-0,061389;-0,203948;1,265874;-0,072470;-0,205672;1,273907;-0,080878;-0,206436;1,278293;0,018058;-0,214553;1,293939;-0,086398;-0,203245;1,277134;-0,015203;-0,149209;1,301853;-0,057525;-0,146322;1,295416;0,148740;-0,084717;1,486408;-0,175271;-0,050191;1,387362;0,261433;0,127825;1,527268;-0,235630;0,198473;1,324129;0,339643;0,182379;1,317977;-0,127512;0,131581;1,167431;0,376191;0,197003;1,250025;-0,098628;0,123690;1,134598;0,369871;0,187770;1,256034;-0,090062;0,089346;1,127307;0,352733;0,185379;1,267073;-0,093760;0,088463;1,129440;0,112316;0,260211;1,155646;-0,068029;0,325290;1,227860;0,216846;0,405395;1,219013;-0,096017;0,295782;0,765980;-0,002237;0,265042;0,682011;-0,019930;0,271050;0,697471;-0,014424;0,268414;0,690688;-0,017467;0,269510;0,693508;-0,034347;0,276838;0,712366;0,009241;0,204050;0,525067
00:00:07.067;166;4;2;2;4;-30,125549;51,648040;4,199356;99,744973;-9,278825;76,569522;-3,741230;47,099422;9,687313;31,843352;4,391739;33,849323;8,596202;-51,009647;-0,037279;-0,179362;1,272111;-0,020267;-0,213495;1,268387;-0,009422;-0,214773;1,268256;0,001885;-0,216888;1,270489;-0,055152;-0,210268;1,269418;-0,066789;-0,210963;1,276389;-0,075990;-0,211762;1,280990;0,021385;-0,219608;1,297460;-0,086352;-0,207225;1,283037;-0,009882;-0,154960;1,303304;-0,052119;-0,151814;1,294920;0,148719;-0,086630;1,490815;-0,174224;-0,048286;1,383385;0,258688;0,126595;1,527874;-0,212626;0,203890;1,312184;0,339460;0,182400;1,318685;-0,082883;0,148653;1,171830;0,376235;0,197111;1,250367;-0,047373;0,144764;1,133339;0,369897;0,187864;1,256372;-0,036694;0,110119;1,127899;0,352577;0,185391;1,267048;-0,043504;0,106592;1,131386;0,113366;0,259950;1,164870;-0,058489;0,304481;1,149159;0,217884;0,372119;1,140258;-0,077183;0,290326;0,750237;-0,002230;0,265040;0,682007;-0,016473;0,269625;0,693806;-0,014488;0,268456;0,690797;-0,017270;0,269440;0,693330;-0,034922;0,277061;0,712938;0,021225;0,162692;0,418644
00:00:07.107;167;4;2;2;4;-33,067628;48,351797;4,939715;95,105689;-6,435937;76,428548;-7,025431;47,883509;5,445003;31,176197;-6,410011;29,288256;8,459546;50,638719;-0,032953;-0,185626;1,273822;-0,016085;-0,219567;1,272102;-0,005396;-0,220461;1,272366;0,005610;-0,222819;1,275218;-0,050418;-0,216076;1,273122;-0,062397;-0,216714;1,278703;-0,072082;-0,217419;1,282744;0,024306;-0,223759;1,300449;-0,085563;-0,211225;1,286524;-0,006423;-0,160229;1,304598;-0,048629;-0,157684;1,295298;0,147906;-0,088443;1,503130;-0,171679;-0,045994;1,372050;0,254817;0,126506;1,537018;-0,188549;0,209136;1,301620;0,339342;0,182414;1,319145;-0,032933;0,166204;1,177140;0,376369;0,197237;1,250938;0,007964;0,165150;1,133920;0,370733;0,187978;1,256942;0,018780;0,131003;1,130385;0,353099;0,185348;1,266681;0,010718;0,125828;1,135101;0,113059;0,257551;1,160715;-0,050089;0,291030;1,100453;0,223409;0,344661;1,081018;-0,054881;0,282563;0,729154;-0,002226;0,265039;0,682005;0,068841;0,375820;0,971424;-0,014529;0,268484;0,690868;0,071540;0,363240;0,964815;-0,035296;0,277205;0,713310;0,032960;0,136490;0,351218
00:00:07.148;168;4;2;2;4;-34,640359;43,257004;6,479404;89,482305;-4,520391;76,230124;-9,594412;46,765443;2,116156;30,718728;-8,261997;-26,607254;6,997184;50,344416;-0,029432;-0,190589;1,275985;-0,012644;-0,223704;1,275566;-0,002046;-0,225142;1,276438;0,008773;-0,227598;1,279342;-0,046656;-0,220830;1,276929;-0,058883;-0,221495;1,281957;-0,068878;-0,222078;1,285283;0,026948;-0,227201;1,302392;-0,084825;-0,215935;1,296841;-0,003431;-0,164445;1,305789;-0,045644;-0,163068;1,296244;0,144741;-0,089599;1,510785;-0,168319;-0,044461;1,363283;0,249648;0,126448;1,542962;-0,166715;0,212672;1,291253;0,340107;0,181719;1,319794;0,006823;0,181965;1,178491;0,376667;0,197429;1,252010;0,052093;0,184891;1,137798;0,371484;0,188156;1,258012;0,062723;0,149916;1,133050;0,354356;0,184701;1,267143;0,054892;0,143314;1,136116;0,111316;0,255455;1,155565;-0,043587;0,283208;1,072295;0,233261;0,323149;1,043212;-0,040385;0,277517;0,715450;0,014671;0,202607;0,521353;0,124295;0,444847;1,151876;-0,014556;0,268502;0,690914;0,134152;0,416789;1,099980;-0,002621;0,210923;0,542751;0,043932;0,119458;0,307392
00:00:07.187;169;4;2;2;4;-35,433094;39,263346;6,334660;85,951349;-2,964580;76,076363;-11,307507;45,580563;-1,013795;30,694103;-9,862498;21,806123;6,487048;-47,123243;-0,024972;-0,194708;1,278440;-0,008950;-0,227313;1,278868;0,001600;-0,228375;1,280135;0,012315;-0,230962;1,283422;-0,042758;-0,224714;1,279754;-0,055147;-0,225399;1,284422;-0,065342;-0,225170;1,287284;0,028648;-0,229313;1,302955;-0,083574;-0,219685;1,303196;-0,000742;-0,168626;1,306213;-0,042975;-0,168093;1,297209;0,140049;-0,090330;1,515410;-0,165119;-0,043400;1,355484;0,244520;0,125527;1,546825;-0,149413;0,216669;1,290114;0,340718;0,180933;1,317766;0,037563;0,194000;1,181819;0,377071;0,197664;1,253406;0,085763;0,198681;1,138569;0,371972;0,188272;1,258708;0,096908;0,164028;1,137933;0,355173;0,184280;1,267443;0,089066;0,156307;1,138875;0,110314;0,254399;1,153617;-0,036458;0,278705;1,053992;0,247416;0,310828;1,018638;0,018368;0,368419;0,955043;0,029948;0,161924;0,418329;0,194818;0,469490;1,246069;0,009105;0,205130;0,527844;0,199608;0,446400;1,212337;0,022917;0,167432;0,430838;0,055026;0,108140;0,279605
00:00:07.227;170;4;2;2;4;-35,439901;35,913606;5,964465;84,526283;-1,298712;75,285004;-12,528345;44,521526;-2,938729;30,468905;-10,627962;20,722613;4,272680;48,246628;-0,020620;-0,197497;1,280736;-0,005086;-0,229723;1,281364;0,006183;-0,230732;1,283938;0,016849;-0,232668;1,287474;-0,038779;-0,227365;1,282290;-0,051274;-0,228063;1,286724;-0,061605;-0,228040;1,289285;0,031276;-0,230937;1,304721;-0,082076;-0,222304;1,308378;0,002497;-0,171439;1,307188;-0,039771;-0,171407;1,298186;0,135323;-0,090848;1,519117;-0,162071;-0,042656;1,348665;0,239314;0,124872;1,548636;-0,138135;0,221403;1,289024;0,340519;0,180147;1,319948;0,058278;0,201951;1,184682;0,375904;0,197817;1,254314;0,109319;0,208196;1,141870;0,371060;0,188452;1,259860;0,119632;0,173026;1,140056;0,354552;0,184159;1,268688;0,112120;0,165626;1,142069;0,109088;0,256148;1,160401;-0,031207;0,276469;1,040345;0,254114;0,298092;1,001614;0,075563;0,436204;1,135628;0,038373;0,135991;0,351014;0,143587;0,335636;0,888345;0,022618;0,163802;0,421499;0,235226;0,486891;1,302869;0,038457;0,139434;0,358795;0,060481;0,100895;0,260493
00:00:07.267;171;4;2;2;4;-35,830377;34,180055;5,318488;83,880724;0,329445;74,696841;-14,569771;44,207954;-4,008047;29,980353;-11,888520;-19,341775;3,835938;47,338994;-0,016330;-0,200096;1,282578;-0,001107;-0,231417;1,283687;0,009906;-0,232391;1,287110;0,020540;-0,233841;1,290458;-0,034736;-0,229151;1,284289;-0,047288;-0,229794;1,288221;-0,058468;-0,230032;1,291285;0,034494;-0,232117;1,306568;-0,079443;-0,223524;1,308946;0,005354;-0,173361;1,308522;-0,036225;-0,173656;1,299521;0,131525;-0,091289;1,523276;-0,159046;-0,042097;1,341782;0,234265;0,124502;1,550514;-0,131504;0,224418;1,287966;0,339458;0,179541;1,320666;0,071828;0,207988;1,187594;0,374845;0,197420;1,256304;0,124631;0,214381;1,144015;0,370054;0,188007;1,261659;0,134601;0,179760;1,142836;0,353087;0,184283;1,270897;0,126731;0,172018;1,146245;0,105603;0,253879;1,149411;-0,028404;0,275392;1,032874;0,250414;0,285968;0,980749;0,112740;0,480264;1,253008;0,040933;0,118725;0,306209;0,110286;0,248631;0,655824;0,031402;0,136939;0,352374;0,258379;0,513211;1,361715;0,045538;0,121508;0,312667;0,060241;0,096457;0,248771
00:00:07.307;172;4;2;2;4;-35,677493;33,187787;4,406083;83,489548;1,750467;73,995799;-16,299763;44,193721;-4,491660;29,143363;-13,712082;18,085250;2,759810;-49,677747;-0,012082;-0,201219;1,284826;0,003689;-0,231974;1,286246;0,014539;-0,233534;1,289521;0,025179;-0,234795;1,293448;-0,030641;-0,229579;1,285588;-0,042483;-0,230122;1,288844;-0,054205;-0,230527;1,292235;0,038089;-0,232201;1,308120;-0,075440;-0,223392;1,308265;0,008699;-0,174564;1,309040;-0,032452;-0,175214;1,301088;0,129256;-0,091723;1,528429;-0,156045;-0,040906;1,334858;0,229412;0,124373;1,553134;-0,128658;0,224913;1,287278;0,336977;0,179048;1,326033;0,081372;0,212722;1,190186;0,372311;0,196607;1,258648;0,133976;0,219124;1,145760;0,368364;0,187924;1,264228;0,144529;0,184372;1,146044;0,351349;0,183988;1,274783;0,137122;0,177112;1,150709;0,103782;0,255190;1,154867;-0,026982;0,272719;1,020668;0,249540;0,282536;0,975237;0,136904;0,508903;1,329305;0,041699;0,107231;0,276386;0,088641;0,192078;0,504686;0,037111;0,119478;0,307443;0,273428;0,530318;1,399965;0,049365;0,109856;0,282683;0,059180;0,093573;0,241151
00:00:07.347;173;4;3;2;4;-35,345848;32,634792;3,874568;83,432737;3,519713;73,341510;-18,007523;44,706027;-4,626983;28,288204;-16,609990;17,463836;2,623169;48,002074;-0,010054;-0,201950;1,286287;0,006074;-0,231665;1,288260;0,017564;-0,233666;1,291789;0,028944;-0,234739;1,295741;-0,027992;-0,229982;1,287132;-0,039379;-0,230461;1,289948;-0,051460;-0,230975;1,293553;0,041172;-0,231509;1,309128;-0,072059;-0,223186;1,307122;0,010873;-0,174600;1,309376;-0,029999;-0,176227;1,302107;0,128122;-0,091376;1,535979;-0,153224;-0,040100;1,329308;0,226555;0,124456;1,556937;-0,126674;0,224990;1,285431;0,334605;0,178728;1,329522;0,087124;0,215633;1,194671;0,370249;0,196241;1,261221;0,140051;0,222207;1,146894;0,366643;0,187922;1,266249;0,151081;0,188143;1,148828;0,349489;0,183796;1,277309;0,143402;0,180648;1,155011;0,102416;0,256238;1,156314;-0,026152;0,272589;1,016584;0,248052;0,280506;0,972354;0,152612;0,527518;1,378898;0,042323;0,099760;0,257001;0,074571;0,155318;0,406446;0,040822;0,108128;0,278238;0,283209;0,541438;1,424827;0,051895;0,102146;0,262844;0,058917;0,091562;0,235848
00:00:07.387;174;4;3;2;4;-35,014907;32,318148;3,410845;83,551029;4,836166;73,148505;-19,449569;45,306840;-4,625727;27,658919;-18,580813;16,588724;1,809080;47,442347;-0,008006;-0,201119;1,288287;0,008363;-0,230054;1,289919;0,020267;-0,231540;1,293263;0,031371;-0,232360;1,296532;-0,025537;-0,229511;1,288136;-0,037379;-0,230070;1,291366;-0,048962;-0,230652;1,295109;0,043935;-0,229628;1,310133;-0,069102;-0,222993;1,306029;0,012290;-0,173178;1,309944;-0,028425;-0,175541;1,303820;0,127556;-0,091274;1,542986;-0,150563;-0,039556;1,325000;0,224995;0,124678;1,561509;-0,125350;0,224978;1,283880;0,333322;0,177898;1,332839;0,090891;0,217589;1,197936;0,369111;0,196111;1,263594;0,143436;0,224349;1,148331;0,365001;0,188025;1,268262;0,154879;0,190173;1,152039;0,347833;0,183822;1,280001;0,147625;0,183115;1,158857;0,101469;0,256763;1,156554;-0,025629;0,272694;1,014630;0,246711;0,279938;0,971180;0,162821;0,539618;1,411134;0,042165;0,095040;0,244751;0,065426;0,131425;0,342590;0,043234;0,100751;0,259255;0,289568;0,548666;1,440988;0,052638;0,097135;0,249949;0,057846;0,090255;0,232401
00:00:07.443;175;4;3;2;4;-34,700120;32,274148;3,100747;83,464674;5,840443;72,782417;-20,378900;45,748814;-4,643167;27,188387;-19,544176;16,438713;1,837755;-43,615957;-0,007413;-0,196269;1,290286;0,009113;-0,225270;1,290647;0,021281;-0,226411;1,293871;0,032959;-0,227918;1,297396;-0,024681;-0,225592;1,289138;-0,036079;-0,226870;1,292288;-0,047338;-0,228226;1,296121;0,045810;-0,226516;1,312887;-0,066454;-0,222185;1,305669;0,013247;-0,168907;1,313464;-0,027423;-0,172253;1,305983;0,127188;-0,090321;1,547541;-0,148159;-0,039974;1,322900;0,223882;0,124766;1,563781;-0,123827;0,224363;1,283572;0,332488;0,177358;1,334995;0,094709;0,218861;1,200058;0,368878;0,195573;1,266886;0,147040;0,225881;1,149965;0,364133;0,188195;1,270270;0,158665;0,192151;1,154125;0,346756;0,183839;1,281751;0,151128;0,184832;1,162057;0,100313;0,257416;1,158110;-0,025306;0,272374;1,014059;0,244098;0,279468;0,970067;0,169458;0,547483;1,432087;0,042063;0,091971;0,236788;0,059482;0,115894;0,301083;0,044802;0,095956;0,246916;0,293700;0,553364;1,451492;0,052014;0,093741;0,241217;0,056507;0,089405;0,230161
00:00:07.484;176;4;3;2;4;-34,251923;32,232521;2,739846;83,606393;6,173059;72,995159;-20,816140;46,303125;-4,576312;27,160172;-19,608714;-16,225085;2,195422;40,222704;-0,007036;-0,190413;1,293336;0,009602;-0,219275;1,291471;0,021939;-0,220129;1,294266;0,033279;-0,222244;1,299007;-0,024118;-0,220784;1,289440;-0,035234;-0,222580;1,292887;-0,046270;-0,224374;1,296429;0,047107;-0,222585;1,316776;-0,064733;-0,220174;1,305435;0,013897;-0,164164;1,318201;-0,026826;-0,167470;1,310189;0,126891;-0,089663;1,549802;-0,145809;-0,040235;1,321185;0,223307;0,124907;1,566308;-0,122837;0,223963;1,283372;0,332033;0,177054;1,336747;0,097817;0,219559;1,200738;0,368929;0,195329;1,269726;0,149429;0,226946;1,151377;0,363768;0,188409;1,272276;0,161227;0,193555;1,156181;0,346056;0,183850;1,282888;0,154117;0,186669;1,164487;0,099916;0,256774;1,163322;-0,025746;0,271174;1,016489;0,242278;0,278559;0,971094;0,173771;0,552595;1,445707;0,041997;0,089977;0,231612;0,055618;0,105798;0,274104;0,045821;0,092839;0,238895;0,296387;0,556418;1,458320;0,050967;0,091535;0,235541;0,055379;0,088853;0,228705
00:00:07.523;177;4;3;2;4;-34,297316;32,671824;2,400207;83,776309;6,389812;73,201866;-21,390037;46,984524;-4,419995;27,139172;-21,411791;16,383842;2,590949;36,082392;-0,008273;-0,185915;1,295668;0,009185;-0,214642;1,292006;0,020888;-0,215990;1,294173;0,032746;-0,218556;1,300055;-0,024493;-0,216981;1,289986;-0,035421;-0,219056;1,293277;-0,046315;-0,221132;1,296629;0,048212;-0,221168;1,326305;-0,063581;-0,218750;1,304583;0,012809;-0,161081;1,321281;-0,027954;-0,163695;1,313623;0,126756;-0,089274;1,551971;-0,144356;-0,041177;1,320770;0,223032;0,125055;1,568650;-0,122991;0,223094;1,283942;0,331737;0,176856;1,337886;0,098069;0,219966;1,204680;0,368963;0,195171;1,271572;0,150372;0,227050;1,152645;0,363530;0,187822;1,273579;0,162281;0,194527;1,157868;0,345507;0,183807;1,283277;0,154823;0,187977;1,166767;0,099570;0,256127;1,165659;-0,025323;0,268439;1,012818;0,241096;0,277414;0,971761;0,176575;0,555918;1,454559;0,041953;0,088681;0,228248;0,053106;0,099237;0,256568;0,046484;0,090813;0,233682;0,298133;0,558403;1,462758;0,051824;0,090102;0,231852;0,056575;0,088494;0,227758
00:00:07.564;178;4;3;2;4;-34,014170;33,164149;2,264926;83,722005;6,169474;73,378187;-20,952456;47,288672;-4,083435;27,472682;-22,748566;16,043481;2,617178;-32,937777;-0,010556;-0,182991;1,297185;0,008181;-0,211743;1,293054;0,019482;-0,212730;1,295162;0,031698;-0,215700;1,302486;-0,025494;-0,213943;1,291391;-0,036290;-0,216086;1,293880;-0,046343;-0,218287;1,296759;0,048265;-0,220702;1,335298;-0,062833;-0,217825;1,304029;0,011347;-0,158322;1,323283;-0,029421;-0,161157;1,315155;0,126554;-0,088942;1,551981;-0,143525;-0,041824;1,321551;0,222854;0,124255;1,570173;-0,123822;0,221798;1,284312;0,331717;0,176819;1,339326;0,096217;0,220358;1,207942;0,369086;0,194396;1,273122;0,149057;0,226529;1,153819;0,363376;0,187440;1,274426;0,161128;0,194674;1,160014;0,345150;0,183779;1,283530;0,154222;0,188499;1,170348;0,100769;0,255268;1,168228;-0,024125;0,268820;1,020931;0,238711;0,277176;0,970095;0,178398;0,558078;1,460314;0,042740;0,087702;0,225711;0,048417;0,094427;0,243769;0,044112;0,088952;0,228893;0,290583;0,561605;1,468443;0,052637;0,089170;0,229454;0,057902;0,088125;0,226793
00:00:07.604;179;4;3;2;4;-33,935632;34,504660;1,280366;85,686392;5,419868;74,061536;-19,968002;48,241727;-3,316944;27,763120;-16,455077;-21,504194;2,993347;-34,754747;-0,012794;-0,179751;1,299220;0,006054;-0,209011;1,293035;0,017089;-0,209818;1,295456;0,029509;-0,212932;1,303016;-0,026873;-0,211177;1,291954;-0,037580;-0,213361;1,293922;-0,047811;-0,215586;1,296143;0,048225;-0,219292;1,339044;-0,062296;-0,215570;1,302619;0,009648;-0,155933;1,325984;-0,030401;-0,158129;1,317201;0,129072;-0,088726;1,551988;-0,143172;-0,043057;1,323808;0,224680;0,123818;1,572212;-0,129088;0,220757;1,287703;0,331618;0,176749;1,339912;0,085644;0,215261;1,203062;0,368439;0,193892;1,274129;0,137746;0,223032;1,155283;0,362748;0,187295;1,275677;0,152265;0,192554;1,160009;0,345200;0,183178;1,284745;0,142640;0,186119;1,168126;0,106013;0,251599;1,167798;-0,021120;0,270831;1,035305;0,236942;0,276120;0,965862;0,179582;0,559482;1,464054;0,042874;0,087066;0,224062;0,045368;0,091301;0,235450;0,042570;0,087742;0,225781;0,285675;0,563686;1,472138;0,051885;0,088564;0,227895;0,058215;0,088021;0,226515
00:00:07.646;180;4;2;2;4;-33,339971;36,668928;-0,063686;88,242347;4,239607;74,809723;-18,232774;49,461055;-1,746831;27,739960;-9,799438;25,257035;3,963237;37,995538;-0,014975;-0,177505;1,299493;0,003935;-0,206499;1,293023;0,014787;-0,207760;1,294596;0,027332;-0,211021;1,302660;-0,028497;-0,208588;1,291970;-0,039144;-0,210799;1,293599;-0,048738;-0,212980;1,295043;0,047337;-0,217925;1,338678;-0,061915;-0,213252;1,301002;0,008544;-0,154380;1,327739;-0,031798;-0,155449;1,318880;0,132507;-0,088606;1,552342;-0,143318;-0,044739;1,328775;0,225968;0,123588;1,574238;-0,138782;0,217646;1,293057;0,330198;0,176796;1,340993;0,068482;0,208033;1,196740;0,366666;0,192891;1,275134;0,119824;0,217401;1,155884;0,361809;0,186574;1,277190;0,134344;0,188044;1,156856;0,344593;0,182838;1,285884;0,124131;0,180534;1,161782;0,112327;0,253134;1,182919;-0,019806;0,272681;1,046749;0,229174;0,286851;0,975360;0,180352;0,560395;1,466485;0,042960;0,086652;0,222990;0,043387;0,089269;0,230042;0,041568;0,086956;0,223757;0,282485;0,565039;1,474540;0,051396;0,088170;0,226882;0,058419;0,087953;0,226335
00:00:07.686;181;4;2;2;4;-33,532154;39,249697;-1,649751;91,334354;2,711535;75,895952;-17,215243;50,513125;0,949472;28,316607;-7,619381;26,100845;3,515008;-40,177681;-0,017138;-0,175351;1,300020;0,001823;-0,204022;1,292315;0,013294;-0,205740;1,294388;0,025935;-0,209204;1,303479;-0,030269;-0,206060;1,291281;-0,040138;-0,208287;1,292690;-0,050062;-0,210495;1,293978;0,046748;-0,216219;1,338091;-0,061634;-0,210895;1,299251;0,007833;-0,152010;1,330281;-0,032706;-0,152955;1,319972;0,135401;-0,088388;1,550122;-0,143752;-0,047478;1,335154;0,228602;0,123438;1,575555;-0,153433;0,213621;1,297937;0,329617;0,176244;1,343095;0,042499;0,200361;1,190881;0,364787;0,192240;1,275787;0,091474;0,209900;1,149274;0,360470;0,186106;1,278174;0,106089;0,181112;1,149906;0,344199;0,182616;1,286625;0,096961;0,173338;1,155558;0,115425;0,253465;1,189597;-0,019416;0,271803;1,046137;0,218685;0,297222;0,979784;0,180853;0,560988;1,468065;0,043017;0,086384;0,222294;0,042099;0,087949;0,226528;0,040917;0,086445;0,222442;0,280412;0,565918;1,476101;0,051078;0,087914;0,226223;0,058551;0,087909;0,226218
00:00:07.726;182;4;2;2;4;-34,612992;41,956332;-3,064017;93,472366;0,164659;78,086331;-17,142930;51,023838;4,606947;29,332992;-3,740361;-24,406207;3,994799;41,191315;-0,019284;-0,173211;1,300363;-0,000282;-0,202304;1,291155;0,011582;-0,203583;1,293552;0,024273;-0,207171;1,303311;-0,032146;-0,203629;1,290482;-0,041495;-0,205810;1,291398;-0,050908;-0,208089;1,292936;0,046317;-0,214887;1,336309;-0,060666;-0,209195;1,297063;0,006606;-0,150315;1,330532;-0,033315;-0,150658;1,321382;0,138711;-0,088047;1,545180;-0,144334;-0,050139;1,342100;0,232268;0,124323;1,577461;-0,171193;0,207337;1,301459;0,329153;0,175840;1,344112;0,009076;0,193829;1,181473;0,363764;0,191921;1,276912;0,054988;0,204759;1,139728;0,359796;0,185903;1,279513;0,070239;0,176037;1,141539;0,343943;0,182472;1,287106;0,061094;0,168668;1,146963;0,115427;0,249464;1,173988;-0,022099;0,270277;1,044339;0,158704;0,222279;0,725410;0,113247;0,458221;1,195042;0,043054;0,086209;0,221841;0,041262;0,087090;0,224243;0,040494;0,086113;0,221588;0,279064;0,566490;1,477116;0,050871;0,087748;0,225795;0,058637;0,087881;0,226142
00:00:07.769;183;4;2;2;4;-32,776519;44,547308;-3,317462;93,265196;-3,567455;81,056556;-13,740260;50,643208;8,845025;31,224302;2,690438;-24,336976;5,373145;39,223423;-0,020679;-0,170339;1,300586;-0,001648;-0,199615;1,289701;0,010465;-0,201339;1,292309;0,023199;-0,204420;1,303552;-0,033346;-0,200476;1,289264;-0,042365;-0,202679;1,290209;-0,051430;-0,204948;1,291558;0,045977;-0,212231;1,333401;-0,059989;-0,207189;1,294591;0,005812;-0,147811;1,331746;-0,033747;-0,147809;1,323698;0,141099;-0,087447;1,535317;-0,146486;-0,051954;1,348715;0,237351;0,124898;1,578699;-0,189698;0,199135;1,300948;0,328596;0,176205;1,343723;-0,027541;0,188369;1,163457;0,363099;0,191714;1,277643;0,012685;0,201019;1,124074;0,358530;0,185720;1,280033;0,028830;0,174248;1,125250;0,343229;0,182478;1,288119;0,020879;0,165502;1,131576;0,118216;0,254101;1,191492;-0,027726;0,276209;1,070120;0,119507;0,173738;0,559716;0,063968;0,393871;1,023878;0,043078;0,086095;0,221547;0,040718;0,086532;0,222758;0,040218;0,085897;0,221032;0,278188;0,566861;1,477775;0,050737;0,087640;0,225517;0,058693;0,087862;0,226092
00:00:07.812;184;4;3;2;4;-24,655929;46,898671;-4,721614;90,141314;-6,651818;83,439022;-6,884979;50,849672;12,560824;32,190866;16,146284;20,375010;6,846987;-39,826537;-0,022292;-0,168250;1,298981;-0,003260;-0,196872;1,287005;0,008998;-0,198934;1,290101;0,020984;-0,201519;1,301259;-0,034818;-0,198214;1,287071;-0,043626;-0,200484;1,288386;-0,051740;-0,202065;1,289963;0,045685;-0,209424;1,329411;-0,059533;-0,205096;1,292634;0,004535;-0,145277;1,331135;-0,034726;-0,145731;1,323104;0,146176;-0,087097;1,529606;-0,148118;-0,053220;1,355115;0,243523;0,125355;1,580555;-0,206815;0,185865;1,308316;0,328234;0,176442;1,343470;-0,078976;0,182897;1,135647;0,362567;0,191528;1,277768;-0,052990;0,201696;1,107248;0,357708;0,185601;1,280372;-0,035608;0,175548;1,106963;0,342764;0,182481;1,288777;-0,038576;0,166472;1,112824;0,124157;0,268194;1,243820;-0,036570;0,301646;1,170878;0,163310;0,282560;0,865366;0,014551;0,360205;0,933620;0,043093;0,086022;0,221355;0,014716;0,153090;0,393993;0,040040;0,085757;0,220671;0,171179;0,464487;1,207654;0,050650;0,087570;0,225336;0,029773;0,152458;0,392310
00:00:07.872;185;4;3;2;4;-22,064832;49,318035;-8,218717;86,684137;-9,119434;84,940935;-5,289593;51,158607;14,906161;32,580985;28,066411;19,012751;7,794312;-37,665463;-0,024078;-0,166155;1,297938;-0,005031;-0,194932;1,284204;0,007309;-0,196482;1,287615;0,019522;-0,199369;1,298018;-0,035744;-0,195857;1,284596;-0,044395;-0,198114;1,285801;-0,052615;-0,199978;1,287526;0,044628;-0,207059;1,323317;-0,059157;-0,202732;1,289612;0,003704;-0,142836;1,330388;-0,036053;-0,144156;1,320618;0,151094;-0,085947;1,524844;-0,150153;-0,054113;1,361025;0,248209;0,125541;1,580361;-0,220469;0,170420;1,327106;0,327998;0,176597;1,343305;-0,126654;0,181956;1,114771;0,362222;0,191406;1,277849;-0,117035;0,206352;1,095961;0,357076;0,185473;1,280242;-0,096483;0,181989;1,092276;0,342463;0,182484;1,289205;-0,093046;0,173116;1,099936;0,121898;0,265218;1,210633;-0,043376;0,319978;1,243371;0,186638;0,360402;1,072788;-0,012678;0,335873;0,868653;0,043103;0,085974;0,221231;0,007230;0,192543;0,495495;0,039923;0,085665;0,220436;0,101624;0,397944;1,032075;0,050593;0,087524;0,225218;0,010974;0,194445;0,500351
00:00:07.914;186;4;3;2;4;-20,154113;51,346821;-12,171941;83,442807;-12,659644;86,949285;-4,234605;50,736203;18,448168;32,917049;23,225528;-14,364092;8,453052;-38,659800;-0,029578;-0,165175;1,294460;-0,008993;-0,192520;1,274682;0,003321;-0,193475;1,276550;0,015596;-0,197177;1,290662;-0,039209;-0,194116;1,281588;-0,047752;-0,196361;1,282721;-0,055309;-0,198407;1,284542;0,042367;-0,205089;1,316556;-0,058817;-0,200871;1,285548;-0,000590;-0,140812;1,325702;-0,040437;-0,142493;1,313051;0,155292;-0,084832;1,515099;-0,151632;-0,054751;1,366266;0,251751;0,126362;1,577784;-0,237412;0,158611;1,344919;0,327760;0,176651;1,342849;-0,183219;0,186803;1,114851;0,361898;0,191275;1,277552;-0,186704;0,212976;1,088275;0,356665;0,185390;1,280157;-0,166041;0,194876;1,083779;0,342267;0,182485;1,289483;-0,158840;0,187997;1,095408;0,119856;0,266532;1,183462;-0,051670;0,334754;1,289441;0,195061;0,411740;1,195712;-0,053822;0,326179;0,842175;0,015844;0,152862;0,393350;-0,029925;0,231246;0,595072;0,006183;0,156199;0,401933;0,033817;0,364212;0,942449;0,002012;0,162303;0,417642;-0,022781;0,231530;0,595778
00:00:07.955;187;4;3;2;4;-27,178540;55,653631;-15,240417;80,661827;-15,789614;88,583133;-7,010515;51,792414;22,057857;32,931489;31,756170;-17,096284;8,455736;37,780699;-0,035862;-0,162337;1,286249;-0,014341;-0,189563;1,263944;-0,001401;-0,190546;1,267608;0,010853;-0,193979;1,278880;-0,043997;-0,190963;1,270882;-0,051702;-0,193187;1,271968;-0,058788;-0,195335;1,273852;0,039348;-0,202692;1,309711;-0,058134;-0,197383;1,272756;-0,006343;-0,138460;1,319856;-0,045505;-0,140673;1,308133;0,158679;-0,084010;1,507014;-0,153577;-0,055236;1,371423;0,253996;0,126867;1,575760;-0,253704;0,151213;1,359297;0,327605;0,176686;1,342552;-0,229802;0,193319;1,115953;0,361490;0,191810;1,276659;-0,244971;0,222716;1,091329;0,356204;0,185235;1,279402;-0,223182;0,210492;1,083507;0,341954;0,182387;1,288964;-0,213547;0,204457;1,095265;0,117637;0,267445;1,163350;-0,051742;0,309508;1,187087;0,198916;0,442679;1,275613;-0,080170;0,318363;0,828114;-0,008081;0,199197;0,512578;-0,049806;0,255450;0,657347;-0,023009;0,205717;0,529357;-0,005992;0,341199;0,881392;-0,038106;0,212542;0,546917;-0,037430;0,252507;0,649756
00:00:08.007;188;4;3;2;4;-31,262092;58,601233;-17,391662;77,033417;-15,928260;86,996971;-8,039062;52,697895;26,231577;31,919213;28,349601;16,703899;8,214249;38,057842;-0,042917;-0,157804;1,282662;-0,021367;-0,184150;1,257313;-0,007928;-0,184904;1,255495;0,004220;-0,188438;1,267022;-0,050686;-0,186115;1,264273;-0,057851;-0,188323;1,265329;-0,064428;-0,190027;1,263754;0,034373;-0,198454;1,302112;-0,059804;-0,193641;1,264092;-0,013056;-0,134663;1,315707;-0,051825;-0,137413;1,306337;0,160687;-0,082533;1,500009;-0,155788;-0,055609;1,376175;0,254609;0,127219;1,563944;-0,270757;0,144103;1,369343;0,327666;0,177146;1,339909;-0,270807;0,201232;1,122620;0,361027;0,192053;1,275378;-0,291464;0,232713;1,092964;0,355709;0,185033;1,278211;-0,269068;0,225038;1,083679;0,341565;0,182224;1,287927;-0,257505;0,219280;1,094123;0,116005;0,271071;1,154828;-0,052866;0,293388;1,119506;0,197370;0,463600;1,327548;-0,103507;0,312998;0,825624;-0,020477;0,227818;0,586225;-0,078916;0,274040;0,705175;-0,037578;0,235729;0,606582;-0,048574;0,329640;0,850455;-0,057008;0,243701;0,627096;-0,069968;0,272126;0,700241
00:00:08.046;189;4;3;2;4;-34,235746;61,032339;-19,228953;75,283653;-19,305873;90,006658;-8,432661;53,924475;29,999802;32,566832;26,338688;-10,049782;10,670663;35,388574;-0,050302;-0,153889;1,278230;-0,029451;-0,179826;1,252304;-0,015721;-0,180779;1,249372;-0,002880;-0,183632;1,255814;-0,057884;-0,181539;1,259978;-0,064571;-0,183442;1,258914;-0,071068;-0,185458;1,259290;0,028888;-0,195181;1,293673;-0,062963;-0,189635;1,257410;-0,020333;-0,131215;1,310559;-0,058101;-0,133709;1,304119;0,161837;-0,081498;1,494056;-0,157387;-0,055908;1,380664;0,256865;0,128377;1,567464;-0,285629;0,138158;1,378673;0,327601;0,177732;1,334691;-0,298321;0,206508;1,127653;0,361251;0,192827;1,273846;-0,321957;0,241045;1,091226;0,355918;0,184800;1,276737;-0,299855;0,237212;1,084842;0,341034;0,181970;1,286202;-0,287600;0,231282;1,098280;0,113937;0,271584;1,139138;-0,053106;0,283849;1,076979;0,194165;0,472301;1,345206;-0,115872;0,308577;0,824005;-0,031223;0,247645;0,637247;-0,085520;0,284354;0,731714;-0,050011;0,256868;0,660978;-0,062447;0,319679;0,824046;-0,075671;0,265722;0,683763;-0,075834;0,282023;0,725707
00:00:08.086;190;4;2;3;4;-36,071580;63,321208;-19,788201;72,536400;-20,667039;90,236006;-8,145345;55,259195;33,325156;32,252026;18,445488;4,006032;11,741120;38,265042;-0,056999;-0,148634;1,270450;-0,036771;-0,175412;1,247647;-0,022870;-0,176545;1,244342;-0,009616;-0,179199;1,249229;-0,064571;-0,176856;1,255086;-0,071115;-0,178946;1,255444;-0,077295;-0,180628;1,253239;0,023848;-0,192070;1,286438;-0,067016;-0,185313;1,250966;-0,026513;-0,127395;1,306164;-0,063361;-0,129326;1,297427;0,162314;-0,080694;1,487736;-0,159339;-0,056145;1,384631;0,257112;0,128520;1,562401;-0,297519;0,131849;1,384038;0,327472;0,178066;1,330949;-0,320000;0,210809;1,138974;0,361197;0,193224;1,272150;-0,343263;0,247867;1,090797;0,356054;0,184648;1,275779;-0,320096;0,245911;1,086297;0,340781;0,181854;1,285432;-0,307487;0,240586;1,102032;0,111927;0,271200;1,128590;-0,054457;0,277928;1,050386;0,192661;0,485285;1,372784;-0,129079;0,305721;0,828204;-0,034188;0,258629;0,665510;-0,109647;0,294324;0,757364;-0,053707;0,268296;0,690386;-0,092295;0,317148;0,817030;-0,080180;0,278540;0,716746;-0,106241;0,293080;0,754160
00:00:08.125;191;4;2;3;4;-37,074328;64,847784;-19,834058;70,340317;-21,755227;90,172859;-7,607808;56,308082;36,412907;32,387204;14,482964;2,089955;10,647898;39,907117;-0,062803;-0,143826;1,265742;-0,042847;-0,170856;1,242521;-0,029494;-0,171874;1,237222;-0,016058;-0,175327;1,242849;-0,070290;-0,172302;1,251206;-0,076765;-0,173844;1,252839;-0,083730;-0,175835;1,252805;0,018379;-0,188868;1,278584;-0,071038;-0,181045;1,246428;-0,032007;-0,122697;1,303306;-0,068517;-0,124690;1,297628;0,161517;-0,080040;1,481179;-0,160527;-0,055480;1,386510;0,257863;0,128468;1,557361;-0,307925;0,126778;1,385424;0,327408;0,177950;1,331667;-0,335961;0,213539;1,145983;0,360539;0,192813;1,271397;-0,358600;0,252469;1,091218;0,355417;0,184550;1,275157;-0,333873;0,252186;1,087243;0,340071;0,181878;1,285631;-0,320740;0,246245;1,105521;0,110158;0,272012;1,123483;-0,055885;0,273987;1,032751;0,187280;0,498364;1,387910;-0,142421;0,305291;0,830932;-0,037901;0,266721;0,686332;-0,126360;0,300123;0,772287;-0,057531;0,276405;0,711251;-0,112284;0,314823;0,810719;-0,085495;0,287416;0,739585;-0,125127;0,299451;0,770554
00:00:08.164;192;4;3;3;4;-38,515571;66,426939;-20,188587;70,027747;-23,498394;90,725548;-7,353431;57,395433;39,389164;32,704776;14,073329;0,385389;11,467111;42,959357;-0,067898;-0,137663;1,260933;-0,048714;-0,164606;1,235339;-0,036657;-0,166973;1,234344;-0,022997;-0,169781;1,236952;-0,076009;-0,166291;1,246934;-0,082123;-0,167643;1,245195;-0,089143;-0,170267;1,250073;0,012663;-0,185149;1,272080;-0,074968;-0,176671;1,242078;-0,037743;-0,118047;1,300049;-0,073212;-0,119284;1,295658;0,160771;-0,079502;1,474816;-0,162173;-0,055074;1,388432;0,258469;0,127610;1,554785;-0,319945;0,122866;1,388426;0,326937;0,178396;1,330383;-0,348411;0,215640;1,148789;0,360111;0,192545;1,270908;-0,370182;0,257774;1,090792;0,355100;0,184537;1,275102;-0,343332;0,258037;1,087508;0,339609;0,181893;1,285760;-0,329878;0,251739;1,107438;0,106183;0,268414;1,103364;-0,057908;0,271238;1,020588;0,179933;0,504046;1,385841;-0,153254;0,305578;0,831656;-0,037232;0,270484;0,696016;-0,143371;0,304301;0,783036;-0,056715;0,280043;0,720613;-0,131936;0,313856;0,808018;-0,084055;0,291553;0,750230;-0,145608;0,303592;0,781210
00:00:08.204;193;4;2;3;4;-31,323012;67,802369;-19,251012;70,333919;-27,180899;92,366113;-3,996278;57,778659;42,781726;33,391786;14,822097;-0,474658;12,288681;-47,066056;-0,075685;-0,132506;1,260606;-0,057459;-0,159280;1,231720;-0,045456;-0,161560;1,231424;-0,032391;-0,164780;1,233119;-0,083957;-0,160268;1,244157;-0,089810;-0,161511;1,240227;-0,096568;-0,164047;1,244448;0,005386;-0,181526;1,264352;-0,080255;-0,171582;1,238201;-0,045839;-0,113466;1,296882;-0,079156;-0,114242;1,293678;0,159408;-0,078720;1,462631;-0,165619;-0,054811;1,389681;0,259567;0,126086;1,552060;-0,336115;0,119415;1,388977;0,326631;0,178687;1,329549;-0,358632;0,220246;1,147113;0,359833;0,192372;1,270590;-0,379443;0,264855;1,090165;0,354992;0,184579;1,275416;-0,349480;0,264937;1,087680;0,339309;0,181903;1,285844;-0,336231;0,257039;1,107985;0,103561;0,272340;1,110587;-0,069490;0,303705;1,141132;0,178304;0,513245;1,384497;-0,161816;0,306535;0,830376;-0,034260;0,271978;0,699860;-0,148736;0,306609;0,788974;-0,053437;0,281048;0,723199;-0,137986;0,312548;0,804511;-0,079225;0,292610;0,752950;-0,152154;0,306420;0,788486
00:00:08.243;194;4;2;3;4;-26,043923;69,038422;-17,999975;70,833675;-28,638916;92,334848;-2,368914;58,938337;45,448192;33,817563;16,256257;0,694534;12,704503;48,135141;-0,082897;-0,127719;1,260394;-0,066002;-0,153850;1,230418;-0,053947;-0,156603;1,229176;-0,041222;-0,159961;1,229227;-0,091179;-0,154861;1,241652;-0,097863;-0,156456;1,239798;-0,104405;-0,158851;1,242891;-0,002172;-0,178266;1,257929;-0,086493;-0,166873;1,235681;-0,054004;-0,108965;1,294123;-0,086277;-0,110565;1,296591;0,157741;-0,078231;1,455060;-0,169444;-0,054640;1,390492;0,260623;0,124845;1,547139;-0,350799;0,116215;1,387235;0,326432;0,178875;1,329007;-0,364929;0,223679;1,144973;0,359653;0,192259;1,270384;-0,384856;0,269904;1,091507;0,354824;0,184556;1,275271;-0,353319;0,269779;1,089192;0,339021;0,181860;1,285549;-0,340275;0,260905;1,110090;0,100054;0,275881;1,116681;-0,078450;0,324341;1,217736;0,177245;0,519224;1,383623;-0,175391;0,307449;0,835495;-0,030647;0,272133;0,700259;-0,152748;0,308245;0,793183;-0,049506;0,280749;0,722429;-0,141334;0,311425;0,801532;-0,074118;0,292208;0,751917;-0,155953;0,308258;0,793216
00:00:08.283;195;4;2;3;4;-20,860812;70,495299;-14,672869;68,948952;-30,423403;92,650637;-0,872757;60,131851;47,071535;34,367744;16,095315;0,638755;12,679136;-48,478888;-0,090483;-0,123205;1,260606;-0,073651;-0,149622;1,229572;-0,062255;-0,152684;1,227714;-0,049763;-0,156176;1,227048;-0,098626;-0,150562;1,239324;-0,105146;-0,151679;1,238818;-0,111546;-0,153981;1,241179;-0,009218;-0,175485;1,254104;-0,091718;-0,162757;1,231242;-0,061511;-0,105305;1,292330;-0,092025;-0,107079;1,293934;0,155615;-0,078617;1,448039;-0,173468;-0,054515;1,390670;0,261430;0,123218;1,544640;-0,360080;0,112827;1,379453;0,327058;0,178998;1,328655;-0,369854;0,228217;1,142183;0,360258;0,192185;1,270250;-0,389109;0,275310;1,090980;0,354715;0,184540;1,275176;-0,356088;0,275137;1,089125;0,338835;0,181832;1,285357;-0,343098;0,265608;1,110059;0,099313;0,284173;1,139193;-0,085173;0,339776;1,269278;0,176557;0,523111;1,383055;-0,185742;0,308171;0,839172;-0,027479;0,271962;0,699818;-0,152288;0,308628;0,794169;-0,046520;0,280418;0,721579;-0,139705;0,310287;0,798546;-0,069376;0,291268;0,749496;-0,154892;0,308773;0,794541
00:00:08.335;196;4;2;3;4;-27,714842;71,529023;-12,476567;68,499431;-31,774664;92,336505;-1,104805;61,024798;48,472220;35,020473;16,093639;-1,732469;13,822229;-50,911997;-0,097352;-0,120048;1,258294;-0,080693;-0,146833;1,228672;-0,070394;-0,150054;1,226064;-0,057993;-0,153502;1,223881;-0,104806;-0,146985;1,237111;-0,111219;-0,148494;1,237482;-0,117669;-0,150898;1,240766;-0,015895;-0,173487;1,250217;-0,096445;-0,159298;1,227658;-0,068547;-0,102873;1,290465;-0,097519;-0,104347;1,295707;0,153271;-0,078790;1,442075;-0,176830;-0,053629;1,390436;0,261655;0,120276;1,541266;-0,368542;0,110653;1,374744;0,327119;0,179642;1,327026;-0,372588;0,233454;1,138969;0,360552;0,192085;1,269812;-0,392001;0,280157;1,090987;0,354644;0,184531;1,275114;-0,357887;0,279859;1,089081;0,338805;0,181864;1,285582;-0,344933;0,269928;1,110038;0,095758;0,284694;1,132125;-0,079973;0,312188;1,161381;0,176109;0,525637;1,382686;-0,198340;0,309251;0,841912;-0,025001;0,271579;0,698832;-0,148241;0,308605;0,794110;-0,042411;0,279252;0,718576;-0,134924;0,309275;0,795905;-0,064414;0,289704;0,745473;-0,148578;0,308699;0,794351
00:00:08.375;197;4;2;3;4;-31,518011;71,984648;-9,611631;68,026596;-33,108310;91,761221;-0,719120;61,156160;49,608678;36,062537;16,692178;3,459532;13,658477;-51,060398;-0,103212;-0,117964;1,256441;-0,087308;-0,144939;1,227387;-0,077051;-0,148303;1,224642;-0,065445;-0,151807;1,222173;-0,110928;-0,144660;1,235672;-0,117347;-0,146504;1,237313;-0,123919;-0,148349;1,241898;-0,022319;-0,171997;1,246291;-0,101666;-0,157137;1,226027;-0,074586;-0,101292;1,289252;-0,102629;-0,102625;1,297560;0,149130;-0,079618;1,436449;-0,181341;-0,052250;1,389933;0,261682;0,116567;1,538373;-0,376916;0,108966;1,368184;0,327505;0,179497;1,327367;-0,373899;0,238485;1,135480;0,360120;0,191349;1,269878;-0,393881;0,285792;1,090991;0,353872;0,183798;1,275074;-0,358825;0,284599;1,088353;0,338238;0,181983;1,286428;-0,345797;0,274363;1,108975;0,092174;0,285034;1,127532;-0,078008;0,295951;1,095448;0,176334;0,518852;1,368446;-0,221859;0,308062;0,846493;-0,022975;0,271057;0,697491;-0,144585;0,308318;0,793371;-0,039741;0,278493;0,716625;-0,127014;0,307802;0,792088;-0,063069;0,289640;0,745307;-0,137281;0,307563;0,791428
00:00:08.416;198;4;3;3;4;-34,100215;72,324558;-6,032580;67,016351;-34,895923;91,364844;-0,315674;61,195611;50,417941;37,078959;18,903645;-9,623662;13,140171;53,150421;-0,107734;-0,115897;1,255237;-0,092247;-0,143628;1,225851;-0,082048;-0,146428;1,223367;-0,070959;-0,149969;1,220712;-0,116275;-0,143108;1,234387;-0,122701;-0,144466;1,236854;-0,128573;-0,146571;1,241584;-0,027210;-0,171076;1,244089;-0,106419;-0,154993;1,224618;-0,078441;-0,100184;1,287414;-0,106691;-0,100765;1,298764;0,145491;-0,080076;1,431392;-0,185804;-0,050551;1,389257;0,261004;0,112482;1,537543;-0,383439;0,107542;1,359720;0,327268;0,179206;1,331788;-0,374634;0,242321;1,132862;0,359116;0,190149;1,269921;-0,397133;0,291126;1,094844;0,352645;0,183323;1,275048;-0,359936;0,288822;1,087529;0,337318;0,182160;1,287678;-0,346988;0,277876;1,108284;0,087708;0,284450;1,121396;-0,077616;0,285730;1,049791;0,188548;0,515790;1,373190;-0,232870;0,307414;0,849820;-0,021658;0,270719;0,696619;-0,121989;0,305003;0,784841;-0,038428;0,278136;0,715706;-0,101408;0,300179;0,772457;-0,067552;0,292318;0,752200;-0,101406;0,296896;0,763978
00:00:08.462;199;4;3;3;4;-35,219718;72,403055;-3,463548;66,240379;-35,871467;90,664478;-0,031510;61,380651;51,005651;37,794570;20,717693;12,005925;13,359361;-54,017975;-0,111452;-0,114615;1,255154;-0,096183;-0,142119;1,225203;-0,085964;-0,145168;1,222189;-0,075237;-0,148775;1,219763;-0,120451;-0,141399;1,233551;-0,126884;-0,143142;1,236555;-0,132931;-0,145335;1,240680;-0,031823;-0,170573;1,243358;-0,110899;-0,153599;1,223702;-0,081653;-0,099437;1,285869;-0,110165;-0,099634;1,300596;0,142383;-0,080414;1,428805;-0,189397;-0,048633;1,388117;0,259749;0,109852;1,537353;-0,387925;0,106480;1,352468;0,326516;0,178762;1,338512;-0,375229;0,244249;1,131510;0,358562;0,189420;1,270298;-0,399744;0,294499;1,096999;0,351313;0,182387;1,275731;-0,360892;0,291757;1,087694;0,335612;0,182473;1,289891;-0,347872;0,280249;1,108184;0,084712;0,286680;1,125107;-0,078023;0,280025;1,021514;0,194188;0,507483;1,361223;-0,240619;0,306631;0,852333;-0,023279;0,271587;0,698852;-0,104379;0,301625;0,776147;-0,039750;0,278856;0,717559;-0,082925;0,294272;0,757247;-0,077958;0,295691;0,760880;-0,073461;0,287922;0,740886
00:00:08.501;200;4;3;3;4;-34,735670;71,964432;-1,203859;65,470750;-36,599007;89,940047;0,622156;60,975919;51,563341;38,448765;21,753061;12,595173;13,914616;-56,165037;-0,114583;-0,113783;1,255100;-0,099468;-0,141178;1,225132;-0,089203;-0,144350;1,221423;-0,078686;-0,147956;1,218796;-0,123867;-0,140288;1,233008;-0,130268;-0,142242;1,236011;-0,136428;-0,144491;1,239742;-0,035564;-0,170390;1,243933;-0,115202;-0,153389;1,223106;-0,085202;-0,098952;1,284865;-0,113134;-0,098873;1,301438;0,138612;-0,080553;1,425723;-0,192320;-0,046555;1,385976;0,257883;0,108070;1,536179;-0,391527;0,105571;1,344954;0,326027;0,178473;1,342883;-0,376258;0,245502;1,130632;0,357479;0,188946;1,270544;-0,401571;0,296786;1,098749;0,350447;0,181779;1,276175;-0,361746;0,293237;1,088501;0,334682;0,182037;1,292029;-0,348558;0,281251;1,108470;0,084257;0,292936;1,148870;-0,078345;0,276511;1,003834;0,205473;0,495225;1,353445;-0,245864;0,305882;0,854667;-0,026026;0,272967;0,702404;-0,090469;0,298068;0,766996;-0,042847;0,280412;0,721563;-0,069559;0,289753;0,745611;-0,088008;0,298428;0,767922;-0,052051;0,280592;0,722026
00:00:08.555;201;4;3;3;4;-36,491533;71,787416;1,372280;64,920501;-36,810137;89,543364;0,456155;60,661246;52,216147;38,877815;22,747756;13,323220;14,341978;56,762360;-0,117978;-0,113892;1,254365;-0,102935;-0,141183;1,224386;-0,092726;-0,143859;1,221275;-0,082338;-0,147466;1,218517;-0,126751;-0,140227;1,232306;-0,133913;-0,141696;1,236007;-0,139447;-0,143983;1,239482;-0,039400;-0,170930;1,243956;-0,117999;-0,153252;1,222719;-0,088290;-0,098690;1,284912;-0,116778;-0,098562;1,304435;0,135481;-0,080724;1,425120;-0,195845;-0,045215;1,384934;0,255913;0,106960;1,536117;-0,396688;0,103982;1,336920;0,325372;0,178101;1,344324;-0,376927;0,246317;1,130061;0,356970;0,188018;1,271404;-0,403015;0,298464;1,100587;0,349980;0,181433;1,276814;-0,361914;0,294388;1,089726;0,333988;0,181706;1,293069;-0,348702;0,282170;1,109705;0,079944;0,287431;1,124415;-0,079165;0,274975;0,993042;0,210937;0,487275;1,346289;-0,256381;0,305147;0,855483;-0,029513;0,274544;0,706463;-0,083393;0,296845;0,763847;-0,046231;0,282104;0,725916;-0,062662;0,287631;0,740147;-0,097259;0,300343;0,772849;-0,039732;0,276372;0,711167
00:00:08.595;202;4;3;3;4;-36,752006;71,662360;3,607623;64,612259;-36,726271;88,873699;0,545730;60,205780;52,723947;39,226574;23,250299;12,870052;14,695232;59,166224;-0,120323;-0,114090;1,255287;-0,105949;-0,141267;1,224601;-0,095711;-0,144234;1,221179;-0,085406;-0,147841;1,218336;-0,129365;-0,140227;1,232199;-0,136243;-0,142004;1,235655;-0,142156;-0,143693;1,239663;-0,042615;-0,172039;1,244322;-0,119817;-0,153163;1,222467;-0,091028;-0,099251;1,284943;-0,119047;-0,099025;1,305332;0,132604;-0,080815;1,424378;-0,198923;-0,044344;1,384257;0,254402;0,106142;1,534676;-0,400471;0,102118;1,330648;0,324862;0,177813;1,344911;-0,376719;0,246846;1,129689;0,356542;0,187363;1,271612;-0,401942;0,298832;1,101432;0,349676;0,181208;1,277229;-0,361863;0,294893;1,091922;0,333537;0,181490;1,293745;-0,348272;0,282223;1,110859;0,077095;0,287985;1,117270;-0,080725;0,276106;0,991627;0,209789;0,496815;1,371738;-0,258171;0,305041;0,857064;-0,030918;0,275161;0,708051;-0,079292;0,296321;0,762501;-0,047499;0,282659;0,727346;-0,058179;0,286252;0,736596;-0,099082;0,301044;0,774652;-0,035441;0,275397;0,708658
00:00:08.634;203;4;3;3;4;-36,496173;71,449966;4,803362;64,866392;-36,930193;88,982792;0,557809;59,934401;53,357188;39,603032;23,345497;12,742306;14,784892;60,457486;-0,121268;-0,114347;1,257287;-0,107241;-0,141362;1,225091;-0,097013;-0,144561;1,221816;-0,086783;-0,148212;1,219269;-0,130362;-0,140227;1,232129;-0,137054;-0,142205;1,235425;-0,143211;-0,144210;1,239781;-0,044088;-0,173815;1,247009;-0,121034;-0,153149;1,222654;-0,091521;-0,099807;1,287413;-0,119876;-0,099406;1,306966;0,130733;-0,080874;1,423896;-0,200820;-0,043757;1,383117;0,253650;0,105707;1,535139;-0,402930;0,099405;1,326571;0,324447;0,177580;1,344942;-0,375530;0,246700;1,130148;0,356166;0,186886;1,271398;-0,400617;0,299070;1,101981;0,349383;0,181012;1,277149;-0,361206;0,295221;1,093349;0,333154;0,181301;1,293834;-0,347576;0,282435;1,112308;0,075326;0,291924;1,123825;-0,081850;0,277027;0,985458;0,184851;0,470333;1,289230;-0,253720;0,307917;0,848992;-0,027227;0,273522;0,703833;-0,077627;0,296525;0,763025;-0,042188;0,280300;0,721275;-0,056640;0,286036;0,736037;-0,085603;0,297010;0,764274;-0,037809;0,277076;0,712978
00:00:08.679;204;4;3;4;4;-37,185350;70,728965;7,468728;63,556798;-36,660287;88,625667;0,188845;59,201170;53,973270;39,717718;21,775848;12,702514;15,190055;57,863432;-0,122361;-0,117862;1,263486;-0,107353;-0,144869;1,225059;-0,097163;-0,148254;1,222230;-0,086240;-0,152531;1,219175;-0,130309;-0,143032;1,232084;-0,136879;-0,145147;1,235277;-0,143191;-0,146663;1,239858;-0,045032;-0,177055;1,248406;-0,121861;-0,155274;1,223125;-0,091032;-0,101553;1,287968;-0,120933;-0,101591;1,313628;0,129643;-0,080992;1,424982;-0,202001;-0,043364;1,382026;0,252344;0,105447;1,535791;-0,402798;0,095017;1,318321;0,323829;0,177658;1,346712;-0,374642;0,246529;1,130096;0,356019;0,186627;1,271609;-0,399002;0,298503;1,101987;0,348466;0,180885;1,277097;-0,360042;0,295340;1,093927;0,332905;0,181178;1,293892;-0,346382;0,282484;1,112900;0,073754;0,292733;1,121437;-0,082367;0,274582;0,972698;0,177319;0,485827;1,319599;-0,249266;0,309940;0,841645;-0,025245;0,272729;0,701791;-0,076980;0,296658;0,763367;-0,039157;0,278903;0,717678;-0,056582;0,286439;0,737074;-0,077807;0,294933;0,758928;-0,042024;0,279391;0,718936
00:00:08.726;205;4;3;3;4;-37,891045;69,768195;7,509262;63,329289;-34,457472;87,757186;-1,107786;58,830552;54,696074;39,590326;21,252794;12,495898;14,974299;-57,715035;-0,120663;-0,123411;1,257366;-0,105913;-0,151840;1,223638;-0,095789;-0,155381;1,221450;-0,083828;-0,159550;1,219464;-0,129538;-0,149717;1,231705;-0,136881;-0,151414;1,236230;-0,143623;-0,152999;1,243758;-0,044269;-0,181509;1,250714;-0,121736;-0,159489;1,223781;-0,089718;-0,106012;1,284480;-0,120907;-0,106108;1,310258;0,129560;-0,081467;1,432688;-0,202717;-0,043098;1,380967;0,250959;0,106300;1,538314;-0,403454;0,091423;1,312959;0,323428;0,177710;1,347863;-0,373306;0,246342;1,129713;0,355200;0,186459;1,271746;-0,397325;0,298135;1,101992;0,347238;0,180852;1,277413;-0,359284;0,294794;1,094303;0,331803;0,181392;1,296030;-0,345281;0,282250;1,112235;0,072710;0,293166;1,119534;-0,082672;0,272893;0,964053;0,166825;0,464618;1,259190;-0,244586;0,310916;0,837219;-0,023957;0,272213;0,700464;-0,076057;0,296472;0,762888;-0,037186;0,277994;0,715341;-0,054692;0,285749;0,735298;-0,073197;0,293719;0,755803;-0,042519;0,279808;0,720008
00:00:08.766;206;4;3;4;4;-37,752159;68,226989;8,163624;63,278650;-33,889927;87,703678;-1,510543;57,224517;55,292455;39,402463;20,764308;12,300085;15,218924;-60,899675;-0,116477;-0,131650;1,250588;-0,102225;-0,161286;1,223065;-0,091447;-0,164232;1,221292;-0,078849;-0,168437;1,220701;-0,126865;-0,158166;1,230758;-0,134657;-0,159567;1,235799;-0,142087;-0,160894;1,242792;-0,041642;-0,187316;1,252564;-0,121759;-0,165168;1,225258;-0,085804;-0,113031;1,279762;-0,118418;-0,112486;1,305268;0,129381;-0,081696;1,436298;-0,203235;-0,042935;1,380629;0,249403;0,106953;1,541354;-0,403880;0,088345;1,309473;0,322814;0,177974;1,350361;-0,372208;0,246067;1,128763;0,354472;0,186247;1,271135;-0,395985;0,297706;1,101295;0,345806;0,180880;1,277968;-0,357941;0,294252;1,093847;0,331086;0,181531;1,297420;-0,344457;0,281377;1,111453;0,072741;0,296398;1,129497;-0,082301;0,272234;0,958085;0,163981;0,460304;1,245473;-0,236263;0,311695;0,832242;-0,022702;0,271606;0,698902;-0,074989;0,296215;0,762227;-0,035905;0,277404;0,713822;-0,052998;0,285029;0,733444;-0,069259;0,292521;0,752722;-0,043295;0,280351;0,721405
00:00:08.807;207;4;3;4;4;-37,975414;63,576203;8,091769;63,309120;-32,818599;87,548632;-2,309165;53,133073;55,855890;38,955753;18,793716;-13,720506;15,085043;62,439993;-0,103454;-0,144617;1,250382;-0,089471;-0,174608;1,224092;-0,077685;-0,177623;1,225390;-0,065388;-0,181581;1,228156;-0,117917;-0,172301;1,236093;-0,126065;-0,172943;1,242170;-0,134013;-0,174248;1,249515;-0,034266;-0,195907;1,256917;-0,120866;-0,175697;1,238818;-0,073269;-0,123773;1,280195;-0,110638;-0,122151;1,298524;0,130245;-0,081945;1,440393;-0,203519;-0,042819;1,380059;0,248392;0,108257;1,543330;-0,404157;0,085603;1,307208;0,322332;0,178099;1,351635;-0,371839;0,245475;1,129196;0,354000;0,186109;1,270738;-0,395239;0,296269;1,101192;0,344875;0,180898;1,278330;-0,356727;0,292997;1,092500;0,330146;0,181768;1,299373;-0,343921;0,280810;1,110944;0,071741;0,294885;1,119873;-0,082874;0,274511;0,963655;0,163411;0,449844;1,215908;-0,230852;0,312201;0,829008;-0,022303;0,271483;0,698586;-0,074295;0,296048;0,761798;-0,036360;0,277564;0,714234;-0,051898;0,284561;0,732239;-0,070072;0,293375;0,754919;-0,041607;0,279752;0,719863
00:00:08.847;208;4;3;3;4;-38,261902;58,425380;8,265065;63,396904;-31,793412;87,108929;-2,943211;48,936294;56,286897;38,611381;15,999339;14,137357;14,902179;62,726990;-0,090100;-0,157567;1,251998;-0,075756;-0,187414;1,228610;-0,063229;-0,191147;1,231554;-0,051060;-0,195041;1,236851;-0,107407;-0,185678;1,243410;-0,116553;-0,186682;1,250860;-0,124840;-0,187999;1,258435;-0,025178;-0,205041;1,263596;-0,119420;-0,186433;1,253931;-0,060057;-0,135300;1,281877;-0,101805;-0,131888;1,292391;0,130903;-0,082166;1,444106;-0,203756;-0,042754;1,380038;0,247734;0,109105;1,544615;-0,404860;0,083777;1,305035;0,322185;0,178273;1,353163;-0,371485;0,245014;1,129127;0,353790;0,186794;1,270829;-0,393380;0,294152;1,099025;0,343729;0,181009;1,279264;-0,355596;0,291283;1,090575;0,329143;0,182118;1,302042;-0,342942;0,279809;1,110614;0,071113;0,293994;1,113967;-0,083005;0,275739;0,964476;0,178434;0,478686;1,295040;-0,223787;0,312598;0,825855;-0,022045;0,271403;0,698381;-0,074346;0,296212;0,762219;-0,036655;0,277668;0,714502;-0,051647;0,284528;0,732155;-0,070600;0,293930;0,756348;-0,042248;0,280042;0,720611
00:00:08.896;209;4;2;3;4;-38,964308;54,900863;8,201110;63,221336;-30,245102;86,397081;-3,765857;45,673386;56,713003;38,142348;11,049363;-9,381912;14,515202;-64,135192;-0,078484;-0,167866;1,251299;-0,063628;-0,200228;1,240997;-0,050502;-0,203812;1,245360;-0,038953;-0,206751;1,247053;-0,097215;-0,197844;1,251667;-0,107386;-0,198253;1,255109;-0,116589;-0,198873;1,262833;-0,016366;-0,213112;1,271787;-0,116201;-0,195426;1,262705;-0,048559;-0,145808;1,283670;-0,093294;-0,141436;1,290854;0,131489;-0,082410;1,448269;-0,203909;-0,042712;1,380025;0,247196;0,110485;1,544750;-0,405208;0,081829;1,303273;0,322007;0,178339;1,353806;-0,372307;0,243921;1,128383;0,353653;0,187240;1,270889;-0,391028;0,291013;1,090966;0,343077;0,181130;1,280222;-0,355022;0,289181;1,087924;0,328491;0,182345;1,303777;-0,342396;0,278092;1,108649;0,070216;0,291989;1,102429;-0,082819;0,276175;0,961859;0,178866;0,496530;1,344026;-0,215991;0,313362;0,820306;-0,021877;0,271352;0,698248;-0,077723;0,297406;0,765292;-0,037291;0,278008;0,715376;-0,055252;0,286548;0,737351;-0,069000;0,293339;0,754826;-0,052017;0,284992;0,733347
00:00:08.938;210;4;2;3;4;-39,075720;52,311475;7,158146;63,289671;-28,368046;85,303990;-4,223072;43,302705;56,958808;37,522808;5,410353;-6,745582;14,311575;-63,858662;-0,067468;-0,177788;1,253294;-0,052183;-0,211692;1,250448;-0,039316;-0,214678;1,252934;-0,028219;-0,217043;1,256485;-0,087918;-0,209331;1,260883;-0,098255;-0,209120;1,264521;-0,107760;-0,209209;1,267791;-0,006941;-0,220582;1,281312;-0,112711;-0,202845;1,269109;-0,038176;-0,155022;1,286235;-0,084043;-0,151169;1,288805;0,132894;-0,082687;1,453075;-0,204009;-0,042685;1,380016;0,246734;0,111331;1,544137;-0,405129;0,080647;1,303527;0,321891;0,178383;1,354224;-0,373654;0,237929;1,130349;0,353662;0,187581;1,271278;-0,388619;0,284065;1,083278;0,342653;0,181209;1,280844;-0,353276;0,281833;1,082001;0,327980;0,182444;1,304555;-0,340852;0,271660;1,103522;0,071867;0,294700;1,109979;-0,080609;0,274302;0,954559;0,180850;0,509883;1,382867;-0,206611;0,313126;0,815999;-0,021360;0,271182;0,697811;-0,079479;0,298183;0,767290;-0,037260;0,277957;0,715245;-0,057113;0,287588;0,740028;-0,065092;0,291458;0,749987;-0,057412;0,287801;0,740576
00:00:08.978;211;4;2;3;4;-39,293851;46,739346;2,426555;64,332332;-26,434496;85,028123;-5,051697;39,767137;56,992832;36,511979;-2,189810;-5,041412;13,207598;63,257019;-0,053965;-0,189226;1,258791;-0,039705;-0,222230;1,257641;-0,027009;-0,225297;1,261357;-0,016145;-0,228238;1,267165;-0,074725;-0,221028;1,270024;-0,086465;-0,220495;1,270289;-0,096248;-0,219693;1,271714;0,003601;-0,226723;1,286453;-0,107118;-0,213104;1,287621;-0,027022;-0,164783;1,288603;-0,072234;-0,162081;1,288873;0,135740;-0,083027;1,458999;-0,201032;-0,044262;1,380711;0,246657;0,113744;1,545139;-0,400438;0,078175;1,313143;0,322252;0,178227;1,353095;-0,375459;0,215746;1,134427;0,353668;0,187803;1,271531;-0,388846;0,260939;1,076531;0,342378;0,181261;1,281249;-0,351455;0,258953;1,076050;0,327736;0,182557;1,305411;-0,339440;0,248933;1,100889;0,074584;0,295435;1,111036;-0,077646;0,273387;0,950863;0,189742;0,518949;1,409164;-0,183613;0,311665;0,808649;-0,017003;0,269439;0,693327;-0,080621;0,298687;0,768588;-0,034681;0,276835;0,712359;-0,059775;0,289080;0,743868;-0,054044;0,286155;0,736341;-0,062404;0,290443;0,747374
00:00:09.020;212;4;2;3;4;-39,655822;44,265730;-5,615321;64,910369;-23,154747;84,000255;-6,573834;37,899682;56,889439;35,636266;-5,474309;-1,112421;12,211561;61,336568;-0,040168;-0,199365;1,265514;-0,025809;-0,232001;1,266167;-0,013885;-0,234541;1,271382;-0,003882;-0,236521;1,275507;-0,060955;-0,231083;1,273516;-0,072970;-0,230804;1,274038;-0,083752;-0,230488;1,276014;0,014206;-0,231164;1,292244;-0,100217;-0,222081;1,295803;-0,015351;-0,172752;1,291192;-0,060238;-0,171046;1,291718;0,138261;-0,083647;1,469849;-0,197620;-0,045311;1,381862;0,246886;0,115447;1,547541;-0,390992;0,074016;1,329193;0,322403;0,178079;1,352012;-0,380463;0,189050;1,148627;0,353671;0,187947;1,271695;-0,388226;0,234036;1,070045;0,342106;0,181245;1,281162;-0,349552;0,231900;1,071833;0,327401;0,182533;1,305267;-0,457409;0,283971;1,490128;0,078197;0,295094;1,111024;-0,075747;0,272893;0,948811;0,204146;0,522035;1,423106;-0,168396;0,311123;0,804922;-0,012604;0,267899;0,689363;-0,080850;0,298743;0,768732;-0,032172;0,275835;0,709783;-0,061506;0,290051;0,746364;-0,044758;0,281893;0,725372;-0,065151;0,291888;0,751093
00:00:09.061;213;4;2;3;4;-40,167437;40,304948;-8,915672;64,509231;-22,895956;85,053453;-7,247801;34,807917;56,383746;35,236765;-10,377297;3,864002;11,134011;59,489775;-0,027572;-0,207837;1,272334;-0,013841;-0,239563;1,274158;-0,002408;-0,241421;1,278598;0,007065;-0,242983;1,282680;-0,048397;-0,239423;1,277535;-0,060604;-0,239311;1,278224;-0,072736;-0,239106;1,279509;0,022592;-0,234858;1,296359;-0,093947;-0,231528;1,308472;-0,004792;-0,178977;1,294975;-0,049465;-0,178194;1,292517;0,140406;-0,083008;1,473402;-0,193922;-0,047594;1,383310;0,247369;0,117600;1,551201;-0,379161;0,068947;1,338575;0,322501;0,177983;1,351308;-0,381618;0,162030;1,161708;0,353674;0,188041;1,271802;-0,384879;0,207047;1,062679;0,341292;0,181284;1,281455;-0,344704;0,203817;1,063491;0,327009;0,182419;1,304474;-0,529042;0,285882;1,747333;0,081616;0,292182;1,100865;-0,074105;0,273076;0,949227;0,226734;0,533496;1,460519;-0,163785;0,310886;0,806349;-0,009745;0,266897;0,686786;-0,072795;0,294971;0,759026;-0,030541;0,275184;0,708109;-0,053872;0,286193;0,736437;-0,041266;0,280210;0,721042;-0,054083;0,286435;0,737061
00:00:09.102;214;4;3;3;4;-40,307360;38,324727;-11,254789;64,133697;-22,020775;85,501801;-7,934130;32,960509;55,696469;34,918057;-15,727435;5,317809;10,316888;-58,833787;-0,015718;-0,215178;1,278867;-0,002369;-0,245560;1,281103;0,008769;-0,246975;1,285039;0,017930;-0,247597;1,289442;-0,036597;-0,245925;1,281898;-0,048944;-0,246657;1,282696;-0,061973;-0,246523;1,283531;0,031074;-0,237583;1,300783;-0,087498;-0,238097;1,314957;0,005055;-0,184662;1,298484;-0,038795;-0,184473;1,294086;0,141971;-0,082689;1,477461;-0,189894;-0,049853;1,383902;0,247683;0,119000;1,553581;-0,368885;0,065605;1,343624;0,322063;0,178409;1,348750;-0,380594;0,137075;1,179660;0,353578;0,188773;1,271521;-0,375391;0,178672;1,052291;0,340764;0,181309;1,281646;-0,335431;0,174686;1,051769;0,326754;0,182345;1,303958;-0,570020;0,267592;1,921517;0,085278;0,289699;1,096713;-0,072132;0,273899;0,951948;0,244435;0,535779;1,472937;-0,158949;0,309335;0,804827;-0,007887;0,266246;0,685111;-0,059913;0,288847;0,743267;-0,026171;0,273265;0,703171;-0,041750;0,280692;0,722284;-0,036452;0,278028;0,715427;-0,038273;0,279354;0,718839
00:00:09.145;215;5;5;2;4;-40,111753;34,953352;33,611017;32,152951;-19,180531;85,146284;-9,192489;30,793022;52,721354;34,293120;-18,317836;11,411604;8,746206;58,253679;-0,002824;-0,221924;1,285914;0,008834;-0,250754;1,288417;0,019843;-0,252094;1,293075;0,028854;-0,252170;1,298037;-0,023788;-0,251520;1,287884;-0,036287;-0,253518;1,292252;-0,050004;-0,253716;1,294195;0,038145;-0,240426;1,305409;-0,079286;-0,245186;1,330022;0,016027;-0,190484;1,304964;-0,026726;-0,191597;1,305256;0,143774;-0,082927;1,488150;-0,185835;-0,052942;1,385336;0,248278;0,120992;1,557578;-0,331892;0,058865;1,229656;0,322121;0,178453;1,345338;-0,346647;0,113914;1,113629;0,353516;0,189249;1,271339;-0,348446;0,147187;1,031189;0,340420;0,182055;1,281770;-0,311276;0,139541;1,031200;0,326675;0,182346;1,303973;-0,460701;0,199051;1,600036;0,089092;0,288018;1,103463;-0,068876;0,274242;0,956866;0,242564;0,520227;1,429559;-0,147768;0,307659;0,802088;-0,006679;0,265823;0,684022;-0,052837;0,285410;0,734424;-0,018564;0,270385;0,695761;-0,035927;0,277934;0,715185;-0,026029;0,273753;0,704428;-0,032435;0,276655;0,711896
00:00:09.186;216;6;6;2;4;-40,729848;34,429945;50,251529;17,902864;-17,765672;85,321293;-10,469731;28,978027;51,321378;33,820935;-23,824421;8,436661;7,455573;59,589497;0,010102;-0,226322;1,294694;0,019929;-0,254830;1,296671;0,030124;-0,255232;1,301099;0,039115;-0,255907;1,307474;-0,010999;-0,255722;1,294574;-0,023586;-0,256879;1,296714;-0,036979;-0,258177;1,300077;0,042796;-0,242537;1,309816;-0,069893;-0,248862;1,334914;0,026337;-0,195071;1,314427;-0,013610;-0,196012;1,311116;0,144912;-0,083062;1,494747;-0,183151;-0,055725;1,385918;0,247939;0,122370;1,561225;-0,305706;0,053911;1,142976;0,322076;0,178434;1,342769;-0,316881;0,095817;1,067209;0,353281;0,190176;1,270520;-0,321996;0,117711;1,017823;0,340197;0,182540;1,281850;-0,285345;0,106859;1,012930;0,326625;0,182347;1,303982;-0,377776;0,146725;1,384073;0,090063;0,281245;1,090351;-0,066188;0,274365;0,959713;0,254810;0,536889;1,477314;-0,138020;0,306936;0,798907;-0,005894;0,265548;0,683314;-0,043973;0,281408;0,724125;-0,013619;0,268513;0,690945;-0,028058;0,274372;0,706020;-0,019255;0,270975;0,697278;-0,026188;0,273677;0,704232
00:00:09.227;217;5;5;2;4;-40,876325;32,715703;55,611607;21,132280;-16,771281;85,713965;-11,425931;26,882270;50,674512;33,590761;-31,205552;1,255426;7,512870;-59,146991;0,020058;-0,231054;1,302501;0,028729;-0,258039;1,304836;0,038446;-0,258721;1,309814;0,046634;-0,258752;1,315708;-0,001094;-0,260833;1,306973;-0,013067;-0,261301;1,306964;-0,026297;-0,262002;1,308450;0,046655;-0,244301;1,314780;-0,062433;-0,252956;1,342994;0,034606;-0,199788;1,321977;-0,004264;-0,200727;1,321926;0,145754;-0,083208;1,500086;-0,181317;-0,057503;1,385597;0,247940;0,123378;1,564997;-0,290453;0,053053;1,089085;0,321625;0,178947;1,339350;-0,289460;0,080649;1,035986;0,353128;0,190779;1,269988;-0,293212;0,089939;1,005635;0,340595;0,182755;1,281203;-0,257756;0,076687;1,000355;0,327157;0,182249;1,303288;-0,314715;0,105492;1,245448;0,091328;0,278695;1,089178;-0,064853;0,273847;0,959463;0,249600;0,523988;1,442904;-0,136724;0,307681;0,799990;-0,005384;0,265369;0,682854;-0,041179;0,280031;0,720581;-0,010405;0,267297;0,687814;-0,025378;0,273145;0,702863;-0,014851;0,269169;0,692631;-0,022938;0,272149;0,700301
00:00:09.271;218;6;6;2;4;-40,924690;32,023295;50,041916;50,840476;-15,506600;85,915654;-12,354671;25,271918;50,004728;33,238036;-18,713454;28,095114;7,564473;57,880742;0,029940;-0,235466;1,319126;0,037072;-0,261249;1,319594;0,045519;-0,260928;1,318979;0,053241;-0,260670;1,325260;0,008413;-0,263822;1,317133;-0,003945;-0,263844;1,315727;-0,017093;-0,265129;1,317043;0,050287;-0,246316;1,326757;-0,055244;-0,255483;1,347546;0,042485;-0,202904;1,332135;0,004957;-0,204666;1,334552;0,146472;-0,083400;1,505306;-0,180035;-0,058628;1,384688;0,247996;0,124956;1,567798;-0,300073;0,064115;1,112855;0,321751;0,179092;1,335728;-0,258566;0,065275;1,017091;0,353653;0,191839;1,269292;-0,257310;0,065132;0,995613;0,341488;0,182845;1,280432;-0,227407;0,050401;0,991130;0,327415;0,182137;1,302488;-0,262303;0,072494;1,154291;0,092361;0,277033;1,090866;-0,063940;0,272767;0,958601;0,252668;0,525674;1,457638;-0,135020;0,308125;0,798243;-0,005052;0,265253;0,682555;-0,036811;0,278048;0,715478;-0,008316;0,266506;0,685779;-0,022017;0,271804;0,699411;-0,011989;0,267995;0,689610;-0,019223;0,270612;0,696346
00:00:09.315;219;3;3;2;3;-31,584608;5,554728;-11,890503;95,497487;0,832363;84,301269;-24,522120;21,437732;48,230195;33,519585;-18,169412;40,578699;8,125428;55,961559;0,037955;-0,239357;1,331332;0,044324;-0,265502;1,336186;0,052132;-0,264446;1,335437;0,059520;-0,263638;1,340219;0,016304;-0,268232;1,332136;0,004309;-0,266966;1,324922;-0,008829;-0,267374;1,323678;0,052721;-0,247950;1,336292;-0,047467;-0,257761;1,349805;0,048451;-0,205971;1,340488;0,012510;-0,208109;1,343459;0,147083;-0,083226;1,519199;-0,160011;-0,053740;1,243397;0,246566;0,126152;1,571719;-0,306430;0,078578;1,136006;0,321748;0,179139;1,333023;-0,218060;0,045238;1,006559;0,354716;0,192528;1,268840;-0,205933;0,038468;0,986998;0,342068;0,182903;1,279931;-0,182664;0,023910;0,984435;0,328146;0,181966;1,301267;-0,205900;0,041036;1,090489;0,092351;0,276398;1,091263;-0,062170;0,271669;0,956641;0,260001;0,527182;1,478064;-0,130312;0,307326;0,794308;-0,004836;0,265178;0,682361;-0,031486;0,275806;0,709711;-0,006958;0,265992;0,684456;-0,018215;0,269980;0,694717;-0,010128;0,267232;0,687646;-0,016808;0,269613;0,693775
00:00:09.356;220;4;5;2;3;-24,473322;-6,754837;-41,387638;129,119823;8,299737;83,029039;-26,490807;10,844320;30,286593;31,584296;15,927226;54,757446;8,250878;54,943694;0,045568;-0,242268;1,341366;0,050594;-0,268266;1,346971;0,058020;-0,266871;1,346834;0,064286;-0,265224;1,348193;0,023784;-0,271312;1,342939;0,012068;-0,270062;1,336150;-0,001146;-0,269474;1,331141;0,055151;-0,250110;1,344240;-0,039424;-0,260259;1,356523;0,053988;-0,208348;1,348367;0,019750;-0,211177;1,349598;0,145722;-0,083113;1,528229;-0,145658;-0,053505;1,154358;0,243839;0,126930;1,574267;-0,298460;0,090126;1,145454;0,321831;0,179217;1,331615;-0,181935;0,029979;1,007413;0,355308;0,192923;1,268196;-0,159721;0,017132;0,987349;0,342985;0,182841;1,278905;-0,140972;0,001641;0,981833;0,329092;0,181708;1,299423;-0,157212;0,015542;1,051118;0,091243;0,276427;1,093271;-0,061020;0,270955;0,955367;0,258824;0,503123;1,432892;-0,126858;0,306943;0,792100;-0,004696;0,265129;0,682235;-0,027190;0,273805;0,704562;-0,006075;0,265658;0,683597;-0,015348;0,268658;0,691316;-0,009304;0,266600;0,686020;-0,015239;0,268964;0,692104
00:00:09.398;221;3;3;2;3;-29,023515;3,261357;-18,343171;115,137771;5,634788;81,504191;-26,568971;17,037066;36,404407;30,382954;12,934655;-55,474624;7,837284;54,222591;0,052131;-0,244415;1,349288;0,056242;-0,270133;1,354331;0,062572;-0,268240;1,353192;0,069074;-0,266736;1,355825;0,029433;-0,273386;1,350310;0,017899;-0,272217;1,344147;0,005410;-0,271337;1,338441;0,058343;-0,251001;1,350806;-0,033428;-0,262017;1,361590;0,059227;-0,210166;1,355239;0,026043;-0,212618;1,354989;0,145065;-0,083171;1,536549;-0,150929;-0,062519;1,224233;0,240218;0,127407;1,575574;-0,281044;0,098505;1,147045;0,322471;0,179173;1,330000;-0,148963;0,020645;1,011119;0,355693;0,193179;1,267777;-0,121848;0,002685;0,988277;0,344212;0,182750;1,277888;-0,106266;-0,013567;0,984341;0,330264;0,181443;1,297525;-0,118494;-0,002268;1,029027;0,090039;0,276886;1,096326;-0,060424;0,271184;0,956988;0,280418;0,503191;1,470380;-0,125115;0,306830;0,791015;-0,004605;0,265097;0,682153;-0,020783;0,270873;0,697015;-0,005110;0,265169;0,682338;-0,013485;0,267799;0,689106;-0,011553;0,267277;0,687763;-0,014218;0,268542;0,691017
00:00:09.440;222;4;3;2;4;-31,266804;11,608050;0,841582;107,110186;8,980708;75,117132;-28,022616;22,797656;35,684447;24,965824;-7,203465;-45,622110;6,877653;-52,707838;0,058002;-0,246780;1,355487;0,060710;-0,272196;1,359465;0,067142;-0,270116;1,358375;0,072987;-0,268568;1,361136;0,034645;-0,274662;1,354752;0,023252;-0,273760;1,350046;0,011228;-0,272761;1,344237;0,062058;-0,252682;1,356824;-0,027970;-0,263160;1,364884;0,064246;-0,212291;1,360755;0,031710;-0,214442;1,359193;0,146746;-0,084429;1,564707;-0,150684;-0,069594;1,264401;0,237017;0,127745;1,576773;-0,247113;0,102944;1,137929;0,322979;0,178856;1,332450;-0,102642;0,008766;1,014927;0,356862;0,192731;1,268205;-0,070801;-0,012815;0,986780;0,345736;0,182691;1,277227;-0,059447;-0,029204;0,988072;0,331027;0,181270;1,296291;-0,070798;-0,019576;1,016767;0,090597;0,277450;1,099362;-0,059364;0,271825;0,955942;0,266869;0,428591;1,302597;-0,114089;0,305260;0,786460;-0,004546;0,265076;0,682099;-0,016618;0,268966;0,692110;-0,004482;0,264851;0,681520;-0,012274;0,267240;0,687669;-0,013015;0,267717;0,688896;-0,013555;0,268267;0,690311
00:00:09.483;223;4;4;5;3;-31,525830;-5,189393;28,410254;101,017044;-52,107374;113,550388;-4,205984;3,228406;25,438715;45,252524;9,399168;49,122574;5,407552;51,560081;0,065010;-0,248575;1,360917;0,065951;-0,273536;1,362802;0,072553;-0,272467;1,363494;0,078004;-0,270959;1,366689;0,040386;-0,275634;1,358339;0,028272;-0,274692;1,353530;0,016572;-0,273901;1,349054;0,066010;-0,253710;1,360386;-0,023650;-0,263257;1,367724;0,071582;-0,214115;1,367141;0,037726;-0,215628;1,361925;0,128257;-0,073265;1,359710;-0,147901;-0,073242;1,287361;0,234937;0,127965;1,577552;-0,214415;0,104884;1,128854;0,323819;0,178165;1,336142;-0,057062;-0,002822;1,009003;0,357821;0,191822;1,269183;-0,020718;-0,025760;0,987207;0,346822;0,182703;1,277148;-0,012374;-0,044131;0,985947;0,331702;0,181256;1,296189;-0,025383;-0,035033;1,003899;0,094915;0,283184;1,117435;-0,055013;0,268059;0,937063;0,262974;0,380960;1,190738;-0,100212;0,302199;0,778249;-0,004507;0,265062;0,682064;-0,013912;0,267727;0,688921;-0,004074;0,264644;0,680988;-0,011486;0,266877;0,686735;-0,013965;0,268004;0,689632;-0,013124;0,268089;0,689852
00:00:09.525;224;5;3;5;4;-26,086319;-19,060441;37,502418;96,533917;-71,122105;125,593485;13,254796;7,764504;-0,877796;7,422326;9,050405;-49,276330;4,382683;52,916135;0,071125;-0,250521;1,364446;0,070157;-0,275258;1,365322;0,076852;-0,273995;1,366821;0,082026;-0,273227;1,369948;0,044881;-0,276971;1,360320;0,033093;-0,275369;1,356144;0,020826;-0,274712;1,352535;0,068580;-0,255155;1,362701;-0,020068;-0,263455;1,370271;0,077091;-0,215189;1,370592;0,043957;-0,216343;1,363351;0,116239;-0,063223;1,226461;-0,141106;-0,075339;1,297735;0,233277;0,127938;1,575959;-0,179728;0,102945;1,115605;0,324788;0,177180;1,340293;-0,012912;-0,015891;1,001652;0,357819;0,189835;1,270169;0,025454;-0,037317;0,983635;0,347624;0,182034;1,277446;0,032339;-0,058004;0,981065;0,333059;0,180606;1,296823;0,017868;-0,049379;0,993434;0,095987;0,283884;1,102933;-0,048820;0,261796;0,906591;0,256181;0,353760;1,121180;-0,076047;0,293001;0,754362;-0,004482;0,265054;0,682042;-0,012152;0,266922;0,686849;-0,003809;0,264510;0,680642;-0,010975;0,266641;0,686128;-0,014583;0,268190;0,690111;-0,012844;0,267973;0,689554
00:00:09.568;225;5;3;5;4;-20,734600;-23,786942;37,151674;92,023635;-75,529597;129,848681;19,650264;16,310490;-20,762557;-47,612999;10,618961;-43,605351;3,790048;-50,380113;0,075881;-0,251787;1,366740;0,074450;-0,276377;1,366959;0,080428;-0,275769;1,368984;0,085400;-0,275412;1,371716;0,050132;-0,277840;1,361608;0,037752;-0,275667;1,357144;0,025121;-0,275098;1,354098;0,070250;-0,257651;1,364205;-0,015381;-0,263180;1,369826;0,082286;-0,216783;1,373535;0,049577;-0,216864;1,364628;0,109736;-0,057046;1,147550;-0,133182;-0,076366;1,298878;0,232199;0,127920;1,574923;-0,147555;0,093343;1,103143;0,327877;0,176220;1,340540;0,027410;-0,029350;0,995124;0,359365;0,188595;1,271160;0,068543;-0,050255;0,979562;0,350132;0,181499;1,276940;0,074288;-0,072660;0,978943;0,335969;0,179699;1,293735;0,057842;-0,062914;0,984182;0,096517;0,283908;1,085106;-0,042905;0,255824;0,875584;0,253194;0,337720;1,079467;-0,049431;0,283894;0,730785;-0,004466;0,265048;0,682027;-0,011008;0,266398;0,685502;-0,003637;0,264422;0,680417;-0,010642;0,266488;0,685733;-0,014985;0,268310;0,690422;-0,012662;0,267898;0,689360
00:00:09.610;226;4;3;5;3;-17,782212;-26,687454;34,840725;84,562878;-77,465914;131,893822;20,895214;21,208402;-34,225316;-61,714451;2,820402;42,540540;2,076057;46,322475;0,081266;-0,252479;1,367531;0,079602;-0,277176;1,368373;0,085120;-0,276994;1,370739;0,090749;-0,276121;1,373215;0,054321;-0,278405;1,362445;0,041542;-0,275789;1,357444;0,029467;-0,275419;1,355464;0,074426;-0,258429;1,364834;-0,009998;-0,262867;1,368837;0,087917;-0,217596;1,374048;0,054753;-0,217091;1,364759;0,106363;-0,051677;1,105007;-0,124392;-0,076043;1,283170;0,230653;0,127936;1,574600;-0,102515;0,073282;1,086293;0,331687;0,174960;1,335801;0,079598;-0,044124;0,989130;0,361294;0,187892;1,272504;0,122452;-0,064900;0,967116;0,352586;0,181202;1,276961;0,127630;-0,086900;0,966013;0,338857;0,179599;1,289978;0,111500;-0,077846;0,969068;0,096862;0,285122;1,073519;-0,036207;0,252239;0,853330;0,260336;0,343628;1,089103;-0,030954;0,278246;0,716160;-0,004455;0,265044;0,682018;-0,010265;0,266058;0,684626;-0,003525;0,264366;0,680271;-0,010426;0,266388;0,685476;-0,015245;0,268389;0,690624;-0,012543;0,267849;0,689234
00:00:09.652;227;3;3;4;3;-16,534345;-28,206567;32,104166;77,180612;-78,381000;132,950426;21,842709;24,620133;-44,798158;-68,042045;-4,362803;41,906779;-1,504235;-43,498808;0,086324;-0,252151;1,368045;0,084488;-0,277623;1,368943;0,090465;-0,277648;1,371181;0,096384;-0,276088;1,371740;0,059302;-0,278485;1,361589;0,046280;-0,275655;1,356588;0,033795;-0,275344;1,354951;0,080274;-0,259001;1,365592;-0,004170;-0,262462;1,367144;0,093791;-0,217846;1,372631;0,060466;-0,217294;1,365193;0,104684;-0,048742;1,076655;-0,114865;-0,075644;1,269811;0,227059;0,128901;1,575090;-0,060137;0,054131;1,069391;0,334342;0,174231;1,333421;0,126570;-0,058613;0,983835;0,362549;0,188160;1,273378;0,169850;-0,077105;0,959025;0,354182;0,181735;1,276975;0,174437;-0,098747;0,956908;0,340828;0,179582;1,287886;0,158160;-0,090764;0,959245;0,096873;0,282470;1,051287;-0,030012;0,250014;0,839214;0,280792;0,370635;1,165367;-0,028922;0,276480;0,711554;-0,004449;0,265042;0,682012;-0,003174;0,265837;0,684057;-0,003452;0,264329;0,680176;-0,007558;0,266460;0,685660;-0,015415;0,268440;0,690756;-0,012466;0,267817;0,689152
00:00:09.693;228;4;3;5;3;-15,361082;-28,688788;28,578626;70,094279;-78,783800;134,009192;22,101634;27,220433;-52,093102;-71,492556;-2,009567;-44,812944;-2,002149;-40,899441;0,091845;-0,251680;1,366979;0,089951;-0,277772;1,368613;0,096144;-0,277717;1,369717;0,102442;-0,276207;1,371481;0,064032;-0,277550;1,359983;0,050872;-0,275426;1,355332;0,038869;-0,274242;1,353218;0,087135;-0,259240;1,365385;0,001937;-0,261223;1,364994;0,100872;-0,218287;1,373460;0,066512;-0,217426;1,365476;0,106395;-0,046790;1,057176;-0,104444;-0,075405;1,261477;0,224820;0,130484;1,576109;-0,023231;0,039884;1,056304;0,334325;0,174031;1,333974;0,168325;-0,070572;0,972343;0,362539;0,188283;1,273596;0,214697;-0,086302;0,950616;0,355023;0,182707;1,276284;0,220941;-0,108692;0,947840;0,342109;0,179571;1,286526;0,203473;-0,101384;0,949359;0,099431;0,281419;1,039287;-0,024174;0,248843;0,832489;0,278761;0,342788;1,103639;-0,008996;0,271466;0,703660;-0,004444;0,265040;0,682008;0,001435;0,265693;0,683687;-0,003405;0,264305;0,680115;-0,005693;0,266506;0,685779;0,008758;0,205226;0,528091;0,009439;0,204685;0,526699
00:00:09.735;229;4;3;5;3;-14,652372;-28,664446;24,202465;64,412855;-78,963792;134,057337;22,237727;29,103250;-57,998880;-73,652217;-8,292508;47,765652;-2,920201;42,385366;0,098512;-0,251309;1,365937;0,096561;-0,277727;1,367698;0,102170;-0,276984;1,368766;0,108782;-0,276426;1,372013;0,070989;-0,277013;1,359289;0,057689;-0,275206;1,354166;0,045211;-0,273384;1,351392;0,092320;-0,259262;1,364550;0,007455;-0,260418;1,363596;0,107041;-0,218573;1,373999;0,073596;-0,217624;1,366359;0,104844;-0,045624;1,046964;-0,091863;-0,075103;1,253610;0,219060;0,130731;1,578171;0,011838;0,024753;1,046748;0,333400;0,174219;1,336783;0,208534;-0,084541;0,966973;0,361906;0,188414;1,274087;0,256691;-0,096018;0,940951;0,355766;0,183440;1,276534;0,264427;-0,116875;0,939146;0,343035;0,179613;1,285992;0,245399;-0,110310;0,942233;0,099391;0,277357;1,031836;-0,019460;0,247460;0,829168;0,275592;0,319418;1,056865;0,038640;0,321194;0,842729;0,020544;0,202880;0,522055;0,017304;0,203032;0,522447;0,019652;0,202538;0,521175;0,011208;0,203424;0,523456;0,036798;0,163864;0,421659;0,031632;0,163513;0,420754
00:00:09.777;230;4;4;5;3;-12,502530;-27,299174;18,688284;58,135144;-78,235990;131,713683;21,296076;29,188217;-62,990684;-74,157620;-19,406246;45,930381;-6,593217;47,964246;0,106759;-0,250356;1,365609;0,104836;-0,277132;1,368154;0,109355;-0,276860;1,369898;0,115215;-0,275717;1,372008;0,080198;-0,276032;1,359538;0,066779;-0,274434;1,354108;0,054741;-0,272200;1,350905;0,096358;-0,259010;1,362608;0,015666;-0,259694;1,361637;0,113270;-0,217756;1,372949;0,082118;-0,216250;1,367283;0,096903;-0,046786;1,056777;-0,074041;-0,077477;1,255497;0,210381;0,128812;1,576011;0,047864;0,007819;1,043686;0,329795;0,174432;1,345259;0,250825;-0,093742;0,964532;0,358496;0,188448;1,274057;0,296125;-0,098980;0,928368;0,354068;0,183917;1,276697;0,302708;-0,118386;0,924745;0,341812;0,179836;1,287045;0,286012;-0,113697;0,931302;0,098477;0,279982;1,063744;-0,013127;0,247750;0,832609;0,276657;0,299981;1,039762;0,097336;0,374728;1,020274;0,036376;0,162612;0,418436;0,029640;0,162711;0,418690;0,034477;0,162525;0,418213;0,024315;0,162830;0,418997;0,055024;0,136979;0,352479;0,046056;0,136751;0,351890
00:00:09.819;231;4;4;5;3;-12,353156;-26,499499;12,994859;52,575512;-77,777147;129,409597;21,361766;28,390493;-66,264301;-74,071870;-26,152172;43,593482;-10,365969;49,098732;0,115192;-0,247344;1,365046;0,112488;-0,275048;1,367750;0,117082;-0,275080;1,369934;0,122554;-0,274545;1,372355;0,088399;-0,273569;1,358300;0,075699;-0,272183;1,353020;0,063138;-0,270314;1,348838;0,102106;-0,258912;1,361695;0,024063;-0,257482;1,359314;0,119626;-0,215611;1,371917;0,089995;-0,213019;1,367884;0,089423;-0,048035;1,074005;-0,058150;-0,081145;1,256373;0,205985;0,125091;1,577407;0,077411;-0,006789;1,043446;0,327131;0,173679;1,356018;0,284198;-0,098590;0,962596;0,355747;0,187847;1,274737;0,327637;-0,099796;0,919489;0,352238;0,184226;1,276803;0,333266;-0,117699;0,914334;0,340376;0,180030;1,288079;0,317018;-0,114165;0,922796;0,094031;0,279558;1,076083;-0,006620;0,246130;0,835196;0,272126;0,288398;1,017796;0,126578;0,378857;1,073028;0,041187;0,136301;0,350733;0,039936;0,136638;0,351599;0,037629;0,135701;0,349189;0,035700;0,136715;0,351798;0,057373;0,119776;0,308211;0,059002;0,119356;0,307129
00:00:09.861;232;5;4;6;3;-11,406630;-25,882136;7,916701;47,890118;-76,219172;123,535817;20,253472;27,991006;-69,368984;-72,777167;-28,075979;-41,890400;-17,527867;39,527823;0,122262;-0,243894;1,365030;0,118950;-0,272777;1,366788;0,123559;-0,272936;1,368907;0,128780;-0,272795;1,371531;0,096102;-0,271334;1,358195;0,083034;-0,269952;1,352313;0,070170;-0,267695;1,348195;0,106586;-0,258009;1,360752;0,031847;-0,255338;1,358154;0,125317;-0,212657;1,371246;0,097452;-0,208582;1,368275;0,081276;-0,049229;1,093603;-0,039209;-0,083795;1,250642;0,191509;0,122340;1,562215;0,106735;-0,021280;1,035940;0,321958;0,173890;1,368612;0,310302;-0,101271;0,957137;0,350515;0,187559;1,275879;0,353055;-0,099375;0,914418;0,349689;0,184478;1,277222;0,357906;-0,115637;0,906867;0,337689;0,180401;1,290501;0,341431;-0,112664;0,915167;0,089116;0,284580;1,099854;0,001986;0,245607;0,840377;0,266746;0,278957;0,996517;0,133951;0,375444;1,094718;0,129409;0,263773;0,702577;0,041051;0,118874;0,305889;0,117063;0,271872;0,701573;0,043100;0,119740;0,308119;0,058386;0,108594;0,279437;0,061245;0,108321;0,278734
00:00:09.903;233;5;4;6;3;-11,090121;-25,328812;2,090428;43,955646;-74,297385;115,841575;19,865146;26,286872;-72,175162;-70,432240;-32,294331;-39,017532;-25,509172;14,770658;0,131632;-0,241835;1,366069;0,126329;-0,271439;1,366862;0,130955;-0,271680;1,368940;0,135203;-0,271726;1,371345;0,105004;-0,269951;1,358477;0,093300;-0,268005;1,353254;0,080158;-0,266128;1,348477;0,111015;-0,257356;1,359789;0,040706;-0,253685;1,356000;0,132172;-0,210009;1,371160;0,106910;-0,205595;1,367829;0,071394;-0,049900;1,118592;-0,021279;-0,084616;1,244118;0,178691;0,119964;1,544640;0,134265;-0,033530;1,029661;0,315195;0,174816;1,383098;0,334837;-0,102629;0,954989;0,343007;0,187935;1,280471;0,375811;-0,098873;0,909022;0,345037;0,184997;1,279944;0,379873;-0,113485;0,899564;0,332095;0,181817;1,300476;0,363966;-0,111176;0,910209;0,084150;0,288563;1,118105;0,010977;0,245367;0,844095;0,265500;0,277393;0,995286;0,153196;0,387076;1,153617;0,180432;0,319521;0,898725;0,041776;0,107328;0,276178;0,165939;0,330536;0,898072;0,098455;0,248901;0,642327;0,152237;0,221530;0,623684;0,060350;0,101284;0,260627
00:00:09.945;234;4;4;5;3;-15,976919;-24,803466;-10,495303;38,220792;-69,671758;95,903160;24,828144;24,511891;-74,198525;-64,672227;-30,836619;37,295781;-44,283084;38,943726;0,143341;-0,239959;1,368145;0,137148;-0,270225;1,365160;0,140155;-0,270382;1,366511;0,142915;-0,270412;1,368074;0,117933;-0,269395;1,360410;0,107084;-0,267081;1,355615;0,094515;-0,265520;1,350760;0,116179;-0,256865;1,358813;0,052619;-0,252610;1,354600;0,141390;-0,207612;1,371804;0,119463;-0,202348;1,369289;0,061393;-0,050828;1,146035;0,000044;-0,084831;1,235326;0,161305;0,116002;1,491216;0,162303;-0,042897;1,029780;0,309346;0,176798;1,397064;0,357268;-0,102016;0,949743;0,335357;0,189153;1,290106;0,396055;-0,098110;0,906214;0,339156;0,185789;1,284864;0,399526;-0,111540;0,894466;0,327548;0,183834;1,309409;0,386905;-0,110237;0,911536;0,068768;0,268974;1,035818;0,021312;0,246017;0,849312;0,248917;0,287065;1,013736;0,178925;0,357581;1,091101;0,189454;0,370990;1,032521;0,043272;0,100095;0,257566;0,173472;0,383253;1,032097;0,134436;0,332855;0,859563;0,189353;0,313857;0,853745;0,061993;0,096574;0,248507
00:00:09.987;235;4;5;5;3;-12,947515;-25,052275;-23,267172;33,482507;-64,352729;75,123094;21,419079;22,248453;-75,573859;-56,095782;-29,490923;40,634588;-61,676097;26,828332;0,154386;-0,239162;1,371944;0,147536;-0,269849;1,366154;0,149491;-0,269951;1,367032;0,151285;-0,269971;1,368048;0,130336;-0,268463;1,362716;0,119176;-0,266549;1,357500;0,106128;-0,265056;1,351894;0,121819;-0,256481;1,357828;0,062714;-0,252042;1,354390;0,150763;-0,205579;1,374323;0,130863;-0,199606;1,371288;0,049665;-0,052559;1,173673;0,015867;-0,084751;1,226462;0,148223;0,113354;1,445640;0,183032;-0,049190;1,033357;0,305103;0,178626;1,404041;0,374956;-0,100912;0,949833;0,329982;0,190150;1,297769;0,411088;-0,096770;0,906139;0,334685;0,186355;1,288412;0,416091;-0,110572;0,897803;0,323401;0,185789;1,319766;0,404316;-0,109070;0,916598;0,055240;0,256149;0,981982;0,037324;0,280718;0,976603;0,231232;0,314464;1,081728;0,210395;0,329355;1,057816;0,174272;0,391759;1,096039;0,047590;0,095165;0,247218;0,157110;0,400598;1,090513;0,104414;0,246704;0,637466;0,192229;0,367782;1,002584;0,065027;0,093241;0,239930
00:00:10.029;236;5;5;6;3;-10,345038;-24,789546;-38,339228;30,909467;-59,135782;59,504447;19,487146;21,657396;-76,475233;-49,973316;-27,881273;41,790020;-74,783958;15,157197;0,163919;-0,237859;1,374414;0,156802;-0,269100;1,368200;0,158988;-0,269371;1,369821;0,160155;-0,269383;1,370481;0,140609;-0,267652;1,363166;0,129398;-0,266272;1,359075;0,116023;-0,264052;1,352981;0,129454;-0,256429;1,358238;0,071587;-0,251672;1,354254;0,159255;-0,203524;1,376310;0,139877;-0,197089;1,372937;0,043391;-0,053604;1,189887;0,026854;-0,084723;1,221050;0,140073;0,111271;1,411466;0,199785;-0,053056;1,031832;0,302930;0,180484;1,407527;0,388463;-0,099078;0,949541;0,326977;0,190644;1,301700;0,422402;-0,095492;0,907140;0,331867;0,186774;1,291068;0,429107;-0,109719;0,902422;0,321644;0,186713;1,324048;0,415963;-0,106808;0,920589;0,046399;0,247944;0,945588;0,047732;0,303274;1,059342;0,229454;0,339471;1,149723;0,241927;0,321656;1,057180;0,168172;0,406821;1,139775;0,050570;0,092733;0,240142;0,152624;0,426750;1,165583;0,084697;0,190825;0,492753;0,200702;0,406162;1,108430;0,067636;0,091074;0,234354
00:00:10.072;237;4;6;5;2;-0,952881;-14,942691;-69,810310;29,177006;-42,551842;48,346984;19,402043;28,405635;-74,707535;-55,282113;-31,033118;38,010981;-84,256840;-7,829529;0,172327;-0,236833;1,374969;0,165259;-0,268749;1,370230;0,166680;-0,268925;1,371284;0,167439;-0,268933;1,371713;0,148881;-0,267193;1,363808;0,138367;-0,266091;1,360099;0,124804;-0,263467;1,354038;0,135964;-0,256395;1,358505;0,079666;-0,251432;1,354165;0,167176;-0,202239;1,377951;0,148869;-0,196237;1,374009;0,040017;-0,054299;1,200777;0,038767;-0,084632;1,216483;0,135146;0,110342;1,385053;0,215359;-0,056588;1,028391;0,301444;0,182451;1,409443;0,402927;-0,097172;0,947602;0,325337;0,190709;1,302505;0,433695;-0,093896;0,905341;0,330329;0,187527;1,291044;0,439154;-0,108334;0,898424;0,320083;0,188577;1,325081;0,426075;-0,104835;0,918633;0,040653;0,243110;0,921932;0,056205;0,319528;1,118722;0,220791;0,319245;1,123920;0,265422;0,301135;1,041017;0,178796;0,368109;1,080004;0,173752;0,208345;0,598142;0,185459;0,418987;1,199679;0,186590;0,279293;0,762339;0,219681;0,365812;1,072229;0,217189;0,203673;0,594380
00:00:10.115;238;5;6;5;3;17,471122;30,160810;-72,385694;28,564391;53,532713;40,512618;-2,743727;9,173613;75,116817;-29,119181;-37,095957;28,705329;-92,009385;-1,224006;0,181657;-0,236106;1,374980;0,173981;-0,268658;1,372250;0,174905;-0,268772;1,372934;0,175398;-0,268777;1,373213;0,158322;-0,267168;1,365625;0,148073;-0,265199;1,360764;0,135182;-0,263154;1,355075;0,142436;-0,256241;1,357978;0,088797;-0,251340;1,354457;0,175372;-0,201302;1,378318;0,158719;-0,195782;1,375406;0,037175;-0,055528;1,209605;0,051279;-0,084523;1,212814;0,131021;0,110354;1,366135;0,230540;-0,060002;1,025454;0,299743;0,184282;1,414888;0,418691;-0,096682;0,948441;0,322149;0,192477;1,309678;0,444203;-0,093595;0,901372;0,328771;0,188120;1,291729;0,449567;-0,109517;0,900376;0,318301;0,190244;1,328903;0,439259;-0,105152;0,922261;0,034528;0,241088;0,910756;0,063112;0,329394;1,157319;0,205139;0,297355;1,084748;0,282005;0,282962;1,046611;0,206546;0,380591;1,150003;0,236776;0,288400;0,836792;0,206506;0,421675;1,227792;0,233465;0,342529;0,943521;0,229297;0,338880;1,029449;0,296334;0,288277;0,834347
00:00:10.158;239;5;6;6;3;15,332629;31,125509;-62,570668;27,828654;51,930578;35,940044;-7,189381;0,221767;78,203709;-9,827077;-38,871829;21,384936;-97,026174;7,572337;0,189183;-0,234733;1,374287;0,182100;-0,267950;1,374262;0,182700;-0,268025;1,374707;0,183020;-0,268028;1,374889;0,167670;-0,266509;1,367506;0,156751;-0,264686;1,361547;0,144203;-0,262884;1,355398;0,147294;-0,255942;1,356586;0,097075;-0,251346;1,354997;0,182071;-0,199708;1,377157;0,166551;-0,194555;1,375264;0,033988;-0,056443;1,217793;0,061472;-0,084453;1,210429;0,127455;0,110245;1,352437;0,241838;-0,062289;1,024595;0,297972;0,185564;1,419127;0,428938;-0,096364;0,948987;0,319479;0,193437;1,318191;0,451759;-0,093033;0,900192;0,327286;0,188658;1,293224;0,457787;-0,110113;0,904444;0,316355;0,191783;1,334537;0,448358;-0,104829;0,924620;0,030032;0,240693;0,903141;0,067493;0,335312;1,180658;0,197654;0,283435;1,058236;0,291581;0,275961;1,050247;0,222880;0,394605;1,197952;0,277907;0,356624;1,014665;0,216262;0,429366;1,248515;0,248842;0,404194;1,098738;0,265501;0,365295;1,119592;0,217749;0,217878;0,622826
00:00:10.198;240;5;6;6;3;14,622941;31,073944;-59,307095;27,559759;50,909997;31,006002;-7,356334;-0,454425;78,629670;-9,177715;-37,882929;20,876392;-100,854926;12,448967;0,195584;-0,233000;1,373487;0,188060;-0,266572;1,374870;0,188450;-0,266621;1,375160;0,188658;-0,267406;1,375278;0,175209;-0,265165;1,368029;0,163989;-0,263645;1,362405;0,151695;-0,262070;1,356309;0,151263;-0,255043;1,356031;0,103969;-0,251285;1,354998;0,187737;-0,198422;1,374652;0,173160;-0,193709;1,374822;0,032635;-0,057070;1,223816;0,069543;-0,085168;1,209929;0,130962;0,109083;1,348784;0,250346;-0,063776;1,024037;0,294692;0,187957;1,427483;0,434681;-0,096192;0,949691;0,316795;0,195182;1,326174;0,456756;-0,092475;0,902575;0,324736;0,189828;1,299795;0,463675;-0,110628;0,908139;0,314201;0,193189;1,340999;0,453901;-0,104361;0,928603;0,027625;0,240530;0,898542;0,070384;0,340055;1,196528;0,196540;0,273605;1,051854;0,298830;0,269853;1,056111;0,232492;0,401795;1,227719;0,274830;0,390981;1,108582;0,219428;0,432422;1,260584;0,235792;0,442663;1,203830;0,284290;0,384204;1,176785;0,162649;0,171987;0,484987
00:00:10.238;241;5;6;6;3;14,264714;31,283009;-60,191243;26,687800;49,853272;28,826247;-6,441217;0,413406;78,924156;-11,231982;-37,840972;16,292874;-102,529131;-15,012904;0,201307;-0,231874;1,372966;0,193448;-0,265609;1,374916;0,193702;-0,265641;1,375104;0,193837;-0,266151;1,375181;0,180791;-0,264157;1,367669;0,170200;-0,262901;1,362614;0,158067;-0,261474;1,356551;0,154572;-0,254394;1,355320;0,109283;-0,250602;1,355699;0,192507;-0,197103;1,375124;0,178429;-0,193354;1,375934;0,032449;-0,058164;1,227380;0,076216;-0,085684;1,210304;0,133241;0,109091;1,346410;0,259761;-0,065277;1,022974;0,292816;0,189955;1,430114;0,442808;-0,095331;0,948049;0,315751;0,196557;1,327863;0,461734;-0,092147;0,904474;0,323309;0,191024;1,301967;0,468592;-0,110695;0,912640;0,313086;0,194566;1,343099;0,459984;-0,103670;0,927692;0,025135;0,240438;0,899402;0,071649;0,342835;1,208243;0,196690;0,267525;1,058905;0,298900;0,265873;1,050122;0,224229;0,364346;1,160617;0,259848;0,353094;1,051329;0,212676;0,391235;1,187580;0,248916;0,427192;1,231540;0,271794;0,341199;1,107910;0,210647;0,214435;0,665941
00:00:10.279;242;5;6;6;3;11,553681;31,312342;-58,875399;26,520129;48,867209;27,284829;-4,799721;0,402492;79,160983;-11,019654;-36,713094;-13,896266;-104,097817;16,927974;0,205862;-0,231200;1,372978;0,197576;-0,264001;1,373895;0,197741;-0,264022;1,374018;0,196996;-0,265067;1,373717;0,185148;-0,262658;1,367085;0,175012;-0,262417;1,362749;0,163798;-0,261154;1,357058;0,156641;-0,253840;1,354158;0,114892;-0,249837;1,354404;0,196391;-0,196246;1,375431;0,183374;-0,193075;1,376307;0,033050;-0,058909;1,230397;0,083171;-0,085893;1,208798;0,133711;0,107377;1,342416;0,265095;-0,066347;1,023683;0,291597;0,191254;1,431824;0,445817;-0,095084;0,950132;0,314990;0,197398;1,328611;0,465696;-0,091556;0,907108;0,321980;0,192009;1,304779;0,471969;-0,110256;0,915916;0,312720;0,195204;1,342715;0,462698;-0,102580;0,930950;0,024909;0,247706;0,936012;0,072514;0,342738;1,216558;0,203821;0,261193;1,098138;0,304202;0,260625;1,071079;0,216082;0,326759;1,108951;0,250661;0,320791;1,027764;0,203860;0,347642;1,119827;0,231236;0,372520;1,147701;0,268015;0,310709;1,092192;0,235405;0,230381;0,787062
00:00:10.320;243;5;6;6;3;18,600753;31,269223;-58,801964;25,921529;47,996861;26,634010;-7,702629;0,452032;79,464754;-11,154242;-35,575626;12,039154;-104,838703;-17,492105;0,208714;-0,230645;1,372286;0,200102;-0,262756;1,372182;0,200209;-0,262769;1,372261;0,199778;-0,264295;1,372416;0,187105;-0,261550;1,366005;0,177318;-0,262035;1,362487;0,166707;-0,260879;1,357038;0,158838;-0,253612;1,354103;0,117863;-0,249533;1,354613;0,199698;-0,196472;1,375630;0,185659;-0,192746;1,375500;0,034847;-0,059393;1,232358;0,086453;-0,086155;1,209568;0,133911;0,105424;1,338771;0,269334;-0,067673;1,024844;0,291266;0,191862;1,431186;0,447939;-0,094414;0,951836;0,314413;0,197892;1,328747;0,468271;-0,091172;0,908820;0,321518;0,192442;1,305206;0,474709;-0,109042;0,919096;0,312402;0,195568;1,342115;0,464462;-0,101339;0,933067;0,025287;0,251975;0,958058;0,065082;0,307531;1,097363;0,222448;0,258334;1,146040;0,306388;0,258194;1,078052;0,217744;0,302852;1,072918;0,248655;0,299315;1,014896;0,203918;0,320430;1,073688;0,224480;0,335278;1,089005;0,273558;0,291676;1,080225;0,261831;0,239259;0,871390
00:00:10.373;244;6;6;6;4;22,272224;31,140830;-57,739344;24,733695;47,080584;26,904640;-9,332955;-0,024723;79,720635;-10,228400;-34,941579;10,442501;-105,067771;18,033798;0,211403;-0,230343;1,372186;0,201692;-0,261880;1,370718;0,201761;-0,261889;1,370770;0,201533;-0,263726;1,371221;0,189153;-0,260830;1,365303;0,179592;-0,261787;1,362316;0,168552;-0,260633;1,356675;0,161038;-0,252693;1,354067;0,119763;-0,249271;1,354398;0,202737;-0,196719;1,376459;0,187877;-0,192484;1,374625;0,038113;-0,059691;1,233283;0,088613;-0,087040;1,210419;0,133900;0,104047;1,335001;0,273449;-0,069169;1,026299;0,291506;0,192022;1,429021;0,452644;-0,094314;0,950843;0,314121;0,198266;1,329186;0,470853;-0,091618;0,911683;0,321218;0,192723;1,305484;0,476853;-0,108334;0,921862;0,312276;0,195856;1,342074;0,468096;-0,100383;0,933044;0,026450;0,254493;0,984987;0,060332;0,283531;1,021286;0,236668;0,254239;1,187326;0,304853;0,255389;1,085384;0,219665;0,286317;1,064197;0,239953;0,284401;1,013883;0,202477;0,298677;1,047547;0,211032;0,309098;1,056104;0,279474;0,278458;1,116196;0,270389;0,245578;0,933204
00:00:10.413;245;6;6;6;4;25,167874;31,119370;-59,091136;23,961502;46,786447;26,739783;-9,970876;0,455860;79,808199;-10,740540;-32,686938;9,261800;-105,175619;18,121674;0,213261;-0,230264;1,372821;0,202673;-0,261244;1,369417;0,203602;-0,261383;1,370150;0,203453;-0,263357;1,370443;0,190434;-0,261071;1,364497;0,180108;-0,261358;1,360806;0,168849;-0,260271;1,355389;0,162339;-0,251900;1,352993;0,120934;-0,248972;1,353559;0,204818;-0,196979;1,377699;0,189368;-0,193144;1,374406;0,040874;-0,060499;1,232134;0,089353;-0,087640;1,211323;0,134685;0,102422;1,332901;0,274649;-0,070214;1,028294;0,291590;0,192078;1,427263;0,453672;-0,093846;0,951598;0,314189;0,198194;1,327371;0,472712;-0,091420;0,913894;0,320937;0,192854;1,305315;0,478428;-0,107915;0,924010;0,312031;0,195940;1,341348;0,469037;-0,099377;0,934428;0,027032;0,252238;0,996192;0,056321;0,267305;0,973236;0,248311;0,248831;1,218712;0,308060;0,254574;1,103099;0,224150;0,276039;1,067978;0,238904;0,275608;1,028624;0,203459;0,284383;1,034405;0,205668;0,290890;1,043467;0,292565;0,271110;1,151827;0,280492;0,247631;0,987732
00:00:10.453;246;6;6;6;4;26,080900;31,067550;-60,929127;23,490176;46,780846;26,106684;-9,064459;1,498442;79,587133;-11,775722;-30,747448;8,347329;-106,128777;18,776467;0,214414;-0,230154;1,372884;0,203310;-0,260831;1,368571;0,203914;-0,260921;1,369048;0,203870;-0,263049;1,369588;0,191267;-0,261228;1,363973;0,181264;-0,261145;1,360174;0,169812;-0,260036;1,354553;0,163185;-0,251386;1,352296;0,122400;-0,248649;1,352313;0,206012;-0,196998;1,377454;0,190190;-0,193425;1,373214;0,043368;-0,061724;1,231387;0,090605;-0,089492;1,212960;0,135302;0,099928;1,332585;0,275122;-0,071556;1,030641;0,290941;0,191911;1,430671;0,453588;-0,093609;0,952789;0,312311;0,198586;1,334241;0,474284;-0,091361;0,916031;0,319373;0,193170;1,311855;0,479088;-0,107034;0,924707;0,310780;0,195993;1,346126;0,468746;-0,098334;0,936729;0,027874;0,252445;1,020275;0,052926;0,255845;0,946203;0,256662;0,237479;1,272363;0,313826;0,255511;1,142965;0,230762;0,267737;1,093536;0,235241;0,269886;1,058855;0,208345;0,276539;1,055964;0,197133;0,278760;1,053454;0,305780;0,258292;1,187588;0,288256;0,250649;1,041726
00:00:10.498;247;6;6;6;4;23,901153;31,119340;-63,086443;23,346852;46,814544;25,563541;-6,424476;2,728423;79,160792;-13,326495;-28,475825;7,676317;-107,555104;20,301654;0,215163;-0,230082;1,372924;0,203777;-0,260629;1,368371;0,204170;-0,260688;1,368681;0,204193;-0,262916;1,369382;0,191809;-0,261330;1,363633;0,182062;-0,261075;1,360113;0,170482;-0,259951;1,354359;0,163778;-0,251116;1,352192;0,123417;-0,248567;1,352204;0,205847;-0,196861;1,376245;0,189848;-0,193508;1,371739;0,046345;-0,062466;1,229852;0,090805;-0,091469;1,215074;0,135596;0,096720;1,331331;0,274840;-0,072429;1,032167;0,290872;0,191215;1,434636;0,453367;-0,093422;0,953213;0,311696;0,197971;1,338007;0,475669;-0,091393;0,918120;0,318273;0,193324;1,315755;0,479518;-0,106461;0,925159;0,309966;0,196026;1,349232;0,469452;-0,097084;0,937874;0,030401;0,263031;1,082829;0,050121;0,248445;0,926882;0,257229;0,236610;1,282736;0,316510;0,260657;1,167477;0,226161;0,264554;1,094748;0,224186;0,301376;1,113856;0,198759;0,270395;1,043726;0,179740;0,308483;1,107895;0,297438;0,257377;1,148882;0,286327;0,303404;1,102722
00:00:10.539;248;6;6;6;4;21,400054;31,139095;-65,933445;23,533748;47,367005;25,411590;-3,681645;4,584467;78,684952;-15,666915;-25,851378;-9,122221;-107,697546;20,181887;0,214869;-0,230036;1,372951;0,204185;-0,260631;1,368941;0,204440;-0,260669;1,369143;0,204508;-0,262964;1,369949;0,192161;-0,261396;1,363411;0,182581;-0,261029;1,360073;0,170918;-0,259895;1,354234;0,163351;-0,250875;1,351775;0,124046;-0,248450;1,351782;0,205740;-0,196771;1,375459;0,188846;-0,193563;1,370780;0,048917;-0,063572;1,227454;0,090267;-0,092782;1,216798;0,136835;0,094825;1,333315;0,273479;-0,072996;1,033158;0,291506;0,189850;1,436514;0,451543;-0,092858;0,954538;0,311736;0,197366;1,339054;0,476587;-0,091517;0,920528;0,318058;0,193270;1,317241;0,479797;-0,104508;0,925454;0,309888;0,195846;1,349851;0,469551;-0,096308;0,938968;0,033125;0,272965;1,136439;0,047893;0,243167;0,916423;0,256751;0,233960;1,277928;0,305356;0,257630;1,149110;0,224910;0,261251;1,080136;0,211848;0,306308;1,097106;0,196985;0,267474;1,028772;0,184045;0,348544;1,212232;0,298437;0,255803;1,124773;0,306137;0,357245;1,208869
00:00:10.579;249;6;6;6;4;24,152211;30,908681;-67,569314;25,161645;47,970093;25,345246;-3,046391;5,558904;77,721819;-18,306409;-26,636177;-15,472160;-107,534371;19,455144;0,212121;-0,229771;1,371568;0,202686;-0,260366;1,367912;0,203733;-0,260524;1,368743;0,203777;-0,262016;1,369267;0,189098;-0,261170;1,361867;0,178782;-0,260596;1,357948;0,166332;-0,259456;1,352052;0,163074;-0,250719;1,351504;0,120641;-0,248438;1,351859;0,203173;-0,196563;1,373899;0,184209;-0,193499;1,369457;0,050557;-0,064253;1,225195;0,088554;-0,093662;1,218269;0,137785;0,093690;1,336005;0,270647;-0,071551;1,033103;0,291918;0,188964;1,437734;0,447594;-0,091726;0,958900;0,312279;0,196058;1,338685;0,475436;-0,090612;0,922793;0,317918;0,193235;1,318207;0,478925;-0,102185;0,925645;0,309756;0,195678;1,349903;0,468355;-0,095337;0,940379;0,033112;0,266416;1,113535;0,045074;0,238232;0,901925;0,258063;0,238102;1,282853;0,292227;0,258257;1,109522;0,220193;0,267909;1,054889;0,222284;0,364490;1,177569;0,197612;0,282344;1,031302;0,183783;0,398395;1,257651;0,289982;0,264981;1,064653;0,218410;0,262949;0,864865
00:00:10.624;250;6;6;6;4;22,628418;30,652655;-67,869015;27,894331;49,869310;26,080017;-0,960606;5,964691;75,952412;-20,881853;-28,600978;-21,669445;-105,416794;17,007964;0,208778;-0,229599;1,370669;0,200934;-0,260193;1,367243;0,203429;-0,260629;1,369533;0,203457;-0,262379;1,369873;0,184650;-0,260822;1,359814;0,173873;-0,260113;1,355516;0,160971;-0,259036;1,349934;0,162894;-0,250618;1,351327;0,115376;-0,248495;1,352258;0,200724;-0,196427;1,372884;0,178862;-0,193457;1,368597;0,051593;-0,065351;1,223027;0,087415;-0,093513;1,218875;0,139314;0,093549;1,346503;0,267951;-0,066438;1,032017;0,292186;0,188387;1,438527;0,444007;-0,090568;0,963135;0,313063;0,195006;1,337046;0,473810;-0,089529;0,924616;0,317827;0,193213;1,318834;0,477483;-0,100184;0,926119;0,309671;0,195569;1,349937;0,467404;-0,094135;0,940946;0,034271;0,270462;1,136448;0,042659;0,237589;0,902301;0,261275;0,236608;1,283255;0,284780;0,258577;1,083439;0,219081;0,268234;1,034278;0,236619;0,394756;1,229870;0,199615;0,288523;1,029096;0,190448;0,422081;1,281923;0,289434;0,271537;1,029424;0,165135;0,200892;0,642662
00:00:10.672;251;6;6;6;4;24,299272;30,671660;-67,495092;32,068992;53,549838;30,587443;0,281077;6,576756;73,525665;-23,630498;-29,358530;-28,195432;-99,508867;10,913452;0,204317;-0,229546;1,370435;0,199018;-0,260081;1,366808;0,202502;-0,260764;1,370396;0,203457;-0,262101;1,371668;0,179313;-0,260394;1,357429;0,168294;-0,259665;1,353235;0,154348;-0,258629;1,347857;0,162777;-0,250552;1,351213;0,109000;-0,248853;1,354268;0,197474;-0,196239;1,371525;0,172927;-0,193282;1,366988;0,052236;-0,066719;1,220917;0,081835;-0,092053;1,219619;0,141910;0,094509;1,368727;0,260085;-0,058381;1,030261;0,292821;0,187785;1,437293;0,437922;-0,088398;0,968688;0,314000;0,194119;1,334580;0,470604;-0,086547;0,930000;0,318588;0,192788;1,316442;0,474787;-0,098643;0,929227;0,310501;0,195092;1,347159;0,464386;-0,093086;0,944115;0,033879;0,264955;1,114241;0,035896;0,236621;0,900446;0,246608;0,242571;1,203016;0,274057;0,272688;1,048285;0,231461;0,333077;1,113980;0,245937;0,414429;1,263866;0,211446;0,362926;1,129863;0,194780;0,437476;1,297700;0,211155;0,207239;0,748226;0,127659;0,161319;0,496830
00:00:10.713;252;4;6;4;2;8,176247;8,250399;-71,443334;40,998927;15,710252;48,030271;20,985482;30,348551;-39,620018;-60,283971;-36,111235;-26,359580;-84,912058;6,073487;0,197330;-0,229277;1,368883;0,195247;-0,259742;1,365125;0,199359;-0,260585;1,369558;0,202725;-0,261987;1,373184;0,170940;-0,259646;1,353429;0,158234;-0,258836;1,348953;0,142238;-0,258029;1,344757;0,162616;-0,250379;1,350438;0,097860;-0,248958;1,354874;0,192929;-0,196017;1,369941;0,165111;-0,193069;1,365242;0,060521;-0,067892;1,212546;0,065844;-0,092165;1,225002;0,147869;0,097673;1,408023;0,233531;-0,040336;1,036820;0,296255;0,186255;1,427740;0,426261;-0,080769;0,988047;0,316901;0,192967;1,323877;0,462047;-0,077851;0,945050;0,321875;0,191539;1,308238;0,465292;-0,092155;0,942098;0,312334;0,194175;1,341153;0,453397;-0,088364;0,956325;0,039040;0,260960;1,098057;0,028521;0,248927;0,939840;0,254080;0,247895;1,147010;0,265429;0,284945;1,029986;0,246387;0,392635;1,185037;0,251994;0,427216;1,285963;0,219137;0,411288;1,195361;0,197596;0,447484;1,307955;0,159887;0,165445;0,565447;0,103429;0,135597;0,402040
00:00:10.764;253;4;5;3;2;-8,402250;-5,373096;64,117281;90,222231;13,294547;60,041251;-21,732198;-23,755199;36,053467;23,841053;-125,466282;-65,979765;-144,352961;52,451996;0,190411;-0,229043;1,367524;0,190377;-0,259388;1,363331;0,195759;-0,260469;1,369012;0,199850;-0,261847;1,373820;0,163123;-0,259026;1,350129;0,149475;-0,258432;1,346870;0,132873;-0,257706;1,343092;0,161661;-0,250137;1,349235;0,088267;-0,248897;1,354568;0,187778;-0,196022;1,369962;0,158443;-0,192881;1,363758;0,074706;-0,076353;1,271505;0,050580;-0,092448;1,231301;0,139795;0,084114;1,288315;0,198245;-0,015360;1,044933;0,345890;0,171459;1,587431;0,425536;0,005344;1,235131;0,334422;0,184261;1,370120;0,426356;0,006882;1,067533;0,335375;0,182788;1,341404;0,447862;-0,000773;1,103764;0,349587;0,182050;1,484950;0,457390;0,000467;1,186861;0,048382;0,260991;1,117987;0,020255;0,255603;0,962646;0,295579;0,220344;1,237657;0,236222;0,271523;0,953341;0,407280;0,271968;1,414274;0,255931;0,435528;1,300326;0,377575;0,306856;1,384584;0,199427;0,453988;1,314621;0,258614;0,097942;0,714740;0,083473;0,118470;0,339376
00:00:10.805;254;4;6;5;2;-9,463434;-4,424843;57,589390;105,364126;25,761045;100,023870;-21,218769;-16,768154;28,858900;-14,382732;-148,133364;78,281087;-147,090368;51,133217;0,181688;-0,228423;1,363841;0,183717;-0,258559;1,359015;0,189025;-0,259661;1,364808;0,194474;-0,261222;1,371433;0,154836;-0,258354;1,346584;0,140627;-0,257968;1,344465;0,123707;-0,257429;1,341660;0,159265;-0,249591;1,346353;0,079770;-0,249050;1,355419;0,181095;-0,195775;1,368225;0,150834;-0,193283;1,361042;0,088709;-0,082553;1,320328;0,035720;-0,092788;1,237496;0,134670;0,077184;1,211555;0,163861;0,005982;1,056856;0,343497;0,164763;1,560680;0,439260;0,051747;1,448235;0,334032;0,181837;1,350478;0,403337;0,061566;1,155896;0,336804;0,179338;1,331463;0,438720;0,057222;1,224596;0,346780;0,175260;1,465367;0,457293;0,057641;1,340210;0,057378;0,263810;1,146341;0,011419;0,258128;0,983770;0,314658;0,209927;1,250377;0,210643;0,257417;0,896171;0,395709;0,260856;1,271028;0,243543;0,467876;1,324712;0,363368;0,292853;1,268180;0,185764;0,479875;1,334004;0,244359;0,117044;0,652181;0,073164;0,107745;0,299694
00:00:10.846;255;4;5;5;2;-11,838820;-2,624502;49,378338;99,047369;32,295678;118,438062;-22,359132;-8,172585;22,969796;-32,866572;-85,197261;57,365143;-145,094521;33,750437;0,167013;-0,227199;1,356546;0,170434;-0,257155;1,351660;0,177213;-0,258337;1,357875;0,184020;-0,260883;1,370231;0,140881;-0,257514;1,342179;0,125494;-0,257819;1,339752;0,109215;-0,257536;1,338279;0,155341;-0,249106;1,343779;0,067227;-0,248764;1,353873;0,169378;-0,195114;1,363596;0,136257;-0,193657;1,354728;0,098750;-0,087353;1,363613;0,019624;-0,092658;1,246422;0,128563;0,077113;1,164111;0,129630;0,035132;1,071257;0,332350;0,158329;1,522642;0,381758;0,056609;1,323203;0,333685;0,178747;1,343311;0,453681;0,085567;1,387983;0,338066;0,174614;1,335151;0,406082;0,052000;1,175388;0,342101;0,170622;1,457889;0,412001;0,051734;1,252636;0,063429;0,260075;1,137122;0,006225;0,262977;1,007650;0,311847;0,223084;1,210345;0,215375;0,292723;0,978011;0,278690;0,200296;0,905268;0,235491;0,488902;1,340563;0,253271;0,220822;0,902717;0,176883;0,496702;1,346602;0,235094;0,129461;0,611518;0,070862;0,100638;0,273551
00:00:10.890;256;4;3;5;2;-12,792782;-0,940938;41,568896;94,026016;34,799661;119,947077;-22,641718;0,124129;19,475119;-40,158739;-8,217392;47,636783;-105,714824;64,733897;0,152690;-0,226051;1,349705;0,157023;-0,255842;1,344779;0,164684;-0,257010;1,350919;0,171663;-0,259132;1,361400;0,127067;-0,256498;1,336867;0,111002;-0,257384;1,334939;0,095047;-0,256862;1,332231;0,149559;-0,248466;1,340357;0,055239;-0,249412;1,353217;0,157871;-0,194634;1,360238;0,122222;-0,193951;1,350973;0,106941;-0,091149;1,401899;0,006282;-0,090440;1,252575;0,125860;0,076397;1,150772;0,100684;0,065160;1,084817;0,300239;0,136726;1,382067;0,341369;0,067446;1,252782;0,347136;0,172957;1,386602;0,455654;0,109510;1,463939;0,322728;0,148257;1,263698;0,379872;0,053851;1,149352;0,313361;0,143586;1,341728;0,377353;0,051782;1,199214;0,068307;0,263475;1,166129;0,003472;0,262237;1,008123;0,320135;0,227000;1,214074;0,219350;0,289465;0,984307;0,309242;0,299657;1,077724;0,250610;0,462725;1,293816;0,271238;0,326525;1,076066;0,212038;0,493912;1,364592;0,180510;0,114513;0,479387;0,072713;0,095780;0,259358
00:00:10.932;257;3;3;4;2;-12,804879;-0,033829;34,945599;89,564281;23,993556;70,037241;-20,325341;7,273200;14,478565;-18,544105;-14,677298;-36,406405;-27,344149;-12,538109;0,138549;-0,225534;1,342108;0,144452;-0,255613;1,339606;0,151836;-0,255882;1,344997;0,158862;-0,258422;1,353910;0,112733;-0,256390;1,332363;0,096960;-0,256762;1,330060;0,081372;-0,257379;1,329350;0,142731;-0,247985;1,337782;0,043628;-0,250157;1,354541;0,145768;-0,194322;1,358055;0,107829;-0,195112;1,349932;0,117253;-0,093348;1,435534;-0,008156;-0,086143;1,256923;0,149801;0,089917;1,298202;0,075142;0,094721;1,102731;0,283902;0,122313;1,293844;0,308598;0,083311;1,212258;0,342808;0,157383;1,320241;0,417542;0,124961;1,398510;0,321119;0,127544;1,212704;0,357923;0,068177;1,139429;0,306852;0,122347;1,268673;0,351296;0,062572;1,174639;0,079707;0,270419;1,219984;0,001070;0,264833;1,020330;0,345375;0,231648;1,231198;0,226997;0,296512;1,027250;0,291609;0,285945;1,048771;0,250878;0,392136;1,187830;0,255746;0,305768;1,045943;0,232970;0,426760;1,293335;0,237785;0,177507;0,680151;0,171312;0,161736;0,537133
00:00:10.973;258;3;3;3;2;-15,377175;3,501619;27,342837;86,992018;17,317371;60,551613;-21,182766;15,918810;9,463295;-0,833102;-13,075451;25,576146;39,409033;38,763976;0,121775;-0,225893;1,336820;0,128607;-0,255195;1,334844;0,136596;-0,255773;1,340448;0,144748;-0,258633;1,352542;0,096547;-0,255981;1,327686;0,081081;-0,257178;1,327239;0,065759;-0,258126;1,329578;0,133434;-0,248646;1,341358;0,030653;-0,249798;1,350852;0,131627;-0,194688;1,355235;0,091633;-0,196841;1,350656;0,124292;-0,093894;1,470697;-0,026426;-0,080032;1,265000;0,173046;0,105292;1,397881;0,042768;0,127040;1,131875;0,278199;0,123696;1,246649;0,275483;0,108317;1,199218;0,339848;0,156463;1,269407;0,366782;0,140587;1,319232;0,325980;0,126791;1,191107;0,330186;0,091765;1,145929;0,304091;0,117221;1,224338;0,318616;0,086812;1,174765;0,085913;0,272279;1,239240;-0,002145;0,263584;1,012514;0,343687;0,235345;1,192279;0,222325;0,295479;1,018762;0,299907;0,381583;1,211951;0,241789;0,347664;1,117890;0,255041;0,403952;1,210113;0,224786;0,378831;1,193117;0,175101;0,146255;0,521548;0,222248;0,210156;0,709986
00:00:11.013;259;3;3;3;2;-16,984801;6,319783;21,644505;85,292858;13,886202;71,805977;-22,059748;23,252584;6,486309;8,379738;-9,034647;16,982447;74,124920;-50,371013;0,106321;-0,226067;1,333033;0,113689;-0,254655;1,330349;0,122016;-0,255366;1,335741;0,129688;-0,257494;1,345002;0,081522;-0,256466;1,324646;0,065522;-0,257654;1,326456;0,051026;-0,258886;1,327276;0,122360;-0,247279;1,338083;0,018399;-0,249305;1,347054;0,116988;-0,194773;1,352353;0,075624;-0,198316;1,348327;0,127904;-0,093033;1,502653;-0,040506;-0,074621;1,270600;0,187396;0,116278;1,463723;0,018238;0,150869;1,155719;0,274714;0,131673;1,219822;0,252820;0,132659;1,195642;0,339725;0,164935;1,252464;0,333016;0,158479;1,270151;0,331897;0,137276;1,195970;0,312334;0,116813;1,153654;0,302172;0,124835;1,200069;0,296554;0,111168;1,174147;0,089198;0,272787;1,241956;-0,003757;0,267028;1,021434;0,351212;0,232427;1,199881;0,219257;0,293422;1,010446;0,303786;0,422517;1,298768;0,233478;0,328670;1,071728;0,255513;0,447027;1,297573;0,213802;0,349735;1,119576;0,134966;0,125948;0,418806;0,296996;0,303078;0,965841
00:00:11.053;260;3;2;3;3;-20,481634;8,312121;17,665854;83,102137;11,530771;78,701649;-24,133154;27,675328;3,477426;14,373553;-3,489765;8,940621;89,252891;49,036431;0,090943;-0,226754;1,329522;0,099420;-0,254853;1,326377;0,107944;-0,254901;1,331632;0,116111;-0,256754;1,340101;0,066532;-0,256986;1,323720;0,050859;-0,257690;1,324546;0,037698;-0,259656;1,327179;0,111348;-0,246327;1,335604;0,006609;-0,249180;1,345635;0,103639;-0,194829;1,350480;0,060646;-0,199379;1,347512;0,130252;-0,092473;1,523425;-0,054894;-0,069744;1,276340;0,197674;0,124352;1,506870;-0,002726;0,167495;1,178217;0,273537;0,141214;1,210084;0,237406;0,154521;1,197167;0,340015;0,173115;1,245302;0,310438;0,174678;1,241398;0,337731;0,148125;1,208580;0,300481;0,134674;1,160425;0,303912;0,134554;1,195845;0,284955;0,129625;1,183196;0,093402;0,273364;1,226221;-0,004648;0,266214;1,003082;0,345551;0,240272;1,163523;0,199377;0,296163;0,996290;0,214034;0,305103;0,922599;0,228283;0,323034;1,045223;0,255820;0,475026;1,354423;0,208727;0,340460;1,088225;0,108656;0,112742;0,351674;0,347594;0,373981;1,138797
00:00:11.093;261;4;2;3;4;-25,647786;11,042010;15,542177;81,196843;12,590084;77,718710;-30,035645;33,884091;1,766684;13,193480;-5,385073;2,527739;92,873640;44,641955;0,076365;-0,226899;1,325489;0,085625;-0,254914;1,323445;0,094257;-0,255284;1,328611;0,102967;-0,257011;1,340766;0,053004;-0,257119;1,322068;0,037579;-0,257918;1,324355;0,024504;-0,259332;1,326766;0,100698;-0,246608;1,338893;-0,004855;-0,248903;1,343663;0,090363;-0,194865;1,349262;0,047074;-0,200017;1,346633;0,133678;-0,093400;1,558976;-0,068743;-0,065171;1,281471;0,203640;0,129723;1,536315;-0,018490;0,178531;1,194241;0,275002;0,148723;1,213555;0,222431;0,171308;1,201309;0,341233;0,178683;1,246946;0,290950;0,187051;1,225509;0,338402;0,155368;1,218177;0,288378;0,147559;1,169026;0,307693;0,141838;1,206049;0,273874;0,143127;1,195027;0,095127;0,271193;1,196394;-0,005377;0,254089;0,941804;0,333129;0,249872;1,120990;0,223486;0,366163;1,158588;0,159701;0,229057;0,678790;0,168062;0,240712;0,758495;0,184418;0,339507;0,959475;0,153807;0,252039;0,786446;0,097015;0,103750;0,306988;0,253349;0,273419;0,818268
00:00:11.133;262;4;2;3;4;-27,985031;12,947360;14,157631;79,940347;11,673402;79,516788;-30,372554;36,268616;-0,433259;15,269277;-6,216775;4,603231;99,779077;-39,175881;0,063139;-0,226993;1,322868;0,072921;-0,255022;1,321889;0,081596;-0,255533;1,326647;0,090622;-0,257246;1,341548;0,039707;-0,257205;1,320994;0,025178;-0,257793;1,322831;0,012163;-0,258917;1,325448;0,090789;-0,247048;1,342430;-0,016120;-0,248724;1,342381;0,077844;-0,194686;1,347070;0,034425;-0,200432;1,346061;0,133855;-0,093224;1,568784;-0,082444;-0,062352;1,288306;0,207187;0,132999;1,553005;-0,031762;0,187262;1,209907;0,275716;0,153463;1,214761;0,210053;0,181647;1,204701;0,340400;0,182991;1,252565;0,275023;0,194534;1,215881;0,336535;0,159987;1,228965;0,277592;0,156011;1,179867;0,307625;0,146706;1,213732;0,263140;0,152339;1,205868;0,096188;0,269618;1,176306;-0,008361;0,257609;0,944672;0,327362;0,257158;1,095093;0,207726;0,362314;1,129682;0,123227;0,179627;0,520313;0,128268;0,186698;0,573172;0,136317;0,251147;0,702059;0,117853;0,193665;0,590290;0,087553;0,097769;0,277592;0,192089;0,208054;0,609924
00:00:11.186;263;4;2;3;4;-28,901353;15,544781;13,361053;79,157024;10,934084;80,634691;-28,638237;38,651710;-2,410814;16,807563;-12,145982;-9,939149;94,330672;34,031223;0,047791;-0,227054;1,321164;0,058659;-0,255091;1,320878;0,067354;-0,255762;1,325721;0,076470;-0,258095;1,341706;0,024305;-0,257466;1,321346;0,010356;-0,257712;1,321840;-0,002667;-0,258921;1,325991;0,079033;-0,248361;1,346130;-0,028699;-0,247459;1,339448;0,064387;-0,195487;1,346696;0,020078;-0,200755;1,346040;0,132022;-0,093008;1,573410;-0,096961;-0,060720;1,297299;0,208312;0,134944;1,561753;-0,044196;0,193086;1,225339;0,273024;0,156036;1,216944;0,197831;0,188526;1,216355;0,329928;0,183030;1,242567;0,258248;0,199079;1,211722;0,321955;0,161099;1,221977;0,264102;0,162256;1,192164;0,297098;0,149870;1,218726;0,248605;0,158251;1,217464;0,095755;0,268434;1,165349;-0,013689;0,267087;0,976637;0,323679;0,258760;1,082461;0,187357;0,355212;1,104244;0,099519;0,147497;0,417304;0,102402;0,151589;0,452712;0,105051;0,193713;0,534738;0,094482;0,155721;0,462788;0,074452;0,094154;0,259185;0,143508;0,165975;0,475551
00:00:11.229;264;4;3;3;4;-29,303030;16,608219;13,155203;77,842506;10,667985;81,242704;-26,442253;39,220639;-4,280201;18,150605;-15,283140;11,553233;91,477766;27,068931;0,034817;-0,227154;1,320407;0,045635;-0,255137;1,320221;0,055082;-0,255912;1,325118;0,063320;-0,257766;1,337259;0,010520;-0,257841;1,322625;-0,003109;-0,258342;1,324696;-0,016147;-0,259332;1,328444;0,068211;-0,248696;1,345734;-0,040087;-0,247344;1,341391;0,052599;-0,196162;1,347502;0,007701;-0,200807;1,344976;0,127996;-0,092764;1,574666;-0,109565;-0,059735;1,304894;0,207914;0,135159;1,565690;-0,052410;0,196553;1,237821;0,266664;0,158123;1,216264;0,189279;0,193111;1,224631;0,316433;0,184181;1,234319;0,247741;0,201706;1,211120;0,306366;0,162559;1,217785;0,254154;0,166465;1,201206;0,282973;0,152446;1,220572;0,237992;0,162992;1,226402;0,096672;0,273643;1,180977;-0,018085;0,270651;0,987964;0,298405;0,261038;1,033649;0,161801;0,380294;1,127958;0,084108;0,126613;0,350347;0,085589;0,128768;0,374413;0,084728;0,156381;0,425980;0,079291;0,131058;0,379913;0,065937;0,091803;0,247220;0,111930;0,138623;0,388208
00:00:11.270;265;4;3;3;4;-29,798823;16,338410;13,132099;76,733764;11,972187;78,811547;-24,946259;39,402741;-6,000982;16,781289;-18,167307;13,547142;84,360833;-15,753306;0,023382;-0,227219;1,319914;0,034163;-0,255099;1,319443;0,044086;-0,255941;1,324377;0,052495;-0,257485;1,334018;-0,001457;-0,258084;1,323456;-0,014888;-0,258752;1,326552;-0,027905;-0,259395;1,328989;0,058837;-0,248654;1,344077;-0,050733;-0,247912;1,346154;0,042647;-0,196703;1,348726;-0,003414;-0,200946;1,344984;0,125539;-0,092729;1,577583;-0,120084;-0,059126;1,310531;0,206411;0,135365;1,558798;-0,057842;0,199088;1,247683;0,258037;0,160408;1,217572;0,184575;0,195555;1,231060;0,300632;0,185082;1,225457;0,239534;0,203414;1,210728;0,290035;0,163507;1,215061;0,247061;0,169252;1,207434;0,268985;0,154165;1,222122;0,230971;0,165271;1,231511;0,097727;0,274489;1,180285;-0,020599;0,275565;1,004777;0,282015;0,266532;1,010322;0,158967;0,426232;1,250123;0,074092;0,113038;0,306826;0,074660;0,113935;0,323518;0,071518;0,132115;0,355287;0,069417;0,115027;0,326043;0,060402;0,090276;0,239443;0,089582;0,120573;0,330735
