Timestamp;Frame;RULA_C;Score_A_R;Score_A_L;Score_B;Trunk_Sag;Neck_Sag;UA_Sag_R;LA_Ang_R;UA_Sag_L;LA_Ang_L;Trunk_Fro;Neck_Fro;UA_Fro_R;UA_Fro_L;Wr_Flex_R;Wr_Dev_R;Wr_Flex_L;Wr_Dev_L;Nose_X;Nose_Y;Nose_Z;L_Eye_In_X;L_Eye_In_Y;L_Eye_In_Z;L_Eye_X;L_Eye_Y;L_Eye_Z;L_Eye_Out_X;L_Eye_Out_Y;L_Eye_Out_Z;R_Eye_In_X;R_Eye_In_Y;R_Eye_In_Z;R_Eye_X;R_Eye_Y;R_Eye_Z;R_Eye_Out_X;R_Eye_Out_Y;R_Eye_Out_Z;L_Ear_X;L_Ear_Y;L_Ear_Z;R_Ear_X;R_Ear_Y;R_Ear_Z;Mouth_L_X;Mouth_L_Y;Mouth_L_Z;Mouth_R_X;Mouth_R_Y;Mouth_R_Z;L_Shoulder_X;L_Shoulder_Y;L_Shoulder_Z;R_Shoulder_X;R_Shoulder_Y;R_Shoulder_Z;L_Elbow_X;L_Elbow_Y;L_Elbow_Z;R_Elbow_X;R_Elbow_Y;R_Elbow_Z;L_Wrist_X;L_Wrist_Y;L_Wrist_Z;R_Wrist_X;R_Wrist_Y;R_Wrist_Z;L_Pinky_X;L_Pinky_Y;L_Pinky_Z;R_Pinky_X;R_Pinky_Y;R_Pinky_Z;L_Index_X;L_Index_Y;L_Index_Z;R_Index_X;R_Index_Y;R_Index_Z;L_Thumb_X;L_Thumb_Y;L_Thumb_Z;R_Thumb_X;R_Thumb_Y;R_Thumb_Z;L_Hip_X;L_Hip_Y;L_Hip_Z;R_Hip_X;R_Hip_Y;R_Hip_Z;L_Knee_X;L_Knee_Y;L_Knee_Z;R_Knee_X;R_Knee_Y;R_Knee_Z;L_Ankle_X;L_Ankle_Y;L_Ankle_Z;R_Ankle_X;R_Ankle_Y;R_Ankle_Z;L_Heel_X;L_Heel_Y;L_Heel_Z;R_Heel_X;R_Heel_Y;R_Heel_Z;L_Foot_In_X;L_Foot_In_Y;L_Foot_In_Z;R_Foot_In_X;R_Foot_In_Y;R_Foot_In_Z
00:00:00.000;1;3;3;4;1;4,988904;-8,208213;2,104739;25,872703;1,303907;9,802935;-2,439454;12,611267;16,350378;5,450141;-14,445055;-6,209271;-53,752896;-43,267960;0,063070;0,188562;1,076928;0,063001;0,196183;1,075747;0,066379;0,195130;1,076108;0,068675;0,195299;1,077035;0,051813;0,197282;1,075641;0,046234;0,197339;1,075949;0,040619;0,198349;1,075363;0,063070;0,188562;1,076928;0,026249;0,193966;1,082094;0,065903;0,177848;1,086717;0,051954;0,177636;1,078571;0,085846;0,121066;1,126019;-0,015220;0,125199;1,071239;0,092160;0,034613;1,131680;-0,040459;0,033566;1,061389;0,108711;-0,042350;1,144906;-0,027706;-0,047043;1,038309;0,112002;-0,066946;1,118344;-0,025453;-0,071606;1,034495;0,111134;-0,069455;1,121317;-0,012578;-0,071780;1,037002;0,107645;-0,060793;1,133682;-0,008529;-0,065169;1,070077;0,063864;-0,049406;1,090474;0,008184;-0,047520;1,073478;0,060579;-0,174162;1,135140;-0,005305;-0,180286;1,093548;0,064159;-0,286449;1,135841;-0,007605;-0,294971;1,097259;0,049308;-0,303701;1,147484;-0,010960;-0,306769;1,090537;0,109721;-0,298390;1,041506;0,019851;-0,337362;1,101584
00:00:00.033;2;3;4;4;2;5,552101;-9,904375;-1,672997;24,231281;2,038091;9,315493;-2,004520;12,133042;17,190594;6,174473;-15,981880;-5,091305;-54,782124;44,399339;0,104103;0,310116;1,777556;0,105066;0,322569;1,774901;0,109528;0,320856;1,775628;0,114558;0,321468;1,779024;0,085410;0,324091;1,773127;0,076212;0,324173;1,773576;0,066954;0,325827;1,772543;0,105230;0,311258;1,777679;0,043316;0,320077;1,785640;0,108783;0,292433;1,793783;0,085719;0,291964;1,779556;0,140283;0,199484;1,855373;-0,026333;0,207387;1,774457;0,152022;0,055919;1,866754;-0,066706;0,055340;1,749913;0,179405;-0,069890;1,889428;-0,045671;-0,078624;1,711567;0,184771;-0,110442;1,844945;-0,043055;-0,119177;1,706222;0,183315;-0,114567;1,849608;-0,020770;-0,119610;1,712416;0,177188;-0,100067;1,866082;-0,015090;-0,107988;1,755069;0,106686;-0,081655;1,802260;0,013489;-0,078324;1,769337;0,099747;-0,291472;1,869077;-0,009894;-0,297560;1,804889;0,105897;-0,478702;1,874748;-0,011417;-0,485977;1,812031;0,081504;-0,507980;1,896718;-0,014679;-0,504909;1,798939;0,173146;-0,518551;1,785816;0,029142;-0,554172;1,805835
00:00:00.066;3;3;4;4;2;5,704741;-10,282451;-1,935847;24,619297;1,376320;11,394544;-1,869563;11,934393;16,978732;5,463337;-16,586163;6,514377;-53,654057;53,118828;0,130774;0,388007;2,232973;0,132429;0,403666;2,229708;0,138748;0,402732;2,231179;0,144413;0,402443;2,235795;0,108359;0,405380;2,226382;0,096793;0,406525;2,226537;0,084056;0,408613;2,225303;0,132643;0,389914;2,233310;0,054397;0,401961;2,242453;0,137766;0,366863;2,253062;0,108773;0,365107;2,234894;0,175636;0,250410;2,329034;-0,033537;0,260666;2,230331;0,189418;0,069644;2,340340;-0,083840;0,068452;2,199410;0,225275;-0,087760;2,372518;-0,056267;-0,099145;2,149049;0,231442;-0,139036;2,322620;-0,054492;-0,150084;2,142650;0,230526;-0,142904;2,325957;-0,026102;-0,151821;2,152025;0,221584;-0,125805;2,346050;-0,019310;-0,136609;2,195365;0,134505;-0,102604;2,264646;0,016929;-0,098295;2,220479;0,125107;-0,369778;2,344273;-0,014002;-0,373504;2,265537;0,133100;-0,605184;2,356334;-0,013885;-0,609702;2,275028;0,103521;-0,641308;2,381320;-0,015958;-0,633461;2,258547;0,207978;-0,661814;2,262336;0,033931;-0,692484;2,255085
00:00:00.100;4;3;4;4;2;5,776003;-10,392698;-2,476646;25,018459;1,674738;12,062352;-1,751076;11,671357;17,269035;5,481902;-16,038056;8,275806;-54,409746;60,854040;0,149236;0,438650;2,529073;0,151354;0,456440;2,525667;0,157802;0,455009;2,528270;0,165077;0,455446;2,534761;0,123268;0,458187;2,520828;0,110154;0,459990;2,520613;0,096282;0,461281;2,519450;0,150449;0,441006;2,529266;0,061580;0,455041;2,538576;0,166635;0,440385;2,714199;0,123731;0,412560;2,530311;0,198457;0,282121;2,634809;-0,038217;0,295273;2,526431;0,213740;0,078570;2,648353;-0,096003;0,076913;2,489582;0,254059;-0,098246;2,688215;-0,063158;-0,112492;2,433578;0,261669;-0,157557;2,632007;-0,063027;-0,170246;2,427354;0,261110;-0,161259;2,634539;-0,030641;-0,172722;2,437250;0,250460;-0,142545;2,658235;-0,022036;-0,155095;2,479669;0,153725;-0,116223;2,565235;0,018038;-0,111189;2,511744;0,142838;-0,422067;2,654490;-0,016686;-0,424332;2,566942;0,152038;-0,690096;2,670648;-0,014348;-0,691271;2,576006;0,117889;-0,730709;2,697593;-0,015653;-0,716768;2,556392;0,230364;-0,755209;2,569130;0,035705;-0,777238;2,530347
00:00:00.133;5;3;4;4;2;5,139636;-13,303553;-3,388329;41,932290;-1,331795;18,054005;-0,129025;7,223075;17,409841;4,367294;-20,071411;15,806221;-52,152967;13,433025;0,173324;0,489775;2,902390;0,163478;0,481288;2,715122;0,169918;0,480404;2,717078;0,174987;0,482743;2,726721;0,135693;0,481551;2,700481;0,122629;0,483380;2,697769;0,109147;0,485081;2,695648;0,151241;0,467372;2,707734;0,067026;0,480423;2,717317;0,259409;0,665509;4,255736;0,134453;0,432953;2,719923;0,189970;0,300469;2,812298;-0,046760;0,316108;2,714241;0,206319;0,094705;2,813893;-0,109206;0,082265;2,673389;0,266635;-0,054400;2,828100;-0,028021;-0,079016;2,598195;0,275343;-0,106365;2,772835;-0,005819;-0,130252;2,592046;0,275093;-0,105460;2,775624;0,024469;-0,125459;2,592736;0,263635;-0,088837;2,801578;0,024743;-0,107698;2,618342;0,158030;-0,127142;2,756250;0,013201;-0,122735;2,697542;0,154235;-0,455676;2,853779;-0,018435;-0,457480;2,763513;0,164177;-0,743331;2,871968;-0,014657;-0,744691;2,773128;0,128236;-0,787681;2,899000;-0,013192;-0,770983;2,750223;0,245127;-0,817787;2,771002;0,036822;-0,832582;2,706498
00:00:00.166;6;3;3;4;2;5,776822;-15,593043;-2,941262;56,630371;-3,959104;25,840002;-2,668817;2,530179;17,760495;17,307779;-10,142950;21,391159;-96,405822;57,227300;0,221282;0,485616;2,949086;0,215217;0,488798;2,819907;0,220514;0,488246;2,821313;0,224920;0,489788;2,827715;0,190468;0,489880;2,809280;0,177678;0,492317;2,808424;0,165658;0,494583;2,807420;0,197585;0,477898;2,817167;0,118284;0,492506;2,833628;0,275848;0,591113;3,836946;0,184350;0,441750;2,835814;0,231484;0,309132;2,929280;-0,015574;0,330422;2,833374;0,294886;0,108199;2,938975;-0,081607;0,094594;2,794744;0,382084;-0,031648;2,882363;0,038668;-0,040248;2,714718;0,284231;-0,073090;2,864373;0,069242;-0,088435;2,697937;0,284182;-0,069191;2,867329;0,100443;-0,077950;2,697515;0,386850;-0,065778;2,840411;0,097591;-0,062183;2,715739;0,180902;-0,132599;2,845804;0,028848;-0,127956;2,816777;0,171830;-0,476589;2,977508;-0,008189;-0,475593;2,891179;0,173908;-0,775667;2,994092;-0,013712;-0,779168;2,900344;0,138132;-0,821252;3,021566;-0,011595;-0,805319;2,877034;0,252544;-0,858848;2,903517;0,037547;-0,868536;2,820935
00:00:00.200;7;3;3;4;3;6,817701;-20,142632;-2,463896;64,990584;-2,504012;36,538732;-4,349389;-0,148062;17,348121;25,937860;-22,023553;18,704599;-74,337016;69,932088;0,258371;0,474864;2,962846;0,256611;0,484092;2,869292;0,261169;0,483787;2,870539;0,263869;0,485635;2,873263;0,232662;0,486457;2,859351;0,221034;0,490041;2,857893;0,208987;0,492687;2,857844;0,237536;0,476897;2,866824;0,159349;0,493433;2,881006;0,291369;0,535811;3,547409;0,222736;0,440322;2,892610;0,264235;0,312557;2,983978;0,012112;0,338805;2,893580;0,356377;0,117594;3,007958;-0,053767;0,103129;2,859186;0,453455;-0,019034;2,915531;0,093009;-0,018453;2,763873;0,398751;-0,062854;2,874195;0,131677;-0,064327;2,754063;0,396685;-0,061377;2,876457;0,163192;-0,052325;2,762381;0,459973;-0,053993;2,867869;0,156602;-0,036853;2,768409;0,201738;-0,134081;2,883110;0,046071;-0,128011;2,868199;0,185063;-0,486086;3,032441;0,018081;-0,480913;2,934517;0,183349;-0,795031;3,067093;0,004660;-0,805323;2,943749;0,147544;-0,840065;3,090173;-0,002725;-0,841668;2,938129;0,258264;-0,883538;2,986764;0,073764;-0,892208;2,858292
00:00:00.233;8;3;2;4;3;5,745086;-21,902662;-3,842451;66,541796;5,835342;54,150669;-5,030144;-2,368881;13,240185;32,253570;-51,624709;2,260706;-49,340331;-29,458379;0,283959;0,460443;2,965573;0,285173;0,474971;2,897044;0,288135;0,474772;2,897854;0,291271;0,476386;2,902281;0,264004;0,478312;2,888410;0,253108;0,481525;2,886280;0,242001;0,485278;2,885587;0,260784;0,472153;2,893616;0,189886;0,489862;2,906105;0,299799;0,492557;3,353860;0,247296;0,432291;2,925546;0,277486;0,314597;3,017723;0,035976;0,341263;2,907345;0,376359;0,128556;3,083816;-0,008321;0,103213;2,869521;0,471998;-0,011908;2,958490;0,182189;-0,017784;2,794479;0,445502;-0,055453;2,902150;0,230148;-0,063634;2,810059;0,442874;-0,055550;2,902447;0,270232;-0,051610;2,882024;0,479940;-0,046537;2,904324;0,455538;-0,050817;4,241562;0,216002;-0,135454;2,916205;0,062327;-0,127595;2,891158;0,195291;-0,489602;3,058652;0,038226;-0,487295;2,953914;0,189168;-0,806299;3,109466;0,021990;-0,824915;2,965641;0,153234;-0,850026;3,126430;0,004087;-0,866274;2,966379;0,262917;-0,898876;3,038477;0,105161;-0,913119;2,889785
00:00:00.266;9;3;3;3;3;8,759294;-53,723965;-12,005158;89,323293;-10,973791;80,198889;-11,381994;11,816608;32,731689;62,659510;39,734037;-20,318759;-44,781851;83,518217;0,241673;0,101156;1,909748;0,240798;0,095419;1,868548;0,242863;0,095168;1,869285;0,244802;0,095989;1,872247;0,225097;0,099699;1,852180;0,218254;0,101444;1,850587;0,210924;0,103447;1,850295;0,198656;0,077344;1,891530;0,138948;0,096462;1,850000;0,239382;0,122052;2,172027;0,201634;0,085317;1,878887;0,201493;0,026955;2,006607;-0,007308;0,049656;1,830141;0,274128;-0,018375;2,056487;-0,029212;-0,012281;1,794384;0,378660;-0,058845;1,925728;0,154811;-0,047437;1,737712;0,369946;-0,065964;1,882803;0,199982;-0,053543;1,740318;0,375700;-0,069407;1,875264;0,237203;-0,053628;1,788353;0,387173;-0,078300;1,885530;0,340501;-0,065743;2,680156;0,165902;-0,088117;1,925836;0,014828;-0,083094;1,849546;0,126111;-0,173874;2,032875;0,001196;-0,174691;1,890727;0,120265;-0,254583;2,100755;-0,011593;-0,261249;1,905833;0,099266;-0,266912;2,112405;-0,022659;-0,271520;1,904583;0,205706;-0,276569;2,029011;0,077725;-0,276718;1,817843
00:00:00.300;10;3;3;4;3;5,640196;-42,559666;-10,774600;74,546256;21,054839;91,865147;-7,296735;-2,426286;14,828464;53,148754;-34,533688;34,850938;22,335130;68,780674;0,279435;0,214333;2,288978;0,279932;0,218991;2,252837;0,281274;0,218827;2,253316;0,281274;0,220205;2,253699;0,265023;0,223415;2,238831;0,258135;0,225232;2,235246;0,250175;0,227640;2,235270;0,238066;0,209834;2,263585;0,183289;0,228995;2,238363;0,270185;0,221473;2,468245;0,240959;0,198307;2,274853;0,230633;0,129551;2,377408;0,031023;0,152923;2,221880;0,305873;0,037331;2,481037;0,019386;0,026257;2,182255;0,404675;-0,040022;2,330761;0,224423;-0,039810;2,135803;0,409118;-0,059019;2,288760;0,270129;-0,059775;2,149850;0,414097;-0,060162;2,284688;0,302903;-0,054410;2,174599;0,416690;-0,061554;2,295742;0,364636;-0,058059;2,753214;0,191422;-0,104380;2,291454;0,050670;-0,098520;2,231823;0,158852;-0,284682;2,403565;0,034023;-0,290644;2,283223;0,147854;-0,460661;2,476425;0,019202;-0,475908;2,295689;0,121531;-0,481543;2,484587;-0,004567;-0,499376;2,285191;0,232871;-0,506301;2,411030;0,126342;-0,518414;2,233492
00:00:00.333;11;3;3;3;3;4,918563;-36,843147;-11,336355;68,220398;13,650499;72,582872;-6,309276;-6,041879;9,506448;40,538869;-32,114326;43,789706;21,701170;53,782944;0,300548;0,287691;2,534022;0,301384;0,299410;2,496176;0,302257;0,299304;2,496487;0,302256;0,300199;2,496736;0,287059;0,302887;2,483993;0,280379;0,305047;2,481078;0,271806;0,308467;2,479286;0,259953;0,296262;2,500495;0,208632;0,314682;2,487939;0,287806;0,285837;2,658860;0,262982;0,271412;2,529736;0,249452;0,196102;2,617114;0,054821;0,218825;2,475227;0,318464;0,070177;2,705270;0,051899;0,049088;2,430985;0,418825;-0,027781;2,590467;0,270516;-0,035883;2,392947;0,430774;-0,055447;2,542455;0,316756;-0,065938;2,415846;0,435278;-0,056207;2,540892;0,346715;-0,057031;2,426029;0,433019;-0,052844;2,558227;0,381063;-0,054081;2,798524;0,206654;-0,115871;2,525635;0,072909;-0,108559;2,480602;0,178965;-0,357734;2,643895;0,055421;-0,368528;2,540238;0,164555;-0,594283;2,719370;0,040141;-0,615685;2,542415;0,134838;-0,621005;2,726332;0,007189;-0,648441;2,532167;0,253836;-0,654179;2,658292;0,159914;-0,675670;2,500752
00:00:00.366;12;3;3;4;3;4,325378;-33,221003;-11,384045;65,666124;9,630882;56,129499;-5,477376;-7,893124;7,345495;32,271492;-28,051755;42,522754;27,532814;-34,837365;0,312850;0,337123;2,690339;0,314160;0,352628;2,653515;0,314728;0,352559;2,653718;0,315894;0,353267;2,654700;0,300220;0,355483;2,642507;0,292602;0,357854;2,639956;0,283684;0,362000;2,637440;0,273208;0,352590;2,655452;0,223027;0,370512;2,650992;0,297894;0,328424;2,780203;0,275861;0,320645;2,691988;0,260497;0,240391;2,772129;0,069211;0,261636;2,639676;0,323950;0,090229;2,847059;0,070919;0,063921;2,592438;0,431621;-0,017585;2,768553;0,299895;-0,033368;2,563856;0,448830;-0,049983;2,718635;0,348297;-0,069977;2,589995;0,454101;-0,049379;2,718411;0,376643;-0,057736;2,592129;0,447800;-0,043906;2,734264;0,393071;-0,050476;2,829929;0,216806;-0,123487;2,681026;0,086364;-0,116237;2,644164;0,191002;-0,405420;2,801381;0,070427;-0,419153;2,707300;0,175498;-0,681511;2,878694;0,054996;-0,707072;2,708372;0,142388;-0,713123;2,884591;0,016982;-0,743617;2,690666;0,267500;-0,750418;2,819411;0,182839;-0,777939;2,674635
00:00:00.400;13;3;3;4;3;4,405094;-31,295696;-12,399524;63,417803;8,224617;47,951895;-5,022724;-7,477374;5,534053;28,248260;-24,722739;38,668182;32,974032;-20,292097;0,317508;0,370227;2,791177;0,319250;0,387220;2,755793;0,319419;0,387971;2,754134;0,321301;0,388505;2,755253;0,305352;0,390425;2,743523;0,297170;0,392987;2,741572;0,287219;0,396923;2,741045;0,279515;0,390011;2,754492;0,228174;0,408056;2,758089;0,301947;0,357869;2,856004;0,280881;0,353615;2,796589;0,266951;0,270746;2,877160;0,075445;0,289835;2,749788;0,328354;0,103582;2,947017;0,084371;0,072539;2,698350;0,440571;-0,009823;2,888609;0,320254;-0,031751;2,676670;0,462659;-0,046422;2,832377;0,370880;-0,072596;2,702913;0,467392;-0,044936;2,833463;0,398548;-0,058240;2,702346;0,458717;-0,036992;2,849941;0,403254;-0,048161;2,852239;0,223613;-0,128559;2,784642;0,094052;-0,121246;2,750881;0,198985;-0,436785;2,906055;0,078035;-0,454533;2,817507;0,182623;-0,739415;2,982446;0,063559;-0,766529;2,816436;0,147341;-0,774411;2,988370;0,023355;-0,804564;2,794239;0,275183;-0,813899;2,923438;0,192223;-0,844122;2,786753
00:00:00.433;14;3;3;4;3;5,064797;-32,172301;-12,874668;61,623815;7,929274;49,181001;-5,357333;-4,035229;4,751025;27,263575;-22,651082;34,514551;30,706110;6,023102;0,320002;0,391391;2,861794;0,322250;0,409686;2,829184;0,322360;0,410174;2,828106;0,324593;0,411504;2,828207;0,307273;0,413124;2,816001;0,298763;0,415906;2,815016;0,288107;0,419711;2,815776;0,284216;0,414208;2,824935;0,230949;0,431324;2,834072;0,303935;0,376511;2,909614;0,283544;0,374658;2,869663;0,275099;0,292447;2,963922;0,078669;0,308089;2,830065;0,337350;0,113267;3,036543;0,092392;0,079479;2,776186;0,447917;-0,005909;2,969329;0,333779;-0,030723;2,752351;0,472838;-0,045221;2,906825;0,385657;-0,074316;2,777001;0,477260;-0,043167;2,908990;0,411626;-0,058554;2,773306;0,466970;-0,033616;2,925398;0,410112;-0,046681;2,868372;0,230904;-0,131162;2,860595;0,099239;-0,124731;2,825440;0,204413;-0,455462;2,977560;0,082150;-0,475779;2,898300;0,187216;-0,774577;3,049259;0,068058;-0,802235;2,887903;0,150567;-0,811978;3,055986;0,027519;-0,839330;2,863495;0,279254;-0,853579;2,993366;0,183565;-0,883765;2,849176
00:00:00.466;15;3;3;4;3;5,647255;-33,466340;-13,495745;61,245656;4,340304;49,911112;-5,699259;1,174936;5,619010;26,344927;-19,048161;33,070625;27,069333;7,529892;0,322166;0,411476;2,943850;0,333367;0,446551;3,015108;0,333438;0,446868;3,014407;0,350479;0,471790;3,162462;0,304092;0,430407;2,872482;0,295037;0,432858;2,869026;0,283743;0,437413;2,869021;0,279178;0,431892;2,876350;0,228642;0,449085;2,886380;0,305226;0,388629;2,944461;0,281317;0,391155;2,921687;0,274643;0,307866;3,032664;0,079760;0,321377;2,885175;0,340294;0,119789;3,100252;0,095450;0,085024;2,825910;0,451207;-0,003366;3,019411;0,339551;-0,026904;2,802690;0,477565;-0,044372;2,950339;0,392903;-0,073271;2,823459;0,483701;-0,042019;2,958246;0,418908;-0,056624;2,818350;0,472210;-0,031414;2,973654;0,412202;-0,042534;2,877068;0,235081;-0,130954;2,916558;0,101680;-0,126097;2,878020;0,208567;-0,466747;3,033098;0,084027;-0,489202;2,961786;0,190169;-0,793833;3,092170;0,067776;-0,822208;2,938452;0,152663;-0,835226;3,099892;0,029221;-0,857675;2,916213;0,276528;-0,877013;3,042394;0,170045;-0,911200;2,905084
00:00:00.500;16;3;4;4;3;5,212732;-32,330843;-16,144662;59,110918;5,785281;51,833080;-4,387241;-1,597490;3,433720;30,072479;-20,210675;-33,047778;28,110849;6,080936;0,323572;0,424532;2,997186;0,313970;0,451882;3,007290;0,314016;0,452088;3,006834;0,323652;0,468781;3,099234;0,289872;0,441229;2,906548;0,280544;0,444615;2,901957;0,268847;0,448571;2,901428;0,260572;0,445148;2,907244;0,214986;0,460083;2,916998;0,331613;0,468482;3,470244;0,266348;0,401276;2,951194;0,253136;0,315324;3,053260;0,067359;0,329500;2,916547;0,330980;0,123741;3,134645;0,097204;0,087353;2,851479;0,453236;-0,000581;3,051217;0,350111;-0,024392;2,830977;0,479696;-0,042731;2,979642;0,401498;-0,071476;2,851218;0,486510;-0,040143;2,988607;0,426005;-0,055400;2,849288;0,474386;-0,028863;3,004282;0,416907;-0,040908;2,883993;0,224295;-0,130620;2,948324;0,089233;-0,127067;2,914126;0,202956;-0,473272;3,063985;0,071732;-0,497216;2,998794;0,192121;-0,806488;3,120594;0,061100;-0,836343;2,979301;0,154037;-0,850407;3,128685;0,030340;-0,868872;2,951735;0,271381;-0,892403;3,074803;0,153718;-0,919496;2,918301
00:00:00.533;17;3;4;3;3;4,852905;-30,524607;-17,418346;56,818482;9,800467;54,959920;-3,391041;-4,830814;1,215149;32,695175;-21,226408;31,506733;27,810922;2,257861;0,308639;0,428776;2,995076;0,302102;0,454776;2,998503;0,300880;0,455715;2,996403;0,307143;0,466565;3,056463;0,280549;0,449204;2,927790;0,271174;0,452351;2,923955;0,260330;0,455990;2,923548;0,250724;0,453943;2,928444;0,207372;0,467684;2,939703;0,307178;0,451215;3,313310;0,257770;0,407957;2,971101;0,242337;0,319885;3,063950;0,059321;0,334956;2,938470;0,325328;0,127646;3,161114;0,098484;0,090055;2,872163;0,453760;0,001232;3,074205;0,353798;-0,023807;2,849129;0,481597;-0,041706;3,001923;0,406177;-0,071391;2,870305;0,488385;-0,040036;3,008646;0,430591;-0,054601;2,869223;0,476209;-0,027225;3,026805;0,418958;-0,039855;2,888825;0,218724;-0,127322;2,973996;0,082152;-0,126477;2,934352;0,199535;-0,478081;3,087709;0,063738;-0,500169;3,022703;0,192226;-0,815829;3,138919;0,056830;-0,845643;3,010199;0,153831;-0,861768;3,148610;0,031080;-0,875401;2,976013;0,266629;-0,904871;3,092644;0,143260;-0,926059;2,930573
00:00:00.566;18;4;5;3;3;12,433288;-64,494210;-46,812747;54,425165;-5,423191;80,675567;-8,400195;22,898316;9,328011;63,596377;-7,840813;-79,323985;-23,079148;82,363571;0,253104;0,077193;1,935365;0,244913;0,078308;1,941597;0,244254;0,078813;1,940395;0,248220;0,085673;1,979468;0,228917;0,076925;1,885429;0,223063;0,078601;1,882739;0,215867;0,080547;1,882581;0,178171;0,065207;1,924019;0,141683;0,082971;1,880786;0,239038;0,093813;2,153328;0,204419;0,068416;1,916877;0,174633;0,032558;2,043413;0,005639;0,050695;1,861790;0,242831;-0,014751;2,110114;0,049647;-0,015179;1,806062;0,367028;-0,048342;2,002661;0,280956;-0,045098;1,787511;0,392494;-0,055993;1,947259;0,331634;-0,055253;1,791188;0,398146;-0,058638;1,942064;0,357289;-0,054142;1,791007;0,382790;-0,063917;1,966028;0,331550;-0,055181;1,814015;0,166288;-0,083438;1,963498;0,029095;-0,081776;1,877528;0,130010;-0,166570;2,032649;0,020067;-0,184748;1,936059;0,125669;-0,260344;2,093295;0,013006;-0,275754;1,950034;0,102179;-0,274148;2,099277;-0,004859;-0,278394;1,927598;0,202013;-0,277400;2,032424;0,088484;-0,286488;1,858949
00:00:00.600;19;3;4;3;3;6,264387;-51,409934;-26,838469;58,858188;4,074880;67,464928;-5,318661;3,612122;4,360130;42,532883;-14,796423;58,581857;29,365053;63,187143;0,281374;0,197611;2,305226;0,277348;0,205891;2,301538;0,276920;0,206220;2,300756;0,279498;0,210679;2,326154;0,262580;0,207087;2,264586;0,255484;0,209184;2,262366;0,247636;0,211632;2,262932;0,221046;0,199610;2,290592;0,180231;0,218018;2,264873;0,265192;0,201537;2,452479;0,237123;0,187089;2,297833;0,212265;0,135845;2,415896;0,033402;0,154170;2,256645;0,275993;0,035925;2,482166;0,068969;0,026925;2,202108;0,399090;-0,029810;2,394211;0,304776;-0,037274;2,171911;0,424846;-0,050321;2,330439;0,357910;-0,060902;2,183552;0,431017;-0,050955;2,328817;0,382349;-0,053734;2,178610;0,416908;-0,048904;2,353451;0,359765;-0,049083;2,189501;0,194286;-0,097790;2,334746;0,053052;-0,094101;2,268452;0,157487;-0,281787;2,429630;0,034699;-0,294351;2,335849;0,149112;-0,463493;2,472491;0,024432;-0,477525;2,339789;0,120176;-0,486343;2,480588;0,009328;-0,486791;2,312737;0,219846;-0,505351;2,408265;0,092448;-0,516371;2,247559
00:00:00.633;20;3;4;4;3;5,303272;-46,531164;-19,824747;59,947304;4,502198;56,492099;-5,638504;-2,340046;5,211998;30,788302;-19,021996;44,879738;34,946322;49,062954;0,303391;0,274157;2,548898;0,302126;0,287228;2,539373;0,302956;0,287472;2,539067;0,304631;0,290370;2,555576;0,289141;0,290004;2,514207;0,281302;0,292483;2,512981;0,272868;0,295043;2,512589;0,254760;0,284339;2,532992;0,211985;0,302881;2,516684;0,287041;0,269939;2,651264;0,263073;0,262451;2,548540;0,241617;0,203389;2,661878;0,058074;0,221753;2,516108;0,298336;0,067574;2,720581;0,083659;0,054285;2,459329;0,420188;-0,017762;2,650476;0,319059;-0,032178;2,420515;0,446353;-0,045563;2,582503;0,373815;-0,064553;2,437759;0,452526;-0,044861;2,581086;0,397345;-0,053438;2,428927;0,439337;-0,039157;2,606895;0,376894;-0,045104;2,432429;0,215432;-0,106946;2,571872;0,071840;-0,102055;2,521081;0,177453;-0,355073;2,684749;0,047613;-0,365897;2,597588;0,164344;-0,594354;2,718856;0,031860;-0,608706;2,593237;0,131867;-0,624230;2,728299;0,019668;-0,621494;2,564287;0,230315;-0,653552;2,652669;0,095082;-0,666333;2,501847
00:00:00.733;21;3;3;4;3;5,556561;-41,996697;-15,319589;60,815395;-0,471662;44,323566;-6,612133;-6,028286;5,198418;17,908311;-19,202302;36,979376;47,052382;28,046159;0,321318;0,324121;2,700959;0,321476;0,339844;2,684926;0,322016;0,340002;2,684727;0,321982;0,341827;2,695058;0,308536;0,343542;2,666861;0,301262;0,346187;2,665793;0,292522;0,348872;2,665196;0,276799;0,339165;2,681609;0,233123;0,358131;2,673948;0,302724;0,314640;2,773990;0,282503;0,311613;2,704658;0,258751;0,245259;2,813152;0,074588;0,263695;2,667595;0,300574;0,083549;2,844510;0,093814;0,068474;2,614626;0,431009;-0,013336;2,812789;0,331424;-0,030958;2,581577;0,458923;-0,043556;2,744455;0,386085;-0,066894;2,601675;0,465505;-0,040908;2,745740;0,409235;-0,053251;2,591879;0,451553;-0,033934;2,770829;0,390137;-0,042518;2,590414;0,226553;-0,114299;2,707714;0,084380;-0,108549;2,664577;0,191669;-0,406020;2,835425;0,056692;-0,417205;2,749669;0,175284;-0,682381;2,877115;0,036498;-0,700315;2,745136;0,140588;-0,715963;2,888541;0,019701;-0,720234;2,717306;0,242147;-0,751064;2,804219;0,112531;-0,760137;2,635757
00:00:00.766;22;3;3;4;3;5,448602;-39,598269;-11,820860;62,467845;-2,864116;43,529493;-7,186998;-8,764950;5,501162;10,349586;-20,010996;33,137210;56,272253;29,294273;0,336062;0,356408;2,798447;0,335771;0,373522;2,776007;0,336122;0,373624;2,775878;0,336099;0,374811;2,782593;0,325083;0,377903;2,763160;0,318163;0,380627;2,762035;0,309207;0,384426;2,761085;0,292844;0,375285;2,774263;0,250870;0,393544;2,772956;0,316096;0,343581;2,852895;0,299304;0,343340;2,804438;0,269510;0,270932;2,907451;0,088399;0,290531;2,762387;0,300496;0,092663;2,920842;0,100367;0,075546;2,714325;0,438218;-0,010461;2,919493;0,341431;-0,030155;2,685260;0,467402;-0,042277;2,851670;0,394986;-0,068393;2,707290;0,473972;-0,039451;2,852951;0,418073;-0,053136;2,698177;0,460742;-0,030546;2,878222;0,399933;-0,040850;2,694058;0,232561;-0,120078;2,794265;0,094502;-0,113661;2,753686;0,200837;-0,442365;2,932319;0,063568;-0,455192;2,843470;0,183536;-0,739544;2,979782;0,039462;-0,762194;2,840530;0,147394;-0,776624;2,992252;0,017532;-0,788362;2,815388;0,274838;-0,798561;2,846616;0,134019;-0,831864;2,752664
00:00:00.833;23;3;4;4;3;2,428511;-38,669885;-16,432290;58,353303;0,483372;40,213683;-8,766093;-14,021609;3,475295;24,511347;-17,204334;-29,339006;46,079002;32,116253;0,381606;0,363861;2,849282;0,382953;0,383195;2,824309;0,382137;0,383276;2,824329;0,382123;0,384047;2,828694;0,371563;0,389044;2,814681;0,364141;0,392106;2,815587;0,355353;0,396902;2,816398;0,340085;0,388429;2,829612;0,296828;0,409935;2,828999;0,360257;0,350136;2,893188;0,342713;0,352009;2,860644;0,312800;0,277293;2,954513;0,125334;0,306111;2,826419;0,380506;0,095148;3,002637;0,151779;0,078619;2,763228;0,523938;-0,017438;2,965714;0,395532;-0,030384;2,725766;0,557288;-0,051801;2,889634;0,445727;-0,070682;2,745907;0,564856;-0,048796;2,886404;0,467328;-0,055358;2,726888;0,547320;-0,037852;2,914903;0,451091;-0,041272;2,722177;0,247461;-0,128830;2,864873;0,104377;-0,122419;2,814220;0,209134;-0,468424;2,996328;0,067962;-0,481547;2,901423;0,189970;-0,780959;3,045203;0,042395;-0,801837;2,896787;0,152930;-0,819273;3,058753;0,016119;-0,834620;2,878472;0,294377;-0,834834;2,877889;0,144686;-0,874050;2,808478
00:00:00.866;24;3;4;4;3;-3,634727;-32,886211;-21,826067;43,877212;-5,443503;31,578772;-10,177189;-32,465431;-8,651727;27,102286;-4,782683;21,575054;53,248226;14,637927;0,439305;0,356277;2,895352;0,441898;0,378659;2,870880;0,440201;0,379726;2,870408;0,439143;0,380246;2,873390;0,433328;0,383475;2,864137;0,426380;0,386560;2,864874;0,418374;0,391728;2,864618;0,396137;0,390983;2,876680;0,361723;0,408345;2,877354;0,415511;0,341432;2,929271;0,401789;0,343651;2,907311;0,327058;0,276415;2,943549;0,193998;0,309459;2,864794;0,418205;0,090003;2,976855;0,269852;0,082986;2,804291;0,584195;-0,029104;2,958581;0,501082;-0,035903;2,769005;0,622792;-0,062492;2,883444;0,554118;-0,074391;2,776984;0,631921;-0,056910;2,862000;0,571419;-0,060042;2,753885;0,611561;-0,045803;2,885509;0,553828;-0,046813;2,751218;0,246398;-0,141163;2,912654;0,113383;-0,136133;2,863949;0,212674;-0,490900;3,043829;0,073155;-0,501832;2,944496;0,195270;-0,810037;3,087190;0,044321;-0,826864;2,934563;0,157642;-0,850229;3,101141;0,015205;-0,863863;2,920340;0,301619;-0,860080;2,907156;0,156869;-0,905850;2,861441
00:00:00.900;25;3;4;4;3;-4,818859;-41,842725;-16,041875;59,381771;-12,897997;42,162372;-11,783387;-20,543012;3,593505;0,881853;-71,108676;14,742214;23,906629;-31,991886;0,761411;0,596708;4,847824;0,772722;0,645482;4,834212;0,769088;0,649725;4,837317;0,768401;0,653152;4,839258;0,758013;0,651798;4,830563;0,748341;0,663568;4,857131;0,446076;0,410200;2,983634;0,410771;0,399975;2,905722;0,375338;0,414276;2,897245;0,724077;0,567606;4,888265;0,703086;0,569314;4,876276;0,340878;0,282022;3,002141;0,212315;0,317507;2,894440;0,372213;0,084765;2,969465;0,244072;0,084862;2,833779;0,523727;-0,034206;2,931666;0,496662;-0,033814;2,851735;0,570900;-0,067796;2,896130;0,563038;-0,073340;2,869390;0,588781;-0,061016;2,883692;0,964387;-0,090145;4,755538;0,567095;-0,049424;2,892949;0,931295;-0,066515;4,785758;0,242196;-0,147927;2,940724;0,120213;-0,143853;2,894055;0,213658;-0,502799;3,072142;0,081186;-0,515337;2,980506;0,198723;-0,827822;3,114616;0,046635;-0,842591;2,957257;0,158451;-0,870691;3,129882;0,014607;-0,883749;2,946863;0,303693;-0,878268;2,931984;0,164797;-0,926567;2,896010
00:00:00.933;26;3;3;4;3;-5,079002;-38,914881;-11,963988;60,577320;-9,585227;46,283368;-8,739197;-12,610534;3,732109;3,186748;-72,101257;-12,139681;-41,788576;-5,581062;0,871669;0,805928;6,187912;0,885607;0,872679;6,181211;0,883158;0,878493;6,182540;0,874572;0,877861;6,143992;0,637293;0,600398;4,325159;0,611617;0,589174;4,201278;0,411163;0,424300;2,968135;0,378655;0,417309;2,908328;0,342825;0,428597;2,902005;0,824430;0,760788;6,206729;0,791494;0,757789;6,167167;0,317158;0,291176;3,016384;0,189656;0,320941;2,888480;0,349117;0,090054;3,000336;0,214120;0,085760;2,842433;0,488991;-0,026949;2,895698;0,474903;-0,031868;2,846460;0,539853;-0,062458;2,888701;0,543805;-0,072731;2,887334;0,567124;-0,056729;2,928196;0,818005;-0,077761;4,139782;0,546716;-0,043734;2,935755;0,792932;-0,057090;4,170082;0,232321;-0,150789;2,950502;0,118161;-0,148800;2,912313;0,212662;-0,503654;3,083205;0,086393;-0,524046;3,003518;0,198651;-0,837023;3,132237;0,048177;-0,853473;2,974279;0,157831;-0,879429;3,148819;0,012047;-0,897745;2,967583;0,303496;-0,887613;2,954272;0,168823;-0,939762;2,917649
00:00:00.966;27;3;3;4;3;-3,837830;-34,289110;-10,440894;62,043320;-4,511240;57,754462;-7,647381;-13,767483;4,283020;9,952578;-71,877331;-10,287161;-76,488608;22,982901;0,697790;0,672597;5,070935;0,706887;0,725620;5,058240;0,705153;0,730307;5,057976;0,699573;0,729897;5,032920;0,542002;0,549424;3,849884;0,522398;0,542244;3,763115;0,388485;0,436693;2,958187;0,358739;0,433136;2,918788;0,324139;0,443343;2,919264;0,661521;0,636878;5,100728;0,633556;0,634826;5,066009;0,302737;0,298109;3,024429;0,173390;0,325518;2,895911;0,339277;0,095203;3,038168;0,191739;0,086466;2,852044;0,470312;-0,021222;2,877614;0,454885;-0,029590;2,845198;0,523998;-0,057109;2,897028;0,521103;-0,071031;2,888743;0,553905;-0,051733;2,955767;0,712115;-0,068421;3,727929;0,532550;-0,038820;2,951702;0,689462;-0,050598;3,741910;0,227783;-0,145994;2,953087;0,117899;-0,145584;2,924192;0,212695;-0,494170;3,083895;0,089647;-0,520137;3,014327;0,197369;-0,838036;3,142328;0,049191;-0,860740;2,986008;0,155033;-0,881175;3,159481;0,010382;-0,905663;2,980774;0,302347;-0,899580;3,003171;0,173803;-0,948367;2,935115
00:00:01.000;28;3;3;3;3;-2,247551;-30,824444;-9,898076;63,888045;-1,176502;64,894076;-6,972601;-16,416444;5,561953;14,437792;-70,225041;8,722793;-93,093324;-27,465096;0,586104;0,587301;4,346847;0,591436;0,630672;4,325433;0,589177;0,633655;4,324843;0,585489;0,634392;4,308076;0,480860;0,517019;3,538675;0,464733;0,513233;3,481016;0,374138;0,445273;2,955073;0,347581;0,444446;2,932077;0,313641;0,453852;2,936273;0,554617;0,556288;4,373227;0,531824;0,555796;4,348757;0,293293;0,302537;3,028892;0,163305;0,329630;2,910650;0,334973;0,098496;3,061141;0,174312;0,087082;2,863449;0,460938;-0,014402;2,877099;0,438976;-0,027086;2,845808;0,519753;-0,051926;2,931708;0,501977;-0,068707;2,882195;0,545073;-0,045257;2,978579;0,635343;-0,061875;3,432659;0,525743;-0,031407;2,982723;0,615239;-0,045033;3,440954;0,229495;-0,143088;2,959316;0,119850;-0,142396;2,931350;0,215268;-0,489797;3,088641;0,091829;-0,516850;3,023477;0,196447;-0,838313;3,147453;0,050931;-0,865250;2,992897;0,153056;-0,881373;3,163044;0,009300;-0,910899;2,989639;0,300465;-0,907331;3,034862;0,176098;-0,953620;2,948748
00:00:01.033;29;3;3;3;3;-1,045406;-28,640170;-9,288799;65,602601;1,153586;68,942693;-6,488470;-17,968241;6,503730;17,612688;-65,624339;-8,398400;-95,514714;32,063279;0,512523;0,530743;3,868381;0,515988;0,568469;3,845929;0,514520;0,570407;3,845545;0,510935;0,571824;3,833755;0,440721;0,495462;3,333194;0,427053;0,494122;3,296015;0,365771;0,451769;2,952074;0,341181;0,451483;2,938720;0,306719;0,460524;2,946334;0,484613;0,503316;3,895971;0,465268;0,503912;3,878750;0,287045;0,305291;3,030579;0,156848;0,332532;2,922221;0,334353;0,100610;3,075313;0,161013;0,087565;2,873561;0,455428;-0,009971;2,880542;0,425009;-0,024448;2,849917;0,513373;-0,048258;2,933063;0,486434;-0,067199;2,878070;0,537294;-0,040919;2,981756;0,581347;-0,057523;3,235098;0,516552;-0,026424;2,974644;0,561342;-0,040267;3,236304;0,231719;-0,141217;2,963751;0,121078;-0,140280;2,935059;0,218183;-0,487205;3,093337;0,093269;-0,514830;3,030118;0,194644;-0,838253;3,149884;0,050980;-0,868374;2,998039;0,150505;-0,880825;3,162924;0,008597;-0,914288;2,995354;0,299426;-0,912941;3,057383;0,177581;-0,956987;2,957465
00:00:01.066;30;3;3;3;3;-0,125092;-26,984089;-9,233425;66,310279;3,032525;65,020245;-6,129655;-18,909548;6,541006;19,057605;-59,177557;8,655110;-71,114236;24,902951;0,464725;0,494012;3,557606;0,466723;0,527766;3,532488;0,465768;0,529027;3,532239;0,463373;0,530942;3,524061;0,414371;0,481129;3,197543;0,403327;0,481308;3,173240;0,360188;0,455802;2,948918;0,336868;0,455840;2,941664;0,302108;0,465758;2,951749;0,439904;0,469634;3,583214;0,421782;0,469920;3,571272;0,284012;0,306997;3,030853;0,151580;0,334419;2,929745;0,333729;0,101916;3,082480;0,153440;0,086838;2,880529;0,459083;-0,007119;2,929711;0,415941;-0,022734;2,852654;0,511386;-0,046052;2,946580;0,476381;-0,066226;2,875706;0,533049;-0,038150;2,988455;0,545117;-0,054685;3,106150;0,513863;-0,023298;2,988861;0,526300;-0,037169;3,103227;0,233102;-0,138883;2,965844;0,122906;-0,137790;2,936516;0,218770;-0,485128;3,093871;0,094012;-0,512488;3,028315;0,194496;-0,839969;3,149441;0,052143;-0,869917;3,003473;0,148698;-0,880714;3,159605;0,008141;-0,915488;2,999368;0,298332;-0,916410;3,067653;0,178546;-0,959182;2,963152
00:00:01.133;31;3;4;2;3;-9,888033;-64,311273;-24,698016;77,425516;-0,811731;93,360560;-10,790089;3,212822;23,968902;46,640591;-49,131344;-16,418834;-62,639071;1,626369;0,369377;0,117990;2,291778;0,366230;0,123673;2,278603;0,365807;0,124362;2,278631;0,364158;0,125354;2,273393;0,330754;0,095969;2,049973;0,323899;0,095756;2,034014;0,295826;0,078701;1,888343;0,248547;0,062393;1,919691;0,218820;0,078788;1,872440;0,339840;0,103536;2,318536;0,326187;0,106691;2,295918;0,210581;0,025181;2,015396;0,084268;0,046801;1,835769;0,245276;-0,030714;2,063359;0,091964;-0,017086;1,795634;0,371203;-0,055894;1,924068;0,326217;-0,039680;1,779480;0,412377;-0,062252;1,928367;0,378659;-0,047734;1,786152;0,432827;-0,061806;1,947865;0,433966;-0,049909;1,935148;0,409325;-0,064099;1,957395;0,405729;-0,049100;1,942780;0,171278;-0,090116;1,962626;0,059991;-0,089989;1,874516;0,137579;-0,173986;2,065830;0,044238;-0,193130;1,934157;0,120372;-0,277465;2,134509;0,006912;-0,290981;1,923141;0,093342;-0,286926;2,141297;-0,022356;-0,303643;1,918431;0,227547;-0,287981;2,060414;0,124234;-0,306563;1,858035
00:00:01.166;32;6;6;6;5;-163,426271;-105,090223;-155,027488;71,050182;-176,749378;96,130204;-176,185078;127,096013;156,514070;128,277096;34,015452;22,121570;43,756839;-26,791608;0,307378;-0,126264;1,469195;0,300947;-0,138780;1,463844;0,300866;-0,138459;1,464055;0,299702;-0,138064;1,460731;0,276415;-0,154259;1,304305;0,272280;-0,154728;1,293772;0,253998;-0,166286;1,199230;0,191338;-0,193164;1,255545;0,164720;-0,172489;1,171059;0,274773;-0,134297;1,496661;0,264029;-0,129350;1,467080;0,162729;-0,158033;1,355391;0,040443;-0,139415;1,124853;0,189420;-0,116587;1,400687;0,052226;-0,082715;1,090714;0,315850;-0,087020;1,270064;0,267683;-0,048752;1,081895;0,349833;-0,072252;1,266573;0,314958;-0,033641;1,077795;0,368418;-0,076363;1,271183;0,361591;-0,044518;1,173946;0,342904;-0,089919;1,286603;0,327206;-0,054788;1,188488;0,131204;-0,058517;1,310525;0,018985;-0,058815;1,184228;0,084835;0,028310;1,397474;0,012553;0,014772;1,221535;0,072461;0,088354;1,474615;-0,021682;0,086149;1,217127;0,057688;0,099223;1,479206;-0,041461;0,094830;1,211866;0,181641;0,120749;1,405997;0,089786;0,119059;1,136562
00:00:01.233;33;6;6;6;5;-169,064875;-124,152786;-163,441003;59,996393;-167,836560;67,594551;-179,174883;146,968509;170,360499;161,259491;17,484857;25,089294;28,808721;47,128974;0,284694;-0,270670;0,934189;0,280650;-0,293501;0,934231;0,280786;-0,293459;0,934572;0,279957;-0,293416;0,932485;0,262007;-0,302030;0,819692;0,259570;-0,302616;0,812679;0,247653;-0,310587;0,751374;0,183067;-0,347146;0,824130;0,152300;-0,327585;0,716214;0,250921;-0,276941;0,962291;0,240063;-0,271879;0,928315;0,156377;-0,270775;0,924676;0,022189;-0,260168;0,663227;0,191840;-0,168481;0,945484;0,045919;-0,133246;0,626816;0,325941;-0,102222;0,805259;0,246216;-0,059707;0,620400;0,357684;-0,074624;0,796956;0,289924;-0,029562;0,607881;0,372895;-0,080752;0,789140;0,333225;-0,044995;0,671818;0,345691;-0,101118;0,810070;0,293604;-0,062312;0,690482;0,106619;-0,037685;0,886093;-0,009146;-0,038863;0,736075;0,050606;0,159425;0,955696;-0,013006;0,149852;0,760998;0,039898;0,325861;1,035337;-0,041380;0,331635;0,762595;0,032354;0,349924;1,038115;-0,055215;0,354133;0,757364;0,144596;0,388603;0,966060;0,061612;0,398190;0,672925
00:00:01.266;34;6;5;6;5;-166,097347;-130,923117;-158,116097;44,035303;-163,257970;54,580470;179,028227;144,659144;175,753142;168,406199;-2,605136;25,425644;24,034145;49,205120;0,293038;-0,351659;0,581549;0,290563;-0,381755;0,584492;0,290784;-0,381825;0,584932;0,290141;-0,382043;0,583644;0,277736;-0,385174;0,498729;0,276434;-0,385814;0,493971;0,268660;-0,391449;0,454322;0,195694;-0,439005;0,536818;0,170966;-0,418398;0,411009;0,255785;-0,358779;0,609768;0,247288;-0,353336;0,572017;0,154742;-0,342083;0,641518;0,050565;-0,333270;0,351143;0,203943;-0,202474;0,654296;0,109165;-0,167263;0,317022;0,350786;-0,110796;0,528655;0,298187;-0,066861;0,321308;0,384344;-0,076265;0,525771;0,340332;-0,028552;0,303427;0,402817;-0,083182;0,508650;0,377357;-0,046121;0,345769;0,368976;-0,106575;0,526120;0,336029;-0,067207;0,367581;0,085823;-0,024286;0,611576;-0,022623;-0,025752;0,443337;0,025826;0,243337;0,685653;-0,029571;0,237048;0,474335;0,018352;0,477473;0,773886;-0,054055;0,489797;0,494410;0,015960;0,509615;0,776909;-0,063861;0,520989;0,490278;0,120828;0,553113;0,713035;0,044021;0,569092;0,404223
00:00:01.300;35;6;5;6;5;-166,982867;-134,131048;-166,503574;47,137597;-178,338694;57,530211;179,051141;144,775420;173,180231;172,302888;-5,988622;25,434496;21,416998;-41,893573;0,288655;-0,408554;0,360229;0,286457;-0,443444;0,365915;0,286765;-0,443595;0,366397;0,286258;-0,443970;0,365645;0,276610;-0,443319;0,298868;0,276057;-0,443998;0,295582;0,270977;-0,448111;0,269974;0,194244;-0,500277;0,360527;0,170623;-0,477723;0,223484;0,250383;-0,414860;0,388764;0,242568;-0,408791;0,348828;0,148693;-0,388970;0,467248;0,052489;-0,385948;0,156519;0,160083;-0,220669;0,487533;0,090313;-0,190883;0,120387;0,281232;-0,104880;0,372590;0,273719;-0,070329;0,128198;0,306055;-0,060398;0,369248;0,314441;-0,024032;0,108597;0,326224;-0,067091;0,349582;0,350424;-0,041673;0,138298;0,295922;-0,098339;0,365841;0,305649;-0,068774;0,159926;0,072708;-0,014779;0,433653;-0,031779;-0,018029;0,252595;0,007398;0,299074;0,500199;-0,039546;0,293679;0,276135;0,002925;0,577331;0,578368;-0,062641;0,593584;0,286463;0,004186;0,614915;0,579628;-0,069892;0,630839;0,281067;0,105988;0,661462;0,519943;0,032633;0,682092;0,192375
00:00:01.333;36;6;5;6;5;-169,203798;-137,212224;-172,089999;50,601458;175,171637;58,786998;178,709075;146,772099;172,414597;172,563047;-10,670400;22,672888;17,786502;-37,464204;0,272540;-0,452244;0,214645;0,270602;-0,490655;0,221839;0,271018;-0,490853;0,222325;0,270600;-0,491372;0,221925;0,262070;-0,488547;0,167101;0,262045;-0,489249;0,164770;0,258747;-0,492402;0,148280;0,181108;-0,546665;0,244352;0,156266;-0,524275;0,100591;0,234372;-0,457546;0,243526;0,226425;-0,451435;0,202370;0,134662;-0,422086;0,352723;0,036690;-0,423349;0,030445;0,126625;-0,234528;0,380755;0,057132;-0,206345;-0,005973;0,245886;-0,105422;0,273545;0,242100;-0,075373;0,004447;0,268719;-0,054024;0,268463;0,282865;-0,024084;-0,015761;0,289694;-0,061252;0,247182;0,316914;-0,044114;0,004604;0,259170;-0,097839;0,264109;0,270404;-0,073738;0,026357;0,064336;-0,008609;0,317964;-0,037888;-0,013000;0,128658;-0,004662;0,335252;0,380686;-0,043482;0,330305;0,147299;-0,005841;0,641019;0,459809;-0,061396;0,660963;0,153911;-0,001608;0,682088;0,460683;-0,066039;0,702173;0,148135;0,099658;0,730944;0,403493;0,033724;0,755714;0,056874
00:00:01.366;37;6;5;6;5;-170,857181;-141,002364;-174,243799;50,774003;172,550583;58,974426;178,464572;148,632684;172,843451;172,374160;-14,658334;18,998176;15,013312;34,647874;0,257950;-0,489915;0,119709;0,254743;-0,531111;0,127924;0,255213;-0,531343;0,128406;0,254861;-0,531953;0,128229;0,247075;-0,527336;0,081256;0,247398;-0,528098;0,079550;0,245259;-0,530622;0,068975;0,165543;-0,583597;0,168666;0,140144;-0,560078;0,020729;0,220056;-0,492814;0,148793;0,212024;-0,486276;0,106965;0,123129;-0,446407;0,278047;0,022383;-0,447565;-0,051144;0,105884;-0,245537;0,311450;0,036415;-0,212313;-0,086328;0,228030;-0,106377;0,207405;0,219899;-0,073390;-0,071861;0,250585;-0,050440;0,200170;0,259979;-0,018874;-0,092347;0,271935;-0,058237;0,177767;0,292321;-0,040706;-0,079165;0,240653;-0,098167;0,196171;0,245729;-0,071789;-0,056759;0,059145;-0,004887;0,242937;-0,042107;-0,009435;0,047943;-0,012294;0,358614;0,308635;-0,045092;0,355072;0,062542;-0,009803;0,681416;0,394135;-0,060508;0,706098;0,067387;-0,003291;0,724678;0,395270;-0,063588;0,749803;0,061325;0,099227;0,775377;0,341359;0,034663;0,805741;-0,032255
00:00:01.400;38;6;6;6;5;-171,883107;-144,878140;-172,367556;46,133798;177,060518;53,287322;178,332225;150,231631;173,976102;174,381740;-18,759380;-14,373985;15,002754;-30,871378;0,244738;-0,516751;0,059374;0,239488;-0,559429;0,068033;0,239982;-0,559676;0,068536;0,239698;-0,560317;0,068493;0,232514;-0,554646;0,026895;0,233031;-0,555449;0,025603;0,231606;-0,557539;0,018810;0,150062;-0,608142;0,120463;0,124837;-0,584160;-0,028854;0,207306;-0,517313;0,088449;0,199324;-0,510558;0,046476;0,115595;-0,462433;0,229303;0,012200;-0,463215;-0,103853;0,111547;-0,258839;0,251530;0,035869;-0,218461;-0,138242;0,223712;-0,113717;0,136235;0,209218;-0,072624;-0,118638;0,240916;-0,053935;0,124318;0,245361;-0,015639;-0,139607;0,263623;-0,063608;0,102421;0,276598;-0,038543;-0,131461;0,230751;-0,105046;0,123827;0,232590;-0,070599;-0,108234;0,056478;-0,002421;0,194141;-0,045557;-0,007164;-0,004493;-0,017169;0,373530;0,262113;-0,046504;0,370933;0,007237;-0,012334;0,707098;0,354978;-0,061020;0,735327;0,011416;-0,004367;0,751963;0,356576;-0,063343;0,780709;0,005134;0,098943;0,804593;0,303598;0,034997;0,838939;-0,091008
00:00:01.433;39;6;6;5;5;-173,086928;-147,131866;-173,732338;47,255342;176,195131;53,896332;178,113264;151,460572;173,913378;173,415288;-20,161048;12,360628;14,299789;-28,814337;0,232723;-0,535701;0,019912;0,226377;-0,579505;0,028886;0,226893;-0,579777;0,029393;0,226623;-0,580448;0,029440;0,219810;-0,574078;-0,008653;0,220462;-0,574919;-0,009673;0,219493;-0,576746;-0,014003;0,136736;-0,625874;0,089027;0,111374;-0,601576;-0,061108;0,195563;-0,534799;0,049043;0,187538;-0,527886;0,007036;0,105748;-0,473216;0,197606;0,000747;-0,473832;-0,137424;0,099760;-0,266296;0,224513;0,019130;-0,221712;-0,171359;0,215410;-0,118674;0,112825;0,195950;-0,072192;-0,150700;0,233155;-0,056917;0,100671;0,232642;-0,013594;-0,172024;0,256404;-0,067744;0,078507;0,263549;-0,037699;-0,166848;0,222491;-0,109865;0,099702;0,218653;-0,070192;-0,143150;0,054858;-0,000844;0,162401;-0,047914;-0,005663;-0,038551;-0,020148;0,383601;0,229134;-0,047017;0,381602;-0,029704;-0,013708;0,723971;0,322250;-0,061588;0,754749;-0,025155;-0,004788;0,769815;0,323519;-0,063457;0,801244;-0,031527;0,099003;0,823824;0,270222;0,034880;0,861317;-0,129575
00:00:01.466;40;6;6;5;5;-174,187520;-148,050035;-175,062445;49,579668;174,550621;55,953997;177,914270;152,497636;173,880224;172,665001;-20,759701;10,615584;13,043883;-28,378979;0,223471;-0,548940;-0,006651;0,216588;-0,593547;0,002621;0,217116;-0,593841;0,003110;0,216840;-0,594533;0,003212;0,210288;-0,587737;-0,032637;0,211025;-0,588608;-0,033482;0,210342;-0,590269;-0,036202;0,126544;-0,638542;0,068184;0,100827;-0,614139;-0,082594;0,186230;-0,547187;0,022679;0,178139;-0,540168;-0,019372;0,097543;-0,480521;0,176884;-0,011204;-0,481418;-0,158987;0,086812;-0,270542;0,208769;0,001451;-0,224005;-0,192094;0,208583;-0,123242;0,100286;0,183765;-0,076131;-0,171735;0,228489;-0,061639;0,088094;0,222264;-0,017226;-0,193215;0,252212;-0,073262;0,065423;0,253182;-0,043769;-0,190169;0,217048;-0,114762;0,086574;0,206469;-0,075172;-0,166106;0,054085;0,000184;0,141672;-0,049729;-0,004692;-0,060580;-0,021862;0,390682;0,204737;-0,047302;0,388578;-0,052050;-0,013965;0,735183;0,297077;-0,062070;0,766730;-0,038323;-0,004567;0,781568;0,297984;-0,063654;0,813892;-0,043844;0,099248;0,836436;0,242165;0,034726;0,875453;-0,144345
00:00:01.500;41;6;6;5;5;-175,180368;-148,520553;-175,340966;50,587788;174,523991;57,154247;177,694982;152,964829;174,057165;171,706629;-20,961982;9,961019;12,582142;29,259666;0,215232;-0,558117;-0,024120;0,207791;-0,603211;-0,014696;0,208319;-0,603526;-0,014218;0,208026;-0,604237;-0,014077;0,201778;-0,597095;-0,048498;0,202559;-0,597987;-0,049226;0,202058;-0,599543;-0,050891;0,116875;-0,647441;0,054377;0,091419;-0,622773;-0,097018;0,177690;-0,555916;0,005365;0,169708;-0,548749;-0,036756;0,089579;-0,486411;0,163177;-0,021554;-0,486397;-0,172611;0,079950;-0,273420;0,199067;-0,009901;-0,225475;-0,205078;0,206190;-0,129196;0,092919;0,176019;-0,079709;-0,186546;0,227083;-0,069151;0,080852;0,216023;-0,020763;-0,208424;0,250213;-0,080702;0,057558;0,246966;-0,048697;-0,206859;0,215295;-0,121016;0,078866;0,198867;-0,079461;-0,182199;0,053660;0,000656;0,128169;-0,050986;-0,003863;-0,074864;-0,021505;0,395319;0,189464;-0,045937;0,393193;-0,067014;-0,010676;0,742522;0,282405;-0,060215;0,774272;-0,049031;-0,000790;0,789265;0,283167;-0,061557;0,821760;-0,054187;0,104074;0,844890;0,226069;0,036971;0,884600;-0,156323
00:00:01.533;42;6;6;5;5;-175,986660;-148,656969;-175,693364;51,523042;174,745119;58,087591;177,737343;153,255680;174,004015;171,321397;-20,473029;-10,444482;12,284047;29,868253;0,209053;-0,564917;-0,033812;0,201309;-0,610256;-0,024241;0,201830;-0,610588;-0,023764;0,201529;-0,611306;-0,023597;0,195572;-0,603985;-0,057093;0,196375;-0,604900;-0,057749;0,195985;-0,606385;-0,058708;0,109806;-0,653928;0,046895;0,084769;-0,629216;-0,104939;0,171198;-0,562410;-0,004308;0,163362;-0,555156;-0,046487;0,083544;-0,490901;0,155249;-0,029293;-0,490155;-0,178622;0,075292;-0,275237;0,192786;-0,019374;-0,227137;-0,211135;0,204432;-0,134935;0,087325;0,168575;-0,083767;-0,196131;0,226343;-0,076494;0,075359;0,209720;-0,024849;-0,218336;0,248940;-0,088226;0,051556;0,241328;-0,053564;-0,217671;0,214133;-0,127244;0,073026;0,191794;-0,083989;-0,192596;0,053532;0,000963;0,119275;-0,051951;-0,003325;-0,084029;-0,021165;0,398937;0,178151;-0,045106;0,396205;-0,076762;-0,008576;0,748461;0,270582;-0,059300;0,779000;-0,056025;0,001550;0,795436;0,271070;-0,060513;0,826684;-0,060948;0,107026;0,852084;0,212806;0,038309;0,890595;-0,164024
00:00:01.566;43;6;6;5;5;-176,720637;-148,591858;-175,784600;51,925526;175,047228;58,315718;177,785046;153,478532;173,864994;170,957033;-19,905106;11,310251;12,448021;-30,376033;0,202869;-0,569229;-0,039259;0,195479;-0,614772;-0,029422;0,195991;-0,615112;-0,028934;0,195682;-0,615836;-0,028749;0,189907;-0,608380;-0,061672;0,190719;-0,609304;-0,062282;0,190392;-0,610743;-0,062766;0,104075;-0,658029;0,042998;0,079166;-0,633295;-0,109202;0,164763;-0,566500;-0,009812;0,156965;-0,559193;-0,052061;0,077939;-0,494050;0,150902;-0,036036;-0,492565;-0,181714;0,071323;-0,276325;0,189798;-0,026818;-0,228313;-0,214898;0,201111;-0,137947;0,084959;0,161548;-0,086579;-0,202865;0,223995;-0,079915;0,073464;0,203409;-0,027666;-0,225486;0,246023;-0,091379;0,049583;0,235788;-0,056571;-0,224889;0,211182;-0,130397;0,070584;0,185040;-0,086950;-0,199663;0,053851;0,001148;0,113423;-0,052981;-0,002959;-0,089911;-0,019912;0,401375;0,168559;-0,044600;0,398149;-0,083516;-0,007065;0,752799;0,258603;-0,059339;0,782014;-0,061930;0,003090;0,799981;0,258703;-0,060584;0,829847;-0,066801;0,109107;0,858441;0,199304;0,038878;0,895024;-0,170623
00:00:01.600;44;6;6;5;5;-177,445053;-148,656896;-176,123463;52,650292;173,735888;58,794693;178,015787;153,664014;173,386912;170,611202;-19,269663;12,142574;12,518424;30,148695;0,196998;-0,571849;-0,040023;0,190131;-0,617539;-0,029691;0,190630;-0,617883;-0,029187;0,190313;-0,618611;-0,028998;0,184640;-0,611066;-0,061555;0,185456;-0,611991;-0,062141;0,185158;-0,613400;-0,062306;0,099376;-0,660606;0,043595;0,074309;-0,635866;-0,108764;0,158904;-0,569042;-0,010671;0,151039;-0,561707;-0,052966;0,072212;-0,496241;0,151512;-0,041020;-0,494379;-0,182260;0,061008;-0,275803;0,193802;-0,033892;-0,229617;-0,217092;0,189931;-0,136666;0,093495;0,155012;-0,089282;-0,207563;0,213373;-0,077646;0,083063;0,197105;-0,030685;-0,230246;0,235799;-0,088773;0,059563;0,229719;-0,059313;-0,229536;0,200533;-0,128997;0,079101;0,178412;-0,089648;-0,204398;0,054318;0,001309;0,109603;-0,053915;-0,002763;-0,093718;-0,017654;0,403123;0,159352;-0,044957;0,399324;-0,088214;-0,005220;0,756028;0,244470;-0,060676;0,783929;-0,066830;0,004790;0,803340;0,243977;-0,061927;0,831891;-0,071700;0,111145;0,863277;0,183583;0,039122;0,897997;-0,176050
00:00:01.633;45;6;6;5;5;-177,973499;-148,446063;-176,679469;53,508221;172,353136;59,203729;178,198114;153,558689;172,920026;170,506481;-18,391645;12,315326;12,267814;-29,770635;0,192885;-0,573144;-0,039829;0,186413;-0,618796;-0,029260;0,186895;-0,619144;-0,028745;0,186568;-0,619870;-0,028556;0,181001;-0,612165;-0,060892;0,181820;-0,613108;-0,061466;0,181534;-0,614493;-0,061421;0,096312;-0,662239;0,044334;0,071103;-0,637227;-0,108175;0,154875;-0,570609;-0,010547;0,146958;-0,563171;-0,052897;0,067868;-0,499007;0,152565;-0,044360;-0,495712;-0,182439;0,051282;-0,275444;0,197549;-0,040239;-0,230905;-0,218505;0,177982;-0,135773;0,101200;0,148162;-0,092500;-0,211554;0,201802;-0,076148;0,091636;0,190342;-0,034898;-0,233936;0,224721;-0,087060;0,068403;0,222694;-0,063441;-0,232746;0,189069;-0,128030;0,086816;0,171291;-0,093031;-0,208204;0,054656;0,001411;0,107103;-0,054553;-0,002632;-0,096174;-0,015032;0,404269;0,153204;-0,045042;0,399730;-0,091284;-0,002860;0,758113;0,235671;-0,061461;0,784395;-0,070216;0,006974;0,805492;0,234842;-0,062712;0,832469;-0,075066;0,113324;0,866335;0,173994;0,039838;0,899282;-0,179638
00:00:01.666;46;6;6;5;5;-178,277893;-148,113479;-176,827623;53,723748;172,065153;59,244804;178,319401;153,377836;172,764209;170,385473;-17,897355;12,498535;12,665272;-29,507787;0,190582;-0,572804;-0,039473;0,184401;-0,618229;-0,028822;0,184872;-0,618581;-0,028294;0,184542;-0,619304;-0,028101;0,179052;-0,611425;-0,060316;0,179873;-0,612385;-0,060885;0,179598;-0,613748;-0,060697;0,094696;-0,662839;0,044698;0,069434;-0,637300;-0,107941;0,152564;-0,570970;-0,010339;0,144666;-0,563361;-0,052750;0,065411;-0,501089;0,153052;-0,046326;-0,496184;-0,182541;0,047618;-0,275093;0,199325;-0,043010;-0,230453;-0,219204;0,173512;-0,135173;0,103924;0,143600;-0,093929;-0,214095;0,197472;-0,075254;0,094930;0,185304;-0,037360;-0,236327;0,220215;-0,086015;0,072273;0,217665;-0,065839;-0,234704;0,184685;-0,127393;0,089555;0,166542;-0,094678;-0,210596;0,055095;0,001439;0,105390;-0,055194;-0,002508;-0,097685;-0,011588;0,404991;0,149341;-0,045060;0,399990;-0,093759;-0,000261;0,759295;0,230709;-0,061998;0,784798;-0,074605;0,009420;0,806704;0,229765;-0,063238;0,832981;-0,079627;0,116068;0,868234;0,168670;0,041035;0,900335;-0,183881
00:00:01.700;47;6;6;5;5;-178,294806;-147,070741;-176,992383;53,890981;172,833240;58,766108;178,350309;153,393197;172,798313;171,153358;-17,721501;12,967851;13,315091;-30,344558;0,191758;-0,570635;-0,039382;0,186156;-0,615800;-0,028667;0,186600;-0,616152;-0,028125;0,186268;-0,616874;-0,027925;0,180976;-0,608741;-0,060114;0,181775;-0,609710;-0,060681;0,181500;-0,611049;-0,060394;0,096506;-0,662301;0,044284;0,071724;-0,635788;-0,108756;0,153339;-0,569897;-0,010526;0,145636;-0,561976;-0,053066;0,065556;-0,502410;0,152167;-0,046771;-0,495204;-0,183202;0,049635;-0,274316;0,194939;-0,044185;-0,228319;-0,219633;0,174743;-0,134499;0,095156;0,141333;-0,092924;-0,215541;0,199198;-0,074660;0,086245;0,182483;-0,037082;-0,237839;0,221707;-0,085188;0,063396;0,215060;-0,065342;-0,235838;0,185969;-0,126680;0,080702;0,164235;-0,093730;-0,211963;0,055611;0,001374;0,104159;-0,055844;-0,002341;-0,098553;-0,007794;0,405450;0,146874;-0,045078;0,400160;-0,095359;0,003564;0,759701;0,227744;-0,062512;0,784937;-0,077083;0,012972;0,807062;0,226699;-0,063926;0,833149;-0,082060;0,119054;0,869483;0,165542;0,040801;0,901449;-0,185458
00:00:01.733;48;6;6;5;5;-175,521881;-146,583598;-169,129641;45,891890;-177,619829;52,932566;178,589819;151,411409;174,292411;169,128283;-18,952233;12,398944;10,768554;32,515296;0,215108;-0,560511;-0,043953;0,209949;-0,605504;-0,033650;0,210356;-0,605840;-0,033071;0,210003;-0,606547;-0,032903;0,205160;-0,598439;-0,065039;0,205950;-0,599387;-0,065614;0,205662;-0,600704;-0,065253;0,119710;-0,655261;0,038979;0,095666;-0,628368;-0,114676;0,175704;-0,561398;-0,015025;0,168314;-0,553436;-0,057862;0,084880;-0,501146;0,148277;-0,017916;-0,492577;-0,190039;0,106116;-0,279029;0,186410;0,021253;-0,239354;-0,228392;0,247913;-0,140428;0,089615;0,208186;-0,102936;-0,224994;0,276673;-0,086929;0,083130;0,250155;-0,050497;-0,250127;0,299016;-0,097234;0,058087;0,282113;-0,078760;-0,244815;0,260536;-0,132743;0,075007;0,231541;-0,103264;-0,220990;0,055764;0,001248;0,103385;-0,056091;-0,002151;-0,099157;-0,004894;0,404366;0,149980;-0,047087;0,399844;-0,090199;0,007321;0,757802;0,233974;-0,062908;0,782910;-0,060944;0,016647;0,804833;0,233410;-0,064396;0,830788;-0,064972;0,120751;0,867595;0,171458;0,039334;0,898682;-0,167402
00:00:01.766;49;6;6;5;5;-172,548275;-145,613400;-164,329117;39,959906;-170,697966;46,756319;178,838507;149,218047;174,699420;168,185779;-19,036970;13,884415;8,968813;-33,828835;0,240685;-0,546424;-0,045966;0,236366;-0,591363;-0,035777;0,236760;-0,591682;-0,035160;0,236399;-0,592373;-0,035015;0,232311;-0,584111;-0,067327;0,233107;-0,585033;-0,067906;0,232854;-0,586336;-0,067485;0,145304;-0,645732;0,036205;0,123857;-0,617790;-0,118467;0,200153;-0,549554;-0,017094;0,193560;-0,541455;-0,060416;0,104137;-0,496508;0,146748;0,014865;-0,487541;-0,195224;0,149502;-0,281829;0,181314;0,075003;-0,245053;-0,234174;0,297493;-0,139887;0,091359;0,259476;-0,105268;-0,230887;0,327514;-0,092566;0,089182;0,301202;-0,055695;-0,257335;0,349549;-0,101117;0,061556;0,333000;-0,081250;-0,248021;0,310538;-0,131594;0,076603;0,282807;-0,103795;-0,225660;0,053863;0,001222;0,103529;-0,054252;-0,002080;-0,100235;-0,007767;0,403536;0,153575;-0,048593;0,399006;-0,086260;0,002683;0,757230;0,239144;-0,063405;0,781554;-0,053487;0,011685;0,804097;0,239047;-0,065002;0,829220;-0,057214;0,110615;0,866467;0,177961;0,037153;0,895835;-0,158137
00:00:01.800;50;6;6;5;5;-172,342386;-148,918866;-165,233806;40,175962;-173,163199;47,153775;179,016812;149,262427;174,803307;168,640080;-19,755921;-12,848431;10,054294;32,109319;0,237392;-0,551749;-0,046763;0,231053;-0,596961;-0,036644;0,231510;-0,597289;-0,036036;0,231193;-0,597973;-0,035894;0,226549;-0,589865;-0,068062;0,227388;-0,590791;-0,068635;0,227186;-0,592112;-0,068205;0,140363;-0,647003;0,035462;0,117422;-0,619680;-0,117852;0,198526;-0,552580;-0,017810;0,191440;-0,544628;-0,060914;0,105724;-0,493756;0,146095;0,016936;-0,486219;-0,192981;0,141009;-0,282314;0,180768;0,072875;-0,245044;-0,230303;0,282341;-0,136686;0,092085;0,255594;-0,103505;-0,226658;0,309893;-0,087986;0,091393;0,294719;-0,052775;-0,253203;0,329917;-0,095902;0,062916;0,324657;-0,077277;-0,245099;0,293945;-0,127911;0,077252;0,277473;-0,101265;-0,222022;0,052671;0,001337;0,103307;-0,053109;-0,002164;-0,100589;-0,012912;0,403288;0,147323;-0,049526;0,398505;-0,083922;-0,005155;0,757678;0,226538;-0,065106;0,780995;-0,050314;0,003538;0,804439;0,225911;-0,066869;0,828620;-0,053994;0,101071;0,865787;0,163316;0,032417;0,894208;-0,153877
00:00:01.833;51;6;6;5;5;-173,123415;-151,248375;-167,723423;42,094444;-175,644221;48,211611;179,305630;150,480898;174,648240;168,931239;-20,106057;12,629262;10,834654;-30,219918;0,228038;-0,559585;-0,045114;0,220274;-0,605023;-0,034764;0,220776;-0,605365;-0,034178;0,220488;-0,606052;-0,034027;0,215387;-0,598036;-0,065969;0,216257;-0,598973;-0,066519;0,216096;-0,600313;-0,066105;0,129723;-0,651376;0,037968;0,105774;-0,624555;-0,113889;0,190400;-0,558479;-0,016110;0,182907;-0,550632;-0,058789;0,102012;-0,492750;0,147994;0,008006;-0,486499;-0,188792;0,128518;-0,282321;0,183334;0,053176;-0,241552;-0,225224;0,263783;-0,134094;0,092442;0,233915;-0,098657;-0,221828;0,288564;-0,083089;0,090457;0,271005;-0,045694;-0,248194;0,306686;-0,091132;0,062330;0,300796;-0,069820;-0,241689;0,273856;-0,125096;0,077531;0,255225;-0,096208;-0,217773;0,052316;0,001482;0,103154;-0,052765;-0,002285;-0,100807;-0,016580;0,403174;0,143748;-0,050403;0,398407;-0,086571;-0,011193;0,758043;0,220245;-0,067296;0,782116;-0,059960;-0,002702;0,804810;0,219392;-0,069136;0,829990;-0,064399;0,095190;0,866127;0,155721;0,028880;0,896904;-0,164846
00:00:01.866;52;6;6;5;5;-174,118105;-152,908256;-169,071983;42,556813;-176,960017;48,551327;179,531814;151,751148;174,903634;169,124008;-20,617675;-11,820255;-10,669209;28,489689;0,217967;-0,567177;-0,043166;0,208875;-0,612816;-0,032574;0,209394;-0,613168;-0,032015;0,209130;-0,613850;-0,031860;0,203678;-0,605755;-0,063551;0,204561;-0,606708;-0,064083;0,204423;-0,608052;-0,063700;0,118117;-0,655905;0,040660;0,093281;-0,628910;-0,109803;0,181184;-0,564381;-0,014174;0,173367;-0,556425;-0,056405;0,097540;-0,492324;0,149482;-0,003880;-0,486723;-0,184318;0,120042;-0,281378;0,185005;0,036229;-0,234162;-0,220046;0,251341;-0,129931;0,090580;0,214149;-0,089048;-0,216867;0,274760;-0,076160;0,085257;0,249972;-0,033815;-0,243257;0,291163;-0,084446;0,057735;0,279878;-0,058020;-0,238431;0,260301;-0,120644;0,075493;0,235356;-0,086549;-0,213501;0,052627;0,001571;0,103004;-0,053072;-0,002359;-0,100893;-0,018892;0,403116;0,141698;-0,051520;0,399002;-0,089022;-0,014664;0,758356;0,217497;-0,069391;0,784550;-0,066374;-0,006260;0,805140;0,216595;-0,071269;0,832666;-0,071204;0,091900;0,866723;0,152778;0,025230;0,901873;-0,172180
00:00:01.900;53;6;6;5;5;-175,223532;-154,239491;-168,813020;41,762813;-176,798919;49,245823;179,597227;152,580722;175,570314;169,364349;-20,716675;11,247984;-10,863489;-28,101966;0,206776;-0,573273;-0,041926;0,196753;-0,619027;-0,031177;0,197290;-0,619386;-0,030638;0,197038;-0,620067;-0,030478;0,191181;-0,611811;-0,061998;0,192053;-0,612766;-0,062518;0,191922;-0,614110;-0,062157;0,105995;-0,659978;0,042633;0,079789;-0,632396;-0,106872;0,170609;-0,569406;-0,012880;0,162366;-0,561216;-0,054802;0,092021;-0,492770;0,150382;-0,016917;-0,486774;-0,180523;0,115661;-0,281410;0,184386;0,025481;-0,227661;-0,215614;0,244715;-0,129679;0,080488;0,202336;-0,081202;-0,213483;0,266938;-0,074025;0,070299;0,237812;-0,024082;-0,240045;0,282180;-0,082968;0,043344;0,267867;-0,048527;-0,236355;0,251922;-0,120293;0,065124;0,223601;-0,078731;-0,210684;0,053271;0,001597;0,102783;-0,053699;-0,002373;-0,100814;-0,020225;0,403219;0,140457;-0,052002;0,399657;-0,090969;-0,016547;0,759605;0,216328;-0,070646;0,786666;-0,070659;-0,008189;0,806579;0,215308;-0,072570;0,834958;-0,075701;0,090143;0,868766;0,152013;0,022964;0,906295;-0,177352
00:00:01.933;54;6;6;5;5;-176,216247;-155,011871;-168,365911;40,953265;-175,744746;49,269321;179,506996;153,126972;176,154526;170,228067;-20,743021;11,000110;-11,840781;-27,511498;0,197087;-0,578484;-0,041164;0,186201;-0,624259;-0,030322;0,186743;-0,624622;-0,029795;0,186496;-0,625305;-0,029632;0,180556;-0,616855;-0,061049;0,181412;-0,617810;-0,061561;0,181272;-0,619151;-0,061213;0,095133;-0,663459;0,043847;0,068639;-0,635161;-0,105127;0,161206;-0,573786;-0,012077;0,152867;-0,565304;-0,053806;0,086112;-0,494120;0,150450;-0,028072;-0,486709;-0,177825;0,112989;-0,282246;0,179736;0,017284;-0,223589;-0,212327;0,240403;-0,131451;0,066043;0,193466;-0,076457;-0,211382;0,261850;-0,074470;0,052094;0,228663;-0,018146;-0,238039;0,275113;-0,083952;0,025540;0,258969;-0,042795;-0,235329;0,246486;-0,122021;0,050562;0,214931;-0,074033;-0,208936;0,053949;0,001589;0,102444;-0,054358;-0,002354;-0,100560;-0,021050;0,403348;0,139382;-0,052301;0,400084;-0,092235;-0,017572;0,761213;0,216182;-0,071305;0,788029;-0,073391;-0,009119;0,808409;0,215192;-0,073189;0,836429;-0,078536;0,090172;0,870736;0,152310;0,022145;0,908986;-0,180509
00:00:01.966;55;6;6;5;5;-176,945795;-155,172730;-168,180320;40,631862;-174,641480;48,988137;179,485440;153,552143;176,483517;171,146145;-20,592747;-11,635534;-12,584768;27,072606;0,190514;-0,581634;-0,040691;0,179508;-0,627333;-0,029802;0,180048;-0,627700;-0,029283;0,179802;-0,628382;-0,029118;0,173623;-0,619900;-0,060481;0,174457;-0,620852;-0,060988;0,174303;-0,622191;-0,060647;0,088880;-0,665643;0,044698;0,061393;-0,637108;-0,103750;0,154870;-0,576545;-0,011585;0,146243;-0,567954;-0,053180;0,082325;-0,495153;0,150226;-0,036577;-0,486684;-0,174652;0,112396;-0,282821;0,174441;0,010005;-0,221107;-0,209080;0,237736;-0,133443;0,052870;0,186110;-0,073772;-0,210060;0,258900;-0,075371;0,036368;0,221190;-0,014764;-0,236980;0,270656;-0,085319;0,009986;0,252368;-0,039495;-0,235091;0,243341;-0,124069;0,037339;0,208063;-0,071432;-0,207903;0,055174;0,001551;0,101725;-0,055556;-0,002309;-0,099886;-0,021501;0,403964;0,136620;-0,052663;0,400723;-0,093525;-0,018095;0,763570;0,214525;-0,071852;0,789480;-0,075578;-0,009561;0,811013;0,213668;-0,073757;0,837944;-0,080775;0,090289;0,874848;0,149903;0,021434;0,912260;-0,183665
00:00:02.000;56;6;6;5;5;-177,504776;-155,256154;-167,982478;41,035715;-174,492891;49,329088;179,363932;153,780762;176,513146;171,857402;-20,543085;11,975182;-12,891255;26,837547;0,185550;-0,584199;-0,040912;0,174476;-0,629750;-0,030021;0,175008;-0,630122;-0,029506;0,174755;-0,630803;-0,029339;0,168517;-0,622425;-0,060662;0,169343;-0,623382;-0,061166;0,169171;-0,624719;-0,060836;0,083887;-0,667360;0,044953;0,056031;-0,639118;-0,103327;0,149908;-0,578832;-0,011688;0,141166;-0,570325;-0,053215;0,078557;-0,496347;0,150042;-0,042631;-0,487741;-0,173485;0,108472;-0,283394;0,171373;0,004568;-0,222542;-0,208421;0,234495;-0,136247;0,046702;0,181877;-0,077271;-0,210459;0,256109;-0,077848;0,029465;0,217196;-0,018015;-0,237466;0,267722;-0,088415;0,003211;0,248837;-0,043339;-0,236126;0,240336;-0,127177;0,031174;0,204118;-0,075298;-0,208488;0,056393;0,001522;0,101264;-0,056766;-0,002275;-0,099452;-0,021715;0,404422;0,136626;-0,053623;0,401145;-0,094361;-0,018315;0,764903;0,217340;-0,072646;0,790027;-0,076348;-0,009773;0,812483;0,216741;-0,074526;0,838499;-0,081498;0,090442;0,877400;0,152366;0,020919;0,914220;-0,185619
00:00:02.033;57;6;6;5;5;-177,907049;-155,126137;-167,846796;41,348982;-176,652864;50,317828;179,348963;153,769208;176,130543;171,639981;-20,005567;12,281908;-12,778734;27,698242;0,182923;-0,586329;-0,040458;0,171769;-0,631686;-0,029400;0,172293;-0,632061;-0,028886;0,172030;-0,632741;-0,028718;0,165898;-0,624462;-0,060063;0,166723;-0,625434;-0,060561;0,166538;-0,626771;-0,060237;0,080913;-0,668528;0,045882;0,053381;-0,640559;-0,102618;0,147195;-0,580657;-0,011202;0,138491;-0,572264;-0,052746;0,075339;-0,497107;0,151808;-0,045888;-0,489078;-0,173087;0,098229;-0,281508;0,177084;0,001224;-0,224583;-0,209761;0,224966;-0,132295;0,056741;0,179354;-0,080141;-0,212145;0,247549;-0,072417;0,041449;0,215130;-0,020597;-0,238876;0,261359;-0,082756;0,015560;0,247170;-0,046216;-0,237253;0,232017;-0,123078;0,041180;0,201777;-0,078343;-0,209957;0,057360;0,001633;0,101084;-0,057735;-0,002387;-0,099283;-0,021777;0,405099;0,136776;-0,054894;0,401406;-0,095087;-0,018967;0,765903;0,219203;-0,074138;0,790316;-0,076825;-0,010627;0,813547;0,218752;-0,075993;0,838823;-0,081936;0,089743;0,879685;0,154158;0,020215;0,915320;-0,186828
00:00:02.100;58;6;6;5;5;-176,205886;-152,543671;-163,919997;37,705213;-170,518152;47,193501;179,748856;154,031901;176,373200;171,639542;-19,350995;13,249938;-12,583802;29,983245;0,203859;-0,578757;-0,040096;0,194129;-0,623558;-0,028929;0,194638;-0,623936;-0,028402;0,194369;-0,624600;-0,028239;0,189008;-0,616498;-0,059700;0,189808;-0,617435;-0,060197;0,189610;-0,618755;-0,059873;0,100827;-0,663523;0,046457;0,076022;-0,635928;-0,103530;0,165747;-0,574833;-0,010879;0,157946;-0,566528;-0,052531;0,089302;-0,495367;0,151850;-0,029856;-0,489115;-0,176394;0,133047;-0,284184;0,168988;0,033342;-0,235641;-0,216429;0,275266;-0,138959;0,047550;0,216274;-0,087363;-0,218776;0,300615;-0,083738;0,035606;0,252969;-0,028539;-0,246068;0,314928;-0,094134;0,007931;0,286212;-0,054155;-0,242319;0,283441;-0,130218;0,031751;0,239574;-0,085208;-0,215949;0,058369;0,001842;0,100651;-0,058774;-0,002603;-0,098882;-0,019573;0,405103;0,136657;-0,056434;0,401134;-0,093285;-0,018559;0,766077;0,220441;-0,075196;0,788917;-0,068210;-0,010722;0,813776;0,220082;-0,077107;0,837305;-0,072659;0,089337;0,881331;0,154671;0,019099;0,915450;-0,177805
00:00:02.166;59;6;6;5;5;-173,761205;-149,673724;-165,525418;41,115667;-172,196810;49,779532;-178,816644;155,970133;173,889913;175,116151;-17,629835;17,921295;-12,087869;34,626033;0,230809;-0,572296;-0,042704;0,223951;-0,616824;-0,031102;0,224394;-0,617195;-0,030573;0,224150;-0,617839;-0,030396;0,217235;-0,610660;-0,061018;0,217993;-0,611580;-0,061536;0,217798;-0,612875;-0,061207;0,136797;-0,657001;0,046633;0,104511;-0,633041;-0,102766;0,193626;-0,568523;-0,012517;0,183852;-0,561434;-0,053342;0,122168;-0,488741;0,149429;-0,016286;-0,491286;-0,171580;0,155919;-0,277365;0,154541;0,031122;-0,247717;-0,220423;0,302155;-0,142522;0,025548;0,213925;-0,100812;-0,225441;0,329628;-0,089914;0,012025;0,254658;-0,041807;-0,253293;0,345648;-0,100279;-0,016415;0,294183;-0,067590;-0,249369;0,311418;-0,134636;0,009299;0,240260;-0,098182;-0,222734;0,061349;0,002347;0,097789;-0,061777;-0,003113;-0,096117;-0,013326;0,404419;0,129095;-0,072624;0,400451;-0,088573;-0,018018;0,761355;0,210347;-0,108302;0,781469;-0,050253;-0,010653;0,808421;0,209784;-0,112879;0,828804;-0,053145;0,087805;0,877448;0,141240;-0,029565;0,908017;-0,159490
00:00:02.200;60;6;6;5;5;-172,889935;-150,561876;-168,078895;42,924146;-175,780921;52,489707;-179,026593;154,551055;173,505746;176,250834;-17,798754;15,976217;-11,465829;35,604157;0,230499;-0,571359;-0,055696;0,223213;-0,616458;-0,044845;0,223687;-0,616822;-0,044345;0,223450;-0,617495;-0,044165;0,215248;-0,610366;-0,074194;0,216063;-0,611285;-0,074717;0,215935;-0,612601;-0,074368;0,140793;-0,656322;0,033973;0,103532;-0,633280;-0,112705;0,196239;-0,567210;-0,024713;0,184974;-0,560494;-0,064777;0,131792;-0,488107;0,141162;-0,014235;-0,492735;-0,175586;0,152074;-0,273323;0,147310;0,021180;-0,246905;-0,222728;0,292611;-0,142323;0,021075;0,201744;-0,097616;-0,228896;0,318130;-0,089815;0,004984;0,241887;-0,037725;-0,257021;0,334293;-0,099746;-0,024478;0,279842;-0,063587;-0,253570;0,301657;-0,134558;0,004490;0,227555;-0,095103;-0,226669;0,063152;0,002532;0,096228;-0,063586;-0,003300;-0,094593;-0,009505;0,403985;0,134672;-0,075627;0,400663;-0,088678;-0,015850;0,758377;0,222230;-0,108137;0,782072;-0,055293;-0,008081;0,805090;0,222286;-0,111471;0,829472;-0,059229;0,090599;0,874889;0,156477;-0,029675;0,906292;-0,166960
00:00:02.233;61;6;6;5;5;-173,269522;-150,493480;-171,092875;46,120025;179,467579;57,048723;-179,965554;153,618085;173,243348;175,843906;-18,987519;12,152363;-10,624080;35,565232;0,225468;-0,574172;-0,063978;0,217643;-0,619790;-0,053702;0,218151;-0,620145;-0,053229;0,217907;-0,620854;-0,053038;0,209353;-0,613593;-0,083126;0,210213;-0,614504;-0,083658;0,210122;-0,615841;-0,083296;0,135184;-0,659301;0,025269;0,097390;-0,636196;-0,121305;0,191925;-0,569658;-0,032758;0,180420;-0,562967;-0,072862;0,124541;-0,490981;0,135269;-0,018920;-0,494308;-0,181082;0,129216;-0,273987;0,150462;0,004418;-0,245511;-0,224031;0,268697;-0,147139;0,031660;0,186033;-0,097219;-0,225795;0,294008;-0,095366;0,015058;0,226155;-0,038235;-0,252213;0,312199;-0,105848;-0,013068;0,260734;-0,065834;-0,250810;0,278746;-0,139947;0,015362;0,210459;-0,095980;-0,224071;0,063778;0,002489;0,095845;-0,064214;-0,003258;-0,094211;-0,007362;0,403600;0,143612;-0,073644;0,401035;-0,088718;-0,013517;0,756221;0,236647;-0,098628;0,782812;-0,058448;-0,005086;0,802781;0,237253;-0,100254;0,830312;-0,063093;0,095428;0,870076;0,175395;-0,015428;0,904840;-0,171328
00:00:02.266;62;6;6;5;5;-173,884902;-150,608818;-172,577700;47,652380;177,658585;58,989262;179,722807;153,747612;173,812426;176,184030;-20,079591;-10,414252;-11,674409;33,421942;0,220832;-0,576643;-0,063166;0,212649;-0,622555;-0,052846;0,213178;-0,622905;-0,052368;0,212934;-0,623628;-0,052159;0,204330;-0,616193;-0,082555;0,205202;-0,617102;-0,083077;0,205126;-0,618445;-0,082749;0,129169;-0,662134;0,026142;0,091886;-0,638457;-0,121093;0,187292;-0,572028;-0,032086;0,175847;-0,565154;-0,072502;0,118553;-0,493722;0,135768;-0,024399;-0,495295;-0,181928;0,116400;-0,276645;0,152614;-0,005592;-0,242225;-0,220476;0,254020;-0,151329;0,032068;0,176612;-0,095399;-0,217358;0,277846;-0,099098;0,013583;0,216239;-0,036657;-0,242526;0,294771;-0,110522;-0,012673;0,249455;-0,065251;-0,242417;0,263352;-0,144525;0,015995;0,200324;-0,094997;-0,215779;0,064241;0,002470;0,095810;-0,064677;-0,003240;-0,094165;-0,008170;0,403905;0,148790;-0,072082;0,401470;-0,090680;-0,012590;0,755246;0,244726;-0,091870;0,784813;-0,068000;-0,003758;0,801825;0,245527;-0,092646;0,832647;-0,073341;0,097824;0,868364;0,184991;-0,005626;0,906975;-0,180902
00:00:02.333;63;6;6;5;5;-172,620216;-149,004281;-167,716500;41,123488;-177,672127;51,651286;179,901726;151,171240;174,866754;172,811760;-20,077984;12,676113;-9,344495;36,466685;0,234114;-0,557247;-0,056471;0,228614;-0,603120;-0,045878;0,229120;-0,603450;-0,045343;0,228854;-0,604172;-0,045164;0,222021;-0,596646;-0,076468;0,222883;-0,597533;-0,077001;0,222803;-0,598870;-0,076599;0,142545;-0,652285;0,031550;0,112240;-0,627688;-0,119143;0,197498;-0,557263;-0,025925;0,188029;-0,550281;-0,067785;0,116410;-0,488824;0,141987;0,002559;-0,492913;-0,183867;0,133516;-0,274942;0,164584;0,046340;-0,244038;-0,222846;0,280342;-0,133835;0,063815;0,227143;-0,091910;-0,216453;0,305827;-0,084016;0,055136;0,265437;-0,034565;-0,242981;0,325149;-0,090824;0,025748;0,298337;-0,059663;-0,237297;0,291421;-0,124941;0,047886;0,250385;-0,089860;-0,212756;0,060338;0,002677;0,096829;-0,060758;-0,003445;-0,095213;-0,008972;0,404088;0,155514;-0,065639;0,401704;-0,090916;-0,010510;0,755072;0,253296;-0,081968;0,786463;-0,072532;-0,001391;0,801750;0,254629;-0,082726;0,834484;-0,078016;0,099311;0,867772;0,196009;0,007090;0,908230;-0,180747
00:00:02.366;64;6;6;5;5;-172,635787;-147,319554;-172,188154;45,914428;179,241514;52,962063;179,871268;150,812496;172,988401;172,047623;-19,248837;14,496561;-7,610666;36,905367;0,237747;-0,551546;-0,052170;0,234286;-0,597141;-0,041386;0,234792;-0,597469;-0,040824;0,234505;-0,598210;-0,040659;0,228273;-0,591191;-0,072420;0,229158;-0,592092;-0,072957;0,229064;-0,593434;-0,072522;0,147976;-0,649194;0,035394;0,120515;-0,625946;-0,116872;0,199836;-0,552956;-0,021911;0,191079;-0,546527;-0,064477;0,111219;-0,486803;0,146268;0,008770;-0,494530;-0,184269;0,117338;-0,273662;0,175543;0,032380;-0,245028;-0,223714;0,261172;-0,125994;0,078788;0,217021;-0,091209;-0,216145;0,285903;-0,076795;0,072016;0,256455;-0,034337;-0,243237;0,308313;-0,083153;0,042628;0,289753;-0,058309;-0,234111;0,273336;-0,117299;0,063017;0,240352;-0,088871;-0,211204;0,057956;0,002805;0,097773;-0,058365;-0,003574;-0,096152;-0,010838;0,404172;0,159249;-0,060350;0,401995;-0,092064;-0,009336;0,753903;0,256976;-0,075102;0,787567;-0,077328;-0,000039;0,800545;0,258439;-0,075954;0,835695;-0,082863;0,100148;0,866272;0,200581;0,015576;0,909031;-0,183548
00:00:02.400;65;6;6;5;5;-173,108598;-146,300145;-175,084923;48,402345;177,122533;55,553930;179,693900;151,053495;172,502563;172,466514;-19,735682;-13,562985;-7,842394;36,744396;0,237712;-0,553114;-0,050270;0,234123;-0,598830;-0,039588;0,234644;-0,599161;-0,039021;0,234346;-0,599918;-0,038849;0,228634;-0,592669;-0,070890;0,229522;-0,593573;-0,071425;0,229422;-0,594919;-0,070983;0,145648;-0,650752;0,036571;0,120806;-0,627064;-0,116675;0,198899;-0,554481;-0,020227;0,190865;-0,547828;-0,063190;0,105836;-0,487498;0,147015;0,005919;-0,495546;-0,184655;0,103694;-0,272876;0,177303;0,017182;-0,241753;-0,222931;0,242357;-0,127131;0,072526;0,197564;-0,089573;-0,213323;0,265963;-0,077789;0,063031;0,235787;-0,032547;-0,239620;0,288272;-0,085118;0,035303;0,268167;-0,056486;-0,231297;0,254120;-0,119255;0,056868;0,220256;-0,087456;-0,208575;0,056475;0,002818;0,098398;-0,056880;-0,003587;-0,096769;-0,012159;0,404535;0,160909;-0,056530;0,402480;-0,093171;-0,008500;0,754691;0,257695;-0,071074;0,788643;-0,080034;0,000918;0,801457;0,258926;-0,072058;0,836820;-0,085580;0,101168;0,866270;0,201693;0,020474;0,909698;-0,185610
00:00:02.433;66;6;6;5;5;-173,662920;-145,069431;-176,191253;49,063449;176,590549;56,727269;179,517426;151,483468;172,583416;172,648353;-20,005299;12,928344;8,312269;-36,212943;0,235024;-0,554223;-0,048551;0,231612;-0,599835;-0,038008;0,232131;-0,600171;-0,037440;0,231833;-0,600926;-0,037262;0,226880;-0,593396;-0,069514;0,227762;-0,594306;-0,070047;0,227649;-0,595652;-0,069598;0,141447;-0,651700;0,037357;0,120163;-0,627241;-0,116525;0,195343;-0,555626;-0,018837;0,188215;-0,548671;-0,062091;0,100864;-0,488483;0,147105;0,000892;-0,495394;-0,184877;0,096578;-0,272460;0,177503;0,007677;-0,236525;-0,222113;0,231648;-0,129245;0,067278;0,184983;-0,085087;-0,211542;0,254608;-0,079727;0,056027;0,222220;-0,027085;-0,237333;0,276262;-0,087830;0,029277;0,254468;-0,051233;-0,229901;0,242944;-0,121981;0,051738;0,207470;-0,083128;-0,207042;0,055589;0,002823;0,098782;-0,055988;-0,003592;-0,097145;-0,013007;0,405150;0,156853;-0,053814;0,402571;-0,093892;-0,007696;0,758195;0,249224;-0,068250;0,789110;-0,081171;0,001694;0,805223;0,249664;-0,069410;0,837272;-0,086592;0,101856;0,869216;0,190192;0,023644;0,909854;-0,186546
00:00:02.466;67;6;6;5;5;-174,154065;-144,063583;-176,736583;49,194611;176,450423;56,779729;179,228848;151,608992;172,724028;172,234118;-19,753472;12,762215;8,609864;35,190633;0,232230;-0,555241;-0,047553;0,229062;-0,600726;-0,037139;0,229571;-0,601066;-0,036569;0,229264;-0,601815;-0,036388;0,225155;-0,594103;-0,068862;0,226040;-0,595020;-0,069394;0,225911;-0,596366;-0,068934;0,137078;-0,652376;0,037324;0,119428;-0,627374;-0,117524;0,191629;-0,556590;-0,018155;0,185392;-0,549421;-0,061700;0,095384;-0,489591;0,146605;-0,002922;-0,495075;-0,186198;0,090851;-0,272256;0,178849;0,001937;-0,232643;-0,222570;0,223388;-0,130766;0,071416;0,177427;-0,081638;-0,212805;0,246196;-0,081044;0,060806;0,214321;-0,022842;-0,238146;0,268076;-0,089644;0,034721;0,246611;-0,046951;-0,231576;0,234732;-0,123872;0,056228;0,199850;-0,079694;-0,208528;0,054967;0,002751;0,099062;-0,055364;-0,003523;-0,097416;-0,013648;0,405584;0,154213;-0,051347;0,402588;-0,094634;-0,007159;0,760763;0,243772;-0,066447;0,789312;-0,081674;0,002196;0,807970;0,243710;-0,067797;0,837434;-0,086994;0,102351;0,871211;0,182948;0,026041;0,909595;-0,187004
00:00:02.500;68;6;6;5;5;-174,808881;-143,162008;-179,071294;57,091636;173,736380;61,095091;179,186977;151,885369;171,502552;171,205167;-18,819540;13,105652;8,967704;-32,952927;0,228838;-0,557961;-0,046642;0,226059;-0,603224;-0,036290;0,226557;-0,603570;-0,035730;0,226224;-0,604325;-0,035535;0,222313;-0,596938;-0,068008;0,223196;-0,597859;-0,068549;0,223037;-0,599205;-0,068079;0,133924;-0,653434;0,038029;0,117211;-0,629565;-0,116720;0,188054;-0,558610;-0,017348;0,181912;-0,551742;-0,060809;0,090239;-0,491213;0,147311;-0,008584;-0,497812;-0,184713;0,076884;-0,272499;0,186591;-0,015552;-0,240543;-0,222742;0,212780;-0,140316;0,085430;0,171764;-0,108854;-0,217438;0,235944;-0,090725;0,075355;0,210245;-0,054717;-0,241643;0,259960;-0,102221;0,050551;0,242521;-0,083621;-0,235735;0,225250;-0,134887;0,070633;0,194445;-0,110169;-0,213162;0,054621;0,002730;0,099256;-0,055019;-0,003504;-0,097604;-0,014125;0,405935;0,152768;-0,049227;0,401540;-0,095313;-0,006132;0,760665;0,240365;-0,063488;0,787437;-0,083033;0,003538;0,807761;0,239925;-0,064470;0,835596;-0,088455;0,105331;0,868355;0,178642;0,031864;0,904203;-0,189108
00:00:02.533;69;6;6;5;5;-175,660566;-142,970004;-179,084059;60,808172;176,880990;67,139932;179,509162;152,340381;173,289245;173,353288;-20,742611;10,598021;-11,642221;30,813360;0,224475;-0,563122;-0,045833;0,220547;-0,608285;-0,035586;0,221040;-0,608633;-0,035036;0,220699;-0,609388;-0,034825;0,216391;-0,601949;-0,067108;0,217231;-0,602861;-0,067659;0,217037;-0,604186;-0,067201;0,128489;-0,655419;0,038996;0,109464;-0,631671;-0,114510;0,184161;-0,562295;-0,016491;0,177650;-0,555191;-0,059645;0,087397;-0,493283;0,147575;-0,019011;-0,498238;-0,177394;0,084114;-0,281792;0,174583;-0,024432;-0,245162;-0,206952;0,215942;-0,182097;0,048160;0,169267;-0,128509;-0,195745;0,236486;-0,139160;0,031053;0,212123;-0,078678;-0,218542;0,255296;-0,155858;0,009659;0,242789;-0,113318;-0,215811;0,225892;-0,179909;0,033978;0,192491;-0,133457;-0,192447;0,055704;0,002653;0,099057;-0,056124;-0,003425;-0,097414;-0,013165;0,406641;0,150974;-0,049070;0,401374;-0,096617;-0,005358;0,761114;0,237117;-0,061826;0,787335;-0,086547;0,004453;0,808253;0,236514;-0,062651;0,835659;-0,092041;0,107241;0,867709;0,175220;0,035527;0,902203;-0,193639
00:00:02.566;70;6;6;6;5;-176,870376;-146,074292;-175,741720;58,224103;-170,393788;60,402701;-179,973972;153,923680;175,160177;176,462930;-20,914287;10,773131;-16,958925;24,703562;0,205919;-0,570453;-0,045244;0,200918;-0,614915;-0,034911;0,201426;-0,615273;-0,034355;0,201147;-0,616002;-0,034142;0,194521;-0,608907;-0,065656;0,195305;-0,609807;-0,066205;0,195093;-0,611098;-0,065780;0,115844;-0,657597;0,042361;0,086388;-0,634907;-0,105071;0,169455;-0,567633;-0,015291;0,160047;-0,560680;-0,057297;0,086794;-0,497588;0,147550;-0,036396;-0,498233;-0,165422;0,120561;-0,310132;0,146712;-0,026802;-0,247556;-0,192009;0,228746;-0,227937;-0,005416;0,168196;-0,133904;-0,179514;0,240373;-0,186469;-0,029991;0,212098;-0,080816;-0,202031;0,252098;-0,206623;-0,049621;0,241383;-0,114567;-0,200918;0,231406;-0,227090;-0,019040;0,191596;-0,138022;-0,176867;0,058639;0,002670;0,097097;-0,059031;-0,003435;-0,095461;-0,012600;0,407889;0,145864;-0,051788;0,401279;-0,097534;-0,006750;0,762283;0,232581;-0,065009;0,787478;-0,088701;0,002588;0,809570;0,232056;-0,066191;0,835940;-0,094182;0,104733;0,871181;0,169081;0,028456;0,905923;-0,196881
00:00:02.600;71;6;6;6;5;-177,956519;-148,427605;-172,914926;55,943420;-162,847004;56,664207;-179,525539;155,707726;177,338537;178,927260;-22,787540;-8,695940;-20,839074;17,916526;0,192263;-0,575212;-0,041808;0,186407;-0,619315;-0,031151;0,186924;-0,619681;-0,030597;0,186680;-0,620388;-0,030363;0,178708;-0,613421;-0,060893;0,179451;-0,614314;-0,061452;0,179232;-0,615581;-0,061094;0,105321;-0,659255;0,048740;0,069136;-0,637022;-0,094332;0,158088;-0,571257;-0,010934;0,146854;-0,564283;-0,051741;0,086481;-0,501237;0,148850;-0,051022;-0,497390;-0,154402;0,137350;-0,325120;0,129406;-0,027672;-0,248992;-0,177668;0,238976;-0,250812;-0,042715;0,169075;-0,137367;-0,157953;0,247794;-0,210191;-0,072802;0,214828;-0,085241;-0,179973;0,250877;-0,232262;-0,091631;0,242963;-0,120832;-0,180234;0,237232;-0,250479;-0,056757;0,192839;-0,142154;-0,155725;0,061502;0,002683;0,095802;-0,061882;-0,003442;-0,094177;-0,011904;0,409007;0,140515;-0,054212;0,401261;-0,098417;-0,007778;0,763838;0,225225;-0,066870;0,788632;-0,091858;0,001242;0,811317;0,224699;-0,068090;0,837402;-0,097444;0,103089;0,874239;0,161412;0,024425;0,909390;-0,200258
00:00:02.633;72;6;6;6;5;-178,838682;-150,276203;-171,323853;54,742697;-158,107968;52,543768;-179,386151;156,252306;178,533433;179,422123;-23,596410;7,787952;-22,989683;13,542577;0,182278;-0,579591;-0,038479;0,175085;-0,623612;-0,027612;0,175596;-0,623984;-0,027066;0,175362;-0,624672;-0,026816;0,167085;-0,617592;-0,056874;0,167809;-0,618485;-0,057434;0,167574;-0,619740;-0,057129;0,093900;-0,661065;0,053358;0,056012;-0,638585;-0,088171;0,148870;-0,574578;-0,007205;0,137153;-0,567357;-0,047392;0,083776;-0,503796;0,151330;-0,061267;-0,495972;-0,148881;0,146958;-0,331266;0,122738;-0,029958;-0,248007;-0,171058;0,244820;-0,255581;-0,052409;0,168944;-0,137736;-0,149367;0,253375;-0,214379;-0,083610;0,215737;-0,086385;-0,171430;0,250719;-0,235674;-0,102491;0,243334;-0,123059;-0,172529;0,241175;-0,254704;-0,066790;0,192834;-0,142855;-0,147442;0,063498;0,002569;0,095054;-0,063880;-0,003321;-0,093432;-0,010397;0,409721;0,137295;-0,055764;0,401447;-0,099227;-0,007654;0,764664;0,221072;-0,067292;0,789484;-0,093923;0,001288;0,812276;0,220564;-0,068240;0,838460;-0,099550;0,104599;0,875870;0,156955;0,025551;0,911567;-0,202470
00:00:02.666;73;6;6;6;5;-179,604552;-152,646599;-170,216573;53,876205;-155,205932;48,177512;-179,118283;156,058320;178,821368;-179,209436;-23,949454;7,909921;-23,999079;10,193608;0,172153;-0,583785;-0,035827;0,164006;-0,627598;-0,024706;0,164505;-0,627969;-0,024165;0,164275;-0,628637;-0,023919;0,155297;-0,621686;-0,053455;0,155999;-0,622588;-0,054010;0,155744;-0,623837;-0,053742;0,084446;-0,662308;0,057717;0,043252;-0,639982;-0,081701;0,140212;-0,577462;-0,003966;0,127536;-0,570264;-0,043380;0,081605;-0,505365;0,156701;-0,068944;-0,495043;-0,144405;0,151002;-0,334856;0,119373;-0,033007;-0,247253;-0,168073;0,246607;-0,255347;-0,053067;0,166354;-0,137212;-0,146304;0,256010;-0,210624;-0,084468;0,213400;-0,086243;-0,168726;0,250899;-0,232176;-0,103629;0,240970;-0,122822;-0,170039;0,242139;-0,253845;-0,067787;0,190039;-0,142204;-0,144492;0,065075;0,002529;0,094607;-0,065466;-0,003275;-0,092987;-0,008591;0,410269;0,132773;-0,056864;0,401561;-0,099808;-0,007403;0,765188;0,214551;-0,067543;0,790023;-0,095015;0,001493;0,812884;0,213889;-0,068270;0,839137;-0,100665;0,106162;0,876859;0,150014;0,026801;0,912930;-0,203600
00:00:02.700;74;6;6;6;5;179,892340;-154,593753;-169,432461;53,007965;-153,965075;45,195904;-178,907556;155,763407;178,805533;-178,102303;-23,937376;-8,256721;-24,998540;8,161128;0,165005;-0,587256;-0,034069;0,155994;-0,630870;-0,022748;0,156487;-0,631241;-0,022206;0,156255;-0,631895;-0,021972;0,146743;-0,625028;-0,051087;0,147434;-0,625938;-0,051638;0,147166;-0,627188;-0,051384;0,077967;-0,663241;0,060762;0,034114;-0,641048;-0,077003;0,134335;-0,579883;-0,001683;0,120903;-0,572698;-0,040474;0,080371;-0,506340;0,161202;-0,073790;-0,494432;-0,141731;0,151800;-0,336405;0,118535;-0,034945;-0,246714;-0,167294;0,247510;-0,252829;-0,051370;0,163086;-0,136164;-0,146335;0,257854;-0,204375;-0,082659;0,209540;-0,085359;-0,168855;0,251149;-0,226020;-0,102412;0,237766;-0,121983;-0,170180;0,242826;-0,250723;-0,066392;0,186651;-0,141141;-0,144530;0,066401;0,002522;0,094337;-0,066794;-0,003263;-0,092714;-0,006723;0,410890;0,128720;-0,057561;0,401580;-0,100203;-0,003859;0,765529;0,209597;-0,066772;0,790126;-0,095076;0,005346;0,813263;0,208834;-0,067258;0,839294;-0,100582;0,111355;0,877466;0,144488;0,028795;0,913752;-0,203691
00:00:02.733;75;6;6;6;5;179,432724;-155,765904;-169,272271;53,887830;-156,043675;45,110427;-178,810967;155,410742;178,501818;-176,834893;-23,883799;-9,121648;-24,436383;8,448086;0,159332;-0,589679;-0,032873;0,149791;-0,633184;-0,021426;0,150281;-0,633557;-0,020885;0,150038;-0,634201;-0,020661;0,140321;-0,627408;-0,049515;0,141010;-0,628326;-0,050063;0,140723;-0,629581;-0,049817;0,072458;-0,663937;0,062733;0,027323;-0,641900;-0,074288;0,129378;-0,581644;-0,000131;0,115567;-0,574482;-0,038537;0,078194;-0,506913;0,164968;-0,077959;-0,494070;-0,140352;0,142198;-0,334119;0,121502;-0,039160;-0,246567;-0,167466;0,243884;-0,247449;-0,048228;0,160334;-0,139196;-0,147579;0,256791;-0,196374;-0,078905;0,207003;-0,089797;-0,170259;0,251187;-0,218226;-0,099079;0,235539;-0,126876;-0,171473;0,240556;-0,245106;-0,063376;0,183773;-0,144533;-0,145748;0,067405;0,002520;0,094181;-0,067806;-0,003259;-0,092557;-0,005095;0,411386;0,124396;-0,058064;0,401547;-0,100465;0,000386;0,765703;0,203064;-0,066406;0,789955;-0,094137;0,009906;0,813432;0,202045;-0,066741;0,839170;-0,099367;0,116602;0,877676;0,136919;0,030038;0,913882;-0,202982
00:00:02.766;76;6;6;6;5;178,826076;-155,281252;-170,693189;58,413062;-155,848857;46,267116;-178,031870;154,958612;175,122677;-178,287173;-21,909671;8,417231;-22,411859;9,644914;0,156825;-0,592697;-0,033502;0,147126;-0,636001;-0,021497;0,147612;-0,636382;-0,020957;0,147360;-0,637008;-0,020754;0,136966;-0,630870;-0,048815;0,137647;-0,631783;-0,049378;0,137363;-0,633050;-0,049106;0,070299;-0,664106;0,063962;0,023154;-0,643169;-0,070058;0,127143;-0,583112;0,000425;0,113163;-0,576365;-0,037486;0,084052;-0,506290;0,167213;-0,085005;-0,493826;-0,125646;0,149370;-0,331354;0,123467;-0,060723;-0,249212;-0,163765;0,262461;-0,246195;-0,053155;0,132418;-0,153564;-0,163647;0,279522;-0,196311;-0,085329;0,180433;-0,106566;-0,189135;0,273650;-0,218064;-0,106168;0,207587;-0,145664;-0,191994;0,260463;-0,244082;-0,068311;0,156141;-0,159877;-0,163049;0,069485;0,002385;0,092716;-0,069872;-0,003111;-0,091130;-0,001084;0,411882;0,112245;-0,059841;0,401719;-0,098944;0,003850;0,766017;0,188126;-0,065565;0,789967;-0,084462;0,013695;0,813684;0,186686;-0,065080;0,839165;-0,089264;0,121041;0,876900;0,118794;0,031967;0,912663;-0,195298
00:00:02.800;77;6;5;6;5;-179,763516;-154,238890;-173,554657;61,115612;-160,456442;46,491841;-177,813454;156,057878;171,451445;173,241995;-13,159702;11,957441;-19,075400;-17,637714;0,162872;-0,586749;-0,064693;0,157137;-0,629731;-0,052051;0,157591;-0,630141;-0,051513;0,157302;-0,630744;-0,051367;0,142613;-0,626440;-0,076283;0,143266;-0,627347;-0,076903;0,143015;-0,628654;-0,076555;0,096477;-0,655592;0,041563;0,030061;-0,641498;-0,079087;0,138533;-0,576128;-0,027509;0,119232;-0,571382;-0,061281;0,112500;-0,498185;0,146977;-0,086793;-0,494138;-0,117668;0,177255;-0,315698;0,125283;-0,086835;-0,259338;-0,161819;0,301221;-0,207711;-0,040640;0,089460;-0,167714;-0,207769;0,324544;-0,153300;-0,069059;0,136525;-0,121638;-0,238053;0,320563;-0,168767;-0,095148;0,165794;-0,158533;-0,242852;0,301199;-0,201764;-0,056094;0,114390;-0,172559;-0,208948;0,072227;0,002302;0,088958;-0,072564;-0,003020;-0,087431;0,003882;0,412714;0,105151;-0,063540;0,402372;-0,096143;0,006732;0,767473;0,180986;-0,065113;0,791048;-0,074901;0,016794;0,814985;0,179540;-0,064042;0,840121;-0,079574;0,123907;0,876602;0,108359;0,030870;0,912212;-0,189174
00:00:02.833;78;6;5;5;5;-179,171367;-151,880177;-173,475067;64,008497;-164,146961;49,224222;-177,300834;157,019729;168,983438;171,454714;-8,394240;13,530582;-13,311958;21,301938;0,170238;-0,577870;-0,078970;0,166821;-0,620831;-0,066301;0,167251;-0,621246;-0,065748;0,166955;-0,621830;-0,065624;0,150406;-0,618344;-0,090084;0,151042;-0,619227;-0,090689;0,150802;-0,620544;-0,090325;0,112388;-0,648058;0,028212;0,038423;-0,637462;-0,082953;0,148126;-0,568071;-0,041784;0,126318;-0,564137;-0,074968;0,128097;-0,492858;0,137188;-0,087117;-0,494193;-0,110006;0,186739;-0,305409;0,123478;-0,096671;-0,264370;-0,161011;0,317088;-0,192997;-0,045711;0,077570;-0,180272;-0,231690;0,342611;-0,144029;-0,074888;0,124381;-0,137213;-0,264042;0,341555;-0,159744;-0,102712;0,154280;-0,174973;-0,268226;0,318920;-0,188143;-0,061451;0,102857;-0,185645;-0,233034;0,074683;0,002188;0,085192;-0,074995;-0,002903;-0,083713;0,006807;0,413148;0,097578;-0,067788;0,402627;-0,091831;0,007688;0,766886;0,177411;-0,064934;0,791095;-0,061146;0,017666;0,814068;0,176264;-0,063399;0,839989;-0,065227;0,121442;0,874821;0,102852;0,028111;0,910751;-0,175982
00:00:02.866;79;6;5;5;5;-178,847511;-151,559516;-172,478453;63,421863;-169,207510;53,384033;-177,800755;157,025849;172,735612;173,472485;-13,020075;-11,155799;-8,623074;19,305044;0,175321;-0,572612;-0,070098;0,172538;-0,615540;-0,058206;0,172957;-0,615969;-0,057646;0,172660;-0,616538;-0,057450;0,156652;-0,613701;-0,084247;0,157292;-0,614571;-0,084822;0,157038;-0,615896;-0,084525;0,113381;-0,644981;0,028772;0,045209;-0,635038;-0,085306;0,153892;-0,563426;-0,036052;0,131172;-0,559669;-0,072253;0,115436;-0,489552;0,140077;-0,077480;-0,493050;-0,120052;0,157704;-0,298527;0,135942;-0,070443;-0,259397;-0,162352;0,283321;-0,185928;-0,028524;0,111154;-0,181057;-0,211418;0,306241;-0,142259;-0,055778;0,157423;-0,142625;-0,240003;0,310537;-0,161355;-0,080507;0,185009;-0,183305;-0,242395;0,286944;-0,184022;-0,044035;0,134513;-0,188832;-0,211357;0,073643;0,002236;0,085897;-0,074015;-0,002952;-0,084392;0,008399;0,413260;0,100156;-0,067762;0,402601;-0,092847;0,007991;0,767034;0,177909;-0,066259;0,791129;-0,067326;0,017641;0,814244;0,176640;-0,065209;0,839967;-0,071677;0,119537;0,875507;0,107597;0,026329;0,909940;-0,178255
00:00:02.933;80;6;6;5;5;-178,789614;-151,491523;-169,958801;57,966530;-167,323061;54,620884;-178,211199;156,857382;176,544691;173,993799;-18,399074;9,830034;5,621364;17,112054;0,177272;-0,571244;-0,060779;0,174103;-0,614145;-0,049115;0,174519;-0,614573;-0,048528;0,174241;-0,615157;-0,048285;0,159614;-0,612043;-0,076426;0,160258;-0,612902;-0,076963;0,159992;-0,614210;-0,076740;0,108473;-0,645754;0,033893;0,048549;-0,634272;-0,085715;0,154101;-0,563034;-0,028498;0,132840;-0,558799;-0,066754;0,104992;-0,490906;0,143113;-0,071276;-0,491509;-0,127216;0,151075;-0,303490;0,136604;-0,043765;-0,252990;-0,162348;0,262235;-0,200405;-0,034454;0,136471;-0,169265;-0,185979;0,287661;-0,157985;-0,064293;0,179954;-0,129689;-0,212283;0,293470;-0,180123;-0,086358;0,206880;-0,168841;-0,214408;0,269807;-0,199823;-0,049714;0,158902;-0,176703;-0,185429;0,072792;0,002140;0,087286;-0,073197;-0,002857;-0,085743;0,009182;0,413255;0,116440;-0,067026;0,402743;-0,098686;0,008519;0,766936;0,199859;-0,067937;0,791728;-0,087769;0,018003;0,814264;0,199227;-0,067745;0,840592;-0,093096;0,120369;0,876311;0,135035;0,024876;0,911663;-0,197658
00:00:02.966;81;6;6;5;5;-178,784722;-151,847954;-168,654924;55,085564;-165,336575;54,766010;-178,459718;156,667244;178,860388;175,393739;-23,574055;-9,203399;6,650235;15,174657;0,178570;-0,574685;-0,050680;0,174608;-0,617705;-0,039178;0,175022;-0,618110;-0,038587;0,174764;-0,618712;-0,038311;0,161464;-0,614228;-0,067503;0,162113;-0,615094;-0,068006;0,161842;-0,616371;-0,067863;0,101023;-0,648770;0,040831;0,050258;-0,633834;-0,085455;0,154040;-0,566329;-0,019753;0,134005;-0,560728;-0,059515;0,097689;-0,491911;0,146782;-0,066848;-0,488577;-0,133013;0,147069;-0,306547;0,135069;-0,027360;-0,246119;-0,161829;0,251456;-0,209321;-0,042531;0,154645;-0,157455;-0,160998;0,278488;-0,167154;-0,074874;0,197070;-0,115995;-0,185237;0,284310;-0,190688;-0,094890;0,224077;-0,154273;-0,187831;0,261266;-0,209231;-0,057765;0,176793;-0,164561;-0,160260;0,072092;0,002063;0,089120;-0,072523;-0,002781;-0,087524;0,009488;0,413216;0,128670;-0,066512;0,403018;-0,102464;0,008774;0,766824;0,215511;-0,069468;0,792245;-0,098287;0,018155;0,814253;0,215388;-0,069853;0,841170;-0,103962;0,120973;0,876821;0,154068;0,023663;0,912790;-0,207682
00:00:03.000;82;6;6;5;5;-179,150382;-152,637177;-167,897343;54,896099;-165,440540;55,256648;-178,422590;156,572679;179,874434;178,010921;-25,452133;8,775363;6,588758;-12,597099;0,175361;-0,576658;-0,042567;0,170481;-0,619843;-0,031110;0,170893;-0,620231;-0,030529;0,170643;-0,620845;-0,030242;0,158552;-0,615496;-0,059581;0,159206;-0,616372;-0,060080;0,158910;-0,617627;-0,059952;0,093842;-0,650781;0,048420;0,047702;-0,633637;-0,081494;0,149487;-0,568395;-0,011818;0,131053;-0,561986;-0,051706;0,092058;-0,492622;0,152921;-0,066771;-0,486806;-0,134713;0,137672;-0,305797;0,135145;-0,021066;-0,241945;-0,160564;0,240288;-0,213756;-0,046600;0,164358;-0,154662;-0,149375;0,264698;-0,171748;-0,079966;0,209050;-0,113665;-0,173105;0,269464;-0,197353;-0,099087;0,236010;-0,153428;-0,175157;0,248277;-0,214453;-0,061831;0,186720;-0,162683;-0,148228;0,071654;0,002100;0,090323;-0,072100;-0,002817;-0,088693;0,010362;0,413085;0,135197;-0,065663;0,403008;-0,105218;0,008946;0,766346;0,220063;-0,071056;0,792094;-0,103649;0,018213;0,813876;0,219848;-0,071909;0,841158;-0,109355;0,121513;0,877002;0,159894;0,022517;0,913493;-0,213142
00:00:03.033;83;6;6;5;5;-179,278100;-153,145975;-169,631091;56,462317;-162,129991;50,711056;-177,664619;155,937650;175,778088;173,947179;-17,472225;11,051243;-11,399591;12,593250;0,171691;-0,576426;-0,053436;0,167224;-0,619583;-0,040963;0,167637;-0,619975;-0,040402;0,167380;-0,620579;-0,040202;0,153894;-0,615620;-0,067062;0,154553;-0,616493;-0,067612;0,154264;-0,617756;-0,067382;0,097017;-0,648777;0,047197;0,042530;-0,633539;-0,078980;0,146568;-0,567530;-0,018695;0,127503;-0,561765;-0,055245;0,103700;-0,492733;0,151984;-0,072206;-0,486822;-0,123377;0,165182;-0,305739;0,136237;-0,045119;-0,250162;-0,161412;0,269043;-0,203626;-0,035829;0,132515;-0,162339;-0,189954;0,292851;-0,154814;-0,067402;0,178427;-0,119887;-0,219071;0,291651;-0,176182;-0,089619;0,207209;-0,157915;-0,221137;0,273322;-0,201224;-0,050797;0,156538;-0,168454;-0,189778;0,072628;0,002032;0,088486;-0,073018;-0,002741;-0,086881;0,009313;0,414052;0,121556;-0,067290;0,403005;-0,103404;0,004997;0,767499;0,201403;-0,072340;0,792222;-0,093615;0,014042;0,814971;0,200685;-0,073260;0,841341;-0,098901;0,115850;0,877920;0,132951;0,018905;0,913921;-0,206767
00:00:03.066;84;6;5;5;5;-178,703062;-151,370391;-172,057362;60,363911;-163,219238;48,312110;-177,008507;157,641043;169,759937;171,061509;-10,101294;-13,709832;-11,564107;18,385974;0,182911;-0,574159;-0,060729;0,179028;-0,617365;-0,047497;0,179430;-0,617769;-0,046936;0,179152;-0,618353;-0,046787;0,164886;-0,613916;-0,072671;0,165535;-0,614797;-0,073270;0,165290;-0,616074;-0,072959;0,112806;-0,645876;0,044919;0,052263;-0,632606;-0,079532;0,157641;-0,565017;-0,024356;0,137904;-0,559907;-0,059389;0,120459;-0,489341;0,146788;-0,072844;-0,487494;-0,117136;0,184875;-0,297749;0,136961;-0,071522;-0,260159;-0,169010;0,305683;-0,183601;-0,025109;0,098076;-0,173693;-0,230282;0,333647;-0,132177;-0,053039;0,143723;-0,131184;-0,262434;0,333824;-0,149229;-0,078920;0,175185;-0,167707;-0,264204;0,310516;-0,178460;-0,040508;0,123594;-0,178360;-0,230716;0,073483;0,001977;0,086718;-0,073839;-0,002678;-0,085162;0,008537;0,414534;0,109988;-0,069390;0,403039;-0,099863;0,001579;0,768575;0,186058;-0,072984;0,792429;-0,081610;0,010308;0,816017;0,184949;-0,073689;0,841536;-0,086461;0,110435;0,879326;0,112718;0,016705;0,914337;-0,196483
00:00:03.133;85;6;5;5;5;-177,959623;-151,114614;-171,834531;53,519247;-164,478210;47,829986;-177,567045;158,154299;171,740729;170,859601;-8,393589;-10,744339;-12,760714;-20,362659;0,188970;-0,572966;-0,064964;0,186461;-0,616463;-0,051227;0,186855;-0,616872;-0,050670;0,186565;-0,617461;-0,050569;0,170740;-0,612890;-0,075604;0,171380;-0,613775;-0,076239;0,171153;-0,615061;-0,075887;0,115042;-0,646839;0,042082;0,057330;-0,631916;-0,085169;0,164434;-0,564408;-0,027266;0,143410;-0,558853;-0,061563;0,121378;-0,490850;0,142104;-0,069363;-0,485745;-0,126840;0,184709;-0,292707;0,136273;-0,061518;-0,248488;-0,174626;0,299892;-0,174712;-0,018308;0,102786;-0,141763;-0,240850;0,323645;-0,122502;-0,044937;0,143873;-0,092978;-0,272992;0,324243;-0,138128;-0,072576;0,176881;-0,126926;-0,273375;0,303758;-0,168704;-0,034092;0,128262;-0,144647;-0,240564;0,073207;0,001635;0,086611;-0,073539;-0,002328;-0,085056;0,007341;0,414527;0,114989;-0,067633;0,403246;-0,098413;-0,000542;0,769303;0,196481;-0,073342;0,792538;-0,077755;0,008009;0,816770;0,196007;-0,073963;0,841558;-0,082385;0,107015;0,881469;0,127023;0,015410;0,916072;-0,191625
00:00:03.166;86;6;5;5;5;-177,265053;-151,335667;-171,002029;47,221504;-165,128995;47,626160;-178,384401;157,861632;174,685060;171,220017;-8,279295;-8,743701;-14,225763;21,057068;0,192317;-0,572266;-0,066230;0,189514;-0,616044;-0,052861;0,189909;-0,616454;-0,052303;0,189615;-0,617057;-0,052200;0,174171;-0,612308;-0,077276;0,174819;-0,613197;-0,077947;0,174603;-0,614487;-0,077581;0,114064;-0,649252;0,040048;0,060771;-0,631387;-0,091539;0,167304;-0,564552;-0,028935;0,146748;-0,558246;-0,062604;0,117216;-0,494044;0,138882;-0,063406;-0,483240;-0,139584;0,179747;-0,290246;0,135841;-0,043007;-0,235143;-0,180327;0,288414;-0,170007;-0,014424;0,117951;-0,112365;-0,242209;0,308862;-0,117010;-0,039918;0,155177;-0,058949;-0,273267;0,309504;-0,131567;-0,067663;0,188590;-0,090334;-0,272470;0,291309;-0,163466;-0,030205;0,142779;-0,113739;-0,240984;0,072260;0,001092;0,087485;-0,072579;-0,001779;-0,085909;0,006551;0,413784;0,123544;-0,064188;0,403757;-0,098472;-0,001876;0,769758;0,209463;-0,073559;0,792789;-0,079630;0,006599;0,817254;0,209500;-0,074195;0,841672;-0,084352;0,105288;0,883327;0,144620;0,014844;0,918497;-0,191239
00:00:03.200;87;6;5;6;5;-176,948678;-151,494434;-170,169150;43,191958;-165,806030;48,040720;-178,954918;157,321537;176,422278;171,617265;-10,230030;7,913775;-15,173506;-20,966079;0,193831;-0,572438;-0,061885;0,190681;-0,616596;-0,049279;0,191076;-0,617008;-0,048715;0,190783;-0,617634;-0,048567;0,175747;-0,612182;-0,074738;0,176403;-0,613076;-0,075377;0,176191;-0,614370;-0,075001;0,110893;-0,652590;0,039728;0,062538;-0,631066;-0,095109;0,168504;-0,565797;-0,026493;0,148412;-0,558434;-0,061121;0,111717;-0,497464;0,137447;-0,058103;-0,481448;-0,147227;0,172603;-0,289456;0,136818;-0,028256;-0,225872;-0,183639;0,278647;-0,168363;-0,011712;0,131376;-0,093489;-0,233784;0,297186;-0,115233;-0,036399;0,166231;-0,037274;-0,263691;0,298061;-0,129556;-0,063746;0,199530;-0,066933;-0,262128;0,281034;-0,161750;-0,027410;0,155623;-0,093919;-0,231902;0,071165;0,000660;0,088754;-0,071475;-0,001342;-0,087144;0,006009;0,413030;0,130452;-0,060228;0,404118;-0,100795;-0,002689;0,770110;0,218450;-0,073209;0,793047;-0,088129;0,005748;0,817686;0,218754;-0,074092;0,841808;-0,093292;0,104680;0,885242;0,156817;0,015707;0,920744;-0,197855
00:00:03.266;88;6;5;5;5;-176,287871;-151,403210;-171,708981;43,012787;-166,727242;48,224483;-178,392243;156,973856;173,462381;171,296609;-8,240688;-11,854850;-13,486637;24,572852;0,196661;-0,566893;-0,061224;0,194472;-0,610651;-0,048603;0,194874;-0,611082;-0,048031;0,194582;-0,611699;-0,047870;0,179224;-0,606745;-0,074169;0,179878;-0,607643;-0,074794;0,179694;-0,608944;-0,074404;0,121269;-0,648785;0,039663;0,066853;-0,629326;-0,095378;0,171762;-0,561613;-0,025877;0,151200;-0,554974;-0,060604;0,122969;-0,494629;0,136766;-0,054925;-0,484411;-0,145737;0,182080;-0,284406;0,137574;-0,039557;-0,237519;-0,188851;0,301067;-0,159751;-0,011167;0,109792;-0,099530;-0,251431;0,323972;-0,106887;-0,034928;0,143593;-0,041978;-0,284340;0,326433;-0,119700;-0,063948;0,179211;-0,066376;-0,283298;0,304439;-0,152497;-0,027562;0,134725;-0,096644;-0,250483;0,070802;0,000698;0,089202;-0,071103;-0,001387;-0,087587;0,004525;0,412644;0,122374;-0,061184;0,404062;-0,102203;-0,007136;0,770998;0,204448;-0,074247;0,793167;-0,091455;0,000583;0,818709;0,204161;-0,075202;0,841844;-0,096594;0,098797;0,888291;0,138356;0,014501;0,922391;-0,200499
00:00:03.300;89;6;5;5;5;-175,696793;-150,237417;-172,916115;45,126189;-166,572029;46,950758;-177,282272;158,162016;168,478330;169,907949;-5,179447;-15,014298;-13,627905;24,302675;0,205936;-0,561522;-0,058482;0,205139;-0,604798;-0,045222;0,205554;-0,605246;-0,044627;0,205262;-0,605855;-0,044464;0,190086;-0,601597;-0,070751;0,190742;-0,602497;-0,071393;0,190596;-0,603807;-0,070952;0,137135;-0,644072;0,044011;0,078662;-0,627807;-0,089664;0,180484;-0,557153;-0,022877;0,159983;-0,551575;-0,057510;0,136179;-0,490566;0,140120;-0,049368;-0,489456;-0,140391;0,198401;-0,281290;0,143621;-0,051426;-0,255809;-0,196134;0,329761;-0,151917;0,000956;0,094147;-0,116472;-0,269565;0,355710;-0,097914;-0,020324;0,128132;-0,058692;-0,303192;0,358505;-0,109757;-0,050159;0,165731;-0,079901;-0,301586;0,333741;-0,143877;-0,015664;0,119773;-0,111427;-0,268739;0,070634;0,001006;0,089465;-0,070931;-0,001702;-0,087855;0,001888;0,412040;0,113888;-0,066015;0,403862;-0,102793;-0,013885;0,771031;0,188502;-0,079638;0,793246;-0,092792;-0,006850;0,818864;0,187603;-0,080533;0,841870;-0,097788;0,091279;0,890227;0,120267;0,009883;0,923501;-0,201236
00:00:03.333;90;6;5;5;5;-176,272762;-148,054771;-174,983815;48,650677;-177,789969;51,798559;-177,153107;157,935351;165,339165;173,031831;-1,230393;-16,082376;-13,995041;25,765313;0,210267;-0,558140;-0,047994;0,211815;-0,601312;-0,034994;0,212220;-0,601762;-0,034415;0,211941;-0,602376;-0,034219;0,195625;-0,598177;-0,061583;0,196256;-0,599087;-0,062209;0,196136;-0,600409;-0,061765;0,142901;-0,641321;0,051354;0,083908;-0,626874;-0,084649;0,182220;-0,554752;-0,013695;0,164079;-0,549679;-0,049749;0,125636;-0,488647;0,148508;-0,045832;-0,495703;-0,137818;0,145907;-0,277276;0,166481;-0,059492;-0,264615;-0,200106;0,270367;-0,139305;0,042286;0,090709;-0,126611;-0,266309;0,293944;-0,080741;0,025237;0,127909;-0,067904;-0,292902;0,302430;-0,091570;-0,002528;0,164838;-0,087571;-0,287923;0,276163;-0,130468;0,026297;0,115674;-0,120383;-0,262621;0,069932;0,001779;0,090799;-0,070234;-0,002487;-0,089152;-0,004514;0,411656;0,109189;-0,069198;0,402680;-0,103570;-0,021824;0,770715;0,178652;-0,085522;0,791827;-0,096614;-0,015388;0,818585;0,177228;-0,086874;0,840596;-0,101675;0,081929;0,891358;0,109970;0,005178;0,922770;-0,204632
00:00:03.366;91;6;5;5;5;-176,853509;-145,485180;-178,008531;54,096692;177,061507;55,122660;-178,163872;156,403403;165,496579;173,351288;1,162057;17,397088;-13,391878;26,945034;0,211760;-0,556373;-0,041336;0,213809;-0,599417;-0,028768;0,214267;-0,599873;-0,028234;0,213957;-0,600478;-0,028002;0,198596;-0,596391;-0,057322;0,199169;-0,597311;-0,057931;0,199074;-0,598635;-0,057492;0,135290;-0,640963;0,053598;0,086924;-0,626305;-0,089688;0,179127;-0,553536;-0,008651;0,164985;-0,548511;-0,047189;0,106274;-0,487755;0,153470;-0,043961;-0,499505;-0,147667;0,107573;-0,274915;0,180547;-0,063748;-0,264958;-0,205600;0,234177;-0,134665;0,068160;0,102726;-0,130597;-0,260304;0,258337;-0,074536;0,054130;0,144084;-0,071764;-0,281516;0,272178;-0,085508;0,028282;0,178850;-0,092277;-0,275379;0,242399;-0,125660;0,052839;0,126722;-0,125159;-0,254767;0,066136;0,002261;0,092838;-0,066469;-0,002982;-0,091125;-0,010415;0,411092;0,110129;-0,060942;0,400897;-0,100862;-0,023548;0,770144;0,174182;-0,074963;0,788588;-0,092013;-0,015935;0,817939;0,171919;-0,075816;0,837331;-0,097118;0,083390;0,884968;0,105903;0,020688;0,909647;-0,199069
00:00:03.400;92;6;5;5;5;-176,911776;-143,202748;-177,099017;52,718031;176,689691;56,668197;-179,157127;154,659764;168,496495;171,270883;-2,656335;17,237000;-13,269128;27,079375;0,212104;-0,549370;-0,037693;0,213763;-0,592213;-0,025263;0,214247;-0,592646;-0,024752;0,213922;-0,593298;-0,024511;0,201045;-0,588113;-0,054877;0,201635;-0,589007;-0,055470;0,201534;-0,590335;-0,054999;0,130232;-0,638945;0,052509;0,091293;-0,621347;-0,097582;0,176793;-0,549474;-0,005516;0,165135;-0,543686;-0,046659;0,094158;-0,487348;0,151601;-0,040074;-0,497136;-0,157703;0,095885;-0,273238;0,186688;-0,048543;-0,251909;-0,208433;0,222757;-0,133686;0,074513;0,121863;-0,117916;-0,248963;0,246743;-0,073580;0,059952;0,162891;-0,058377;-0,268546;0,261384;-0,084789;0,034776;0,196556;-0,079745;-0,262638;0,231250;-0,124825;0,059261;0,145212;-0,113445;-0,243093;0,061930;0,002348;0,094263;-0,062295;-0,003085;-0,092512;-0,013907;0,410617;0,112515;-0,047650;0,399681;-0,097439;-0,023049;0,770061;0,172755;-0,060205;0,786579;-0,087361;-0,014509;0,817811;0,169807;-0,061110;0,835275;-0,092522;0,085862;0,880485;0,105651;0,036648;0,900725;-0,192907
00:00:03.433;93;6;5;5;5;-175,915616;-138,809807;-175,596921;48,360124;177,113316;55,896366;179,184992;152,027858;170,621647;169,320985;-5,899056;17,619829;13,233833;30,821597;0,218023;-0,529607;-0,041700;0,221966;-0,571344;-0,029923;0,222445;-0,571730;-0,029402;0,222118;-0,572424;-0,029134;0,212498;-0,566700;-0,061140;0,213130;-0,567559;-0,061742;0,212991;-0,568876;-0,061231;0,136684;-0,626964;0,042570;0,107207;-0,607972;-0,113084;0,179450;-0,534902;-0,011512;0,170491;-0,528994;-0,054942;0,088101;-0,484241;0,142640;-0,027743;-0,491856;-0,177629;0,091736;-0,266920;0,184905;-0,023639;-0,239040;-0,223516;0,212788;-0,123937;0,075931;0,143561;-0,097145;-0,247776;0,236183;-0,064103;0,064434;0,183038;-0,035742;-0,267617;0,254187;-0,073348;0,039869;0,217357;-0,055865;-0,260195;0,222233;-0,114665;0,061076;0,166578;-0,092189;-0,241728;0,057940;0,002362;0,095750;-0,058355;-0,003123;-0,094002;-0,017609;0,410000;0,115931;-0,039356;0,398671;-0,088195;-0,022411;0,769906;0,174740;-0,050691;0,785339;-0,068827;-0,013386;0,817584;0,171651;-0,051804;0,833999;-0,073126;0,086924;0,877154;0,108938;0,046756;0,894763;-0,170870
00:00:03.466;94;6;5;5;5;-175,107521;-134,490736;-175,431874;47,085627;178,008347;54,735961;178,346239;150,355250;171,493605;169,167001;-7,808016;17,333644;12,390097;31,825721;0,226356;-0,512064;-0,043869;0,232853;-0,553101;-0,032637;0,233319;-0,553465;-0,032109;0,233002;-0,554181;-0,031807;0,225771;-0,548075;-0,065108;0,226423;-0,548895;-0,065721;0,226252;-0,550198;-0,065170;0,147883;-0,616123;0,036978;0,124351;-0,596169;-0,120582;0,185333;-0,521496;-0,015320;0,178289;-0,515452;-0,059757;0,086599;-0,481483;0,136761;-0,016678;-0,486447;-0,186797;0,092107;-0,261685;0,179153;-0,008796;-0,229167;-0,229706;0,209347;-0,119906;0,074411;0,156141;-0,085179;-0,244882;0,231633;-0,061030;0,063036;0,194713;-0,023658;-0,264971;0,251222;-0,069685;0,038682;0,229753;-0,044033;-0,256173;0,219031;-0,110845;0,059470;0,179185;-0,080633;-0,238505;0,055047;0,002335;0,096715;-0,055502;-0,003116;-0,094977;-0,020211;0,409434;0,117063;-0,034210;0,397742;-0,081620;-0,021813;0,769819;0,172656;-0,045298;0,784484;-0,058499;-0,012517;0,817448;0,169412;-0,046717;0,833089;-0,062409;0,087593;0,874917;0,106420;0,052095;0,890206;-0,158542
00:00:03.500;95;6;5;5;5;-174,870650;-132,636055;-175,421326;45,955792;175,274825;56,776015;178,350995;149,845113;172,299276;169,745371;-9,571968;16,362950;12,415595;32,538033;0,231023;-0,503889;-0,035429;0,238333;-0,544843;-0,024426;0,238796;-0,545205;-0,023879;0,238476;-0,545939;-0,023521;0,232862;-0,539552;-0,057499;0,233536;-0,540351;-0,058107;0,233344;-0,541652;-0,057531;0,153238;-0,611004;0,042463;0,133459;-0,590411;-0,118082;0,188678;-0,515017;-0,008356;0,182817;-0,508842;-0,053518;0,085048;-0,479833;0,140348;-0,010253;-0,483159;-0,189219;0,078603;-0,258702;0,183856;-0,000056;-0,224126;-0,228629;0,196432;-0,121416;0,086667;0,161725;-0,077922;-0,234842;0,218286;-0,065324;0,077935;0,199985;-0,018095;-0,254267;0,241338;-0,074188;0,055239;0,235194;-0,039000;-0,244896;0,207506;-0,113520;0,072557;0,184908;-0,074897;-0,228200;0,052462;0,002372;0,097457;-0,052943;-0,003172;-0,095726;-0,021696;0,408727;0,117719;-0,028266;0,396314;-0,077724;-0,021202;0,769719;0,170646;-0,040535;0,783367;-0,058717;-0,011612;0,817344;0,167258;-0,041953;0,831998;-0,063044;0,089498;0,871892;0,104628;0,059837;0,883799;-0,157152
00:00:03.533;96;6;5;5;5;-175,058844;-131,771885;-175,798867;46,181285;174,581791;58,229057;178,315056;149,011514;172,329525;168,638494;-12,095946;-14,356873;12,065470;32,220296;0,230032;-0,500741;-0,030641;0,239131;-0,541681;-0,019885;0,239590;-0,542041;-0,019328;0,239251;-0,542787;-0,018945;0,235960;-0,536218;-0,053062;0,236670;-0,537008;-0,053666;0,236447;-0,538313;-0,053079;0,152467;-0,608863;0,045851;0,136964;-0,587867;-0,116189;0,185940;-0,512391;-0,004249;0,181778;-0,506126;-0,049611;0,079355;-0,478972;0,142708;-0,006659;-0,481085;-0,189109;0,070183;-0,257391;0,191081;0,003043;-0,221065;-0,227801;0,189176;-0,127460;0,104016;0,165118;-0,073588;-0,227613;0,210790;-0,074602;0,097847;0,204433;-0,016436;-0,247179;0,235544;-0,084208;0,075834;0,239245;-0,039039;-0,237937;0,201040;-0,120934;0,090706;0,188334;-0,072926;-0,221054;0,050155;0,002375;0,097955;-0,050655;-0,003190;-0,096232;-0,022426;0,408150;0,118990;-0,023111;0,395264;-0,075889;-0,020426;0,769666;0,171502;-0,036153;0,782678;-0,059225;-0,010556;0,817301;0,168105;-0,037519;0,831322;-0,063893;0,091611;0,869247;0,106646;0,066375;0,879283;-0,156831
00:00:03.566;97;6;5;5;5;-175,622080;-131,548329;-175,648064;47,050892;174,445640;60,151338;178,249616;148,135499;172,324326;167,754432;-14,538069;-12,409161;12,131944;33,532813;0,224655;-0,500506;-0,027786;0,233928;-0,541552;-0,017290;0,234387;-0,541911;-0,016734;0,234026;-0,542661;-0,016339;0,232445;-0,535969;-0,050446;0,233185;-0,536758;-0,051044;0,232930;-0,538066;-0,050455;0,145143;-0,608139;0,047926;0,134495;-0,587125;-0,114831;0,179492;-0,511798;-0,001708;0,176479;-0,505543;-0,047113;0,071552;-0,479642;0,144268;-0,007437;-0,479864;-0,188030;0,061670;-0,257165;0,196249;0,003720;-0,219638;-0,226731;0,184726;-0,134326;0,114549;0,167172;-0,075756;-0,221913;0,207271;-0,083486;0,109699;0,207689;-0,021744;-0,241597;0,232834;-0,093355;0,087797;0,241537;-0,046548;-0,232980;0,197298;-0,128469;0,101561;0,190233;-0,077270;-0,215686;0,048462;0,002295;0,098385;-0,048977;-0,003122;-0,096671;-0,022726;0,407595;0,120709;-0,020514;0,394602;-0,075083;-0,019471;0,769371;0,173575;-0,033367;0,782269;-0,059357;-0,009460;0,816953;0,170200;-0,034630;0,830919;-0,064085;0,093162;0,866660;0,110082;0,069811;0,877056;-0,156512
00:00:03.600;98;6;6;5;5;-176,599036;-132,917298;-174,841551;47,663110;174,614421;60,938219;178,507334;147,784582;172,274625;166,897533;-15,727099;-11,555747;12,753259;32,755825;0,213231;-0,500699;-0,021580;0,221111;-0,541731;-0,011057;0,221572;-0,542083;-0,010482;0,221203;-0,542843;-0,010098;0,219950;-0,536018;-0,044080;0,220702;-0,536789;-0,044666;0,220425;-0,538104;-0,044105;0,131655;-0,607886;0,053917;0,122474;-0,586894;-0,108572;0,168456;-0,511938;0,004279;0,165587;-0,505794;-0,041027;0,062468;-0,480179;0,150664;-0,012844;-0,479405;-0,185771;0,053298;-0,257352;0,205864;0,002382;-0,218958;-0,225385;0,175494;-0,138297;0,126220;0,170512;-0,077811;-0,218156;0,197238;-0,088046;0,121893;0,211737;-0,026120;-0,238033;0,222419;-0,098568;0,100233;0,244099;-0,051931;-0,229456;0,187677;-0,132822;0,113225;0,193005;-0,080623;-0,212042;0,047462;0,002310;0,098859;-0,047980;-0,003147;-0,097140;-0,022432;0,407193;0,122525;-0,019507;0,393883;-0,082535;-0,018668;0,768881;0,177768;-0,031813;0,782465;-0,077688;-0,008594;0,816520;0,174768;-0,032983;0,831409;-0,083420;0,094354;0,865557;0,116348;0,070919;0,878710;-0,177469
00:00:03.633;99;6;6;5;5;-177,413393;-133,768189;-173,465375;48,414400;175,415719;61,308480;178,699231;147,747907;172,676603;166,314832;-17,093042;10,256689;13,677151;-31,399557;0,204692;-0,501182;-0,018389;0,210752;-0,542199;-0,007970;0,211214;-0,542546;-0,007386;0,210836;-0,543311;-0,007010;0,209619;-0,536391;-0,040809;0,210373;-0,537156;-0,041388;0,210069;-0,538471;-0,040844;0,119964;-0,608780;0,057425;0,111424;-0,587137;-0,104947;0,160211;-0,512696;0,007436;0,157380;-0,506153;-0,037681;0,057511;-0,483110;0,154584;-0,020659;-0,478640;-0,183889;0,052407;-0,264371;0,210427;0,000863;-0,218357;-0,223191;0,171543;-0,151612;0,132335;0,174677;-0,082537;-0,213385;0,191187;-0,101666;0,128395;0,216631;-0,032628;-0,233555;0,218093;-0,114212;0,106901;0,247620;-0,060564;-0,225723;0,182072;-0,146810;0,119670;0,196820;-0,086698;-0,207633;0,047363;0,002137;0,099136;-0,047898;-0,002978;-0,097413;-0,018524;0,406755;0,123699;-0,019052;0,393659;-0,088225;-0,015873;0,768543;0,180630;-0,031282;0,783321;-0,087888;-0,006115;0,816235;0,177849;-0,032426;0,832557;-0,094007;0,096913;0,864892;0,120455;0,070939;0,880382;-0,189407
00:00:03.666;100;6;6;5;5;-177,914974;-134,309014;-171,960102;48,499417;177,773970;59,977660;178,706484;147,843837;173,275398;165,342983;-18,036407;9,649796;14,342306;28,136313;0,199191;-0,502410;-0,016713;0,203840;-0,543475;-0,006110;0,204302;-0,543821;-0,005527;0,203921;-0,544585;-0,005160;0,202581;-0,537600;-0,038929;0,203335;-0,538368;-0,039492;0,203014;-0,539684;-0,038947;0,112447;-0,609682;0,058351;0,103637;-0,587604;-0,104204;0,155034;-0,513739;0,009396;0,152071;-0,507028;-0,035846;0,055550;-0,486371;0,155360;-0,027216;-0,477261;-0,183079;0,060781;-0,271697;0,211882;0,001143;-0,217561;-0,221537;0,177748;-0,162643;0,135346;0,179229;-0,085969;-0,210333;0,196143;-0,112887;0,130813;0,221445;-0,036906;-0,230939;0,220158;-0,126796;0,109415;0,251723;-0,066387;-0,223742;0,186452;-0,158174;0,122469;0,201294;-0,090693;-0,204946;0,047792;0,001805;0,099302;-0,048343;-0,002648;-0,097577;-0,015571;0,406482;0,124712;-0,019062;0,393790;-0,091725;-0,012473;0,768990;0,183772;-0,031036;0,784561;-0,093652;-0,002901;0,816816;0,181203;-0,032118;0,833981;-0,099878;0,100486;0,865929;0,123796;0,070796;0,883280;-0,195923
00:00:03.700;101;6;6;5;5;-178,288445;-134,749398;-170,892601;50,853739;179,031935;59,194524;178,700885;148,167973;173,712704;163,849776;-18,369820;10,491030;14,777609;-23,503601;0,194641;-0,503692;-0,015948;0,198635;-0,544875;-0,005384;0,199092;-0,545222;-0,004802;0,198705;-0,545985;-0,004439;0,197043;-0,538907;-0,038068;0,197796;-0,539675;-0,038622;0,197454;-0,540993;-0,038080;0,107815;-0,610607;0,058708;0,097913;-0,588101;-0,103244;0,151028;-0,514758;0,010276;0,147723;-0,507882;-0,034838;0,054271;-0,488474;0,155889;-0,032357;-0,476491;-0,182488;0,066045;-0,276143;0,216346;0,000660;-0,218495;-0,220283;0,182249;-0,170752;0,145748;0,185705;-0,098378;-0,208579;0,200298;-0,121391;0,142250;0,229861;-0,050948;-0,229530;0,222476;-0,137423;0,121373;0,259802;-0,082899;-0,222665;0,190201;-0,167032;0,133264;0,208040;-0,103994;-0,203433;0,048321;0,001586;0,099404;-0,048894;-0,002430;-0,097677;-0,011428;0,405989;0,125802;-0,018225;0,393821;-0,094035;-0,008503;0,768204;0,187213;-0,029611;0,785349;-0,096270;0,000723;0,816096;0,184868;-0,030591;0,834901;-0,102457;0,103598;0,866403;0,127518;0,071746;0,885183;-0,199013
00:00:03.733;102;6;6;5;5;-178,310433;-136,448272;-168,721738;52,023257;-179,900323;59,000827;178,916178;149,108787;173,739629;163,818590;-17,284576;-12,957336;14,784873;22,056528;0,194006;-0,510942;-0,014732;0,196207;-0,552511;-0,004006;0,196662;-0,552857;-0,003411;0,196276;-0,553595;-0,003063;0,194470;-0,546485;-0,036613;0,195222;-0,547284;-0,037161;0,194853;-0,548585;-0,036646;0,105350;-0,614354;0,061082;0,094301;-0,591313;-0,100438;0,150566;-0,519747;0,011573;0,147137;-0,512693;-0,033445;0,055910;-0,488701;0,158850;-0,033615;-0,477245;-0,182015;0,071734;-0,278822;0,217661;0,007116;-0,230415;-0,220708;0,191947;-0,176200;0,148936;0,201362;-0,120088;-0,212380;0,210906;-0,127373;0,146192;0,246744;-0,072773;-0,234450;0,233007;-0,145048;0,125368;0,277284;-0,106242;-0,226508;0,200470;-0,173136;0,135910;0,224133;-0,125774;-0,207143;0,049995;0,001788;0,099491;-0,050596;-0,002629;-0,097766;-0,008513;0,405660;0,123547;-0,017922;0,393617;-0,095802;-0,005870;0,767393;0,183533;-0,028868;0,785482;-0,097307;0,003035;0,815310;0,181009;-0,029761;0,835181;-0,103454;0,105177;0,868234;0,120947;0,072071;0,887349;-0,200356
00:00:03.766;103;6;6;5;5;-176,710770;-137,274083;-163,477952;46,562019;-171,446625;53,522021;178,999575;148,471832;174,452706;165,016224;-18,640087;-13,849607;13,394200;27,062631;0,209212;-0,511986;-0,015928;0,210317;-0,553527;-0,004946;0,210773;-0,553879;-0,004325;0,210380;-0,554597;-0,004031;0,208853;-0,547278;-0,037920;0,209599;-0,548089;-0,038474;0,209248;-0,549380;-0,037951;0,117246;-0,614332;0,060486;0,106745;-0,590150;-0,102601;0,164869;-0,520225;0,010278;0,161689;-0,512894;-0,035299;0,066484;-0,486988;0,159217;-0,017367;-0,475068;-0,186827;0,109687;-0,280475;0,205620;0,045799;-0,237080;-0,225915;0,246242;-0,174434;0,129453;0,238308;-0,127208;-0,218476;0,270003;-0,128871;0,128893;0,282635;-0,081656;-0,242979;0,290922;-0,144449;0,104093;0,313354;-0,114054;-0,233098;0,256170;-0,170189;0,115296;0,261353;-0,131125;-0,213072;0,050493;0,001878;0,099905;-0,051112;-0,002718;-0,098193;-0,006897;0,404553;0,125912;-0,017923;0,393348;-0,092634;-0,004276;0,766371;0,189845;-0,027172;0,785482;-0,085233;0,004363;0,814204;0,187782;-0,027804;0,835168;-0,090741;0,103850;0,869327;0,126060;0,072858;0,888004;-0,187192
00:00:03.800;104;6;6;5;5;-173,952854;-138,384603;-159,371259;37,652550;-164,985363;45,068962;178,425588;146,608436;175,070265;167,230428;-21,151022;12,451967;10,436227;-33,717818;0,233421;-0,504821;-0,025775;0,234032;-0,546758;-0,014069;0,234474;-0,547108;-0,013415;0,234079;-0,547821;-0,013201;0,232839;-0,540142;-0,047641;0,233585;-0,540961;-0,048207;0,233299;-0,542258;-0,047647;0,138918;-0,608309;0,052336;0,129240;-0,582598;-0,112583;0,188185;-0,513339;0,000713;0,185287;-0,505780;-0,045664;0,080613;-0,476138;0,154660;0,011687;-0,466049;-0,197513;0,143695;-0,270499;0,189803;0,094717;-0,230751;-0,234444;0,293224;-0,146252;0,111834;0,280235;-0,104247;-0,226360;0,321014;-0,104539;0,114544;0,322823;-0,060578;-0,254000;0,342720;-0,113896;0,086051;0,352349;-0,088380;-0,240665;0,305097;-0,139358;0,096851;0,302894;-0,105364;-0,220247;0,047592;0,001931;0,100987;-0,048188;-0,002771;-0,099294;-0,008033;0,403779;0,132796;-0,018117;0,393176;-0,089041;-0,003287;0,765725;0,202844;-0,025917;0,785741;-0,076640;0,005243;0,813493;0,201780;-0,026306;0,835316;-0,081910;0,102774;0,868943;0,140690;0,073848;0,887169;-0,177332
00:00:03.833;105;6;6;5;5;-171,720039;-139,743576;-158,324008;33,606672;-164,728458;40,838179;179,263585;146,114600;173,431975;168,274218;-19,026729;15,914031;9,707214;36,316743;0,251932;-0,496788;-0,022137;0,253413;-0,539454;-0,009485;0,253857;-0,539802;-0,008805;0,253482;-0,540521;-0,008629;0,252137;-0,532704;-0,042952;0,252898;-0,533527;-0,043543;0,252682;-0,534834;-0,042921;0,159728;-0,604258;0,058979;0,149445;-0,577744;-0,105370;0,206713;-0,506684;0,005110;0,203630;-0,499011;-0,041413;0,092615;-0,466051;0,163293;0,038397;-0,461432;-0,193649;0,156042;-0,255404;0,197882;0,126536;-0,226810;-0,234361;0,309486;-0,113648;0,127283;0,310896;-0,086879;-0,231183;0,338235;-0,072038;0,134180;0,352358;-0,041567;-0,259725;0,361259;-0,076394;0,102329;0,383768;-0,064280;-0,243635;0,322630;-0,104698;0,111916;0,334194;-0,085248;-0,223519;0,044030;0,002393;0,101737;-0,044554;-0,003222;-0,100066;-0,013172;0,404129;0,134472;-0,018046;0,393658;-0,085838;-0,003780;0,769166;0,202062;-0,023911;0,787397;-0,070464;0,004846;0,816994;0,201224;-0,024223;0,836701;-0,075317;0,100716;0,871618;0,138703;0,076483;0,887711;-0,169117
00:00:03.866;106;6;6;5;5;-170,327943;-140,759015;-157,807074;31,661071;-165,680293;39,199289;-179,176213;146,025017;170,965865;168,662977;-16,449886;-19,113465;9,528091;-36,842170;0,261843;-0,488447;-0,010674;0,264418;-0,531385;0,002493;0,264876;-0,531736;0,003179;0,264526;-0,532460;0,003373;0,262897;-0,524809;-0,030728;0,263665;-0,525630;-0,031342;0,263502;-0,526945;-0,030668;0,172854;-0,599790;0,072687;0,161794;-0,573501;-0,090711;0,217022;-0,499820;0,017221;0,213669;-0,492302;-0,029178;0,100192;-0,457696;0,176622;0,055922;-0,459200;-0,181072;0,159723;-0,243522;0,212522;0,145916;-0,225648;-0,229627;0,312758;-0,089219;0,144737;0,332531;-0,076223;-0,233634;0,340959;-0,045995;0,153316;0,373309;-0,028598;-0,263143;0,364235;-0,047730;0,119999;0,406277;-0,047350;-0,245373;0,326178;-0,079009;0,129262;0,356278;-0,072491;-0,225297;0,041168;0,003125;0,102201;-0,041620;-0,003936;-0,100546;-0,016447;0,404412;0,130321;-0,014929;0,394410;-0,085779;-0,004118;0,772220;0,190263;-0,021153;0,790905;-0,073601;0,004576;0,820248;0,189133;-0,021513;0,840189;-0,078542;0,099399;0,873497;0,126628;0,079530;0,888561;-0,170899
00:00:03.900;107;6;5;5;5;-169,337909;-141,694216;-158,114379;30,306030;-166,935072;39,124753;-178,091803;145,875992;169,689970;168,748116;-14,771982;20,633684;9,215345;37,656351;0,268244;-0,483770;-0,002968;0,271425;-0,526956;0,010375;0,271898;-0,527305;0,011056;0,271578;-0,528030;0,011278;0,269750;-0,520489;-0,022657;0,270523;-0,521312;-0,023279;0,270399;-0,522631;-0,022584;0,181044;-0,597212;0,081675;0,169665;-0,571183;-0,080941;0,223723;-0,495752;0,025308;0,220247;-0,488366;-0,020929;0,105139;-0,451493;0,185716;0,067810;-0,458254;-0,171728;0,159651;-0,234721;0,223384;0,156566;-0,225076;-0,223646;0,311805;-0,073150;0,156067;0,344151;-0,066340;-0,232004;0,339384;-0,029183;0,165107;0,383927;-0,015897;-0,263352;0,362984;-0,029228;0,130940;0,417851;-0,031488;-0,242320;0,325415;-0,062221;0,140410;0,368000;-0,060832;-0,222574;0,039011;0,004118;0,102494;-0,039408;-0,004910;-0,100851;-0,019228;0,405203;0,123469;-0,012299;0,395360;-0,086012;-0,008039;0,777544;0,175534;-0,018856;0,794577;-0,076357;0,000539;0,825959;0,173914;-0,019187;0,843949;-0,081416;0,095773;0,877897;0,110795;0,083044;0,889774;-0,173032
00:00:03.933;108;6;5;5;5;-169,235485;-141,687458;-169,685504;39,697112;-178,501507;46,865894;-177,664823;145,422758;168,278763;169,820393;-13,651382;20,193506;10,856382;37,224923;0,271639;-0,483308;0,000669;0,274192;-0,526285;0,013951;0,274660;-0,526642;0,014624;0,274331;-0,527370;0,014864;0,272295;-0,520015;-0,018954;0,273060;-0,520846;-0,019577;0,272928;-0,522174;-0,018881;0,183787;-0,596802;0,085593;0,171824;-0,571568;-0,076331;0,227000;-0,495451;0,029066;0,223293;-0,488357;-0,017000;0,103673;-0,449592;0,189614;0,071643;-0,461422;-0,166495;0,112897;-0,230708;0,228246;0,110116;-0,224919;-0,219223;0,253198;-0,068371;0,160650;0,292107;-0,060664;-0,227945;0,277759;-0,020154;0,171180;0,330801;-0,010197;-0,256438;0,304087;-0,020520;0,135226;0,364718;-0,025185;-0,237086;0,266990;-0,057304;0,144905;0,314893;-0,053806;-0,218687;0,037733;0,004864;0,102918;-0,038098;-0,005648;-0,101266;-0,020972;0,405613;0,118133;-0,009744;0,395761;-0,086187;-0,010629;0,780758;0,162725;-0,017568;0,796841;-0,079674;-0,001981;0,829470;0,160039;-0,017791;0,846292;-0,085178;0,096301;0,876861;0,098038;0,088842;0,886996;-0,177789
00:00:03.966;109;6;5;5;5;-170,346404;-142,269857;-175,344558;46,741626;176,389175;54,088575;-177,669127;146,614269;168,429100;169,380351;-13,232076;-17,502761;11,094718;-36,925480;0,265953;-0,495922;-0,005794;0,266782;-0,539265;0,006508;0,267285;-0,539616;0,007106;0,266972;-0,540358;0,007383;0,264273;-0,533231;-0,026018;0,265070;-0,534081;-0,026630;0,264935;-0,535428;-0,025989;0,176169;-0,604577;0,078488;0,162739;-0,580757;-0,081127;0,222556;-0,505233;0,022675;0,218384;-0,498446;-0,022425;0,101438;-0,452747;0,183775;0,057895;-0,466561;-0,164386;0,092714;-0,231034;0,226761;0,071281;-0,224918;-0,215920;0,228818;-0,081521;0,150075;0,255747;-0,065542;-0,223179;0,252299;-0,031095;0,154723;0,295294;-0,012853;-0,249690;0,278840;-0,035291;0,122265;0,328824;-0,031711;-0,233479;0,242398;-0,072273;0,134669;0,278286;-0,060660;-0,214914;0,037393;0,005321;0,103021;-0,037733;-0,006102;-0,101341;-0,019021;0,405440;0,114706;-0,007208;0,396018;-0,087297;-0,012120;0,781088;0,156895;-0,016666;0,797322;-0,082423;-0,003428;0,829930;0,153769;-0,016740;0,846833;-0,088311;0,098342;0,874393;0,092379;0,092958;0,884438;-0,182392
00:00:04.000;110;6;5;5;5;-172,254433;-143,424629;-176,112214;50,323429;173,339611;57,040304;-177,908230;147,360729;168,656906;169,242713;-12,951763;-15,574530;12,031391;-34,036105;0,251340;-0,511591;-0,009454;0,250282;-0,555099;0,002250;0,250815;-0,555455;0,002791;0,250514;-0,556195;0,003099;0,247736;-0,549071;-0,030146;0,248559;-0,549942;-0,030746;0,248419;-0,551300;-0,030163;0,158252;-0,615619;0,074404;0,145201;-0,592243;-0,084176;0,208788;-0,518455;0,018940;0,204586;-0,511716;-0,025625;0,090441;-0,460880;0,180235;0,039870;-0,473778;-0,163280;0,070759;-0,236849;0,226154;0,049183;-0,228820;-0,214320;0,199164;-0,091993;0,145140;0,237530;-0,080654;-0,219627;0,219837;-0,038333;0,145284;0,277933;-0,027165;-0,244238;0,245251;-0,045313;0,116470;0,309827;-0,049339;-0,230608;0,211476;-0,083623;0,130209;0,259277;-0,077936;-0,212094;0,037327;0,005683;0,103125;-0,037651;-0,006462;-0,101417;-0,018258;0,405298;0,113931;-0,005404;0,394838;-0,088782;-0,013040;0,778481;0,155619;-0,015529;0,794954;-0,087549;-0,004274;0,827213;0,152223;-0,015318;0,844705;-0,094022;0,099706;0,869861;0,092507;0,095962;0,879960;-0,189607
00:00:04.033;111;6;5;5;5;-174,094427;-144,767701;-174,083089;49,881267;173,893767;57,666923;-178,546870;147,875191;169,833375;168,456583;-14,082240;-14,370419;12,433903;32,149555;0,234076;-0,523633;-0,013845;0,231777;-0,567077;-0,002577;0,232316;-0,567423;-0,002070;0,232012;-0,568154;-0,001760;0,229325;-0,561099;-0,035002;0,230163;-0,561979;-0,035582;0,230003;-0,563336;-0,035070;0,138492;-0,624365;0,069594;0,125891;-0,601494;-0,088824;0,191796;-0,529013;0,014530;0,187716;-0,522385;-0,029921;0,078281;-0,469007;0,175323;0,021997;-0,479196;-0,165834;0,062177;-0,246288;0,224083;0,040108;-0,231313;-0,213876;0,187678;-0,104773;0,139057;0,229426;-0,089667;-0,214457;0,207817;-0,049050;0,135481;0,269873;-0,036066;-0,237553;0,232171;-0,057702;0,109053;0,300393;-0,060094;-0,226602;0,199319;-0,096732;0,124380;0,250613;-0,088128;-0,207814;0,037607;0,005843;0,103195;-0,037934;-0,006624;-0,101467;-0,019122;0,405649;0,118082;-0,006204;0,394277;-0,088937;-0,013597;0,776813;0,168408;-0,016388;0,793455;-0,085180;-0,004763;0,825448;0,165734;-0,016194;0,843345;-0,091456;0,099824;0,867993;0,106125;0,093314;0,878757;-0,188372
00:00:04.066;112;6;6;5;5;-175,457850;-145,355305;-171,998327;50,599654;174,056272;61,400761;-179,044629;148,946488;170,921243;168,546222;-15,101072;13,835021;12,416660;-30,659637;0,221494;-0,532878;-0,017945;0,218818;-0,576339;-0,006956;0,219357;-0,576689;-0,006477;0,219044;-0,577417;-0,006153;0,216112;-0,570530;-0,039228;0,216938;-0,571413;-0,039787;0,216746;-0,572762;-0,039325;0,125673;-0,631288;0,065754;0,111816;-0,609225;-0,092140;0,179516;-0,537140;0,010631;0,175102;-0,530670;-0,033578;0,071433;-0,474969;0,170465;0,006023;-0,484301;-0,167499;0,057377;-0,254363;0,218713;0,032595;-0,237450;-0,212819;0,187971;-0,124522;0,125950;0,226204;-0,106159;-0,211070;0,209735;-0,070853;0,118980;0,266894;-0,052695;-0,233615;0,232781;-0,082775;0,093576;0,296752;-0,079337;-0,224211;0,199397;-0,118165;0,111256;0,247383;-0,106027;-0,205125;0,038825;0,005803;0,103057;-0,039163;-0,006589;-0,101314;-0,019450;0,406273;0,120796;-0,006761;0,394342;-0,088797;-0,012238;0,775723;0,176867;-0,016979;0,792389;-0,080270;-0,003378;0,824282;0,174622;-0,016933;0,842276;-0,085931;0,100799;0,867571;0,114306;0,089433;0,879077;-0,183715
00:00:04.100;113;6;6;5;5;-176,319518;-145,680519;-171,428851;54,900813;174,888909;63,719091;-179,428344;150,098852;170,704897;169,312871;-15,189269;14,241072;11,748667;30,380233;0,214002;-0,541163;-0,021141;0,210790;-0,584866;-0,010283;0,211330;-0,585235;-0,009823;0,211007;-0,585965;-0,009487;0,207988;-0,579148;-0,042364;0,208805;-0,580041;-0,042915;0,208590;-0,581381;-0,042471;0,117391;-0,637049;0,062859;0,103134;-0,615367;-0,094517;0,172179;-0,543955;0,007530;0,167644;-0,537474;-0,036396;0,067740;-0,478522;0,166433;-0,005351;-0,487898;-0,168497;0,057308;-0,257266;0,211447;0,022061;-0,243937;-0,215348;0,192488;-0,135507;0,108763;0,223628;-0,132883;-0,225758;0,215524;-0,083972;0,098717;0,265914;-0,082810;-0,251416;0,238427;-0,098512;0,073559;0,295818;-0,113815;-0,242559;0,204256;-0,130596;0,093723;0,245461;-0,135430;-0,220578;0,040689;0,005658;0,102528;-0,041039;-0,006445;-0,100762;-0,017844;0,406814;0,122547;-0,007158;0,394893;-0,089134;-0,009067;0,774614;0,182046;-0,017174;0,792233;-0,077379;-0,000113;0,823015;0,180011;-0,017195;0,842114;-0,082673;0,103077;0,867369;0,119109;0,086908;0,880510;-0,181464
00:00:04.133;114;6;5;5;5;-175,315101;-145,246776;-164,948951;48,363206;-178,064903;56,400450;-179,502537;148,358860;170,295099;168,012014;-14,190175;24,352275;10,031344;36,322783;0,219790;-0,532547;-0,022605;0,218907;-0,575908;-0,011832;0,219407;-0,576269;-0,011352;0,219049;-0,577011;-0,011030;0,216309;-0,570332;-0,043704;0,217099;-0,571223;-0,044262;0,216894;-0,572555;-0,043780;0,127431;-0,633772;0,061374;0,113062;-0,612332;-0,095568;0,177001;-0,538253;0,006233;0,172508;-0,531932;-0,037606;0,069878;-0,478236;0,165736;0,009287;-0,490075;-0,169819;0,085440;-0,258986;0,210234;0,064722;-0,253412;-0,220958;0,233549;-0,131475;0,124908;0,264880;-0,144685;-0,237936;0,259956;-0,084765;0,123698;0,307185;-0,099234;-0,266873;0,285339;-0,094304;0,094353;0,339534;-0,121126;-0,253947;0,247623;-0,124904;0,109738;0,288215;-0,143069;-0,231805;0,040089;0,005587;0,102342;-0,040444;-0,006374;-0,100603;-0,017743;0,407241;0,129207;-0,007608;0,395252;-0,080590;-0,006174;0,773923;0,194773;-0,015963;0,791734;-0,057449;0,002876;0,822183;0,193643;-0,016003;0,841300;-0,061287;0,104503;0,867482;0,132425;0,086461;0,881488;-0,156575
00:00:04.166;115;6;5;5;5;-174,755656;-143,840642;-165,024757;47,864199;-178,707250;55,807550;-179,003843;148,725786;168,466002;170,058128;-13,389884;-27,850749;11,329293;40,027351;0,226879;-0,526743;-0,016067;0,228185;-0,569758;-0,004319;0,228663;-0,570125;-0,003796;0,228305;-0,570870;-0,003462;0,225648;-0,564389;-0,036158;0,226402;-0,565277;-0,036733;0,226220;-0,566599;-0,036206;0,138512;-0,630657;0,068752;0,124056;-0,610098;-0,088390;0,183552;-0,534116;0,012480;0,179047;-0,528049;-0,031411;0,072042;-0,475958;0,171019;0,017844;-0,491214;-0,166760;0,083358;-0,249868;0,209340;0,071776;-0,258525;-0,223506;0,234081;-0,120359;0,126126;0,263531;-0,151945;-0,243678;0,260533;-0,073261;0,127181;0,304551;-0,106814;-0,273669;0,289951;-0,081127;0,098039;0,338637;-0,125347;-0,259075;0,249489;-0,113237;0,110776;0,287035;-0,147448;-0,237121;0,039682;0,005668;0,102391;-0,040040;-0,006457;-0,100670;-0,017643;0,407634;0,130068;-0,007930;0,395489;-0,080101;-0,004349;0,774452;0,189552;-0,015600;0,792295;-0,066679;0,004749;0,822771;0,187807;-0,015639;0,841797;-0,071357;0,106903;0,868255;0,127851;0,087823;0,882563;-0,164461
00:00:04.200;116;6;5;5;5;-174,717248;-142,387974;-167,196732;48,676740;179,748411;56,194432;-178,549056;149,634047;168,052087;171,921753;-13,760761;29,301476;13,247521;-41,682096;0,229902;-0,523339;-0,010451;0,232947;-0,566098;0,001952;0,233415;-0,566478;0,002498;0,233066;-0,567218;0,002842;0,230337;-0,560967;-0,029897;0,231055;-0,561856;-0,030477;0,230883;-0,563166;-0,029947;0,144747;-0,628804;0,074843;0,129721;-0,609032;-0,082539;0,186322;-0,531726;0,017777;0,181657;-0,525902;-0,026162;0,073349;-0,474621;0,175169;0,018338;-0,491774;-0,163625;0,077591;-0,244250;0,207606;0,062604;-0,259287;-0,220652;0,222886;-0,111615;0,114787;0,245343;-0,151179;-0,238711;0,248855;-0,061831;0,113895;0,285490;-0,103213;-0,268104;0,278668;-0,068843;0,086384;0,319812;-0,119953;-0,254706;0,237774;-0,103883;0,099389;0,268277;-0,145049;-0,232560;0,039818;0,005743;0,102432;-0,040180;-0,006535;-0,100720;-0,017744;0,407900;0,127596;-0,008953;0,395208;-0,081384;-0,004189;0,775028;0,181379;-0,017984;0,791515;-0,074325;0,004949;0,823426;0,178948;-0,018349;0,840948;-0,079569;0,108377;0,869433;0,118381;0,087837;0,882901;-0,172710
00:00:04.233;117;6;5;5;5;-174,852959;-141,294923;-169,657380;50,644275;178,266744;56,438829;-178,085758;150,887819;167,301376;173,407690;-12,918314;31,356560;14,521086;41,589407;0,231389;-0,520512;-0,005287;0,235739;-0,562914;0,007685;0,236201;-0,563313;0,008253;0,235856;-0,564043;0,008604;0,233165;-0,558143;-0,024083;0,233870;-0,559033;-0,024677;0,233703;-0,560333;-0,024150;0,148026;-0,626404;0,080501;0,132787;-0,608056;-0,076838;0,187726;-0,529443;0,022652;0,182831;-0,524006;-0,021245;0,074446;-0,472337;0,178296;0,016196;-0,492090;-0,159591;0,072042;-0,236367;0,206383;0,049165;-0,259202;-0,218527;0,214790;-0,099852;0,106660;0,230723;-0,148928;-0,237675;0,240604;-0,046720;0,104080;0,271297;-0,100565;-0,266500;0,270341;-0,053669;0,077697;0,306610;-0,115754;-0,253798;0,229241;-0,091601;0,091238;0,253945;-0,142542;-0,231743;0,040591;0,005877;0,102415;-0,040957;-0,006674;-0,100703;-0,018121;0,408076;0,124425;-0,010540;0,394878;-0,083867;-0,005791;0,775387;0,174427;-0,021633;0,790948;-0,081142;0,003296;0,823834;0,171611;-0,022381;0,840362;-0,086760;0,108212;0,870746;0,110066;0,086502;0,883199;-0,181226
00:00:04.266;118;6;5;5;5;-174,876150;-140,652141;-167,151504;49,067167;177,449002;56,178471;-177,800662;151,493124;164,139753;174,444520;-10,662894;29,328857;14,974405;41,065065;0,232276;-0,518833;-0,002408;0,237251;-0,560897;0,010827;0,237715;-0,561305;0,011406;0,237375;-0,562031;0,011758;0,234664;-0,556545;-0,020926;0,235364;-0,557435;-0,021525;0,235198;-0,558728;-0,021001;0,149901;-0,624863;0,083520;0,134499;-0,607787;-0,073842;0,188593;-0,528065;0,025368;0,183580;-0,523004;-0,018525;0,076292;-0,470748;0,180157;0,015041;-0,494511;-0,157440;0,070006;-0,233266;0,204774;0,053738;-0,271735;-0,228787;0,210556;-0,092656;0,099374;0,241601;-0,160620;-0,260003;0,235719;-0,038840;0,096027;0,283683;-0,110753;-0,290259;0,264517;-0,045702;0,069882;0,319081;-0,126888;-0,276932;0,224426;-0,084307;0,083912;0,265053;-0,154861;-0,253899;0,041704;0,006049;0,102398;-0,042074;-0,006851;-0,100687;-0,018315;0,408164;0,121807;-0,011739;0,394663;-0,085484;-0,007034;0,775542;0,170312;-0,024945;0,790660;-0,083518;0,001811;0,824027;0,167333;-0,026181;0,840087;-0,089133;0,106798;0,872791;0,104790;0,082179;0,885823;-0,185084
00:00:04.300;119;6;5;5;5;-173,865357;-140,263944;-163,008992;43,634092;-179,194258;52,621610;-177,559886;149,900475;162,524224;173,654834;-9,110525;31,082178;14,828565;-40,111230;0,238866;-0,511375;-0,000640;0,244682;-0,553116;0,012661;0,245141;-0,553516;0,013254;0,244799;-0,554242;0,013595;0,242059;-0,548863;-0,019106;0,242761;-0,549737;-0,019715;0,242609;-0,551034;-0,019175;0,158537;-0,620076;0,085221;0,142694;-0,603059;-0,072241;0,194998;-0,522180;0,027155;0,189946;-0,517179;-0,016841;0,080974;-0,467746;0,182164;0,027290;-0,495794;-0,156167;0,088353;-0,232132;0,207521;0,082325;-0,277787;-0,234394;0,235428;-0,089073;0,114397;0,274450;-0,158125;-0,270642;0,261700;-0,035547;0,116378;0,316902;-0,107348;-0,301996;0,291043;-0,042185;0,087297;0,354016;-0,120300;-0,286269;0,250337;-0,080373;0,098860;0,299197;-0,150522;-0,263730;0,041311;0,006275;0,102435;-0,041672;-0,007083;-0,100741;-0,019674;0,408198;0,122352;-0,012542;0,394296;-0,083770;-0,007861;0,775601;0,175801;-0,025912;0,789666;-0,075048;0,000813;0,824067;0,173666;-0,027442;0,838786;-0,079521;0,104390;0,874629;0,110477;0,079476;0,887628;-0,173353
00:00:04.366;120;6;5;5;5;-174,361089;-140,994686;-167,307965;44,715598;-177,672211;51,399559;-178,480216;149,609305;164,306318;171,075473;-11,425419;29,272681;12,215103;40,770027;0,235503;-0,523030;-0,014879;0,237420;-0,565902;-0,002680;0,237892;-0,566288;-0,002132;0,237536;-0,567037;-0,001802;0,234337;-0,560659;-0,034479;0,235070;-0,561555;-0,035061;0,234922;-0,562872;-0,034537;0,148041;-0,627135;0,070082;0,131245;-0,606945;-0,086610;0,192490;-0,530531;0,013375;0,187217;-0,524487;-0,030271;0,083924;-0,473784;0,168769;0,014661;-0,496318;-0,161532;0,100633;-0,241767;0,202492;0,052087;-0,266363;-0,235396;0,246782;-0,097192;0,112041;0,231650;-0,136269;-0,265592;0,273167;-0,041933;0,111331;0,270218;-0,081011;-0,295561;0,305757;-0,048278;0,081841;0,307213;-0,095265;-0,285340;0,262068;-0,087874;0,096720;0,255983;-0,128958;-0,260302;0,041895;0,005302;0,102000;-0,042256;-0,006108;-0,100291;-0,019766;0,408083;0,122914;-0,012200;0,395432;-0,085397;-0,008245;0,773841;0,180841;-0,025319;0,789895;-0,076718;0,000430;0,822002;0,179146;-0,026802;0,838731;-0,081520;0,103295;0,872941;0,116555;0,077996;0,888855;-0,176393
00:00:04.400;121;6;5;5;5;-175,045945;-142,853140;-169,946028;46,058387;-176,689399;52,981896;-179,458831;150,109478;167,281191;170,069900;-14,170044;-25,708127;11,562331;-40,846864;0,227717;-0,538843;-0,028011;0,225286;-0,582684;-0,016844;0,225774;-0,583064;-0,016333;0,225413;-0,583834;-0,016009;0,221923;-0,576619;-0,048509;0,222680;-0,577530;-0,049060;0,222535;-0,578860;-0,048552;0,133042;-0,637423;0,056198;0,115965;-0,614538;-0,099444;0,185827;-0,542800;0,000720;0,180468;-0,535899;-0,042557;0,083966;-0,480739;0,155817;-0,000094;-0,496541;-0,166518;0,106968;-0,251068;0,191371;0,027850;-0,252711;-0,230680;0,250895;-0,113841;0,091633;0,204528;-0,116648;-0,251000;0,276747;-0,059655;0,085608;0,242253;-0,058177;-0,278793;0,306201;-0,067093;0,056989;0,278045;-0,075367;-0,273918;0,264871;-0,105202;0,076374;0,228537;-0,110741;-0,247254;0,042697;0,004131;0,101478;-0,043056;-0,004931;-0,099745;-0,019437;0,408036;0,126188;-0,011656;0,396954;-0,087428;-0,007883;0,772704;0,192663;-0,024115;0,790255;-0,078990;0,001054;0,820657;0,191563;-0,025434;0,838822;-0,084165;0,104034;0,871656;0,130326;0,077205;0,889659;-0,180302
00:00:04.433;122;6;6;5;5;-176,174919;-143,995449;-171,096032;46,232998;-179,681090;54,441852;179,896334;149,463805;168,969033;169,532689;-15,318570;22,800826;13,002212;-38,292121;0,214987;-0,546616;-0,032742;0,211360;-0,590719;-0,021930;0,211851;-0,591096;-0,021447;0,211497;-0,591866;-0,021150;0,208213;-0,584394;-0,053734;0,208990;-0,585314;-0,054239;0,208821;-0,586646;-0,053789;0,118320;-0,642945;0,050544;0,102334;-0,618962;-0,104792;0,173524;-0,549283;-0,004083;0,168435;-0,542097;-0,047281;0,073376;-0,485298;0,153150;-0,010708;-0,496537;-0,169638;0,085266;-0,256447;0,193743;0,015157;-0,244123;-0,227223;0,215809;-0,119372;0,094812;0,191790;-0,104167;-0,239874;0,239281;-0,061547;0,086855;0,229661;-0,044528;-0,266055;0,266517;-0,069150;0,061002;0,264144;-0,063107;-0,262249;0,228365;-0,110306;0,080012;0,214988;-0,099125;-0,236357;0,043220;0,003418;0,101458;-0,043578;-0,004213;-0,099695;-0,019997;0,408229;0,128474;-0,011579;0,397658;-0,088712;-0,008018;0,772000;0,198722;-0,023948;0,790189;-0,080425;0,001158;0,819802;0,197839;-0,025095;0,838680;-0,085828;0,104483;0,870858;0,137093;0,076820;0,889881;-0,182720
00:00:04.500;123;6;6;5;5;-177,503420;-143,839428;-173,791297;53,145886;177,122409;60,229271;179,438476;148,840779;169,768648;168,794290;-15,699165;-17,874238;12,967251;35,233499;0,204040;-0,550104;-0,034242;0,200398;-0,594221;-0,023881;0,200888;-0,594598;-0,023424;0,200528;-0,595365;-0,023106;0,197377;-0,587845;-0,056019;0,198159;-0,588768;-0,056504;0,197943;-0,590101;-0,056104;0,107217;-0,645804;0,047433;0,091696;-0,621351;-0,107877;0,162638;-0,552394;-0,005921;0,157675;-0,545145;-0,049249;0,060548;-0,488073;0,153257;-0,021704;-0,496473;-0,171359;0,060533;-0,261331;0,199600;-0,005989;-0,239359;-0,223215;0,189708;-0,138420;0,102139;0,180325;-0,114338;-0,229002;0,213354;-0,084455;0,092973;0,221879;-0,060560;-0,252842;0,240143;-0,095520;0,070153;0,254072;-0,085719;-0,248729;0,202533;-0,131683;0,087905;0,202989;-0,113852;-0,225090;0,043502;0,002947;0,101620;-0,043868;-0,003742;-0,099840;-0,019274;0,407823;0,129271;-0,011681;0,397358;-0,089591;-0,007773;0,770843;0,196752;-0,024363;0,788169;-0,081437;0,001503;0,818546;0,195013;-0,025385;0,836696;-0,086922;0,105638;0,868942;0,135187;0,076675;0,887759;-0,184207
00:00:04.533;124;6;6;5;5;-178,464437;-143,644815;-174,931670;57,339614;175,801495;66,067410;179,218683;148,318342;171,154744;167,819366;-16,700821;14,994831;13,832565;32,601861;0,196822;-0,554625;-0,033094;0,192380;-0,598458;-0,023298;0,192872;-0,598832;-0,022847;0,192494;-0,599595;-0,022492;0,189557;-0,591751;-0,055813;0,190342;-0,592669;-0,056266;0,190078;-0,593998;-0,055918;0,097825;-0,648543;0,046184;0,083263;-0,623018;-0,109711;0,155377;-0,556345;-0,005299;0,150673;-0,548656;-0,048917;0,052734;-0,491889;0,154243;-0,030839;-0,495837;-0,172054;0,048822;-0,269054;0,204897;-0,018512;-0,235256;-0,217071;0,176643;-0,164768;0,107059;0,172736;-0,122162;-0,215189;0,199758;-0,115376;0,096998;0,216351;-0,072141;-0,237109;0,225039;-0,130284;0,076049;0,246690;-0,101836;-0,233107;0,189141;-0,160728;0,093237;0,195017;-0,124875;-0,211082;0,044229;0,002567;0,101726;-0,044624;-0,003365;-0,099934;-0,016853;0,407656;0,129285;-0,011818;0,397174;-0,091557;-0,005908;0,770105;0,193633;-0,024464;0,786896;-0,085622;0,003343;0,817747;0,191109;-0,025350;0,835434;-0,091210;0,107688;0,868020;0,131839;0,076714;0,886820;-0,187977
00:00:04.566;125;6;6;5;5;-179,369868;-144,054441;-174,811600;59,430595;175,180658;68,292582;179,025451;148,059320;172,305294;167,203598;-17,083048;-14,402294;14,385873;-31,960105;0,188979;-0,558546;-0,032047;0,183396;-0,602133;-0,022516;0,183885;-0,602499;-0,022079;0,183488;-0,603249;-0,021699;0,180662;-0,595102;-0,055438;0,181443;-0,596025;-0,055863;0,181135;-0,597347;-0,055577;0,087383;-0,650580;0,045871;0,073021;-0,624023;-0,110531;0,147586;-0,559660;-0,004594;0,142968;-0,551545;-0,048545;0,046113;-0,494421;0,155215;-0,040331;-0,494876;-0,172441;0,040894;-0,273127;0,208574;-0,026330;-0,232350;-0,212819;0,169557;-0,174107;0,110151;0,169477;-0,126987;-0,205240;0,193213;-0,125651;0,099580;0,214544;-0,078652;-0,225607;0,217433;-0,141343;0,079633;0,243758;-0,110453;-0,221601;0,181853;-0,170671;0,096530;0,191487;-0,131254;-0,200933;0,045408;0,002275;0,101724;-0,045849;-0,003077;-0,099918;-0,014289;0,407677;0,128259;-0,012060;0,397087;-0,092847;-0,003871;0,769641;0,190429;-0,024273;0,786124;-0,088076;0,005281;0,817238;0,187434;-0,025005;0,834719;-0,093704;0,109050;0,867615;0,127552;0,076815;0,886229;-0,190173
00:00:04.600;126;6;6;5;5;179,792418;-144,964476;-174,108522;60,026241;175,856236;68,860468;178,972286;148,064537;173,269171;166,391888;-17,101978;14,187827;14,705004;31,107056;0,180680;-0,561511;-0,029465;0,174193;-0,604825;-0,019908;0,174675;-0,605196;-0,019471;0,174256;-0,605932;-0,019074;0,171575;-0,597626;-0,052945;0,172352;-0,598556;-0,053343;0,172005;-0,599872;-0,053089;0,077470;-0,651788;0,047726;0,063462;-0,624638;-0,108730;0,139458;-0,562067;-0,002242;0,134946;-0,553725;-0,046315;0,038962;-0,496148;0,157672;-0,047389;-0,493024;-0,172101;0,037029;-0,275578;0,213374;-0,028939;-0,229172;-0,209122;0,167454;-0,180488;0,117722;0,168832;-0,129525;-0,199317;0,191302;-0,133037;0,107696;0,214681;-0,082252;-0,218954;0,214908;-0,149486;0,088458;0,242999;-0,115108;-0,214731;0,179625;-0,177527;0,104454;0,190588;-0,134515;-0,194875;0,046195;0,001920;0,101724;-0,046667;-0,002725;-0,099908;-0,012665;0,408269;0,127575;-0,012065;0,397210;-0,095610;-0,002488;0,770706;0,188386;-0,023094;0,786105;-0,094328;0,006640;0,818330;0,185101;-0,023669;0,834788;-0,100171;0,110029;0,869152;0,124889;0,078716;0,886320;-0,196107
00:00:04.633;127;6;6;5;5;179,434809;-144,716360;-174,335622;60,472097;179,295805;66,933692;178,731692;149,509195;173,779562;166,723957;-17,922619;14,816623;14,349994;32,201165;0,176169;-0,562736;-0,033606;0,169440;-0,605916;-0,023851;0,169907;-0,606290;-0,023385;0,169486;-0,607014;-0,023038;0,166085;-0,598698;-0,056201;0,166842;-0,599633;-0,056628;0,166480;-0,600946;-0,056331;0,073820;-0,652255;0,046155;0,056891;-0,624889;-0,108619;0,135646;-0,563116;-0,005402;0,130445;-0,554712;-0,048753;0,042523;-0,497975;0,154434;-0,058863;-0,491655;-0,170625;0,055363;-0,278559;0,204660;-0,042428;-0,227550;-0,205906;0,192694;-0,182717;0,099055;0,152819;-0,129937;-0,198718;0,218830;-0,135015;0,087024;0,199172;-0,081462;-0,219858;0,239146;-0,151028;0,064913;0,229203;-0,115648;-0,217182;0,204020;-0,179449;0,084993;0,175826;-0,135151;-0,195072;0,050883;0,001283;0,099539;-0,051393;-0,002087;-0,097735;-0,008829;0,408555;0,124689;-0,018572;0,397734;-0,097280;-0,000519;0,769571;0,187052;-0,023469;0,786590;-0,095544;0,008438;0,817012;0,183621;-0,023495;0,835277;-0,101541;0,110680;0,870178;0,122541;0,076729;0,888569;-0,199433
00:00:04.666;128;6;6;5;5;-179,222274;-145,413732;-174,839351;60,139702;-176,498848;57,670357;178,681706;151,414374;173,545460;167,270731;-17,598505;-15,323057;-14,016258;30,422173;0,173729;-0,560916;-0,052126;0,166806;-0,604177;-0,041665;0,167218;-0,604549;-0,041175;0,166821;-0,605220;-0,040952;0,164158;-0,597425;-0,072007;0,164908;-0,598380;-0,072496;0,164546;-0,599690;-0,072143;0,082385;-0,647958;0,035375;0,054536;-0,622542;-0,112077;0,138122;-0,559956;-0,020986;0,128277;-0,551937;-0,061882;0,068938;-0,497766;0,142274;-0,066272;-0,489808;-0,166700;0,100876;-0,279928;0,182012;-0,056495;-0,228270;-0,203276;0,234568;-0,163139;0,068596;0,129904;-0,130083;-0,209568;0,262531;-0,109076;0,054480;0,176827;-0,080079;-0,234362;0,276182;-0,120951;0,028790;0,209028;-0,114488;-0,234555;0,243143;-0,156384;0,053870;0,154418;-0,134543;-0,207719;0,057746;0,000705;0,094492;-0,058248;-0,001507;-0,092745;-0,004669;0,408997;0,113759;-0,027905;0,398333;-0,094809;0,001610;0,768904;0,179552;-0,024513;0,786923;-0,079927;0,010232;0,816184;0,176406;-0,024041;0,835586;-0,085026;0,110303;0,872189;0,108341;0,067356;0,891459;-0,187993
00:00:04.733;129;6;6;5;5;-178,819388;-147,101757;-171,402014;56,212480;-174,719442;55,032413;-179,996903;153,143909;174,902087;171,613488;-18,123456;-12,380021;-9,748475;26,279131;0,173409;-0,558941;-0,038707;0,165925;-0,602195;-0,027125;0,166317;-0,602570;-0,026601;0,165947;-0,603211;-0,026359;0,164345;-0,595485;-0,057643;0,165077;-0,596432;-0,058127;0,164695;-0,597732;-0,057772;0,087295;-0,644991;0,049695;0,054452;-0,620025;-0,099253;0,139828;-0,557511;-0,008051;0,127998;-0,549518;-0,049541;0,084986;-0,496417;0,149611;-0,067368;-0,485636;-0,156838;0,117112;-0,279925;0,169282;-0,042468;-0,225376;-0,195147;0,249722;-0,167530;0,053373;0,136011;-0,130001;-0,209333;0,278014;-0,118368;0,036858;0,178409;-0,079058;-0,236621;0,291414;-0,133699;0,011151;0,207997;-0,113553;-0,235642;0,257694;-0,163039;0,038304;0,159628;-0,133822;-0,207735;0,061629;0,000430;0,091699;-0,062132;-0,001223;-0,089951;-0,002246;0,409655;0,105550;-0,033358;0,398654;-0,101384;-0,000520;0,773057;0,167209;-0,028061;0,788748;-0,089940;0,007078;0,820805;0,163895;-0,028343;0,837764;-0,095105;0,104420;0,881635;0,093943;0,060933;0,895948;-0,197456
00:00:04.766;130;6;6;5;5;-179,109017;-147,835999;-169,051257;54,114007;-172,039562;52,398313;-179,098356;154,209607;176,606416;174,792084;-20,312516;9,576068;-9,529040;22,405755;0,173977;-0,557558;-0,023630;0,166459;-0,600821;-0,011608;0,166847;-0,601199;-0,011074;0,166490;-0,601823;-0,010771;0,165092;-0,594187;-0,042557;0,165820;-0,595128;-0,043030;0,165435;-0,596416;-0,042706;0,088757;-0,643085;0,063418;0,055129;-0,618304;-0,087763;0,141008;-0,555919;0,006012;0,128543;-0,547932;-0,036282;0,086725;-0,495489;0,159351;-0,066800;-0,482278;-0,150542;0,122490;-0,279737;0,163579;-0,028761;-0,223551;-0,186508;0,247931;-0,172795;0,045533;0,148461;-0,130426;-0,190644;0,273777;-0,125990;0,027982;0,189515;-0,080897;-0,216115;0,285463;-0,143258;0,003906;0,215941;-0,115517;-0,214352;0,254436;-0,169586;0,030581;0,170592;-0,134396;-0,188488;0,063486;0,000258;0,090713;-0,064000;-0,001045;-0,088936;-0,000864;0,410083;0,100808;-0,036770;0,398820;-0,105573;-0,003193;0,775967;0,160490;-0,030604;0,789995;-0,100199;0,003921;0,824047;0,157121;-0,031400;0,839272;-0,105723;0,100617;0,886849;0,086383;0,057408;0,898668;-0,205322
00:00:04.800;131;6;6;5;5;-179,598628;-147,691380;-169,414174;55,433804;-169,892821;51,308357;-178,810952;155,748293;175,967276;177,482512;-19,542455;11,223691;-11,290842;19,499195;0,172454;-0,556529;-0,021429;0,165546;-0,599797;-0,008984;0,165949;-0,600179;-0,008450;0,165604;-0,600784;-0,008191;0,162565;-0,593274;-0,039022;0,163282;-0,594206;-0,039492;0,162886;-0,595487;-0,039199;0,089402;-0,641730;0,069172;0,052375;-0,617181;-0,081464;0,140354;-0,554745;0,009549;0,127114;-0,546794;-0,031647;0,088206;-0,495497;0,160176;-0,073159;-0,480538;-0,143705;0,126271;-0,281718;0,150605;-0,039321;-0,224185;-0,182136;0,245896;-0,176062;0,015230;0,142737;-0,130495;-0,187328;0,269538;-0,129306;-0,006311;0,186136;-0,080946;-0,213600;0,275902;-0,147111;-0,030376;0,214024;-0,115939;-0,211227;0,250730;-0,172983;0,000180;0,166082;-0,134593;-0,185029;0,065864;0,000110;0,089276;-0,066344;-0,000894;-0,087479;-0,000169;0,410523;0,095118;-0,039415;0,398892;-0,106339;-0,006500;0,777360;0,154893;-0,034902;0,790389;-0,097741;0,000212;0,825525;0,151661;-0,036074;0,839776;-0,102953;0,095565;0,889632;0,078558;0,051689;0,900258;-0,204555
00:00:04.833;132;6;6;5;5;-179,097803;-148,550745;-169,941273;55,966165;-164,346525;47,016519;-178,602094;157,946910;174,855454;177,464615;-18,009597;-13,609131;-14,027072;18,461261;0,172362;-0,555760;-0,029921;0,165440;-0,598906;-0,017056;0,165851;-0,599292;-0,016515;0,165526;-0,599875;-0,016333;0,161742;-0,592491;-0,045609;0,162456;-0,593415;-0,046112;0,162057;-0,594690;-0,045827;0,094668;-0,639463;0,065935;0,051517;-0,615142;-0,078385;0,143164;-0,553485;0,002988;0,127531;-0,545501;-0,036196;0,102604;-0,495432;0,151318;-0,077451;-0,479248;-0,137520;0,157760;-0,284281;0,127952;-0,051721;-0,229204;-0,180087;0,275249;-0,175972;-0,022782;0,130423;-0,132194;-0,193311;0,299633;-0,126021;-0,047662;0,175906;-0,081496;-0,221300;0,299838;-0,142223;-0,073038;0,207224;-0,116603;-0,220596;0,277652;-0,171159;-0,038023;0,155769;-0,135614;-0,192061;0,068875;-0,000255;0,086333;-0,069310;-0,000527;-0,084590;0,000501;0,410291;0,089858;-0,042068;0,399047;-0,099920;-0,008410;0,777141;0,151976;-0,037389;0,790649;-0,080846;-0,001966;0,825192;0,148990;-0,038815;0,840093;-0,085392;0,092566;0,890570;0,073818;0,047576;0,901298;-0,189093
00:00:04.866;133;6;6;5;5;-178,650244;-147,451418;-170,801365;56,903250;-164,593234;49,620317;-178,910741;157,604258;174,225483;175,904581;-17,277528;-14,412213;-11,973827;-23,924581;0,172699;-0,553682;-0,044300;0,165484;-0,596765;-0,031874;0,165916;-0,597157;-0,031326;0,165606;-0,597741;-0,031157;0,161769;-0,590432;-0,059664;0,162480;-0,591342;-0,060185;0,162080;-0,592624;-0,059869;0,099288;-0,637684;0,052931;0,051572;-0,613553;-0,086758;0,145345;-0,551727;-0,010435;0,128065;-0,543766;-0,048538;0,109280;-0,495361;0,140101;-0,080330;-0,478519;-0,136116;0,165443;-0,285577;0,119767;-0,061527;-0,232011;-0,179260;0,290794;-0,182470;-0,036623;0,121295;-0,133154;-0,197419;0,318697;-0,134933;-0,062244;0,168024;-0,081701;-0,226319;0,321530;-0,150913;-0,088596;0,200549;-0,116841;-0,227101;0,294864;-0,177870;-0,052225;0,147502;-0,136036;-0,197074;0,070799;-0,000669;0,084677;-0,071223;-0,000119;-0,082970;0,000780;0,410120;0,092775;-0,045076;0,399301;-0,095042;-0,008918;0,774539;0,166598;-0,039415;0,790351;-0,071173;-0,002368;0,822319;0,164723;-0,040720;0,839630;-0,075477;0,092675;0,889052;0,089002;0,045775;0,902213;-0,180354
00:00:04.900;134;6;6;5;5;-175,796380;-148,495750;-165,742611;44,474893;-165,781756;46,132377;179,384402;153,787683;176,769983;175,095267;-19,178424;13,306224;-12,452664;-36,381157;0,186759;-0,547955;-0,059647;0,179203;-0,591166;-0,047801;0,179649;-0,591541;-0,047222;0,179306;-0,592153;-0,047064;0,176618;-0,584594;-0,076951;0,177348;-0,585505;-0,077467;0,176983;-0,586799;-0,077102;0,105222;-0,633680;0,033202;0,066744;-0,608882;-0,112955;0,155111;-0,546858;-0,027099;0,141354;-0,538954;-0,067268;0,109520;-0,489225;0,127931;-0,052804;-0,474202;-0,169220;0,165168;-0,278039;0,118182;-0,005035;-0,230413;-0,210992;0,299419;-0,154479;-0,022888;0,170196;-0,109153;-0,220895;0,330845;-0,107027;-0,036601;0,213336;-0,055679;-0,250919;0,340546;-0,115612;-0,066369;0,245382;-0,084280;-0,247648;0,306972;-0,146356;-0,039134;0,195116;-0,108436;-0,219238;0,066854;-0,001000;0,087508;-0,067272;0,000205;-0,085802;-0,001031;0,410024;0,110539;-0,044449;0,399539;-0,088618;-0,008205;0,773389;0,192031;-0,036677;0,790155;-0,059695;-0,001375;0,820906;0,191163;-0,037928;0,839257;-0,063769;0,092776;0,888431;0,119051;0,047710;0,901672;-0,166278
00:00:04.933;135;6;6;5;5;-174,449644;-147,964292;-165,449427;41,141873;-172,240684;47,924949;178,423779;151,861439;176,178797;173,965538;-18,852454;13,542362;12,989365;40,101204;0,199179;-0,544327;-0,066164;0,192503;-0,587622;-0,054272;0,192946;-0,587985;-0,053663;0,192579;-0,588619;-0,053499;0,190471;-0,580895;-0,085368;0,191215;-0,581808;-0,085862;0,190885;-0,583109;-0,085439;0,111639;-0,631195;0,021363;0,081966;-0,606034;-0,124886;0,163873;-0,543884;-0,036443;0,153310;-0,536015;-0,078517;0,105676;-0,485219;0,124220;-0,031956;-0,471752;-0,184374;0,142182;-0,267279;0,133165;0,019398;-0,227033;-0,225174;0,276190;-0,131656;0,013279;0,193306;-0,094296;-0,234060;0,307676;-0,080864;0,005139;0,235544;-0,038949;-0,265714;0,325637;-0,087147;-0,023499;0,267692;-0,064458;-0,258255;0,286793;-0,122143;-0,002538;0,217446;-0,092107;-0,232652;0,062682;-0,001118;0,091238;-0,063104;0,000319;-0,089515;-0,002308;0,409964;0,122261;-0,040352;0,399619;-0,084844;-0,007684;0,772766;0,203745;-0,034488;0,790037;-0,057272;-0,000617;0,820122;0,203060;-0,035709;0,839030;-0,061737;0,093404;0,887738;0,134314;0,053434;0,900309;-0,160411
00:00:04.966;136;6;6;5;5;-174,172988;-147,199391;-166,016495;40,135892;-175,576411;49,325221;177,881058;150,579432;175,460376;172,774665;-17,957221;14,349637;12,430891;39,450168;0,205982;-0,543428;-0,065959;0,199941;-0,586790;-0,054343;0,200383;-0,587140;-0,053730;0,200004;-0,587804;-0,053515;0,197899;-0,579918;-0,086921;0,198647;-0,580834;-0,087376;0,198337;-0,582135;-0,086917;0,115100;-0,631927;0,015499;0,090175;-0,606386;-0,130842;0,168600;-0,543759;-0,038639;0,159877;-0,535951;-0,082589;0,099624;-0,484230;0,124315;-0,021910;-0,470783;-0,190574;0,125923;-0,261016;0,144498;0,028662;-0,222555;-0,231218;0,254316;-0,120961;0,033137;0,201781;-0,082613;-0,235662;0,282842;-0,069622;0,026079;0,244772;-0,025577;-0,265671;0,303079;-0,075434;-0,001187;0,277051;-0,049118;-0,257049;0,265212;-0,111002;0,017759;0,225751;-0,079719;-0,233836;0,059186;-0,001189;0,094189;-0,059608;0,000388;-0,092447;-0,004621;0,410004;0,130203;-0,036403;0,399862;-0,082517;-0,007456;0,772633;0,210416;-0,033417;0,790182;-0,056830;-0,000158;0,819889;0,209770;-0,034771;0,839067;-0,061567;0,093922;0,886999;0,144391;0,057125;0,899473;-0,157661
00:00:05.000;137;6;6;5;5;-174,988709;-146,398981;-166,831750;40,611065;-177,601022;50,632107;178,195842;150,940258;174,558501;171,299473;-16,994507;15,582181;12,185194;-37,448528;0,208061;-0,542855;-0,050529;0,203454;-0,586228;-0,038664;0,203898;-0,586573;-0,038055;0,203510;-0,587256;-0,037806;0,202082;-0,579286;-0,071678;0,202842;-0,580203;-0,072123;0,202551;-0,581505;-0,071639;0,114903;-0,632796;0,029060;0,094652;-0,607058;-0,120800;0,168407;-0,543739;-0,024119;0,161635;-0,535997;-0,068852;0,087836;-0,484883;0,137619;-0,017754;-0,471205;-0,190179;0,107518;-0,258126;0,167735;0,030863;-0,219939;-0,230986;0,232526;-0,117617;0,064807;0,204258;-0,077950;-0,230620;0,258827;-0,066086;0,058929;0,249098;-0,020543;-0,258242;0,279925;-0,072304;0,033033;0,282819;-0,043917;-0,249016;0,243338;-0,107861;0,049917;0,228715;-0,075135;-0,227849;0,056433;-0,001062;0,096496;-0,056857;0,000263;-0,094732;-0,006733;0,410263;0,134759;-0,032026;0,399908;-0,084115;-0,007291;0,773745;0,208659;-0,032489;0,790426;-0,067528;0,000168;0,821137;0,207356;-0,033896;0,839325;-0,072946;0,095533;0,886532;0,144871;0,062001;0,898923;-0,168684
00:00:05.033;138;6;6;5;5;-175,897162;-145,693286;-167,490143;40,217079;-179,389781;51,148175;178,693372;151,382471;173,848901;170,285712;-16,108312;15,387437;11,123469;-35,232484;0,208152;-0,544752;-0,036277;0,204136;-0,588213;-0,024134;0,204595;-0,588561;-0,023531;0,204193;-0,589248;-0,023284;0,203575;-0,581180;-0,057275;0,204360;-0,582110;-0,057705;0,204076;-0,583416;-0,057235;0,111833;-0,635969;0,043685;0,096532;-0,609693;-0,109486;0,166704;-0,546089;-0,009858;0,161529;-0,538310;-0,054892;0,076427;-0,487054;0,151603;-0,016056;-0,474937;-0,189025;0,088910;-0,260656;0,188375;0,030770;-0,223029;-0,229870;0,211967;-0,117106;0,092867;0,203979;-0,076417;-0,227869;0,236843;-0,065761;0,088159;0,251305;-0,019361;-0,253718;0,258781;-0,072355;0,062573;0,285193;-0,042252;-0,243846;0,222946;-0,107953;0,078005;0,228861;-0,074089;-0,224227;0,054485;-0,000620;0,098426;-0,054907;-0,000178;-0,096624;-0,008931;0,410885;0,135839;-0,028914;0,399893;-0,086314;-0,007271;0,774765;0,201152;-0,031891;0,790652;-0,076282;0,000329;0,822251;0,199106;-0,033330;0,839611;-0,082049;0,096560;0,887033;0,136824;0,065115;0,899285;-0,178280
00:00:05.066;139;6;6;5;5;-176,640660;-145,158043;-167,958512;41,028933;179,875882;50,864439;179,037270;151,556884;173,361518;169,550260;-15,415598;14,649725;10,745391;30,095776;0,206599;-0,545979;-0,026506;0,202856;-0,589482;-0,014221;0,203322;-0,589833;-0,013617;0,202916;-0,590521;-0,013372;0,203020;-0,582397;-0,047405;0,203823;-0,583334;-0,047842;0,203520;-0,584642;-0,047401;0,107430;-0,638003;0,053846;0,096475;-0,611396;-0,101820;0,163752;-0,547624;-0,000057;0,159857;-0,539823;-0,045270;0,066692;-0,488473;0,160605;-0,015732;-0,477381;-0,187615;0,075805;-0,262773;0,201225;0,029844;-0,225261;-0,228556;0,192325;-0,118678;0,110393;0,205235;-0,079056;-0,224734;0,214829;-0,066456;0,105745;0,252138;-0,022729;-0,248978;0,236239;-0,075037;0,081336;0,285118;-0,046072;-0,238441;0,202716;-0,110521;0,095852;0,229395;-0,077436;-0,220245;0,053213;-0,000132;0,099939;-0,053642;-0,000667;-0,098120;-0,010760;0,411285;0,135504;-0,026984;0,399503;-0,088228;-0,008550;0,775543;0,194056;-0,031804;0,790743;-0,081926;-0,001004;0,823151;0,191484;-0,033245;0,839788;-0,087797;0,095443;0,887777;0,129171;0,067077;0,899535;-0,184456
00:00:05.100;140;6;5;5;5;-177,152664;-144,941527;-168,348942;42,599360;178,981108;51,390352;179,428181;151,806720;172,919964;169,339453;-14,730486;14,498726;11,098439;-25,461157;0,205451;-0,547404;-0,018197;0,201894;-0,590825;-0,005761;0,202364;-0,591176;-0,005148;0,201957;-0,591865;-0,004897;0,202241;-0,583703;-0,038947;0,203050;-0,584644;-0,039393;0,202738;-0,585949;-0,038975;0,104433;-0,639600;0,062632;0,095907;-0,612731;-0,094929;0,161829;-0,549155;0,008321;0,158663;-0,541316;-0,036998;0,060261;-0,489658;0,168259;-0,015637;-0,479308;-0,185966;0,065220;-0,264764;0,210491;0,028560;-0,227613;-0,227407;0,178605;-0,122675;0,122917;0,206251;-0,085381;-0,221080;0,199461;-0,069091;0,118185;0,251919;-0,030615;-0,243364;0,220471;-0,079943;0,094928;0,283782;-0,054385;-0,232455;0,188574;-0,115422;0,108675;0,229464;-0,084482;-0,215806;0,052354;0,000342;0,101207;-0,052790;-0,001140;-0,099377;-0,011982;0,411545;0,134795;-0,025761;0,399079;-0,092231;-0,009587;0,776050;0,189440;-0,031750;0,790825;-0,092147;-0,002029;0,823752;0,186583;-0,033184;0,839970;-0,098307;0,094666;0,888375;0,124242;0,068412;0,900182;-0,194467
00:00:05.133;141;6;5;5;5;-177,628367;-144,201880;-171,403128;50,380233;178,036110;55,422030;-179,932859;152,014700;172,525094;170,439612;-14,526278;14,798166;14,243296;-21,902737;0,204599;-0,547907;-0,011832;0,201165;-0,591149;0,000318;0,201635;-0,591499;0,000924;0,201230;-0,592192;0,001217;0,201361;-0,584052;-0,032484;0,202170;-0,584988;-0,032955;0,201852;-0,586281;-0,032567;0,103623;-0,640475;0,068795;0,095183;-0,613508;-0,088418;0,160694;-0,549945;0,014740;0,157813;-0,542064;-0,030072;0,057325;-0,490673;0,172405;-0,018227;-0,481233;-0,177945;0,057767;-0,267654;0,210735;0,011655;-0,232475;-0,217778;0,166235;-0,135553;0,108385;0,200483;-0,105637;-0,208624;0,185550;-0,081847;0,100053;0,248485;-0,054316;-0,228945;0,205110;-0,095791;0,080119;0,279773;-0,081949;-0,219243;0,175219;-0,129788;0,094717;0,223630;-0,107242;-0,203057;0,052367;0,000736;0,101684;-0,052825;-0,001535;-0,099857;-0,011586;0,410470;0,131882;-0,025298;0,398547;-0,094778;-0,010617;0,772552;0,183318;-0,031926;0,790426;-0,097855;-0,003144;0,820240;0,180301;-0,033235;0,839742;-0,104077;0,093884;0,883525;0,118803;0,069250;0,899330;-0,199995
00:00:05.166;142;6;6;5;5;-177,205846;-144,215226;-167,935369;42,524771;-178,215086;50,300767;-179,442280;151,553570;173,421752;170,423536;-15,438246;16,433007;14,435655;-29,997557;0,208661;-0,540199;-0,008282;0,206712;-0,583363;0,003970;0,207183;-0,583714;0,004583;0,206789;-0,584402;0,004875;0,206521;-0,576539;-0,028656;0,207316;-0,577467;-0,029139;0,207017;-0,578759;-0,028749;0,109872;-0,636850;0,072801;0,100916;-0,610554;-0,084569;0,164171;-0,544274;0,018441;0,161284;-0,536697;-0,026171;0,057824;-0,485329;0,175440;-0,010264;-0,480231;-0,173414;0,071961;-0,260589;0,211313;0,036642;-0,230319;-0,211932;0,190454;-0,115161;0,113155;0,214487;-0,090072;-0,201165;0,212014;-0,060622;0,109045;0,257657;-0,036785;-0,222642;0,232386;-0,069449;0,086231;0,288839;-0,058966;-0,211771;0,200377;-0,106991;0,099156;0,236737;-0,088482;-0,195308;0,051231;0,001161;0,102115;-0,051683;-0,001963;-0,100286;-0,015077;0,410119;0,129831;-0,025099;0,398524;-0,094489;-0,014737;0,772903;0,179637;-0,033106;0,790973;-0,094096;-0,007505;0,820689;0,176528;-0,034675;0,840312;-0,099855;0,088826;0,883980;0,115409;0,068542;0,899218;-0,194814
00:00:05.200;143;6;6;5;5;-176,030411;-144,770247;-164,913753;34,840459;-173,482590;43,256665;-178,760762;150,908505;173,758863;170,202732;-15,773664;18,976859;14,052412;34,719077;0,217820;-0,532079;-0,003944;0,217413;-0,575255;0,008939;0,217886;-0,575609;0,009569;0,217499;-0,576300;0,009840;0,216725;-0,568655;-0,023609;0,217509;-0,569571;-0,024097;0,217237;-0,570866;-0,023662;0,122003;-0,632554;0,078542;0,111641;-0,606842;-0,079197;0,173038;-0,537948;0,023056;0,169767;-0,530633;-0,021585;0,063417;-0,479370;0,181619;0,005083;-0,478766;-0,170224;0,095117;-0,254463;0,215730;0,067062;-0,228897;-0,208199;0,219100;-0,093412;0,126713;0,232646;-0,074725;-0,197424;0,241558;-0,038289;0,127937;0,270878;-0,020260;-0,219126;0,262033;-0,042251;0,101663;0,302369;-0,037016;-0,208120;0,229525;-0,082911;0,112390;0,254199;-0,070044;-0,191312;0,048480;0,001577;0,102770;-0,048905;-0,002383;-0,100940;-0,022016;0,410248;0,128643;-0,024461;0,399053;-0,093081;-0,018749;0,774112;0,177475;-0,033748;0,792462;-0,089017;-0,011554;0,821908;0,174405;-0,035597;0,841694;-0,094203;0,083145;0,884812;0,113287;0,067285;0,899448;-0,187472
00:00:05.233;144;6;5;5;5;-176,644997;-144,196020;-169,740559;40,248441;-178,194815;44,597821;-178,508995;150,987195;173,002969;171,189224;-13,704481;20,012084;12,293636;36,100312;0,212987;-0,529307;-0,001398;0,212887;-0,572499;0,011597;0,213359;-0,572861;0,012225;0,212980;-0,573562;0,012499;0,211524;-0,566107;-0,020906;0,212306;-0,567031;-0,021416;0,212057;-0,568331;-0,020939;0,119502;-0,631454;0,081425;0,107584;-0,606310;-0,076617;0,169114;-0,535939;0,025723;0,165318;-0,528876;-0,018889;0,060444;-0,478591;0,184919;-0,001229;-0,480509;-0,168183;0,073550;-0,251505;0,218362;0,038384;-0,228490;-0,206501;0,195020;-0,084918;0,132617;0,212816;-0,071050;-0,198777;0,217360;-0,031165;0,134002;0,252698;-0,014493;-0,219362;0,239126;-0,033521;0,107415;0,284637;-0,031211;-0,208915;0,205848;-0,073494;0,118280;0,234698;-0,066230;-0,192446;0,046938;0,001884;0,103180;-0,047355;-0,002691;-0,101349;-0,026386;0,410331;0,127792;-0,024337;0,398479;-0,092716;-0,021186;0,774618;0,176229;-0,035858;0,791826;-0,088769;-0,013824;0,822414;0,173138;-0,037705;0,841031;-0,094057;0,081793;0,884109;0,112140;0,065915;0,897428;-0,188628
00:00:05.266;145;6;5;5;5;-177,706530;-144,669245;-170,802987;42,672519;-179,558298;46,746625;-178,443306;151,255587;172,992446;171,504297;-13,360321;18,659982;13,402262;31,997597;0,202291;-0,530687;-0,000404;0,201691;-0,573847;0,012761;0,202175;-0,574228;0,013395;0,201813;-0,574929;0,013661;0,199755;-0,567731;-0,019725;0,200532;-0,568653;-0,020252;0,200266;-0,569962;-0,019748;0,109069;-0,632423;0,082934;0,096090;-0,608154;-0,075402;0,159336;-0,537026;0,026847;0,155158;-0,530205;-0,017728;0,055659;-0,480452;0,186653;-0,013254;-0,482298;-0,166537;0,063771;-0,256193;0,219200;0,021124;-0,228357;-0,205047;0,183248;-0,100302;0,135161;0,199207;-0,075350;-0,199089;0,204846;-0,045834;0,136939;0,239181;-0,017930;-0,219526;0,225580;-0,051247;0,109855;0,270762;-0,036454;-0,209723;0,193520;-0,090243;0,120572;0,220877;-0,071493;-0,192912;0,046446;0,002119;0,103398;-0,046860;-0,002927;-0,101562;-0,028764;0,410508;0,126048;-0,024274;0,398104;-0,093368;-0,022697;0,775133;0,173494;-0,037440;0,791421;-0,090028;-0,015226;0,822984;0,170308;-0,039258;0,840634;-0,095464;0,082375;0,883900;0,109210;0,064879;0,896684;-0,191246
00:00:05.300;146;6;5;6;5;-178,482712;-145,627343;-170,889283;43,886744;-178,955038;48,906269;-178,363544;151,604171;172,889444;172,050275;-13,964541;18,308234;15,129977;29,399634;0,195006;-0,536456;-0,000117;0,193647;-0,579697;0,012865;0,194147;-0,580104;0,013479;0,193798;-0,580800;0,013764;0,191085;-0,573957;-0,019370;0,191850;-0,574872;-0,019898;0,191567;-0,576190;-0,019392;0,101582;-0,635407;0,083672;0,086758;-0,612594;-0,074961;0,152894;-0,541202;0,027488;0,148194;-0,534686;-0,017258;0,053029;-0,482821;0,187376;-0,022592;-0,484533;-0,163920;0,063413;-0,262901;0,216555;0,010568;-0,230481;-0,203475;0,180076;-0,117954;0,123456;0,189516;-0,082335;-0,199456;0,199878;-0,062701;0,121307;0,228782;-0,023531;-0,220500;0,217346;-0,070684;0,095300;0,260716;-0,043354;-0,212055;0,188540;-0,109111;0,108831;0,211239;-0,078985;-0,193706;0,046872;0,002312;0,103370;-0,047275;-0,003120;-0,101522;-0,029707;0,411173;0,121318;-0,024311;0,398026;-0,093961;-0,023427;0,777664;0,166393;-0,038603;0,791515;-0,090848;-0,015889;0,825771;0,162964;-0,040333;0,840795;-0,096388;0,083835;0,886205;0,100471;0,064237;0,896782;-0,193252
00:00:05.333;147;6;6;6;5;-179,066024;-145,913944;-170,184115;43,511462;-176,288068;48,766041;-178,540874;152,366439;173,370755;173,287391;-15,229568;-17,768354;-17,401099;-27,828032;0,189823;-0,540266;-0,000436;0,187922;-0,583536;0,012085;0,188431;-0,583956;0,012679;0,188098;-0,584649;0,012990;0,185002;-0,577966;-0,019967;0,185749;-0,578876;-0,020489;0,185457;-0,580196;-0,019988;0,095881;-0,637474;0,083119;0,080086;-0,615410;-0,075377;0,148125;-0,544052;0,027363;0,143137;-0,537657;-0,017385;0,051639;-0,485210;0,184397;-0,030918;-0,485904;-0,162162;0,071183;-0,268982;0,205903;0,005148;-0,230789;-0,201234;0,182640;-0,130218;0,098717;0,182546;-0,085646;-0,198567;0,199760;-0,073880;0,091882;0,220077;-0,025492;-0,220514;0,213816;-0,083389;0,066740;0,251961;-0,046000;-0,213385;0,188059;-0,121994;0,084030;0,204112;-0,082440;-0,193471;0,048257;0,002439;0,102999;-0,048652;-0,003245;-0,101141;-0,028296;0,411675;0,116689;-0,024352;0,398058;-0,094490;-0,023789;0,779888;0,161180;-0,039359;0,791995;-0,091358;-0,016253;0,828214;0,157692;-0,041020;0,841379;-0,096958;0,085522;0,888721;0,094034;0,063747;0,897721;-0,194788
00:00:05.400;148;6;6;6;5;-179,402139;-146,205810;-169,546003;43,172008;-174,165868;48,561553;-178,730599;153,003038;173,746701;174,069777;-16,425791;-17,408690;-19,405558;25,577472;0,186586;-0,543237;-0,001270;0,184284;-0,586552;0,010783;0,184796;-0,586979;0,011361;0,184471;-0,587672;0,011698;0,181148;-0,581082;-0,021128;0,181881;-0,581988;-0,021643;0,181588;-0,583308;-0,021150;0,092100;-0,639352;0,082228;0,075761;-0,617903;-0,076145;0,145077;-0,546401;0,026731;0,139921;-0,540099;-0,017969;0,051116;-0,487173;0,181321;-0,036326;-0,486904;-0,161073;0,077835;-0,272918;0,197467;0,002482;-0,231012;-0,199923;0,188049;-0,138470;0,082202;0,178938;-0,088239;-0,198454;0,203603;-0,081551;0,072710;0,215578;-0,027048;-0,221346;0,214637;-0,092265;0,048070;0,247392;-0,048076;-0,215501;0,191730;-0,130749;0,067467;0,200415;-0,085139;-0,193989;0,049519;0,002527;0,102676;-0,049905;-0,003331;-0,100810;-0,025464;0,412008;0,114033;-0,024207;0,397917;-0,096384;-0,022838;0,781366;0,159843;-0,039709;0,792107;-0,094486;-0,015180;0,829857;0,156463;-0,041289;0,841554;-0,100450;0,088870;0,890402;0,092262;0,064056;0,898095;-0,200086
00:00:05.433;149;6;6;6;5;-179,612607;-146,391203;-169,362577;43,553895;-173,238237;49,641588;-178,750487;153,259027;173,778762;174,210096;-16,971059;17,464331;-20,972099;25,390419;0,184715;-0,546324;-0,001378;0,182080;-0,589631;0,010427;0,182590;-0,590060;0,010998;0,182265;-0,590756;0,011353;0,178805;-0,584138;-0,021434;0,179527;-0,585043;-0,021939;0,179230;-0,586357;-0,021467;0,089604;-0,641374;0,082246;0,072982;-0,620071;-0,075913;0,143307;-0,548959;0,026755;0,138045;-0,542626;-0,017815;0,050954;-0,489721;0,180202;-0,039473;-0,488072;-0,159435;0,080875;-0,277004;0,194556;-0,000275;-0,232627;-0,198687;0,191278;-0,147033;0,072903;0,176687;-0,092051;-0,197892;0,206356;-0,090472;0,062747;0,213089;-0,030954;-0,221294;0,216320;-0,101993;0,038069;0,244999;-0,052417;-0,215884;0,194419;-0,139777;0,058214;0,198223;-0,089191;-0,193649;0,050543;0,002588;0,102410;-0,050929;-0,003392;-0,100535;-0,022577;0,412181;0,113342;-0,024129;0,397822;-0,099792;-0,021920;0,780870;0,161498;-0,039757;0,792200;-0,103333;-0,014216;0,829394;0,158388;-0,041196;0,841698;-0,109851;0,091070;0,890697;0,095130;0,064570;0,898393;-0,210067
00:00:05.466;150;6;6;6;5;-178,692699;-146,049729;-165,387979;41,109492;-168,585428;48,019033;-179,162330;152,004617;174,453613;172,725466;-18,093034;16,412005;-19,800519;29,376433;0,191477;-0,541003;-0,005619;0,189234;-0,583968;0,006210;0,189728;-0,584377;0,006791;0,189380;-0,585068;0,007116;0,186320;-0,578207;-0,026076;0,187049;-0,579102;-0,026584;0,186750;-0,580407;-0,026102;0,095234;-0,637086;0,077824;0,080117;-0,614689;-0,081926;0,149073;-0,544523;0,022367;0,144287;-0,537966;-0,022712;0,054478;-0,486730;0,177381;-0,029991;-0,485177;-0,167009;0,101606;-0,278657;0,193170;0,027805;-0,233963;-0,206302;0,234130;-0,151712;0,079766;0,209638;-0,096899;-0,201349;0,255516;-0,096453;0,073932;0,247048;-0,039746;-0,225758;0,269515;-0,107989;0,047336;0,277630;-0,062373;-0,218079;0,240914;-0,144548;0,064722;0,231110;-0,094631;-0,196474;0,050649;0,002632;0,102417;-0,051067;-0,003436;-0,100555;-0,019312;0,411709;0,117838;-0,022557;0,397430;-0,099369;-0,018954;0,779421;0,172770;-0,033408;0,791762;-0,099155;-0,011213;0,827815;0,170503;-0,034309;0,841252;-0,105307;0,092567;0,889270;0,107767;0,069693;0,896243;-0,203966
00:00:05.500;151;6;6;6;5;-176,646491;-144,334977;-162,310344;34,330231;-164,628816;41,846572;-179,679082;149,832249;174,477181;171,990580;-18,666521;17,805286;-16,983693;-37,090915;0,206883;-0,526093;-0,011511;0,207021;-0,568266;0,000468;0,207493;-0,568648;0,001085;0,207130;-0,569346;0,001349;0,204453;-0,562374;-0,032059;0,205177;-0,563252;-0,032583;0,204905;-0,564558;-0,032046;0,114580;-0,625618;0,070665;0,100230;-0,602640;-0,089656;0,163590;-0,532205;0,016054;0,159105;-0,525649;-0,029317;0,063274;-0,479546;0,173251;-0,007611;-0,479565;-0,177301;0,124469;-0,273738;0,190422;0,064433;-0,234057;-0,216088;0,266057;-0,130865;0,086988;0,236860;-0,085127;-0,209065;0,290722;-0,078522;0,087216;0,272597;-0,030133;-0,236004;0,308176;-0,084049;0,057974;0,303261;-0,048522;-0,223732;0,275496;-0,121276;0,071638;0,258239;-0,080580;-0,203002;0,048360;0,002681;0,103111;-0,048801;-0,003486;-0,101292;-0,017248;0,410704;0,124876;-0,021308;0,396895;-0,092858;-0,015992;0,778294;0,185967;-0,027224;0,791126;-0,083570;-0,008071;0,826551;0,184453;-0,027682;0,840419;-0,088885;0,093570;0,887252;0,122329;0,074667;0,892824;-0,184996
00:00:05.566;152;6;6;5;5;-176,232647;-142,273592;-165,874331;36,963220;-167,870473;41,749494;-179,843301;149,024248;173,745325;172,327800;-17,736696;21,633664;13,731994;42,575785;0,211414;-0,519531;-0,014940;0,212631;-0,561573;-0,003035;0,213102;-0,561955;-0,002408;0,212749;-0,562662;-0,002167;0,210228;-0,555565;-0,035657;0,210954;-0,556442;-0,036195;0,210710;-0,557758;-0,035621;0,121116;-0,621487;0,066116;0,107745;-0,598168;-0,094298;0,167951;-0,527068;0,012356;0,163733;-0,520396;-0,033024;0,066906;-0,476856;0,170406;-0,005346;-0,477430;-0,178775;0,116144;-0,269763;0,188707;0,049666;-0,232093;-0,217617;0,254435;-0,117894;0,088524;0,223611;-0,077756;-0,213624;0,278879;-0,068438;0,087748;0,260299;-0,025028;-0,241767;0,297598;-0,069502;0,058982;0,292234;-0,040157;-0,227178;0,264392;-0,107862;0,073178;0,245548;-0,072695;-0,207105;0,047228;0,002712;0,103057;-0,047678;-0,003517;-0,101258;-0,015766;0,410149;0,124074;-0,020386;0,396765;-0,088789;-0,014141;0,778199;0,181928;-0,024992;0,790863;-0,074091;-0,006108;0,826434;0,179876;-0,025423;0,840049;-0,078833;0,094616;0,885962;0,116745;0,077069;0,890792;-0,174740
00:00:05.633;153;6;6;5;5;-176,585704;-142,200631;-167,678832;38,659122;-170,658023;43,591117;-179,977164;148,860355;173,739083;171,926381;-17,617101;22,332320;12,952560;40,628503;0,208536;-0,521828;-0,016670;0,209030;-0,564248;-0,004924;0,209503;-0,564628;-0,004300;0,209161;-0,565339;-0,004065;0,206799;-0,558019;-0,037593;0,207540;-0,558908;-0,038133;0,207296;-0,560233;-0,037546;0,116838;-0,623747;0,063515;0,104388;-0,599707;-0,096832;0,165222;-0,529025;0,010463;0,161213;-0,522074;-0,034843;0,065260;-0,478741;0,168673;-0,009940;-0,477174;-0,178576;0,105316;-0,268808;0,190468;0,037041;-0,230233;-0,216470;0,236489;-0,118070;0,090991;0,213282;-0,073805;-0,213149;0,259394;-0,068172;0,088540;0,250907;-0,021852;-0,240980;0,277922;-0,070354;0,060708;0,282994;-0,036598;-0,227213;0,246100;-0,108905;0,075867;0,235324;-0,069372;-0,206906;0,046559;0,002720;0,103008;-0,047011;-0,003525;-0,101219;-0,014936;0,409883;0,123592;-0,019998;0,396831;-0,086493;-0,012997;0,778317;0,179671;-0,026443;0,790698;-0,069916;-0,004900;0,826538;0,177279;-0,027214;0,839815;-0,074514;0,095334;0,885152;0,113826;0,075360;0,889975;-0,170583
00:00:05.700;154;6;6;5;5;-177,235881;-143,079405;-168,537269;40,138113;-174,535891;46,481248;179,853864;148,890332;173,688513;170,757271;-17,498587;21,538970;12,124995;38,473279;0,203063;-0,528180;-0,017706;0,202666;-0,571016;-0,006063;0,203146;-0,571385;-0,005445;0,202802;-0,572102;-0,005209;0,200539;-0,564843;-0,038740;0,201302;-0,565745;-0,039278;0,201038;-0,567077;-0,038690;0,109604;-0,628615;0,062016;0,097594;-0,604802;-0,098174;0,159889;-0,534291;0,009357;0,155971;-0,527363;-0,035864;0,059527;-0,481626;0,167799;-0,015175;-0,479525;-0,178192;0,086746;-0,268721;0,197366;0,028516;-0,229670;-0,215897;0,212399;-0,120694;0,103664;0,206050;-0,076006;-0,212825;0,234952;-0,069461;0,100448;0,244245;-0,023617;-0,240341;0,255349;-0,073086;0,074153;0,276091;-0,039427;-0,227315;0,222677;-0,112206;0,088843;0,227876;-0,072369;-0,206829;0,046192;0,002728;0,102999;-0,046645;-0,003532;-0,101213;-0,015556;0,409824;0,123446;-0,019932;0,396908;-0,083618;-0,011917;0,777982;0,178583;-0,027437;0,790268;-0,063398;-0,003662;0,826019;0,176005;-0,028412;0,839308;-0,067610;0,096641;0,883498;0,112412;0,074223;0,889517;-0,163634
00:00:05.766;155;6;5;5;5;-177,867284;-143,770501;-170,681029;41,852041;-175,100294;49,090924;179,541979;150,924777;171,816430;169,840122;-13,136087;21,019751;-11,348839;-38,946456;0,195730;-0,531811;-0,027476;0,195490;-0,574772;-0,015216;0,195982;-0,575157;-0,014594;0,195638;-0,575858;-0,014393;0,191651;-0,569014;-0,046796;0,192414;-0,569921;-0,047348;0,192162;-0,571262;-0,046796;0,104996;-0,630326;0,057414;0,087678;-0,608087;-0,099617;0,154569;-0,536844;0,001303;0,148651;-0,530342;-0,042447;0,061092;-0,481021;0,160789;-0,028895;-0,481389;-0,175677;0,089181;-0,263472;0,193633;0,001338;-0,232287;-0,220845;0,232085;-0,115618;0,096945;0,174267;-0,081600;-0,242930;0,260259;-0,060978;0,091239;0,212080;-0,026821;-0,272453;0,279605;-0,064890;0,063215;0,247156;-0,043490;-0,262025;0,243030;-0,106258;0,081493;0,197781;-0,077386;-0,238306;0,048803;0,002625;0,101811;-0,049215;-0,003428;-0,100021;-0,015664;0,409619;0,120165;-0,023465;0,397227;-0,082247;-0,012331;0,777227;0,175945;-0,031897;0,790125;-0,060010;-0,004323;0,825260;0,173386;-0,033141;0,839104;-0,063896;0,095710;0,884363;0,107400;0,068116;0,892547;-0,162998
00:00:05.800;156;6;5;5;5;-178,415136;-143,811110;-173,391730;46,306062;178,301999;51,960865;179,265733;152,042019;170,212360;170,639377;-12,673564;-21,563641;-11,267043;36,309926;0,190339;-0,534532;-0,032902;0,190127;-0,577552;-0,020069;0,190617;-0,577946;-0,019445;0,190270;-0,578638;-0,019281;0,185588;-0,572012;-0,050933;0,186353;-0,572932;-0,051520;0,186096;-0,574277;-0,051004;0,101597;-0,631933;0,054907;0,081456;-0,610514;-0,100022;0,150321;-0,538963;-0,003283;0,143476;-0,532692;-0,046051;0,059239;-0,480877;0,156432;-0,037479;-0,484921;-0,174010;0,063258;-0,255752;0,193923;-0,021805;-0,235045;-0,223512;0,199554;-0,103100;0,102918;0,157922;-0,086439;-0,254213;0,226824;-0,043552;0,096896;0,197364;-0,029941;-0,285830;0,247733;-0,048366;0,070029;0,233660;-0,048014;-0,277432;0,210822;-0,093031;0,087667;0,182236;-0,082273;-0,250322;0,050547;0,002571;0,101061;-0,050938;-0,003373;-0,099270;-0,016228;0,409348;0,118135;-0,026588;0,397320;-0,081673;-0,012499;0,775564;0,174861;-0,035124;0,789654;-0,058419;-0,004594;0,823413;0,172370;-0,036451;0,838568;-0,062299;0,095120;0,883611;0,104459;0,064360;0,894375;-0,162778
00:00:05.833;157;6;5;5;5;-179,162578;-144,267800;-173,955486;50,134613;176,156716;56,047895;179,168503;152,780687;168,876847;171,746220;-10,805433;-20,255069;12,138516;35,510635;0,183270;-0,538767;-0,035279;0,182244;-0,581844;-0,022257;0,182749;-0,582253;-0,021639;0,182390;-0,582947;-0,021482;0,177226;-0,576565;-0,052829;0,177981;-0,577482;-0,053429;0,177720;-0,578832;-0,052936;0,094543;-0,634036;0,053737;0,072161;-0,613689;-0,100112;0,143983;-0,542051;-0,005360;0,136572;-0,536007;-0,047700;0,057301;-0,481127;0,154120;-0,048590;-0,487527;-0,170052;0,052974;-0,251198;0,190621;-0,038678;-0,237285;-0,225048;0,185071;-0,108270;0,088689;0,146782;-0,099358;-0,264962;0,212029;-0,048632;0,079092;0,187964;-0,042740;-0,297079;0,233777;-0,056246;0,053300;0,224468;-0,064180;-0,289168;0,196669;-0,099394;0,073353;0,171562;-0,096603;-0,261151;0,052474;0,002484;0,100041;-0,052849;-0,003283;-0,098228;-0,014960;0,409042;0,116563;-0,027362;0,396785;-0,088014;-0,012094;0,773372;0,174248;-0,037174;0,788662;-0,070636;-0,004169;0,821167;0,171813;-0,038549;0,837596;-0,075469;0,096082;0,881990;0,102957;0,062048;0,893570;-0,179856
00:00:05.866;158;6;5;5;5;-179,847820;-144,901392;-173,557803;52,753767;175,874593;59,259146;179,185988;153,330141;167,705162;173,279887;-9,230801;-19,893855;13,963806;35,503526;0,176280;-0,542956;-0,036112;0,174369;-0,586115;-0,023072;0,174888;-0,586536;-0,022459;0,174524;-0,587227;-0,022298;0,168987;-0,581052;-0,053580;0,169729;-0,581962;-0,054182;0,169457;-0,583315;-0,053702;0,087528;-0,636134;0,053088;0,063125;-0,616733;-0,099300;0,137697;-0,545106;-0,006198;0,129815;-0,539219;-0,048484;0,056001;-0,481393;0,153022;-0,058614;-0,489551;-0,165020;0,049500;-0,248440;0,184541;-0,050538;-0,239823;-0,225782;0,180239;-0,116003;0,068694;0,140225;-0,110847;-0,271832;0,206793;-0,056775;0,055483;0,182981;-0,053921;-0,303851;0,228131;-0,066687;0,030601;0,219730;-0,077824;-0,295885;0,191803;-0,108206;0,053286;0,165456;-0,109062;-0,267897;0,054833;0,002429;0,098822;-0,055197;-0,003226;-0,096979;-0,013633;0,408849;0,113632;-0,027879;0,396038;-0,094205;-0,012198;0,771971;0,172435;-0,039333;0,787320;-0,080772;-0,004377;0,819754;0,170072;-0,040768;0,836305;-0,086187;0,096240;0,881198;0,099929;0,059965;0,892482;-0,193577
00:00:05.900;159;6;5;6;5;179,462300;-146,128734;-172,174342;53,149299;177,282153;59,779312;179,351989;154,240122;166,354439;174,482670;-8,047915;19,605029;-15,927465;33,200949;0,168970;-0,547489;-0,036519;0,166399;-0,590816;-0,023406;0,166923;-0,591253;-0,022801;0,166567;-0,591925;-0,022638;0,160041;-0,586264;-0,053749;0,160770;-0,587165;-0,054348;0,160490;-0,588519;-0,053882;0,081933;-0,637997;0,053223;0,052816;-0,620446;-0,096098;0,131745;-0,548080;-0,006307;0,122587;-0,542598;-0,048599;0,056051;-0,481543;0,152583;-0,068957;-0,491237;-0,157491;0,054197;-0,247143;0,177743;-0,059858;-0,243294;-0,226059;0,183456;-0,120990;0,051440;0,129808;-0,120405;-0,279240;0,208832;-0,061837;0,035453;0,172643;-0,063435;-0,311719;0,225470;-0,073146;0,010723;0,209324;-0,088219;-0,303995;0,192829;-0,113848;0,035933;0,155165;-0,118702;-0,275518;0,057910;0,002425;0,097252;-0,058245;-0,003216;-0,095375;-0,012649;0,409023;0,107197;-0,030361;0,395328;-0,099892;-0,013836;0,771141;0,166168;-0,044141;0,785993;-0,088211;-0,006456;0,818932;0,163808;-0,045804;0,834998;-0,093867;0,093712;0,882578;0,091229;0,052944;0,891790;-0,203762
00:00:05.933;160;6;5;6;5;179,120058;-147,500965;-175,854567;54,820036;172,972181;59,953572;179,516907;154,776185;164,041400;175,112149;-6,044327;-19,423655;-16,739373;32,904828;0,165181;-0,558763;-0,038102;0,162184;-0,602317;-0,024800;0,162699;-0,602734;-0,024198;0,162344;-0,603420;-0,024015;0,155089;-0,597904;-0,054622;0,155810;-0,598850;-0,055207;0,155525;-0,600194;-0,054764;0,078763;-0,644675;0,053362;0,046944;-0,627987;-0,093837;0,128500;-0,556797;-0,007270;0,118846;-0,551658;-0,048980;0,055961;-0,484877;0,153355;-0,073354;-0,495575;-0,153228;0,036996;-0,248851;0,183260;-0,084282;-0,249211;-0,225080;0,153403;-0,118696;0,067348;0,093979;-0,120076;-0,273724;0,175559;-0,057107;0,052968;0,134386;-0,062165;-0,301763;0,191388;-0,066247;0,028974;0,170310;-0,083943;-0,293819;0,161648;-0,110207;0,052117;0,118389;-0,116935;-0,269015;0,059956;0,002409;0,097052;-0,060275;-0,003196;-0,095162;-0,007060;0,409119;0,114163;-0,042306;0,396295;-0,104326;-0,006270;0,765728;0,179801;-0,070006;0,785146;-0,094975;0,001055;0,812986;0,178202;-0,073646;0,834169;-0,100409;0,101492;0,880687;0,110951;0,021758;0,897251;-0,209433
00:00:05.966;161;6;5;6;5;179,020015;-152,574230;-179,051603;55,130165;168,813463;58,930040;178,124279;152,371324;164,536858;175,036517;-5,048013;18,458434;-15,817381;-35,161387;0,150886;-0,579207;-0,063589;0,143093;-0,623012;-0,050622;0,143609;-0,623390;-0,050045;0,143235;-0,624129;-0,049873;0,133618;-0,617246;-0,079040;0,134329;-0,618232;-0,079637;0,134036;-0,619586;-0,079188;0,064207;-0,656208;0,033232;0,021621;-0,635423;-0,107941;0,118825;-0,572921;-0,030427;0,106136;-0,566328;-0,070138;0,054392;-0,490272;0,141438;-0,083471;-0,498000;-0,162008;0,019805;-0,250295;0,180043;-0,107982;-0,251303;-0,225830;0,130243;-0,108438;0,077100;0,066414;-0,109249;-0,268879;0,152041;-0,041987;0,064086;0,106822;-0,048211;-0,293496;0,166543;-0,046777;0,039559;0,141724;-0,068185;-0,286705;0,137589;-0,097140;0,061832;0,090298;-0,104902;-0,264013;0,062486;0,002059;0,096713;-0,062810;-0,002838;-0,094826;0,003788;0,409323;0,119981;-0,048300;0,397550;-0,100775;0,012435;0,762372;0,194087;-0,075452;0,782533;-0,079638;0,021041;0,809163;0,193092;-0,077961;0,830984;-0,083998;0,122464;0,875202;0,125663;0,003203;0,897539;-0,193441
00:00:06.000;162;6;5;5;5;179,019166;-154,672198;179,042298;55,123090;167,500297;58,675425;177,408733;151,933295;163,615963;174,223088;-2,355425;16,498483;-12,004039;33,633840;0,144785;-0,593593;-0,074464;0,135471;-0,637178;-0,061393;0,135982;-0,637544;-0,060824;0,135593;-0,638301;-0,060643;0,125436;-0,631226;-0,089470;0,126143;-0,632226;-0,090067;0,125842;-0,633578;-0,089618;0,057749;-0,663514;0,024593;0,012245;-0,641683;-0,115011;0,114311;-0,584097;-0,040619;0,100583;-0,577194;-0,079643;0,053151;-0,493614;0,135484;-0,087843;-0,499396;-0,167133;0,014743;-0,250868;0,180472;-0,122413;-0,251268;-0,231509;0,127686;-0,108201;0,091680;0,049403;-0,102353;-0,288167;0,153691;-0,042749;0,080567;0,089378;-0,040527;-0,313673;0,169823;-0,047395;0,055152;0,124868;-0,060712;-0,307585;0,137141;-0,097145;0,076454;0,073783;-0,097836;-0,283914;0,064022;0,001240;0,096483;-0,064351;-0,002012;-0,094602;0,011796;0,409505;0,122616;-0,043755;0,398516;-0,098185;0,020938;0,760430;0,198982;-0,062258;0,780903;-0,070998;0,030171;0,806942;0,197798;-0,063105;0,829001;-0,074992;0,131583;0,871535;0,128793;0,021265;0,893380;-0,184659
00:00:06.033;163;6;5;5;5;179,803821;-154,958023;177,020452;42,719464;164,300888;51,960476;175,191384;151,405053;165,007698;175,770445;-3,868118;-16,258782;-9,729258;-36,264728;0,141620;-0,599625;-0,094984;0,132618;-0,643108;-0,082664;0,133142;-0,643449;-0,082067;0,132734;-0,644220;-0,081866;0,122620;-0,637172;-0,110963;0,123344;-0,638180;-0,111586;0,123054;-0,639519;-0,111128;0,055282;-0,667122;0,002925;0,009629;-0,645087;-0,138206;0,111858;-0,589103;-0,061178;0,097808;-0,582240;-0,100336;0,051150;-0,495341;0,116184;-0,089638;-0,499877;-0,188866;-0,004010;-0,249328;0,161679;-0,129391;-0,250612;-0,244040;0,082676;-0,086944;0,083137;-0,003764;-0,069656;-0,294746;0,103058;-0,019131;0,076681;0,023346;-0,002505;-0,320751;0,119000;-0,017881;0,050076;0,056975;-0,011839;-0,314910;0,090477;-0,073190;0,068201;0,017086;-0,059375;-0,290763;0,063983;0,000524;0,096716;-0,064324;-0,001286;-0,094867;0,017138;0,408795;0,137855;-0,037894;0,399542;-0,088333;0,024410;0,755603;0,227646;-0,049677;0,779189;-0,050067;0,033744;0,801299;0,227522;-0,049760;0,826742;-0,053458;0,135488;0,861312;0,163877;0,039194;0,886618;-0,159078
