Timestamp;Frame;RULA_C;Score_A_R;Score_A_L;Score_B;Trunk_Sag;Neck_Sag;UA_Sag_R;LA_Ang_R;UA_Sag_L;LA_Ang_L;Trunk_Fro;Neck_Fro;UA_Fro_R;UA_Fro_L;Wr_Flex_R;Wr_Dev_R;Wr_Flex_L;Wr_Dev_L;Nose_X;Nose_Y;Nose_Z;L_Eye_In_X;L_Eye_In_Y;L_Eye_In_Z;L_Eye_X;L_Eye_Y;L_Eye_Z;L_Eye_Out_X;L_Eye_Out_Y;L_Eye_Out_Z;R_Eye_In_X;R_Eye_In_Y;R_Eye_In_Z;R_Eye_X;R_Eye_Y;R_Eye_Z;R_Eye_Out_X;R_Eye_Out_Y;R_Eye_Out_Z;L_Ear_X;L_Ear_Y;L_Ear_Z;R_Ear_X;R_Ear_Y;R_Ear_Z;Mouth_L_X;Mouth_L_Y;Mouth_L_Z;Mouth_R_X;Mouth_R_Y;Mouth_R_Z;L_Shoulder_X;L_Shoulder_Y;L_Shoulder_Z;R_Shoulder_X;R_Shoulder_Y;R_Shoulder_Z;L_Elbow_X;L_Elbow_Y;L_Elbow_Z;R_Elbow_X;R_Elbow_Y;R_Elbow_Z;L_Wrist_X;L_Wrist_Y;L_Wrist_Z;R_Wrist_X;R_Wrist_Y;R_Wrist_Z;L_Pinky_X;L_Pinky_Y;L_Pinky_Z;R_Pinky_X;R_Pinky_Y;R_Pinky_Z;L_Index_X;L_Index_Y;L_Index_Z;R_Index_X;R_Index_Y;R_Index_Z;L_Thumb_X;L_Thumb_Y;L_Thumb_Z;R_Thumb_X;R_Thumb_Y;R_Thumb_Z;L_Hip_X;L_Hip_Y;L_Hip_Z;R_Hip_X;R_Hip_Y;R_Hip_Z;L_Knee_X;L_Knee_Y;L_Knee_Z;R_Knee_X;R_Knee_Y;R_Knee_Z;L_Ankle_X;L_Ankle_Y;L_Ankle_Z;R_Ankle_X;R_Ankle_Y;R_Ankle_Z;L_Heel_X;L_Heel_Y;L_Heel_Z;R_Heel_X;R_Heel_Y;R_Heel_Z;L_Foot_In_X;L_Foot_In_Y;L_Foot_In_Z;R_Foot_In_X;R_Foot_In_Y;R_Foot_In_Z
00:00:00.000;1;6;6;5;5;115,989344;170,686748;170,787637;94,905086;158,987927;65,879028;-135,829647;168,967647;168,504792;158,882350;27,061240;19,616251;-14,776915;-44,697788;-0,077360;-0,152444;0,699650;-0,040554;-0,090958;0,356300;-0,039551;-0,091897;0,357700;-0,038650;-0,092526;0,360150;-0,048819;-0,088660;0,345100;-0,053487;-0,088030;0,342650;-0,059067;-0,087773;0,339500;-0,048770;-0,085767;0,344750;-0,077444;-0,084082;0,340200;-0,079042;-0,120759;0,675150;-0,049380;-0,061164;0,345100;-0,024659;-0,020865;0,388850;-0,117684;-0,009764;0,316050;0,018473;0,051725;0,378700;-0,119933;0,079333;0,287000;0,067302;0,054340;0,306600;-0,049540;0,076691;0,292950;0,087091;0,053274;0,284900;-0,027443;0,081367;0,296100;0,088070;0,051138;0,291200;-0,021303;0,078459;0,319550;0,079160;0,051814;0,295050;-0,027719;0,076359;0,321650;-0,012540;0,059427;0,167650;-0,039738;0,054270;0,139650;0,000661;0,052638;0,135450;-0,030959;0,054407;0,140000;-0,001546;0,052774;0,135800;-0,029257;0,055495;0,142800;-0,004005;0,053182;0,136850;-0,031551;0,053862;0,138600;0,007411;0,052094;0,134050;-0,014611;0,052910;0,136150
00:00:00.053;2;6;6;5;5;115,222516;170,461825;170,699392;94,711850;158,964269;66,213052;-134,505365;168,819254;168,628722;159,088986;27,522171;-19,625736;13,769575;-45,229681;-0,126896;-0,247872;1,137623;-0,067373;-0,149812;0,586845;-0,065375;-0,151316;0,591255;-0,063848;-0,152848;0,594948;-0,081062;-0,146199;0,569065;-0,088645;-0,144980;0,564323;-0,097400;-0,144735;0,559825;-0,080470;-0,141516;0,568838;-0,127703;-0,138649;0,560980;-0,135254;-0,206639;1,155298;-0,081988;-0,100859;0,569065;-0,040709;-0,034446;0,641953;-0,194178;-0,016111;0,521483;0,030481;0,085962;0,624855;-0,197423;0,130900;0,473550;0,112152;0,089352;0,504140;-0,079949;0,126723;0,484068;0,143841;0,088167;0,469035;-0,043141;0,134635;0,491715;0,145257;0,085011;0,478730;-0,034089;0,129371;0,526908;0,130999;0,085910;0,486483;-0,044253;0,126242;0,531773;-0,019565;0,092720;0,261573;-0,065767;0,089818;0,231123;0,000871;0,086989;0,223843;-0,050932;0,089907;0,231350;-0,001667;0,087078;0,224070;-0,047275;0,091430;0,235270;-0,005267;0,087615;0,225453;-0,051089;0,089553;0,230440;0,012684;0,086091;0,221533;-0,024109;0,087302;0,224648
00:00:00.089;3;6;6;5;5;115,128139;170,489482;170,833906;94,457442;158,719889;66,210950;-134,241042;168,882881;168,976191;159,101679;27,494303;18,303160;13,438004;44,942711;-0,122161;-0,237072;1,088055;-0,084765;-0,187979;0,736349;-0,082121;-0,189850;0,742716;-0,080189;-0,191968;0,747216;-0,102021;-0,183599;0,714642;-0,111553;-0,182088;0,708760;-0,122868;-0,181761;0,703036;-0,100563;-0,177839;0,714844;-0,160371;-0,174117;0,704487;-0,167847;-0,254761;1,424343;-0,103692;-0,126598;0,714292;-0,051142;-0,043274;0,806469;-0,244152;-0,020215;0,654314;0,038884;0,108167;0,784506;-0,247470;0,164515;0,595158;0,141642;0,111985;0,631841;-0,098871;0,159428;0,608994;0,180514;0,111176;0,588023;-0,051912;0,169355;0,619215;0,182429;0,107029;0,600625;-0,041946;0,162722;0,662740;0,165078;0,108011;0,610564;-0,054504;0,158749;0,668702;-0,024062;0,115229;0,325072;-0,082785;0,113060;0,290930;0,000788;0,109453;0,281648;-0,064068;0,113662;0,292478;-0,001304;0,109239;0,281096;-0,058319;0,114380;0,294326;-0,005626;0,109588;0,281994;-0,063482;0,113024;0,290836;0,016112;0,108190;0,278396;-0,030282;0,109657;0,282171
00:00:00.131;4;6;6;5;5;115,060736;170,434778;170,913051;94,179724;158,274923;65,975631;-133,953283;168,703604;169,120393;159,389758;28,119103;17,440672;13,896460;45,475652;-0,119609;-0,229976;1,055486;-0,096110;-0,212876;0,833877;-0,093472;-0,214628;0,840115;-0,090848;-0,216898;0,846540;-0,116103;-0,207730;0,808568;-0,126999;-0,206208;0,802644;-0,139422;-0,205827;0,796124;-0,113624;-0,201450;0,809749;-0,181605;-0,197172;0,797767;-0,192896;-0,291862;1,631773;-0,118360;-0,143329;0,808690;-0,057355;-0,049068;0,914455;-0,276634;-0,022882;0,740654;0,044943;0,122553;0,887929;-0,280001;0,186365;0,674202;0,161065;0,126510;0,713797;-0,111115;0,181072;0,689846;0,204458;0,126199;0,665715;-0,057641;0,192018;0,702440;0,206484;0,121748;0,679506;-0,047096;0,184571;0,751731;0,187230;0,122377;0,691216;-0,061083;0,180153;0,756656;-0,026432;0,129611;0,365647;-0,093618;0,128168;0,329804;0,000733;0,124055;0,319221;-0,071689;0,128695;0,331160;-0,000626;0,123916;0,318862;-0,065498;0,129298;0,332712;-0,005203;0,124006;0,319096;-0,070838;0,128688;0,331143;0,018885;0,123234;0,317107;-0,034073;0,124187;0,319561
00:00:00.178;5;6;6;5;5;114,943946;170,255569;170,698414;93,956479;157,842162;65,610877;-133,897630;168,574641;169,164609;159,490189;28,494624;16,995447;14,268728;-45,748402;-0,117950;-0,225363;1,034316;-0,103939;-0,228791;0,896220;-0,100850;-0,230734;0,903425;-0,097777;-0,233103;0,911101;-0,125307;-0,223504;0,869969;-0,137039;-0,221886;0,863668;-0,150183;-0,221470;0,856630;-0,122113;-0,216796;0,871437;-0,195408;-0,212157;0,858398;-0,207641;-0,313661;1,753653;-0,127894;-0,154204;0,870049;-0,061394;-0,052835;0,984646;-0,298010;-0,025151;0,797475;0,049458;0,131806;0,954454;-0,301001;0,200471;0,725232;0,174104;0,135890;0,766718;-0,119495;0,195048;0,742050;0,220022;0,135963;0,716215;-0,061365;0,206749;0,756536;0,222226;0,131378;0,731129;-0,050443;0,198774;0,809575;0,201629;0,131714;0,743641;-0,065303;0,193898;0,813127;-0,027424;0,138712;0,391320;-0,100362;0,137580;0,354023;0,000477;0,133682;0,343994;-0,076568;0,138330;0,355954;-0,000185;0,133591;0,343760;-0,069208;0,138450;0,356263;-0,004943;0,133923;0,344613;-0,075704;0,138598;0,356643;0,020225;0,132876;0,341920;-0,037580;0,134176;0,345265
00:00:00.225;6;6;6;6;5;114,915505;170,124710;170,511517;93,709618;157,288629;65,101109;-133,912535;168,544079;169,276705;159,608831;28,083322;-16,960771;15,118367;-44,539964;-0,116872;-0,222365;1,020555;-0,109068;-0,238649;0,937093;-0,105645;-0,241203;0,944576;-0,102243;-0,243547;0,952716;-0,131340;-0,233287;0,910230;-0,143565;-0,232076;0,903335;-0,157238;-0,231177;0,896310;-0,127632;-0,226772;0,911534;-0,204459;-0,221984;0,898159;-0,219303;-0,330961;1,850374;-0,134091;-0,161272;0,909932;-0,064062;-0,055320;1,030970;-0,312418;-0,026626;0,834409;0,052987;0,137773;0,997345;-0,314650;0,209639;0,758401;0,182828;0,142291;0,800067;-0,124942;0,204133;0,775982;0,230139;0,142310;0,749040;-0,063674;0,215942;0,790298;0,232715;0,137512;0,763984;-0,052076;0,208441;0,846824;0,211083;0,137846;0,778066;-0,068654;0,203083;0,850882;-0,027842;0,144751;0,408358;-0,104815;0,144105;0,370815;0,000088;0,139940;0,360096;-0,080038;0,145137;0,373470;0,000102;0,139881;0,359944;-0,071885;0,144943;0,372971;-0,004552;0,140368;0,361198;-0,078697;0,145583;0,374618;0,021136;0,139416;0,358748;-0,039859;0,140669;0,361972
00:00:00.272;7;6;6;6;5;114,812077;170,251728;170,371225;93,559200;157,328236;65,226146;-134,014417;168,695442;169,369055;159,358881;27,727799;16,293639;15,726826;45,353919;-0,116171;-0,220416;1,011611;-0,112444;-0,245145;0,964011;-0,108841;-0,248187;0,972025;-0,105221;-0,250515;0,980465;-0,135312;-0,239735;0,936749;-0,147863;-0,238790;0,929467;-0,161824;-0,237486;0,922101;-0,131316;-0,233430;0,938297;-0,210422;-0,228458;0,924353;-0,184008;-0,277601;1,552043;-0,138171;-0,165929;0,936206;-0,065732;-0,056880;1,060030;-0,321783;-0,027585;0,858416;0,055320;0,141748;1,025924;-0,323523;0,215599;0,779960;0,188499;0,146452;0,821743;-0,128061;0,210130;0,798389;0,237176;0,146436;0,770376;-0,064258;0,222109;0,812944;0,239426;0,141435;0,784989;-0,053138;0,214724;0,871036;0,217516;0,142185;0,799743;-0,070309;0,209053;0,875424;-0,027752;0,148057;0,417683;-0,107610;0,148211;0,381380;-0,000387;0,144007;0,370562;-0,082218;0,149426;0,384506;0,000288;0,143969;0,370464;-0,073626;0,149164;0,383831;-0,004297;0,144558;0,371979;-0,080582;0,149580;0,384902;0,021467;0,143395;0,368986;-0,041724;0,145433;0,374232
00:00:00.319;8;6;6;6;5;114,799104;170,496482;170,363888;93,144922;157,333358;65,352096;-134,059000;168,842122;169,521257;159,339285;28,664658;15,333672;15,983532;-44,079452;-0,116241;-0,219073;1,005447;-0,114638;-0,249368;0,981507;-0,110957;-0,252233;0,990216;-0,107156;-0,255043;0,998502;-0,137844;-0,243837;0,953637;-0,150656;-0,243154;0,946454;-0,165295;-0,241497;0,938516;-0,133711;-0,237758;0,955693;-0,214298;-0,232666;0,941380;-0,200950;-0,303015;1,694128;-0,141331;-0,168894;0,952934;-0,066795;-0,057874;1,078570;-0,327608;-0,028186;0,873320;0,056797;0,144848;1,043801;-0,328823;0,219006;0,793974;0,192185;0,149156;0,835833;-0,129921;0,214228;0,811903;0,241750;0,149117;0,784244;-0,064637;0,226117;0,827664;0,244150;0,143922;0,798293;-0,053891;0,219068;0,887823;0,221698;0,145006;0,813833;-0,071328;0,213290;0,890675;-0,027694;0,150205;0,423744;-0,109395;0,151152;0,388947;-0,000914;0,146379;0,376666;-0,083412;0,151805;0,390629;0,000408;0,146354;0,376601;-0,074757;0,151907;0,390890;-0,004121;0,146873;0,377936;-0,081662;0,151905;0,390886;0,021519;0,146389;0,376691;-0,043162;0,148530;0,382201
00:00:00.364;9;6;6;6;5;114,819439;170,814543;170,524721;92,935836;157,583245;65,600875;-134,028393;168,987599;169,650783;159,205666;28,994137;15,828308;16,018025;-43,303848;-0,116286;-0,218200;1,001441;-0,116064;-0,252112;0,992879;-0,112372;-0,254951;1,002390;-0,108490;-0,258166;1,010927;-0,139998;-0,246414;0,964264;-0,152472;-0,245991;0,957495;-0,167551;-0,244104;0,949185;-0,135219;-0,240484;0,966651;-0,216817;-0,235401;0,952447;-0,214330;-0,323102;1,806433;-0,143385;-0,170821;0,963807;-0,067465;-0,058502;1,090270;-0,331131;-0,028553;0,882308;0,057201;0,146395;1,056470;-0,332268;0,221221;0,803083;0,194662;0,150977;0,845342;-0,131607;0,216892;0,820687;0,244723;0,150860;0,793259;-0,065452;0,229009;0,838281;0,247328;0,145602;0,807291;-0,054275;0,221979;0,896985;0,224894;0,146839;0,822992;-0,072542;0,216128;0,900939;-0,027656;0,151602;0,427684;-0,110555;0,153063;0,393865;-0,001475;0,147785;0,380283;-0,084337;0,153624;0,395309;0,000265;0,147904;0,380591;-0,076020;0,153826;0,395829;-0,004225;0,148242;0,381459;-0,082970;0,153689;0,395476;0,021017;0,147655;0,379949;-0,044549;0,150543;0,387380
00:00:00.413;10;6;5;6;5;115,134588;170,922821;170,445871;92,761195;157,796770;65,765652;-134,759631;169,102211;169,716503;159,061220;-4,979084;-6,497311;16,431646;42,888910;-0,116316;-0,217633;0,998836;-0,117073;-0,254074;1,000972;-0,113370;-0,256896;1,011004;-0,109507;-0,259962;1,020402;-0,141399;-0,248089;0,971172;-0,153652;-0,247834;0,964672;-0,168956;-0,245709;0,955770;-0,136150;-0,242169;0,973423;-0,218455;-0,237179;0,959640;-0,222321;-0,333404;1,864032;-0,144720;-0,172074;0,970874;-0,067879;-0,058892;1,097526;-0,333683;-0,028815;0,888850;0,057445;0,147352;1,064356;-0,334508;0,222660;0,809004;0,196191;0,152098;0,851172;-0,132758;0,218716;0,826746;0,246655;0,151993;0,799118;-0,058770;0,205648;0,752783;0,249501;0,146757;0,813489;-0,054462;0,223610;0,901890;0,226971;0,148031;0,828945;-0,073274;0,217804;0,906910;-0,028386;0,156728;0,442144;-0,110885;0,154034;0,396363;-0,002287;0,148970;0,383334;-0,085093;0,154670;0,398001;-0,000267;0,148640;0,382484;-0,077463;0,154938;0,398689;-0,004744;0,149403;0,384448;-0,084358;0,154576;0,397759;0,019999;0,148206;0,381367;-0,046171;0,151987;0,391097
00:00:00.460;11;6;5;6;5;115,088646;170,698908;170,370470;92,531658;157,999045;65,973941;-134,835380;169,027699;169,739576;158,917629;7,289824;8,373204;15,877784;-42,505924;-0,116335;-0,217264;0,997144;-0,117728;-0,255349;1,006232;-0,114019;-0,258160;1,016602;-0,110644;-0,260863;1,025512;-0,142309;-0,249178;0,975662;-0,154976;-0,249033;0,969337;-0,169869;-0,246752;0,960051;-0,136756;-0,243264;0,977825;-0,219280;-0,238076;0,963266;-0,229747;-0,343418;1,920021;-0,145588;-0,172888;0,975468;-0,068148;-0,059145;1,102242;-0,335343;-0,028985;0,893103;0,057622;0,148023;1,069831;-0,335963;0,223129;0,812853;0,197185;0,152826;0,854962;-0,133984;0,219902;0,830685;0,247695;0,153057;0,802227;-0,061584;0,215513;0,788909;0,250483;0,147723;0,816118;-0,054604;0,224757;0,905429;0,228129;0,149157;0,832114;-0,074157;0,218557;0,909392;-0,028372;0,157076;0,443844;-0,111099;0,154664;0,397986;-0,002822;0,150013;0,386017;-0,085359;0,154942;0,398700;-0,000613;0,149118;0,383715;-0,078401;0,155660;0,400548;-0,005091;0,150431;0,387091;-0,085109;0,154881;0,398544;0,019271;0,148020;0,380889;-0,047225;0,152926;0,393513
00:00:00.506;12;6;5;6;5;115,158291;170,740297;170,403201;92,407732;158,266411;66,262532;-135,065767;169,062988;169,780041;158,826636;14,320602;10,117991;15,307638;-42,273022;-0,116348;-0,217024;0,996043;-0,118691;-0,256089;1,009301;-0,114559;-0,259248;1,021292;-0,111498;-0,261715;1,029883;-0,142850;-0,249796;0,978230;-0,155780;-0,249722;0,972019;-0,170462;-0,247430;0,962833;-0,137149;-0,243976;0,980686;-0,219976;-0,238831;0,966323;-0,234279;-0,349489;1,953964;-0,146152;-0,173417;0,978454;-0,068323;-0,059941;1,105307;-0,336421;-0,029096;0,895867;0,057756;0,148507;1,073740;-0,337054;0,223529;0,815704;0,197831;0,153299;0,857425;-0,135676;0,220580;0,832895;0,248263;0,153680;0,803897;-0,064330;0,221734;0,811691;0,251014;0,148286;0,817477;-0,055624;0,225068;0,905979;0,228786;0,149826;0,833824;-0,075680;0,218793;0,909955;-0,028541;0,158290;0,447748;-0,110914;0,154938;0,398691;-0,003159;0,150283;0,386711;-0,085382;0,154847;0,398455;-0,001057;0,149429;0,384515;-0,078751;0,155177;0,399306;-0,005317;0,151098;0,388809;-0,085446;0,154807;0,398353;0,018645;0,148443;0,381978;-0,048408;0,153673;0,395434
00:00:00.552;13;6;6;5;5;114,967119;170,699719;170,560656;92,323471;158,494534;66,519536;-134,694469;169,011824;169,714619;158,909643;17,991856;-12,189837;14,623027;42,416192;-0,116921;-0,216868;0,995328;-0,119317;-0,256570;1,011295;-0,115336;-0,259600;1,022940;-0,112052;-0,262269;1,032724;-0,143201;-0,250198;0,979900;-0,156303;-0,250170;0,973762;-0,170848;-0,247871;0,964642;-0,137405;-0,244438;0,982546;-0,220428;-0,239322;0,968310;-0,235793;-0,351307;1,964126;-0,146624;-0,173885;0,981095;-0,068479;-0,060498;1,108000;-0,337122;-0,029167;0,897663;0,057264;0,148919;1,076981;-0,338375;0,223418;0,817908;0,198251;0,153607;0,859026;-0,137670;0,220928;0,833982;0,248632;0,154086;0,804983;-0,067423;0,225300;0,824749;0,251144;0,148991;0,817660;-0,056711;0,224921;0,904936;0,229309;0,150324;0,835286;-0,077127;0,218779;0,909621;-0,028117;0,156360;0,441887;-0,110793;0,155116;0,399149;-0,004061;0,151002;0,388562;-0,085926;0,154921;0,398646;-0,001786;0,149631;0,385034;-0,080099;0,155272;0,399549;-0,005464;0,151532;0,389926;-0,086415;0,154487;0,397530;0,017772;0,148446;0,381985;-0,049945;0,153750;0,395632
00:00:00.600;14;6;6;5;5;114,801980;170,609801;170,391448;92,090634;158,603656;66,651155;-134,510369;168,976079;169,596074;158,988028;19,335745;-14,022078;14,480383;40,610223;-0,117294;-0,216767;0,994863;-0,119641;-0,256705;1,011892;-0,115762;-0,259651;1,023311;-0,112299;-0,262363;1,033520;-0,143430;-0,250460;0,980985;-0,156642;-0,250461;0,974896;-0,171099;-0,248157;0,965817;-0,137571;-0,244739;0,983755;-0,220802;-0,239728;0,969952;-0,236567;-0,352176;1,968982;-0,146878;-0,174127;0,982462;-0,068603;-0,060879;1,110100;-0,337841;-0,029237;0,899531;0,056945;0,149186;1,079088;-0,339089;0,222783;0,818990;0,198443;0,153745;0,859717;-0,139978;0,221247;0,835038;0,248520;0,154417;0,806039;-0,070305;0,227331;0,832187;0,251228;0,149449;0,817779;-0,058422;0,224739;0,903909;0,229648;0,150648;0,836236;-0,079102;0,218769;0,909403;-0,027842;0,155106;0,438076;-0,110391;0,155096;0,399097;-0,005094;0,151470;0,389765;-0,086507;0,154969;0,398770;-0,002702;0,149899;0,385722;-0,081357;0,155197;0,399357;-0,005559;0,151814;0,390652;-0,087575;0,154415;0,397344;0,016769;0,148448;0,381991;-0,051300;0,153528;0,395061
00:00:00.646;15;6;6;5;5;114,743030;170,746252;170,270244;91,944896;158,791237;66,911157;-134,418449;169,041480;169,510892;158,948388;18,825264;16,299504;14,745006;-39,377765;-0,117578;-0,216777;0,994911;-0,119935;-0,256971;1,012980;-0,116119;-0,259862;1,024252;-0,112573;-0,262690;1,035088;-0,143578;-0,250629;0,981690;-0,156863;-0,250650;0,975632;-0,171324;-0,248434;0,966931;-0,137679;-0,244935;0,984541;-0,221045;-0,239992;0,971019;-0,235932;-0,351050;1,962688;-0,146991;-0,174223;0,983000;-0,068640;-0,061088;1,110765;-0,338045;-0,029259;0,900045;0,056737;0,149360;1,080457;-0,339263;0,222181;0,818994;0,198078;0,153834;0,860166;-0,141478;0,221454;0,835725;0,248447;0,154632;0,806725;-0,072629;0,228555;0,836671;0,251283;0,149746;0,817856;-0,059803;0,223749;0,899741;0,229773;0,151271;0,836503;-0,080871;0,218679;0,908912;-0,027642;0,154412;0,435250;-0,110322;0,155355;0,399763;-0,005765;0,151774;0,390548;-0,087115;0,155408;0,399900;-0,003519;0,150072;0,386170;-0,082697;0,155693;0,400632;-0,005621;0,151998;0,391124;-0,088566;0,154776;0,398274;0,016117;0,148450;0,381994;-0,052180;0,153383;0,394689
00:00:00.691;16;6;6;5;5;115,168592;170,444829;170,035620;91,814635;158,668082;66,667237;-135,154451;168,897234;169,415230;159,113866;19,129971;-18,346829;13,992420;38,365136;-0,117804;-0,216860;0,995292;-0,120125;-0,257143;1,013687;-0,116310;-0,259910;1,024514;-0,112637;-0,262636;1,035057;-0,143726;-0,250829;0,982499;-0,157007;-0,250773;0,976111;-0,171594;-0,248793;0,968355;-0,137798;-0,245149;0,985401;-0,221043;-0,239990;0,971012;-0,195596;-0,290972;1,626797;-0,147064;-0,174285;0,983350;-0,068707;-0,061263;1,111897;-0,338441;-0,029297;0,901079;0,056566;0,149376;1,080647;-0,339376;0,221790;0,818996;0,198001;0,154017;0,861158;-0,142990;0,221682;0,836521;0,248292;0,154704;0,806822;-0,074717;0,229638;0,840636;0,251212;0,149876;0,817557;-0,060848;0,223629;0,899131;0,229474;0,151740;0,837027;-0,082472;0,218451;0,907893;-0,028576;0,159943;0,450212;-0,110085;0,155251;0,399496;-0,006201;0,151971;0,391056;-0,087507;0,155286;0,399585;-0,004049;0,150185;0,386460;-0,083649;0,155743;0,400761;-0,005662;0,152117;0,391430;-0,089199;0,154603;0,397828;0,015477;0,148450;0,381996;-0,052928;0,153154;0,394098
00:00:00.736;17;6;6;5;5;115,676579;170,263873;169,882995;91,737160;158,524393;66,337426;-136,000182;168,832854;169,353062;159,271864;18,571886;19,832470;13,140746;-37,575866;-0,118035;-0,217067;0,996240;-0,120332;-0,257433;1,014847;-0,116515;-0,260119;1,025384;-0,112831;-0,262956;1,036437;-0,144382;-0,250959;0,983024;-0,157100;-0,250853;0,976422;-0,171708;-0,248937;0,968931;-0,137876;-0,245288;0,985961;-0,221042;-0,240542;0,971008;-0,210902;-0,313646;1,753568;-0,147164;-0,174387;0,983928;-0,068751;-0,061376;1,112633;-0,338698;-0,029321;0,901752;0,056436;0,149339;1,080421;-0,339449;0,221536;0,818997;0,198112;0,154262;0,862503;-0,144034;0,221922;0,837389;0,247946;0,154886;0,807584;-0,076074;0,230342;0,843214;0,250914;0,150088;0,818062;-0,061937;0,223202;0,897335;0,229279;0,152045;0,837368;-0,083578;0,218472;0,907930;-0,029650;0,166155;0,467288;-0,109930;0,155184;0,399322;-0,006485;0,152100;0,391386;-0,087606;0,154934;0,398680;-0,004394;0,150259;0,386649;-0,084270;0,155367;0,399794;-0,005688;0,152194;0,391630;-0,089595;0,154082;0,396488;0,014817;0,148179;0,381297;-0,053589;0,152868;0,393364
00:00:00.783;18;6;6;5;5;115,259081;170,080179;169,801373;91,680743;158,276570;65,983822;-135,211592;168,716606;169,295899;159,506453;19,033453;-20,094139;12,590700;37,049338;-0,118184;-0,217201;0,996856;-0,120384;-0,257444;1,014900;-0,116568;-0,260078;1,025250;-0,112881;-0,262987;1,036634;-0,144756;-0,250954;0,983016;-0,157161;-0,250905;0,976624;-0,172271;-0,248940;0,968955;-0,137926;-0,245378;0,986325;-0,221042;-0,240900;0,971005;-0,220598;-0,328009;1,833869;-0,147177;-0,174952;0,983953;-0,068823;-0,061489;1,113812;-0,338865;-0,029337;0,902189;0,056352;0,149314;1,080273;-0,339497;0,221370;0,818998;0,198184;0,154421;0,863377;-0,144651;0,221986;0,837603;0,247722;0,155004;0,808080;-0,076924;0,230704;0,844539;0,250720;0,150226;0,818390;-0,062771;0,223360;0,897918;0,229152;0,152243;0,837589;-0,084363;0,218654;0,908655;-0,028772;0,161344;0,453537;-0,109926;0,155276;0,399560;-0,007108;0,152047;0,391251;-0,087897;0,154706;0,398092;-0,004859;0,150851;0,388172;-0,084824;0,155395;0,399866;-0,007035;0,152109;0,391409;-0,090320;0,154152;0,396667;0,014161;0,147867;0,380493;-0,054341;0,152955;0,393586
00:00:00.819;19;6;6;5;5;115,829165;169,994451;169,967306;91,776398;158,193306;65,823985;-136,112294;168,678372;169,234763;159,593227;19,446044;20,163953;12,113950;-36,989330;-0,118157;-0,217060;0,996206;-0,120459;-0,257539;1,015285;-0,116682;-0,260228;1,025862;-0,113388;-0,263329;1,035712;-0,144948;-0,250861;0,982660;-0,157200;-0,250939;0,976756;-0,172574;-0,249403;0,968621;-0,137910;-0,245350;0,986211;-0,221041;-0,241133;0,971003;-0,225637;-0,335467;1,875565;-0,147185;-0,175319;0,983969;-0,068848;-0,061542;1,114228;-0,338974;-0,029347;0,902473;0,056297;0,149298;1,080178;-0,340285;0,221452;0,819699;0,198230;0,154524;0,863945;-0,145053;0,222027;0,837742;0,247468;0,155013;0,808052;-0,077477;0,230939;0,845400;0,250595;0,150316;0,818604;-0,063287;0,223376;0,897947;0,229070;0,152372;0,837733;-0,084774;0,218520;0,908076;-0,029933;0,167939;0,471899;-0,109924;0,155336;0,399714;-0,007513;0,152013;0,391163;-0,088164;0,154693;0,398060;-0,005171;0,151507;0,389862;-0,085564;0,155685;0,400613;-0,007911;0,152053;0,391266;-0,090791;0,154197;0,396784;0,013770;0,148071;0,381021;-0,054853;0,152467;0,392331
00:00:00.862;20;6;6;5;5;116,125998;169,872680;170,093044;91,838994;158,112514;65,850768;-136,440333;168,578585;169,178868;159,680457;19,191530;21,050405;12,527813;-37,137762;-0,118139;-0,216968;0,995784;-0,120960;-0,257335;1,014485;-0,117220;-0,260059;1,025211;-0,113794;-0,263730;1,035813;-0,145021;-0,251270;0,982079;-0,157226;-0,250961;0,976841;-0,172772;-0,249704;0,968404;-0,138361;-0,245158;0,985437;-0,221041;-0,241285;0,971002;-0,229923;-0,341817;1,911067;-0,147138;-0,175494;0,983630;-0,068907;-0,061616;1,115198;-0,339044;-0,029353;0,902657;0,056298;0,149384;1,080816;-0,340798;0,221505;0,820154;0,197689;0,154528;0,863964;-0,145314;0,222054;0,837832;0,247304;0,155019;0,808034;-0,078285;0,230996;0,845610;0,250513;0,150375;0,818742;-0,063523;0,223038;0,896565;0,228540;0,152456;0,837826;-0,085457;0,218180;0,906649;-0,030509;0,171228;0,481034;-0,109922;0,155375;0,399814;-0,007776;0,151991;0,391106;-0,088260;0,154549;0,397689;-0,005364;0,151662;0,390260;-0,085969;0,155738;0,400749;-0,008480;0,152017;0,391173;-0,091097;0,154227;0,396859;0,013492;0,147933;0,380663;-0,055286;0,152422;0,392215
00:00:00.909;21;6;6;5;5;115,647035;169,978358;170,256732;91,904548;158,068708;65,856463;-135,579355;168,423847;169,168551;159,837614;19,227453;21,438659;13,036557;-37,241793;-0,118086;-0,217397;0,995160;-0,121159;-0,257511;1,012915;-0,117448;-0,260265;1,023737;-0,114373;-0,263365;1,033428;-0,145068;-0,251536;0,981701;-0,157798;-0,250975;0,976897;-0,172900;-0,249900;0,968262;-0,138655;-0,245032;0,984934;-0,221674;-0,241470;0,971351;-0,232877;-0,346195;1,935544;-0,147667;-0,175609;0,983410;-0,068946;-0,062300;1,115829;-0,339090;-0,029358;0,902777;0,056280;0,149392;1,080880;-0,341277;0,221634;0,820800;0,197257;0,154469;0,863627;-0,145544;0,222164;0,838241;0,247197;0,155023;0,808022;-0,078843;0,230647;0,846097;0,250460;0,150412;0,818833;-0,063752;0,223079;0,896718;0,228195;0,152510;0,837887;-0,085834;0,217790;0,905022;-0,029419;0,165140;0,463872;-0,110113;0,155672;0,400579;-0,007257;0,151432;0,389669;-0,088322;0,154455;0,397448;-0,005244;0,151083;0,388769;-0,085928;0,155636;0,400487;-0,008595;0,151449;0,389712;-0,091296;0,154246;0,396909;0,014001;0,148250;0,381481;-0,055246;0,152121;0,391440
00:00:00.957;22;6;6;5;5;115,295175;170,015793;170,428741;92,104672;158,318330;66,198281;-135,101358;168,348878;169,202033;159,705426;18,966534;-22,381258;13,453394;37,378799;-0,118134;-0,217830;0,995454;-0,121372;-0,257804;1,012595;-0,117677;-0,260577;1,023479;-0,114868;-0,263984;1,032929;-0,145605;-0,251619;0,981106;-0,158114;-0,251450;0,976583;-0,173534;-0,250027;0,968171;-0,139306;-0,245336;0,983907;-0,222005;-0,241504;0,971228;-0,234798;-0,350168;1,951454;-0,148010;-0,175683;0,983266;-0,068928;-0,062704;1,115539;-0,339120;-0,029361;0,902855;0,056305;0,149494;1,081622;-0,341734;0,221812;0,821570;0,196976;0,154430;0,863407;-0,145755;0,221851;0,838857;0,247127;0,155026;0,808014;-0,079272;0,230610;0,847113;0,250425;0,150437;0,818891;-0,063825;0,222845;0,895766;0,227971;0,152546;0,837927;-0,086112;0,217621;0,904314;-0,028711;0,161183;0,452717;-0,109949;0,155457;0,400026;-0,006709;0,151341;0,389435;-0,088214;0,154530;0,397641;-0,004954;0,150978;0,388500;-0,085824;0,155842;0,401016;-0,008450;0,151080;0,388763;-0,091279;0,154394;0,397291;0,014550;0,148457;0,382013;-0,054872;0,152197;0,391636
00:00:00.994;23;6;6;5;5;116,002711;170,138787;170,295795;92,168387;158,423164;66,350761;-136,326595;168,181716;169,154923;159,665234;18,869875;22,608532;13,724878;-37,467614;-0,118648;-0,217958;0,994945;-0,121916;-0,258211;1,010987;-0,118203;-0,260912;1,021561;-0,115110;-0,264206;1,031904;-0,145901;-0,252140;0,980369;-0,158759;-0,251578;0,975679;-0,174434;-0,250019;0,967761;-0,139678;-0,245445;0,982890;-0,222853;-0,241612;0,971499;-0,236960;-0,352434;1,960045;-0,148287;-0,175794;0,983523;-0,068938;-0,062987;1,115700;-0,339271;-0,029374;0,903256;0,056321;0,149560;1,082104;-0,341739;0,221739;0,821371;0,196794;0,154405;0,863265;-0,145831;0,221555;0,838907;0,247082;0,155028;0,808009;-0,079067;0,230586;0,847773;0,250403;0,150453;0,818929;-0,063872;0,222693;0,895148;0,227825;0,152569;0,837952;-0,086327;0,217595;0,904204;-0,029929;0,169407;0,476616;-0,109842;0,155318;0,399667;-0,005689;0,151282;0,389283;-0,087994;0,154715;0,398117;-0,004106;0,151046;0,388675;-0,085298;0,155976;0,401361;-0,007695;0,150840;0,388146;-0,090736;0,154355;0,397189;0,015608;0,148999;0,383408;-0,054630;0,152246;0,391763
00:00:01.030;24;6;6;5;5;116,501495;170,251914;170,055909;92,097429;158,631170;66,655410;-137,250813;167,937978;169,188914;159,523417;18,533118;22,856028;14,165806;-37,542883;-0,118898;-0,218452;0,993914;-0,122355;-0,258655;1,010641;-0,118709;-0,262071;1,021715;-0,115894;-0,265027;1,031587;-0,146598;-0,252388;0,979540;-0,159791;-0,251751;0,975441;-0,175146;-0,250195;0,968195;-0,139921;-0,246075;0,982228;-0,223877;-0,241596;0,971324;-0,236914;-0,352865;1,953729;-0,148308;-0,176237;0,982640;-0,068923;-0,063151;1,115455;-0,339369;-0,029382;0,903516;0,056350;0,149651;1,082768;-0,341130;0,221597;0,820891;0,197006;0,154263;0,862472;-0,145463;0,221454;0,839289;0,247405;0,154962;0,807656;-0,078515;0,230761;0,848903;0,250747;0,150399;0,818604;-0,063878;0,222507;0,894396;0,228492;0,152456;0,837269;-0,085985;0,217663;0,904483;-0,030743;0,174876;0,492500;-0,109737;0,155499;0,400134;-0,004581;0,151108;0,388834;-0,088081;0,155243;0,399476;-0,003109;0,150818;0,388089;-0,084655;0,155927;0,401234;-0,006764;0,150685;0,387745;-0,090393;0,154737;0,398173;0,016650;0,148672;0,382565;-0,054472;0,152278;0,391846
00:00:01.066;25;6;6;5;5;116,092376;170,097053;169,887928;92,034793;158,863501;66,923777;-136,865246;167,711981;169,232128;159,346596;19,068577;22,366982;14,387680;-35,334955;-0,119314;-0,219237;0,995344;-0,122769;-0,259790;1,011467;-0,119620;-0,262825;1,021815;-0,116563;-0,266511;1,032782;-0,146998;-0,253015;0,978651;-0,160462;-0,252419;0,975287;-0,176096;-0,250770;0,968126;-0,140535;-0,246308;0,981098;-0,224379;-0,241411;0,970511;-0,235860;-0,351615;1,941224;-0,148215;-0,176398;0,981366;-0,068891;-0,063237;1,114946;-0,339564;-0,029399;0,904036;0,056369;0,149711;1,083199;-0,340880;0,221599;0,820929;0,197553;0,154108;0,861607;-0,143790;0,221389;0,839538;0,247966;0,154852;0,807076;-0,077188;0,230874;0,849637;0,251684;0,150236;0,817693;-0,062961;0,222734;0,895308;0,229304;0,152319;0,836475;-0,084280;0,217875;0,905364;-0,029627;0,170491;0,480425;-0,109669;0,155617;0,400437;-0,003418;0,150858;0,388192;-0,087527;0,155723;0,400709;-0,001800;0,150806;0,388058;-0,082501;0,155623;0,400452;-0,005721;0,150719;0,387834;-0,089183;0,155258;0,399512;0,018156;0,148187;0,381318;-0,054369;0,152299;0,391900
00:00:01.103;26;6;6;6;5;115,649300;170,185031;169,995097;92,139777;159,135137;67,337006;-136,291222;167,469513;169,345361;159,140344;20,038869;-21,239551;15,298472;-35,919301;-0,120109;-0,220238;0,995924;-0,123398;-0,260649;1,010254;-0,120211;-0,264478;1,021880;-0,117425;-0,267699;1,032158;-0,147708;-0,253795;0,977373;-0,161277;-0,253133;0,974136;-0,176585;-0,251511;0,967382;-0,140833;-0,246838;0,979664;-0,225257;-0,241291;0,969982;-0,235175;-0,351895;1,933096;-0,147997;-0,176869;0,979488;-0,068849;-0,063274;1,114265;-0,339560;-0,029914;0,904023;0,056399;0,149798;1,083829;-0,340862;0,222163;0,821304;0,197747;0,153883;0,860345;-0,141689;0,221255;0,839350;0,249030;0,154646;0,806000;-0,075297;0,230758;0,849414;0,252757;0,149665;0,817100;-0,061413;0,223143;0,896950;0,230587;0,151629;0,835259;-0,082170;0,218098;0,906287;-0,028480;0,165160;0,465576;-0,109624;0,155694;0,400634;-0,002664;0,150832;0,388125;-0,087167;0,156034;0,401511;-0,000729;0,150798;0,388037;-0,081102;0,155425;0,399944;-0,004826;0,150878;0,388242;-0,088014;0,155732;0,400733;0,019430;0,148416;0,381906;-0,049839;0,151497;0,389835
00:00:01.145;27;6;6;6;5;115,400900;170,180598;170,229711;92,245996;159,399030;67,823861;-135,802629;167,238022;169,438764;159,153574;21,394325;20,823494;15,312533;36,250485;-0,120412;-0,221063;0,994550;-0,124336;-0,261689;1,009115;-0,121136;-0,266042;1,021572;-0,118228;-0,269610;1,033853;-0,148061;-0,254119;0,975843;-0,162300;-0,254058;0,973039;-0,177387;-0,251901;0,966548;-0,140926;-0,247006;0,978032;-0,225582;-0,241502;0,968588;-0,236992;-0,356606;1,946362;-0,148463;-0,177239;0,978617;-0,068800;-0,063910;1,113472;-0,339162;-0,030212;0,902965;0,056400;0,150423;1,083889;-0,340706;0,222434;0,821198;0,198443;0,153310;0,859874;-0,139789;0,221075;0,838877;0,249959;0,153921;0,804600;-0,073672;0,230967;0,850319;0,254029;0,148428;0,817065;-0,059916;0,223496;0,898367;0,231993;0,150294;0,834818;-0,080311;0,218326;0,907236;-0,027735;0,161694;0,455925;-0,109308;0,155335;0,399712;-0,002172;0,150679;0,387731;-0,087008;0,156373;0,402382;-0,000033;0,150657;0,387674;-0,080192;0,155297;0,399614;-0,004244;0,150981;0,388507;-0,087403;0,156312;0,402226;0,020259;0,148564;0,382289;-0,046894;0,150975;0,388493
00:00:01.192;28;6;6;5;5;115,233464;170,110623;170,290252;92,295922;159,437384;68,064315;-135,553350;166,904134;169,483713;159,088090;22,316840;19,885075;14,790578;-34,522145;-0,121131;-0,222085;0,993308;-0,124990;-0,263031;1,008725;-0,121652;-0,266874;1,020672;-0,118588;-0,271072;1,033554;-0,148791;-0,254791;0,974498;-0,162847;-0,254475;0,971625;-0,177779;-0,252520;0,965307;-0,140986;-0,247670;0,976971;-0,226178;-0,241463;0,966982;-0,236252;-0,357845;1,939235;-0,149215;-0,177906;0,977351;-0,068746;-0,064304;1,112607;-0,338904;-0,030406;0,902277;0,056981;0,150731;1,083228;-0,340459;0,222516;0,820778;0,199384;0,152448;0,859568;-0,138554;0,220958;0,838570;0,250453;0,152472;0,803340;-0,072130;0,231103;0,850907;0,255100;0,146571;0,816342;-0,058988;0,223899;0,899989;0,233085;0,148294;0,833482;-0,079132;0,218559;0,908204;-0,027293;0,159690;0,450351;-0,108912;0,154830;0,398413;-0,001853;0,150716;0,387825;-0,086904;0,156593;0,402948;0,000420;0,150701;0,387788;-0,079601;0,155214;0,399399;-0,003644;0,151048;0,388680;-0,087006;0,156690;0,403197;0,020837;0,148933;0,383238;-0,045313;0,151044;0,388670
00:00:01.239;29;6;6;5;5;115,138910;170,299624;170,234111;92,431213;159,482927;68,698488;-135,672711;166,615984;169,543532;159,390379;22,953856;18,893799;9,730795;-28,020369;-0,121511;-0,223153;0,991800;-0,125328;-0,264291;1,007771;-0,122030;-0,268088;1,020437;-0,119246;-0,271651;1,031960;-0,149211;-0,255688;0,973274;-0,163695;-0,255204;0,970356;-0,178582;-0,252922;0,964499;-0,140924;-0,248476;0,975581;-0,227114;-0,241438;0,965939;-0,238943;-0,361792;1,951403;-0,149541;-0,178147;0,975478;-0,068016;-0,064498;1,110995;-0,338736;-0,030532;0,901830;0,057227;0,151813;1,080348;-0,340153;0,222940;0,820156;0,199425;0,149386;0,859019;-0,137751;0,220882;0,838371;0,249017;0,147356;0,796921;-0,071556;0,231002;0,850590;0,252705;0,140507;0,806073;-0,058944;0,223821;0,901743;0,231451;0,142603;0,825963;-0,078396;0,218795;0,909182;-0,026776;0,158511;0,447078;-0,108845;0,154774;0,398268;-0,002306;0,150604;0,387536;-0,087221;0,156600;0,402966;0,000273;0,150866;0,388212;-0,079216;0,155159;0,399259;-0,003690;0,150819;0,388092;-0,087057;0,156663;0,403128;0,019947;0,149581;0,384905;-0,044286;0,151089;0,388786
00:00:01.285;30;6;6;5;5;115,046067;170,550389;170,445555;92,701801;158,857576;69,421728;-135,507680;166,360120;169,624148;159,768031;23,369678;17,692325;9,926488;-20,849270;-0,122321;-0,223848;0,990820;-0,125987;-0,264831;1,006101;-0,122276;-0,269457;1,020284;-0,119674;-0,272613;1,030924;-0,149928;-0,256086;0,971778;-0,164676;-0,255493;0,968832;-0,179520;-0,253546;0,963275;-0,140782;-0,248821;0,973978;-0,228187;-0,241882;0,964910;-0,198046;-0,300389;1,614212;-0,150251;-0,178792;0,973911;-0,067563;-0,064645;1,110296;-0,338744;-0,030067;0,900490;0,058490;0,152215;1,076376;-0,340420;0,223681;0,819751;0,198232;0,144117;0,853413;-0,137286;0,220925;0,838591;0,247973;0,140399;0,792399;-0,071124;0,230263;0,849683;0,250371;0,132824;0,798347;-0,059029;0,224202;0,904633;0,229995;0,135457;0,819676;-0,078124;0,219015;0,912269;-0,026109;0,157249;0,443551;-0,108802;0,154738;0,398174;-0,002600;0,150531;0,387349;-0,087197;0,156196;0,401928;0,000178;0,150973;0,388488;-0,078966;0,155124;0,399169;-0,003720;0,150671;0,387710;-0,087091;0,156645;0,403083;0,019353;0,149866;0,385638;-0,043619;0,151118;0,388861
00:00:01.332;31;6;6;5;5;115,005605;170,513522;170,607221;93,002770;158,208690;70,627427;-135,444298;165,929170;169,695884;160,211397;23,284133;16,728851;14,963788;-19,512739;-0,122848;-0,224300;0,990183;-0,126326;-0,264997;1,004316;-0,122760;-0,269787;1,018085;-0,119952;-0,273239;1,030251;-0,150394;-0,256896;0,970806;-0,165253;-0,256137;0,967491;-0,179998;-0,253766;0,961778;-0,140690;-0,249044;0,972935;-0,229180;-0,241907;0,963192;-0,216229;-0,328804;1,757288;-0,150713;-0,179212;0,972892;-0,067268;-0,064740;1,109843;-0,338749;-0,029765;0,899618;0,059232;0,152276;1,072395;-0,340594;0,224629;0,819488;0,195279;0,137182;0,842418;-0,137041;0,221045;0,839084;0,246521;0,132151;0,788409;-0,070785;0,229594;0,848394;0,247515;0,123815;0,793326;-0,059130;0,224104;0,907211;0,226895;0,127201;0,812789;-0,077859;0,218907;0,913225;-0,025446;0,156552;0,441608;-0,108870;0,154850;0,398463;-0,002791;0,150483;0,387227;-0,086877;0,155390;0,399853;0,000115;0,151043;0,388667;-0,078804;0,155101;0,399110;-0,003739;0,150574;0,387461;-0,086508;0,155954;0,401304;0,018999;0,150323;0,386815;-0,043223;0,151273;0,389259
00:00:01.378;32;6;6;5;5;114,995954;170,457880;170,729905;93,244677;157,414464;71,996743;-135,417736;165,664691;169,843764;160,817608;24,393961;16,188267;14,962907;30,924817;-0,123664;-0,224434;0,989069;-0,126635;-0,265862;1,003855;-0,123117;-0,270095;1,017005;-0,120133;-0,273645;1,029813;-0,151193;-0,257329;0,969824;-0,165508;-0,256369;0,965919;-0,180308;-0,253908;0,960806;-0,140681;-0,249833;0,972608;-0,229826;-0,241922;0,962075;-0,228350;-0,347735;1,852737;-0,151068;-0,179549;0,972580;-0,067097;-0,065454;1,109898;-0,339130;-0,029557;0,898702;0,059615;0,151463;1,068057;-0,340707;0,225246;0,819318;0,189856;0,128033;0,832122;-0,137360;0,220645;0,839405;0,238985;0,120563;0,775666;-0,071194;0,229147;0,849306;0,239789;0,112303;0,783762;-0,059831;0,223948;0,910637;0,219408;0,116634;0,803063;-0,078448;0,218456;0,916646;-0,024516;0,155850;0,440345;-0,108914;0,154923;0,398651;-0,001594;0,150452;0,387147;-0,086444;0,155274;0,399555;0,000956;0,150816;0,388084;-0,077816;0,154678;0,398021;-0,003095;0,150784;0,388000;-0,085295;0,155641;0,400498;0,019416;0,150484;0,387230;-0,043042;0,151646;0,390219
00:00:01.424;33;6;6;5;5;114,976409;170,620626;170,781810;93,542606;156,585312;73,000717;-135,561233;165,386002;169,964915;161,465363;25,103970;16,106135;14,111215;19,397819;-0,124239;-0,225163;0,988695;-0,126925;-0,266610;1,004256;-0,123520;-0,270668;1,017703;-0,120455;-0,274376;1,031278;-0,151657;-0,257517;0,968835;-0,166099;-0,256333;0,964197;-0,180922;-0,253816;0,959474;-0,140624;-0,250255;0,972045;-0,230792;-0,241932;0,961348;-0,234672;-0,357664;1,902179;-0,151741;-0,179639;0,971677;-0,066314;-0,065876;1,109234;-0,339378;-0,029422;0,898106;0,060303;0,150538;1,062437;-0,340781;0,225646;0,819206;0,183925;0,119533;0,827179;-0,138103;0,219998;0,839963;0,232558;0,110288;0,769483;-0,071945;0,228372;0,849899;0,232218;0,100605;0,774745;-0,060380;0,223140;0,914264;0,212042;0,105630;0,795691;-0,079357;0,217637;0,918870;-0,023912;0,155394;0,439524;-0,108942;0,154970;0,398773;-0,000815;0,150568;0,387446;-0,085937;0,154791;0,398311;0,001284;0,150805;0,388054;-0,077173;0,154403;0,397314;-0,002676;0,150920;0,388350;-0,084588;0,155165;0,399274;0,019704;0,150725;0,387849;-0,043147;0,151888;0,390842
00:00:01.471;34;6;6;6;5;115,011295;170,420667;170,791175;93,745194;154,814274;73,720771;-135,957769;165,120517;170,066051;162,817423;26,552573;16,558154;17,784105;34,641982;-0,124613;-0,225637;0,988452;-0,127202;-0,267283;1,005216;-0,123782;-0,271041;1,018157;-0,120665;-0,274851;1,032231;-0,152069;-0,257826;0,968893;-0,166545;-0,256403;0,963428;-0,181322;-0,253756;0,958608;-0,140688;-0,250710;0,972379;-0,231080;-0,241586;0,959477;-0,237527;-0,362204;1,924167;-0,152179;-0,179697;0,971090;-0,065743;-0,066087;1,107752;-0,339540;-0,029334;0,897719;0,060279;0,148212;1,050734;-0,340828;0,225907;0,819134;0,176668;0,106033;0,809966;-0,139064;0,219578;0,840326;0,224092;0,095997;0,753564;-0,073558;0,227848;0,852034;0,225111;0,086280;0,765734;-0,061357;0,222425;0,918022;0,204780;0,091121;0,782849;-0,080566;0,216824;0,921365;-0,023376;0,155838;0,441091;-0,108961;0,155001;0,398853;-0,000530;0,150508;0,387290;-0,085758;0,154748;0,398202;0,001495;0,150661;0,387685;-0,076756;0,154225;0,396854;-0,002402;0,150872;0,388227;-0,084274;0,155128;0,399178;0,019653;0,150746;0,387902;-0,043216;0,152046;0,391247
00:00:01.518;35;6;6;6;5;115,014272;170,351250;170,703892;93,864445;153,377927;74,298116;-136,343332;165,026069;170,128114;163,741365;27,363152;16,746422;24,453872;-38,144159;-0,125034;-0,226266;0,989694;-0,127911;-0,267627;1,005491;-0,124166;-0,271750;1,020202;-0,121389;-0,275748;1,032850;-0,152281;-0,257934;0,968580;-0,166835;-0,256449;0,962928;-0,182059;-0,254168;0,957695;-0,140730;-0,251006;0,972597;-0,231353;-0,241449;0,958610;-0,237523;-0,363410;1,923408;-0,152463;-0,179735;0,970709;-0,065351;-0,066204;1,106439;-0,339777;-0,029288;0,897817;0,060181;0,145338;1,041727;-0,340859;0,226076;0,819087;0,170618;0,093810;0,790378;-0,140168;0,219304;0,840562;0,217168;0,083238;0,741117;-0,075061;0,227415;0,853072;0,218239;0,072905;0,756377;-0,062518;0,221960;0,920464;0,198412;0,078009;0,771352;-0,081912;0,216377;0,923338;-0,023028;0,156127;0,442109;-0,108973;0,155021;0,398904;-0,000344;0,150468;0,387188;-0,085191;0,154313;0,397081;0,001853;0,150568;0,387446;-0,076485;0,154108;0,396555;-0,002002;0,150705;0,387798;-0,083630;0,154287;0,397016;0,019655;0,151031;0,388636;-0,043260;0,152148;0,391511
00:00:01.565;36;6;6;6;5;114,929802;170,687924;170,532689;93,982369;152,379435;74,796945;-136,943942;165,161810;170,306011;164,330136;27,355911;16,709874;33,105163;37,477274;-0,125307;-0,226675;0,990501;-0,128461;-0,268038;1,006369;-0,124954;-0,272118;1,021181;-0,122026;-0,276707;1,034653;-0,152971;-0,258004;0,968377;-0,167693;-0,256665;0,963303;-0,182605;-0,254529;0,957452;-0,140808;-0,251289;0,973088;-0,232245;-0,241537;0,958746;-0,242120;-0,369520;1,950915;-0,152593;-0,179694;0,970111;-0,064995;-0,066799;1,103835;-0,340442;-0,029258;0,897881;0,059974;0,142556;1,033423;-0,340880;0,226186;0,819057;0,163544;0,084139;0,772746;-0,141843;0,218648;0,840715;0,210119;0,073283;0,732676;-0,076428;0,226855;0,852697;0,211103;0,062406;0,748195;-0,063774;0,221575;0,921702;0,191296;0,067551;0,760379;-0,083378;0,215720;0,925319;-0,022463;0,155697;0,441021;-0,108789;0,154762;0,398238;-0,000224;0,150443;0,387122;-0,084822;0,154030;0,396353;0,001865;0,150508;0,387290;-0,076669;0,154305;0,397061;-0,001743;0,150733;0,387869;-0,083212;0,153741;0,395610;0,019621;0,150944;0,388414;-0,043473;0,152079;0,391332
00:00:01.613;37;6;6;6;5;114,876380;171,164101;170,583480;94,032683;149,737778;73,103843;-137,389279;165,474583;170,573136;166,620139;27,083076;16,417779;38,871360;-42,438973;-0,125573;-0,227101;0,991726;-0,128864;-0,268398;1,007290;-0,125510;-0,272450;1,022168;-0,122524;-0,277518;1,036524;-0,153419;-0,258049;0,968245;-0,168251;-0,256806;0,963547;-0,183027;-0,254857;0,957644;-0,140859;-0,251473;0,973407;-0,232825;-0,242139;0,958835;-0,243837;-0,371561;1,958645;-0,152678;-0,180220;0,969722;-0,064701;-0,067122;1,101093;-0,340985;-0,029205;0,896873;0,058524;0,138441;1,015075;-0,340893;0,226257;0,819037;0,154655;0,074031;0,750085;-0,143471;0,218312;0,841165;0,199270;0,063114;0,714239;-0,077735;0,226305;0,851753;0,200387;0,052232;0,733777;-0,065194;0,221048;0,923556;0,181298;0,057430;0,746246;-0,085322;0,215132;0,925908;-0,022045;0,155296;0,439264;-0,108670;0,154594;0,397805;-0,000146;0,150426;0,387080;-0,084358;0,153846;0,395879;0,002314;0,150468;0,387188;-0,076789;0,154433;0,397390;-0,001133;0,150615;0,387565;-0,082940;0,153386;0,394697;0,019599;0,150888;0,388269;-0,043611;0,152033;0,391216
00:00:01.660;38;6;6;6;5;114,872407;171,566611;170,556580;94,079309;148,359472;72,493887;-138,004469;165,930213;170,876438;168,044218;27,161261;-16,362050;46,464462;-42,918627;-0,125835;-0,227539;0,993222;-0,129170;-0,268725;1,008238;-0,125915;-0,273342;1,023159;-0,122930;-0,278233;1,038441;-0,153765;-0,258172;0,968509;-0,168737;-0,257084;0,964406;-0,183503;-0,255351;0,958818;-0,141446;-0,252147;0,973615;-0,233288;-0,242620;0,959243;-0,250036;-0,380611;2,004269;-0,152732;-0,180561;0,969469;-0,065071;-0,067888;1,098260;-0,341847;-0,029170;0,896217;0,056464;0,135767;1,003149;-0,340901;0,226770;0,819024;0,144619;0,067187;0,731855;-0,144468;0,218003;0,841107;0,188735;0,056116;0,702256;-0,078618;0,226041;0,851490;0,189295;0,044722;0,722305;-0,066065;0,220539;0,924062;0,171556;0,050138;0,739160;-0,086518;0,214061;0,925590;-0,021756;0,155158;0,437771;-0,108784;0,154757;0,398223;-0,000095;0,150687;0,387752;-0,083908;0,153454;0,394872;0,002825;0,150443;0,387122;-0,076867;0,154516;0,397603;-0,000294;0,150810;0,388067;-0,082460;0,153427;0,394803;0,019584;0,150852;0,388175;-0,043701;0,152004;0,391140
00:00:01.707;39;6;6;6;5;114,856370;171,731712;170,401917;94,108295;146,489237;70,655092;-138,657983;166,297461;171,188760;170,945585;27,051437;16,034713;51,806088;-47,336068;-0,126050;-0,227903;0,994544;-0,129460;-0,269125;1,009555;-0,126265;-0,274110;1,024503;-0,123277;-0,278886;1,040387;-0,154047;-0,258897;0,969031;-0,169053;-0,257814;0,964964;-0,183813;-0,255671;0,959582;-0,141828;-0,252585;0,973750;-0,233588;-0,242932;0,959508;-0,246266;-0,375730;1,971625;-0,152823;-0,180848;0,969655;-0,065290;-0,068986;1,096069;-0,343051;-0,029159;0,896141;0,051904;0,133311;0,985947;-0,340907;0,227569;0,819016;0,130496;0,062879;0,711956;-0,145116;0,217802;0,841070;0,173064;0,052407;0,684316;-0,078707;0,225869;0,851318;0,173184;0,040730;0,708548;-0,066606;0,220125;0,924040;0,154872;0,045717;0,725104;-0,087329;0,213446;0,925734;-0,021517;0,155186;0,435751;-0,108858;0,154862;0,398495;0,000601;0,150721;0,387839;-0,083616;0,153200;0,394217;0,004259;0,150426;0,387080;-0,075974;0,154026;0,396342;0,001571;0,150665;0,387694;-0,081403;0,153318;0,394522;0,020802;0,151644;0,390214;-0,043499;0,151849;0,390741
00:00:01.753;40;6;6;6;5;114,819834;172,019707;170,313768;94,140203;146,650191;71,006833;-139,463641;166,781015;171,558948;172,217060;27,869908;15,332698;54,188313;51,561291;-0,126101;-0,228546;0,994704;-0,129693;-0,270054;1,010761;-0,126578;-0,274797;1,026077;-0,123586;-0,279498;1,042351;-0,154230;-0,259368;0,969370;-0,169319;-0,258383;0,965676;-0,184081;-0,255973;0,960428;-0,142127;-0,252961;0,974187;-0,233869;-0,243224;0,960030;-0,247408;-0,379197;1,979106;-0,152882;-0,181587;0,969776;-0,065349;-0,069608;1,093245;-0,344344;-0,029152;0,896092;0,046959;0,133478;0,979665;-0,341056;0,228653;0,819360;0,117473;0,061472;0,701821;-0,144521;0,217581;0,840695;0,158132;0,051133;0,673005;-0,077859;0,225943;0,851907;0,158187;0,039452;0,702406;-0,066456;0,219939;0,924376;0,139485;0,043976;0,714918;-0,087429;0,213286;0,926877;-0,021362;0,155205;0,434438;-0,108906;0,154931;0,398672;0,002378;0,150743;0,387895;-0,082603;0,153170;0,394141;0,006743;0,150551;0,387402;-0,074146;0,153435;0,394822;0,004097;0,150434;0,387101;-0,080716;0,153247;0,394339;0,022992;0,151207;0,389089;-0,042479;0,151748;0,390482
00:00:01.800;41;6;6;6;5;114,813240;171,874581;170,123937;94,203640;146,393973;70,556347;-140,415179;167,070049;171,730390;174,249779;28,009432;14,415628;46,738796;31,615614;-0,126178;-0,229045;0,995157;-0,129889;-0,270752;1,011895;-0,126826;-0,275338;1,027450;-0,123704;-0,280302;1,042928;-0,154348;-0,259675;0,969591;-0,169493;-0,258753;0,966140;-0,184255;-0,256717;0,960978;-0,142270;-0,253114;0,974122;-0,233795;-0,243692;0,959320;-0,248020;-0,381248;1,982919;-0,152810;-0,181935;0,969154;-0,065323;-0,070562;1,090359;-0,345455;-0,029170;0,896760;0,040806;0,133306;0,969632;-0,341620;0,229358;0,819584;0,104180;0,060824;0,693834;-0,144134;0,217438;0,840452;0,142793;0,051184;0,667404;-0,076761;0,225805;0,851589;0,139244;0,038028;0,680564;-0,066334;0,219735;0,924244;0,121512;0,042127;0,696046;-0,087427;0,213022;0,926920;-0,021507;0,155217;0,433585;-0,109357;0,155248;0,399487;0,003533;0,150757;0,387932;-0,081945;0,153151;0,394091;0,008088;0,149953;0,385861;-0,072958;0,153051;0,393835;0,005533;0,150557;0,387416;-0,080270;0,153201;0,394220;0,024366;0,150651;0,387658;-0,041558;0,151547;0,389963
00:00:01.848;42;6;6;5;5;115,734042;172,068028;169,998200;94,205577;150,070361;74,230233;-142,639835;167,657233;171,838129;172,827569;28,599836;13,438689;40,773168;-3,539520;-0,126229;-0,229369;0,995452;-0,130062;-0,271300;1,012981;-0,126986;-0,275689;1,028343;-0,123780;-0,280824;1,043303;-0,154370;-0,259780;0,969384;-0,169605;-0,258993;0,966441;-0,184368;-0,257200;0,961336;-0,142364;-0,253213;0,974079;-0,233918;-0,244176;0,959558;-0,251397;-0,387186;2,009197;-0,153259;-0,182096;0,968400;-0,067068;-0,071704;1,087084;-0,346042;-0,029170;0,896844;0,033415;0,136032;0,983411;-0,341840;0,229718;0,819380;0,092266;0,062550;0,686892;-0,142390;0,217254;0,839944;0,128900;0,053889;0,660262;-0,075079;0,225716;0,851383;0,122880;0,039824;0,663567;-0,065729;0,219602;0,924159;0,106859;0,045330;0,687280;-0,086866;0,212770;0,926598;-0,023925;0,165830;0,461730;-0,109457;0,155181;0,399316;0,004725;0,150767;0,387956;-0,080464;0,153275;0,394409;0,009399;0,149563;0,384860;-0,070401;0,152802;0,393192;0,006445;0,150228;0,386570;-0,079980;0,153171;0,394143;0,026708;0,149881;0,385678;-0,040960;0,151416;0,389626
00:00:01.895;43;6;6;6;5;115,441610;172,119801;169,913298;94,269023;152,720979;76,351331;-142,676520;168,001842;171,837686;172,236692;29,097438;12,845045;32,524586;16,787569;-0,126084;-0,229821;0,994244;-0,130264;-0,271844;1,014388;-0,127047;-0,276409;1,028573;-0,123747;-0,280975;1,042847;-0,154384;-0,260400;0,969250;-0,169617;-0,259605;0,966287;-0,184375;-0,257420;0,961218;-0,142475;-0,253369;0,974401;-0,233998;-0,244490;0,959713;-0,247261;-0,380676;1,967128;-0,153606;-0,182817;0,968260;-0,068203;-0,073061;1,084954;-0,346559;-0,029693;0,897249;0,027456;0,137756;0,992017;-0,342449;0,229951;0,819247;0,081517;0,066818;0,683080;-0,141256;0,217134;0,839613;0,113759;0,060363;0,648621;-0,074104;0,226029;0,852649;0,107596;0,046679;0,655668;-0,065761;0,219184;0,922703;0,091854;0,051861;0,680182;-0,086339;0,212729;0,924639;-0,024096;0,161990;0,450275;-0,109522;0,155138;0,399206;0,005494;0,150637;0,387621;-0,079053;0,153355;0,394616;0,010469;0,149310;0,384209;-0,067903;0,152775;0,393125;0,007233;0,149606;0,384971;-0,075857;0,152880;0,393393;0,028418;0,149245;0,384040;-0,036949;0,150922;0,388357
00:00:01.942;44;6;6;6;5;115,228855;172,122993;169,876745;94,269147;154,826177;77,667720;-142,825349;168,256027;171,761583;171,857168;29,401492;-12,371151;30,743515;22,540106;-0,126644;-0,230277;0,994159;-0,130440;-0,272291;1,015652;-0,127130;-0,276972;1,029072;-0,123808;-0,281262;1,043251;-0,154393;-0,260803;0,969162;-0,169625;-0,260003;0,966186;-0,184379;-0,258110;0,961142;-0,142650;-0,253653;0,975311;-0,234050;-0,244694;0,959813;-0,244573;-0,376444;1,939783;-0,153831;-0,183286;0,968169;-0,068917;-0,073919;1,083220;-0,347030;-0,030044;0,897862;0,023583;0,141170;0,997611;-0,343459;0,229735;0,819510;0,069287;0,074923;0,671852;-0,140520;0,217056;0,839399;0,096804;0,070186;0,637903;-0,073470;0,226232;0,853472;0,090016;0,056515;0,646684;-0,065757;0,218829;0,921407;0,075105;0,061129;0,673118;-0,085997;0,212703;0,923365;-0,024390;0,159358;0,441779;-0,109661;0,155246;0,399484;0,005768;0,150416;0,387054;-0,078496;0,153679;0,395451;0,010946;0,149146;0,383786;-0,066503;0,152758;0,393081;0,007550;0,149610;0,384981;-0,073810;0,153098;0,393956;0,029285;0,148695;0,382626;-0,034341;0,150602;0,387532
00:00:01.990;45;6;6;6;5;115,076649;172,023636;169,847114;94,469525;154,598935;76,417558;-142,849047;168,381121;171,627780;172,685787;28,770605;11,897260;37,372406;31,113397;-0,127008;-0,230574;0,994103;-0,130906;-0,272689;1,014724;-0,127141;-0,277243;1,029047;-0,123723;-0,281165;1,042463;-0,154510;-0,261254;0,969805;-0,169630;-0,260261;0,966121;-0,184382;-0,258559;0,961092;-0,142815;-0,253928;0,976252;-0,233998;-0,244737;0,959529;-0,243811;-0,373557;1,921309;-0,154529;-0,184141;0,968110;-0,069381;-0,074477;1,082093;-0,347337;-0,030273;0,898260;0,022035;0,143735;0,992147;-0,344433;0,229963;0,819332;0,059952;0,082792;0,655104;-0,140157;0,217187;0,839959;0,084099;0,079642;0,628137;-0,073028;0,226271;0,853657;0,076380;0,066041;0,640145;-0,066252;0,218515;0,920215;0,062779;0,070674;0,669577;-0,086166;0,212362;0,921137;-0,024719;0,157251;0,434506;-0,110172;0,155589;0,400364;0,004848;0,150273;0,386685;-0,078827;0,153482;0,394943;0,010376;0,148903;0,383161;-0,065982;0,152611;0,392703;0,007104;0,149749;0,385338;-0,073026;0,152968;0,393621;0,028983;0,148338;0,381707;-0,032921;0,150666;0,387696
00:00:02.036;46;6;6;6;5;114,886048;171,945449;169,931781;94,719131;138,075020;54,871133;-142,670827;168,399175;171,447933;-172,320138;28,346277;11,085992;30,432992;-33,899523;-0,127902;-0,230930;0,994767;-0,131255;-0,273042;1,014471;-0,127235;-0,277608;1,029731;-0,123751;-0,281291;1,042651;-0,154587;-0,261547;0,970224;-0,169633;-0,260429;0,966079;-0,184384;-0,258850;0,961060;-0,142569;-0,254471;0,978264;-0,233794;-0,244587;0,958644;-0,246912;-0,378263;1,937301;-0,154926;-0,184630;0,967722;-0,069638;-0,074790;1,080661;-0,346889;-0,029899;0,898169;0,020892;0,130524;0,882546;-0,345067;0,230111;0,819216;0,052745;0,091517;0,648767;-0,139442;0,217272;0,840323;0,074323;0,088324;0,620389;-0,072226;0,226204;0,853427;0,064490;0,074734;0,633444;-0,066573;0,218311;0,919440;0,052092;0,079794;0,666575;-0,086310;0,212222;0,920039;-0,024701;0,155180;0,425929;-0,110505;0,155811;0,400937;0,002930;0,150452;0,387145;-0,081361;0,154306;0,397063;0,008497;0,149153;0,383804;-0,067938;0,152652;0,392807;0,005716;0,149839;0,385569;-0,075012;0,153836;0,395854;0,025446;0,149058;0,383560;-0,035640;0,151115;0,388852
00:00:02.083;47;6;6;6;5;114,725415;171,829057;169,977939;94,791995;130,027601;44,012700;-142,540407;168,304607;171,340616;-162,527142;26,548885;10,696871;27,418441;-43,176822;-0,128437;-0,231080;0,994849;-0,131573;-0,273460;1,015006;-0,127295;-0,277845;1,030175;-0,123686;-0,281184;1,042073;-0,155133;-0,261643;0,970145;-0,169635;-0,260539;0,966051;-0,184385;-0,259040;0,961039;-0,142459;-0,254915;0,979922;-0,233576;-0,244400;0,957718;-0,247759;-0,379532;1,938596;-0,155240;-0,185015;0,967819;-0,069191;-0,074994;1,079729;-0,346599;-0,029655;0,898110;0,020857;0,122376;0,809205;-0,345479;0,230207;0,819140;0,047718;0,097610;0,644999;-0,140773;0,217623;0,839860;0,067372;0,095189;0,616403;-0,073941;0,226086;0,851178;0,055991;0,082133;0,633639;-0,068968;0,217446;0,913686;0,044345;0,086318;0,663574;-0,088175;0,211403;0,916176;-0,024625;0,153909;0,419304;-0,110527;0,155684;0,400609;0,000806;0,150296;0,386744;-0,083916;0,154433;0,397391;0,006406;0,149724;0,385273;-0,071385;0,153902;0,396024;0,004157;0,150170;0,386420;-0,077584;0,154672;0,398005;0,023147;0,149526;0,384764;-0,040026;0,151951;0,391004
00:00:02.129;48;6;6;6;5;114,672808;171,991476;170,364428;95,155770;125,665012;37,163780;-142,306538;168,290376;171,126361;-156,183966;24,392340;10,224770;26,407379;43,300828;-0,128785;-0,231177;0,994902;-0,131779;-0,273732;1,015354;-0,127834;-0,277811;1,029764;-0,124237;-0,281115;1,041698;-0,155375;-0,261516;0,969394;-0,169575;-0,260515;0,965683;-0,184453;-0,259258;0,961375;-0,142286;-0,255022;0,980299;-0,233519;-0,244367;0,957467;-0,246196;-0,377120;1,922987;-0,155388;-0,185198;0,967532;-0,068900;-0,075126;1,079124;-0,346140;-0,029474;0,897371;0,020791;0,116475;0,760133;-0,346828;0,230368;0,819441;0,043904;0,101749;0,639399;-0,144916;0,217761;0,839209;0,062791;0,100563;0,613112;-0,078730;0,225543;0,847965;0,050530;0,087668;0,629215;-0,074371;0,216214;0,907146;0,039230;0,091411;0,659873;-0,091974;0,210871;0,913664;-0,024830;0,153446;0,415347;-0,110542;0,155601;0,400396;-0,001678;0,150331;0,386834;-0,086790;0,154652;0,397954;0,003946;0,149551;0,384827;-0,075353;0,155395;0,399866;0,002038;0,150521;0,387323;-0,080854;0,155623;0,400453;0,021653;0,149830;0,385546;-0,044137;0,152903;0,393453
00:00:02.176;49;6;6;6;5;114,561557;171,684464;170,721285;95,578949;123,298354;33,066615;-142,017932;168,118797;170,819940;-152,336973;22,796750;10,975299;26,502523;38,574825;-0,129011;-0,231240;0,994936;-0,131959;-0,274004;1,015930;-0,128140;-0,277694;1,029146;-0,124510;-0,280880;1,040753;-0,155532;-0,261434;0,968906;-0,169413;-0,260311;0,964744;-0,184841;-0,259116;0,960544;-0,142225;-0,255182;0,980894;-0,233141;-0,243989;0,955904;-0,204627;-0,313439;1,597142;-0,156092;-0,185384;0,967696;-0,068712;-0,075212;1,078731;-0,345842;-0,029357;0,896891;0,021072;0,114253;0,726487;-0,348638;0,230472;0,819637;0,041301;0,105138;0,633660;-0,148087;0,217850;0,838786;0,060128;0,105372;0,610623;-0,082469;0,226044;0,847278;0,047148;0,092219;0,623540;-0,077719;0,215502;0,901145;0,036144;0,095390;0,654667;-0,094728;0,210554;0,909932;-0,024768;0,152421;0,409626;-0,110551;0,155547;0,400257;-0,003962;0,150489;0,387242;-0,089317;0,154386;0,397270;0,001681;0,149982;0,385938;-0,078272;0,155277;0,399563;-0,000000;0,150613;0,387560;-0,083360;0,155290;0,399595;0,016497;0,150028;0,386055;-0,048296;0,153249;0,394344
00:00:02.222;50;6;6;6;5;114,447618;171,605753;171,007511;95,972153;121,875792;30,465432;-141,852274;168,009737;170,541331;-150,124539;21,192849;-11,151748;28,458164;34,173440;-0,129586;-0,231037;0,993908;-0,132030;-0,274085;1,015955;-0,128339;-0,277618;1,028745;-0,124772;-0,280917;1,040840;-0,155634;-0,261381;0,968589;-0,169308;-0,260178;0,964134;-0,185094;-0,259023;0,960004;-0,142185;-0,255286;0,981281;-0,232981;-0,243832;0,955237;-0,221470;-0,337534;1,718192;-0,156492;-0,185438;0,967452;-0,068567;-0,075244;1,078125;-0,345272;-0,029292;0,896929;0,021960;0,113328;0,703216;-0,349965;0,230639;0,820114;0,039859;0,107379;0,628179;-0,150624;0,217908;0,838511;0,058741;0,109187;0,609005;-0,084752;0,226474;0,845430;0,044578;0,095816;0,619501;-0,079894;0,215039;0,897244;0,034040;0,098370;0,649184;-0,096596;0,210511;0,908206;-0,024707;0,151849;0,405557;-0,110267;0,155104;0,399117;-0,005446;0,150592;0,387507;-0,091635;0,154214;0,396826;-0,000008;0,150127;0,386310;-0,080850;0,155201;0,399366;-0,001546;0,150673;0,387714;-0,085441;0,155073;0,399037;0,012485;0,150156;0,386386;-0,052231;0,153746;0,395624
00:00:02.258;51;6;6;6;5;114,324350;171,833421;171,167328;96,428744;121,029913;28,986743;-141,788474;167,987285;170,294924;-148,805994;19,919968;11,402330;31,682246;31,228565;-0,130052;-0,231068;0,993941;-0,131985;-0,273950;1,015270;-0,128425;-0,277474;1,028134;-0,124900;-0,280847;1,040546;-0,155588;-0,261157;0,967683;-0,169787;-0,260092;0,963737;-0,185258;-0,258963;0,959652;-0,142462;-0,254899;0,979783;-0,233047;-0,243909;0,955504;-0,233692;-0,355124;1,806675;-0,156639;-0,185339;0,966594;-0,067838;-0,075240;1,077381;-0,344902;-0,029249;0,896954;0,022538;0,112727;0,688091;-0,351144;0,231115;0,820074;0,038879;0,108359;0,623916;-0,152750;0,217946;0,838332;0,058185;0,112702;0,607953;-0,086236;0,226753;0,844230;0,043256;0,099200;0,616876;-0,081309;0,214738;0,894709;0,032606;0,100801;0,644220;-0,097733;0,210320;0,906384;-0,024558;0,151038;0,401162;-0,110083;0,154816;0,398376;-0,006639;0,150795;0,388030;-0,093143;0,154101;0,396537;-0,001330;0,150357;0,386901;-0,082981;0,155151;0,399238;-0,002992;0,150712;0,387814;-0,087008;0,154524;0,397624;0,009657;0,150240;0,386601;-0,055241;0,154070;0,396455
00:00:02.302;52;6;6;6;5;114,258323;172,049311;171,357035;96,749649;120,312095;27,575666;-141,664072;167,975477;170,139553;-147,665979;19,430037;12,107899;35,516090;-29,660135;-0,130262;-0,230925;0,993261;-0,131865;-0,273673;1,014126;-0,128393;-0,277191;1,027037;-0,124941;-0,280706;1,040005;-0,155558;-0,261012;0,967094;-0,170099;-0,260036;0,963479;-0,185364;-0,258924;0,959424;-0,142136;-0,254738;0,979159;-0,233091;-0,243959;0,955678;-0,245597;-0,372548;1,894639;-0,156791;-0,185342;0,966386;-0,067364;-0,075237;1,076898;-0,344527;-0,029210;0,896620;0,023210;0,111608;0,676159;-0,351910;0,231425;0,820048;0,038222;0,108583;0,620796;-0,154132;0,217971;0,838216;0,057823;0,114642;0,607270;-0,087717;0,227029;0,843799;0,042048;0,101051;0,615169;-0,082261;0,214626;0,893411;0,031360;0,102193;0,642043;-0,098510;0,210278;0,905549;-0,024462;0,150511;0,398305;-0,109963;0,154629;0,397895;-0,007415;0,150927;0,388369;-0,094122;0,154028;0,396349;-0,002196;0,150778;0,387986;-0,084365;0,155119;0,399155;-0,003932;0,150737;0,387879;-0,088027;0,154167;0,396705;0,008039;0,150294;0,386741;-0,057198;0,154280;0,396996
00:00:02.349;53;6;6;6;5;114,269752;172,199071;171,480191;96,958384;119,883251;26,301332;-141,673944;168,000183;170,038661;-146,980422;18,392639;12,466093;39,236472;-27,515396;-0,130261;-0,230588;0,991770;-0,131605;-0,273114;1,011982;-0,128197;-0,276630;1,024924;-0,124800;-0,280237;1,038253;-0,155482;-0,260823;0,966361;-0,170116;-0,259716;0,962261;-0,185163;-0,258521;0,957876;-0,141823;-0,254451;0,978053;-0,233119;-0,244536;0,955791;-0,204985;-0,310742;1,580115;-0,156890;-0,185343;0,966251;-0,067056;-0,075236;1,076584;-0,344283;-0,029185;0,896403;0,023660;0,110940;0,668753;-0,352408;0,231626;0,820031;0,037773;0,109017;0,618417;-0,155031;0,217987;0,838140;0,057588;0,115902;0,606825;-0,088200;0,227208;0,843520;0,041564;0,102481;0,613360;-0,082715;0,214133;0,890817;0,030551;0,103097;0,640628;-0,098938;0,210087;0,904307;-0,024218;0,150434;0,397148;-0,110175;0,154915;0,398631;-0,007919;0,151013;0,388590;-0,094929;0,154253;0,396927;-0,002981;0,151052;0,388691;-0,085265;0,155098;0,399100;-0,004543;0,150753;0,387921;-0,089074;0,154207;0,396809;0,006759;0,150058;0,386131;-0,058643;0,154280;0,396997
00:00:02.396;54;6;6;6;5;114,298767;172,243550;171,519950;97,054952;119,526351;25,105353;-141,602528;167,908675;169,842148;-146,319292;17,959684;12,503616;40,945946;26,898018;-0,130168;-0,230207;0,990100;-0,131482;-0,272846;1,010938;-0,128069;-0,276265;1,023551;-0,124623;-0,279743;1,036415;-0,155377;-0,260605;0,965535;-0,169940;-0,259225;0,960420;-0,184829;-0,257976;0,955819;-0,141569;-0,254174;0,976985;-0,233051;-0,244821;0,955514;-0,178177;-0,269949;1,372525;-0,156954;-0,185344;0,966163;-0,066856;-0,075235;1,076379;-0,343615;-0,029169;0,896262;0,023900;0,110271;0,662540;-0,352581;0,231192;0,819670;0,037502;0,109361;0,617221;-0,155615;0,217997;0,838091;0,057123;0,117136;0,606886;-0,088514;0,227325;0,843338;0,041274;0,103819;0,612534;-0,083109;0,214065;0,890181;0,029993;0,103932;0,639008;-0,099294;0,210126;0,904200;-0,024080;0,150518;0,396746;-0,110313;0,155101;0,399110;-0,008247;0,151069;0,388734;-0,095368;0,154263;0,396952;-0,003495;0,151366;0,389499;-0,085774;0,154948;0,398715;-0,004951;0,151036;0,388649;-0,089755;0,154233;0,396876;0,005497;0,150312;0,386785;-0,060033;0,154281;0,396998
00:00:02.442;55;6;6;6;5;114,354369;172,267618;171,543795;97,117896;119,372649;23,958703;-141,597778;167,733300;169,715982;-145,862903;16,816571;12,917921;42,740594;25,536192;-0,130015;-0,229796;0,988315;-0,131265;-0,272388;1,009210;-0,127811;-0,275650;1,021258;-0,124382;-0,279139;1,034169;-0,155308;-0,260464;0,964998;-0,169282;-0,258905;0,959223;-0,184612;-0,257621;0,954482;-0,141404;-0,253993;0,976290;-0,233008;-0,245006;0,955334;-0,160979;-0,243778;1,239341;-0,156939;-0,185278;0,965756;-0,066135;-0,075871;1,076597;-0,343181;-0,029158;0,896170;0,024056;0,109837;0,658501;-0,352694;0,230910;0,819436;0,037306;0,109871;0,616094;-0,155994;0,218004;0,838059;0,056820;0,118283;0,606926;-0,088571;0,227023;0,841820;0,041061;0,104628;0,611647;-0,082794;0,213852;0,889068;0,029942;0,104661;0,636905;-0,099487;0,210070;0,903780;-0,023806;0,150612;0,397185;-0,110403;0,155222;0,399422;-0,008460;0,151105;0,388827;-0,095653;0,154269;0,396969;-0,003607;0,151570;0,390024;-0,086105;0,154851;0,398465;-0,005215;0,151220;0,389122;-0,089733;0,153842;0,395869;0,004891;0,150205;0,386511;-0,060937;0,154281;0,396999
00:00:02.490;56;6;6;6;5;114,424600;172,386180;171,559343;97,146745;119,229247;22,748005;-141,639788;167,659644;169,633881;-145,489857;15,942356;13,348726;45,010640;-26,484621;-0,129732;-0,229203;0,985755;-0,130987;-0,271807;1,007036;-0,127468;-0,274872;1,018368;-0,123973;-0,278179;1,030610;-0,155263;-0,260372;0,964648;-0,168915;-0,258792;0,958795;-0,184403;-0,257296;0,953264;-0,141246;-0,253785;0,975489;-0,233065;-0,245216;0,955567;-0,149436;-0,226216;1,149972;-0,156872;-0,185168;0,965141;-0,065666;-0,076285;1,076738;-0,342898;-0,029151;0,896111;0,024132;0,109437;0,655176;-0,352767;0,230726;0,819283;0,037505;0,110489;0,615011;-0,155764;0,218008;0,838039;0,056969;0,119374;0,606952;-0,088607;0,226826;0,840833;0,040946;0,105562;0,611421;-0,082525;0,213545;0,887644;0,029910;0,105495;0,635538;-0,099534;0,209871;0,902807;-0,023649;0,150806;0,397820;-0,110654;0,155573;0,400324;-0,008377;0,151129;0,388887;-0,095924;0,154410;0,397330;-0,003673;0,151431;0,389666;-0,086472;0,155059;0,399002;-0,005383;0,151203;0,389079;-0,089878;0,153860;0,395915;0,004497;0,150135;0,386332;-0,061525;0,154281;0,396999
00:00:02.525;57;6;5;6;5;114,473056;172,702445;171,828467;97,235683;119,224389;22,146317;-141,489536;167,660564;169,606644;-145,216091;14,936330;13,527013;46,146132;24,752120;-0,129547;-0,228818;0,984091;-0,130625;-0,271052;1,004224;-0,127070;-0,273989;1,015089;-0,123124;-0,277555;1,028297;-0,155234;-0,260312;0,964422;-0,168677;-0,258719;0,958517;-0,183726;-0,257085;0,952471;-0,140589;-0,253650;0,974968;-0,233187;-0,245443;0,956069;-0,141934;-0,214800;1,091882;-0,156829;-0,185096;0,964742;-0,065361;-0,076554;1,076830;-0,342447;-0,029124;0,895372;0,024220;0,109353;0,654064;-0,352965;0,230705;0,819534;0,037635;0,110890;0,614307;-0,155614;0,218011;0,838025;0,057066;0,120428;0,606969;-0,088557;0,226510;0,839491;0,041172;0,106393;0,610573;-0,082285;0,213177;0,886019;0,030180;0,106158;0,633250;-0,099488;0,209579;0,901474;-0,023546;0,150932;0,398233;-0,110397;0,155529;0,400211;-0,008323;0,151144;0,388927;-0,096100;0,154501;0,397564;-0,003723;0,151613;0,390133;-0,086408;0,155059;0,399001;-0,005279;0,151464;0,389751;-0,089746;0,153871;0,395945;0,004255;0,150634;0,387616;-0,061681;0,154281;0,397000
00:00:02.567;58;6;5;6;5;114,526619;172,693022;171,982189;97,380860;125,407233;36,511892;-141,398065;167,646862;169,486441;-155,544465;13,619309;13,925508;64,386758;-8,151955;-0,129335;-0,228405;0,982309;-0,130389;-0,270561;1,002395;-0,126366;-0,273698;1,014008;-0,122573;-0,277150;1,026793;-0,155159;-0,260179;0,963924;-0,168522;-0,258671;0,958336;-0,183286;-0,256948;0,951956;-0,140112;-0,253471;0,974279;-0,232637;-0,244956;0,956045;-0,137148;-0,207518;1,054823;-0,156800;-0,185049;0,964482;-0,065163;-0,076729;1,076889;-0,341779;-0,029117;0,895242;0,027523;0,122811;0,740142;-0,353094;0,230692;0,819697;0,037698;0,111087;0,613500;-0,155582;0,218104;0,838366;0,057129;0,121114;0,606980;-0,088524;0,226304;0,838619;0,041318;0,107280;0,610023;-0,082064;0,212770;0,884262;0,030339;0,106887;0,631412;-0,099342;0,209144;0,899558;-0,023439;0,150749;0,397802;-0,110614;0,156044;0,401537;-0,008288;0,151154;0,388952;-0,096214;0,154560;0,397717;-0,003755;0,151731;0,390436;-0,086290;0,154923;0,398651;-0,005211;0,151634;0,390188;-0,089661;0,153879;0,395964;0,004319;0,150959;0,388450;-0,061556;0,154281;0,397000
00:00:02.614;59;6;5;5;5;114,584100;172,583849;172,219077;97,578092;129,950231;43,208310;-141,370449;167,596903;169,341090;-162,163619;13,027804;-13,992728;68,754488;3,430334;-0,129197;-0,228136;0,981151;-0,130190;-0,269579;1,000857;-0,125866;-0,273414;1,012955;-0,122172;-0,276792;1,025465;-0,155167;-0,260187;0,963951;-0,168544;-0,258829;0,958918;-0,183134;-0,257047;0,952322;-0,139802;-0,253354;0,973831;-0,232195;-0,244550;0,955679;-0,134219;-0,202496;1,032135;-0,156782;-0,185019;0,964314;-0,065034;-0,076843;1,076928;-0,341344;-0,029113;0,895157;0,028996;0,130307;0,791542;-0,353796;0,230781;0,820153;0,037739;0,111216;0,612975;-0,155431;0,217982;0,837888;0,057203;0,121976;0,607337;-0,088429;0,225981;0,837353;0,041736;0,108140;0,609315;-0,081823;0,212752;0,882070;0,030425;0,107657;0,629868;-0,099208;0,209290;0,897963;-0,023389;0,150762;0,397871;-0,110852;0,156515;0,402749;-0,008265;0,151160;0,388969;-0,096230;0,154870;0,398516;-0,003772;0,151671;0,390284;-0,086365;0,155106;0,399123;-0,005163;0,151609;0,390123;-0,089843;0,154292;0,397027;0,004349;0,150761;0,387943;-0,061421;0,154145;0,396650
00:00:02.650;60;6;5;5;5;114,586418;172,512635;172,268453;97,573051;133,027957;46,854332;-141,311830;167,564220;169,212005;-166,316152;12,428704;13,504571;71,612734;-2,329772;-0,129016;-0,227799;0,979698;-0,130015;-0,268847;0,999507;-0,125497;-0,272561;1,011921;-0,121871;-0,275883;1,024252;-0,154623;-0,260192;0,963968;-0,168559;-0,258931;0,959297;-0,182968;-0,257018;0,952209;-0,139600;-0,253279;0,973540;-0,231908;-0,244287;0,955441;-0,132270;-0,199164;1,017038;-0,156827;-0,184517;0,964554;-0,064951;-0,076916;1,076953;-0,341061;-0,029111;0,895102;0,029424;0,133051;0,824252;-0,354101;0,230275;0,820100;0,037744;0,111583;0,612284;-0,155810;0,217903;0,837577;0,057563;0,122811;0,607219;-0,088367;0,225772;0,836529;0,042007;0,109045;0,608855;-0,082166;0,212740;0,880646;0,030750;0,108208;0,627114;-0,099121;0,209385;0,896926;-0,023357;0,150771;0,397916;-0,110718;0,156414;0,402487;-0,008504;0,151709;0,390380;-0,096156;0,154936;0,398685;-0,003784;0,151633;0,390184;-0,086414;0,155226;0,399430;-0,005354;0,151592;0,390080;-0,089961;0,154560;0,397717;0,004369;0,150633;0,387613;-0,061388;0,154193;0,396772
00:00:02.692;61;6;5;5;5;114,570878;172,431683;172,310632;97,595950;134,991010;48,755612;-141,149635;167,509950;169,121068;-168,776892;11,585103;-12,585848;71,575800;2,051919;-0,128851;-0,227498;0,978404;-0,129947;-0,268465;0,998980;-0,125301;-0,272100;1,011599;-0,121675;-0,275292;1,023464;-0,154214;-0,260101;0,963629;-0,168568;-0,258998;0,959543;-0,182927;-0,257093;0,952486;-0,139469;-0,253230;0,973351;-0,231721;-0,244115;0,955287;-0,131049;-0,197066;1,007575;-0,156799;-0,184124;0,964360;-0,064917;-0,076990;1,077320;-0,340878;-0,029109;0,895066;0,029187;0,133270;0,845164;-0,354299;0,229945;0,820065;0,037769;0,112234;0,612184;-0,157075;0,217943;0,837725;0,057797;0,123699;0,607142;-0,089714;0,226015;0,835644;0,042183;0,109979;0,608556;-0,084353;0,212648;0,879370;0,030961;0,108919;0,625324;-0,100043;0,209365;0,895902;-0,023542;0,150644;0,397596;-0,110534;0,156211;0,401966;-0,008882;0,152065;0,391297;-0,096024;0,154843;0,398446;-0,004235;0,151608;0,390120;-0,086445;0,155303;0,399630;-0,005699;0,151581;0,390052;-0,089811;0,154735;0,398166;0,004168;0,150822;0,388098;-0,061258;0,153952;0,396152
00:00:02.728;62;6;5;5;5;114,571203;172,044376;172,215089;97,569045;136,457207;50,224058;-141,091997;167,263908;168,926445;-170,564755;11,771825;12,373915;73,719281;-0,898452;-0,128837;-0,227466;0,978262;-0,129812;-0,268029;0,997937;-0,125087;-0,271612;1,010689;-0,121506;-0,274814;1,022602;-0,153948;-0,260042;0,963409;-0,168513;-0,258947;0,959353;-0,182767;-0,256953;0,951966;-0,139384;-0,253198;0,973228;-0,231430;-0,243825;0,954487;-0,129736;-0,195771;1,001774;-0,156781;-0,183869;0,964234;-0,064917;-0,077676;1,077908;-0,340514;-0,029131;0,895743;0,029068;0,133067;0,859807;-0,354428;0,229264;0,820042;0,037741;0,112528;0,611420;-0,158851;0,217968;0,837821;0,057950;0,124276;0,607093;-0,092215;0,226649;0,836819;0,042273;0,110522;0,608011;-0,087271;0,212588;0,878540;0,031080;0,109320;0,623811;-0,102086;0,209188;0,894536;-0,023662;0,150561;0,397387;-0,110187;0,156080;0,401628;-0,009352;0,152297;0,391893;-0,095433;0,153966;0,396190;-0,004750;0,151591;0,390078;-0,086466;0,155354;0,399759;-0,006152;0,151710;0,390384;-0,089556;0,154576;0,397758;0,003592;0,150809;0,388064;-0,061281;0,154067;0,396449
00:00:02.764;63;6;5;5;5;114,572092;171,668667;172,163019;97,561739;137,173642;50,691603;-140,994053;167,199873;168,792596;-171,279888;12,030941;12,102596;75,041720;0,408976;-0,128271;-0,227444;0,978171;-0,129724;-0,267746;0,997259;-0,124905;-0,271202;1,009748;-0,121396;-0,274504;1,022041;-0,153775;-0,260003;0,963266;-0,168415;-0,258819;0,958879;-0,182595;-0,256227;0,951278;-0,139329;-0,253177;0,973148;-0,230698;-0,243636;0,953966;-0,128793;-0,194793;0,997303;-0,156770;-0,183703;0,964152;-0,064937;-0,078148;1,078640;-0,340278;-0,029145;0,896183;0,028431;0,132171;0,867574;-0,354511;0,228822;0,820027;0,037724;0,112719;0,610923;-0,160482;0,217985;0,837884;0,058049;0,124651;0,607060;-0,094318;0,227061;0,837582;0,042332;0,111220;0,607657;-0,089705;0,212634;0,878351;0,031176;0,109996;0,623177;-0,103414;0,209072;0,893649;-0,023761;0,150640;0,397602;-0,109638;0,155858;0,401058;-0,009891;0,152583;0,392630;-0,095217;0,153669;0,395423;-0,005106;0,152125;0,391451;-0,086479;0,155386;0,399843;-0,006690;0,152202;0,391649;-0,089312;0,154337;0,397143;0,002999;0,150936;0,388392;-0,061749;0,154142;0,396642
00:00:02.802;64;6;5;5;5;114,567405;171,492983;172,197143;97,451802;137,623019;50,805153;-140,801382;167,161410;168,691806;-171,570925;11,916430;-12,288989;75,744312;0,222798;-0,127948;-0,227512;0,978461;-0,129576;-0,267374;0,996118;-0,124700;-0,270747;1,008436;-0,121241;-0,274114;1,020977;-0,153662;-0,259978;0,963173;-0,167746;-0,258642;0,958222;-0,182349;-0,255567;0,950131;-0,139293;-0,253163;0,973097;-0,230223;-0,243514;0,953628;-0,128181;-0,194157;0,994397;-0,156762;-0,183595;0,964099;-0,064951;-0,078455;1,079116;-0,339992;-0,029142;0,896119;0,027515;0,131087;0,872623;-0,354566;0,228068;0,820018;0,037712;0,112843;0,610600;-0,161475;0,217905;0,837575;0,058113;0,124895;0,607039;-0,095685;0,227329;0,838078;0,042370;0,111674;0,607427;-0,091099;0,212736;0,876478;0,031238;0,110436;0,622765;-0,104069;0,209093;0,891322;-0,024008;0,150426;0,397041;-0,109281;0,155714;0,400688;-0,010241;0,152770;0,393110;-0,095245;0,153747;0,395625;-0,005527;0,151655;0,390243;-0,086488;0,155408;0,399898;-0,007039;0,152522;0,392472;-0,089006;0,154317;0,397093;0,002392;0,151019;0,388605;-0,062504;0,154191;0,396767
00:00:02.848;65;6;5;5;5;114,550777;171,308876;172,293705;97,402074;137,952396;50,938931;-140,741760;167,127988;168,649348;-171,851481;11,568725;12,888036;76,198004;-0,089399;-0,127739;-0,227556;0,978650;-0,129434;-0,267038;0,995027;-0,124480;-0,270264;1,006884;-0,121058;-0,273673;1,019585;-0,153534;-0,259867;0,962762;-0,167189;-0,258337;0,957094;-0,182189;-0,255138;0,949385;-0,139219;-0,253063;0,972713;-0,229830;-0,243345;0,953058;-0,127692;-0,193607;0,991808;-0,156757;-0,183525;0,964064;-0,064938;-0,078629;1,079075;-0,339806;-0,029141;0,896077;0,026920;0,130382;0,875905;-0,354752;0,227674;0,820362;0,037705;0,112923;0,610390;-0,162119;0,217853;0,837373;0,058155;0,125054;0,607025;-0,096968;0,227313;0,837701;0,042395;0,111969;0,607278;-0,091967;0,212718;0,874911;0,030975;0,110909;0,623547;-0,104958;0,209023;0,889459;-0,024169;0,150062;0,396677;-0,109049;0,155621;0,400447;-0,010641;0,152211;0,391671;-0,095179;0,153662;0,395406;-0,005801;0,151350;0,389458;-0,086721;0,155421;0,399934;-0,007266;0,152730;0,393007;-0,089033;0,154305;0,397060;0,001335;0,150800;0,388043;-0,063447;0,154222;0,396849
00:00:02.896;66;6;5;5;5;114,505083;171,293311;172,356674;97,379760;138,315759;51,071028;-140,662035;167,148539;168,621708;-172,113828;10,996374;-12,822402;76,378624;-0,116288;-0,127603;-0,227584;0,978772;-0,129342;-0,266820;0,994318;-0,124380;-0,270043;1,006224;-0,120939;-0,273386;1,018680;-0,153450;-0,259795;0,962496;-0,166949;-0,258329;0,957061;-0,182153;-0,254953;0,949250;-0,139172;-0,252999;0,972463;-0,229658;-0,243324;0,953038;-0,127285;-0,193113;0,989425;-0,156754;-0,183480;0,964042;-0,064930;-0,078741;1,079049;-0,339685;-0,029140;0,896050;0,026070;0,129625;0,879438;-0,354874;0,227418;0,820585;0,037700;0,112976;0,610253;-0,163015;0,217819;0,837243;0,058182;0,125157;0,607017;-0,097802;0,227302;0,837456;0,042411;0,112161;0,607181;-0,092952;0,212535;0,873192;0,030839;0,111342;0,624756;-0,105493;0,208896;0,887898;-0,024274;0,149825;0,396440;-0,108613;0,155152;0,399241;-0,011123;0,151847;0,390736;-0,095192;0,153335;0,394564;-0,005979;0,151152;0,388948;-0,086720;0,155158;0,399257;-0,007414;0,152865;0,393354;-0,088972;0,154161;0,396689;0,000205;0,150795;0,388028;-0,064512;0,154243;0,396902
00:00:02.942;67;6;5;5;5;114,475422;171,491651;172,397691;97,375097;138,555756;51,165068;-140,610209;167,246567;168,603724;-172,285830;10,279914;13,495414;75,782233;0,856112;-0,127514;-0,227603;0,978852;-0,128942;-0,267148;0,995606;-0,124402;-0,270088;1,006496;-0,120944;-0,273388;1,018792;-0,153395;-0,259201;0,962322;-0,166792;-0,258323;0,957040;-0,182196;-0,254927;0,949513;-0,139141;-0,252956;0,972301;-0,229715;-0,243490;0,953725;-0,127020;-0,192792;0,987876;-0,156809;-0,183517;0,964377;-0,064925;-0,078815;1,079032;-0,339606;-0,029139;0,896033;0,025517;0,129132;0,881735;-0,354953;0,227252;0,820730;0,037697;0,113010;0,610165;-0,164073;0,217797;0,837158;0,058200;0,125224;0,607011;-0,098779;0,227200;0,836946;0,042397;0,112221;0,606767;-0,093554;0,212331;0,871725;0,030733;0,111561;0,625191;-0,106302;0,208730;0,886534;-0,024342;0,149671;0,396286;-0,108329;0,154847;0,398456;-0,011646;0,151475;0,389779;-0,095200;0,153122;0,394017;-0,006094;0,151023;0,388616;-0,086869;0,154851;0,398467;-0,007510;0,152952;0,393580;-0,089158;0,154067;0,396448;-0,000527;0,150655;0,387668;-0,065193;0,153712;0,395536
00:00:02.989;68;6;5;5;5;114,479733;171,412154;172,424388;97,371888;138,622409;51,102576;-140,598708;167,225659;168,592027;-172,296368;9,959717;-13,823898;72,907662;-1,503860;-0,127548;-0,227778;0,979604;-0,128727;-0,267454;0,996794;-0,124503;-0,270305;1,007372;-0,120989;-0,273482;1,019215;-0,153416;-0,258909;0,962559;-0,166813;-0,258508;0,957726;-0,182358;-0,255098;0,950383;-0,139170;-0,253020;0,972546;-0,229584;-0,243418;0,953471;-0,126758;-0,192446;0,986170;-0,156844;-0,183541;0,964595;-0,064922;-0,078863;1,079021;-0,339555;-0,029139;0,896021;0,025139;0,128711;0,882528;-0,355004;0,227144;0,820825;0,037390;0,113162;0,610807;-0,164761;0,217783;0,837103;0,058211;0,125267;0,607007;-0,099413;0,227134;0,836615;0,042388;0,112260;0,606499;-0,093983;0,212283;0,871121;0,030681;0,111766;0,625824;-0,106451;0,208870;0,886697;-0,024429;0,149835;0,396886;-0,108371;0,154649;0,397947;-0,011998;0,151369;0,389506;-0,095205;0,152984;0,393661;-0,007325;0,151755;0,390500;-0,086883;0,154108;0,396554;-0,008664;0,152601;0,392677;-0,089265;0,153598;0,395241;-0,001004;0,150564;0,387434;-0,065636;0,153367;0,394648
00:00:03.035;69;6;5;5;5;114,471764;171,464685;172,441757;97,377358;138,620420;51,008906;-140,573446;167,254390;168,584421;-172,252236;9,236934;13,968805;72,481055;1,927845;-0,127524;-0,227810;0,979742;-0,128677;-0,267842;0,998266;-0,124654;-0,270633;1,008642;-0,121102;-0,273732;1,020190;-0,153485;-0,258813;0,963064;-0,166826;-0,258628;0,958172;-0,182464;-0,255209;0,950949;-0,138785;-0,253335;0,973755;-0,229583;-0,243462;0,953656;-0,126588;-0,192222;0,985060;-0,156868;-0,183556;0,964737;-0,064920;-0,078894;1,079013;-0,339522;-0,029139;0,896014;0,024883;0,128386;0,882693;-0,355037;0,227074;0,820886;0,037169;0,113196;0,610875;-0,165347;0,217955;0,837767;0,058219;0,125295;0,607005;-0,099826;0,227091;0,836400;0,042382;0,112285;0,606324;-0,094338;0,212423;0,871429;0,030648;0,111899;0,626236;-0,107096;0,209044;0,887153;-0,024465;0,149810;0,396926;-0,108398;0,154520;0,397615;-0,012226;0,151300;0,389329;-0,095208;0,152894;0,393430;-0,008124;0,152231;0,391725;-0,086891;0,153624;0,395310;-0,009617;0,152101;0,391390;-0,089478;0,153157;0,394107;-0,001536;0,150641;0,387632;-0,065789;0,152327;0,391971
00:00:03.083;70;6;5;5;5;114,489822;171,290309;172,537797;97,406425;138,710309;51,066411;-140,584282;167,188365;168,595910;-172,325617;9,913419;-12,848343;71,386452;-1,290129;-0,127508;-0,227831;0,979833;-0,128734;-0,268281;0,999923;-0,124840;-0,271035;1,010167;-0,121258;-0,274082;1,021523;-0,153530;-0,258750;0,963391;-0,166834;-0,258707;0,958462;-0,182398;-0,255093;0,950617;-0,138534;-0,253539;0,974541;-0,229413;-0,243311;0,953077;-0,168829;-0,256408;1,314039;-0,156940;-0,183633;0,965179;-0,064918;-0,078914;1,079009;-0,339500;-0,029139;0,896009;0,024736;0,128277;0,883500;-0,355210;0,227125;0,821276;0,037047;0,113283;0,611269;-0,166066;0,217886;0,837498;0,057878;0,125314;0,607003;-0,100094;0,227063;0,836260;0,042402;0,112366;0,606561;-0,095143;0,212685;0,872329;0,030626;0,111986;0,626503;-0,107600;0,209321;0,888150;-0,024488;0,149793;0,396952;-0,108607;0,154709;0,398100;-0,012386;0,151391;0,389564;-0,095211;0,152835;0,393279;-0,008636;0,152405;0,392171;-0,086897;0,153310;0,394501;-0,010256;0,152048;0,391254;-0,089456;0,152598;0,392669;-0,002099;0,150555;0,387411;-0,065709;0,151243;0,389181
00:00:03.131;71;6;5;5;5;114,490786;170,967897;172,494333;97,277951;138,723222;51,050567;-140,573541;167,060449;168,566446;-172,322297;10,017609;12,579795;71,866689;0,812980;-0,127544;-0,227926;0,980241;-0,128591;-0,268191;0,999600;-0,124830;-0,271014;1,010109;-0,121318;-0,274215;1,022040;-0,153615;-0,258803;0,963954;-0,166840;-0,258758;0,958650;-0,182289;-0,254924;0,950051;-0,138371;-0,253672;0,975051;-0,229135;-0,243034;0,952000;-0,196196;-0,297992;1,527176;-0,156986;-0,183683;0,965466;-0,064917;-0,078927;1,079006;-0,339486;-0,029138;0,896006;0,024631;0,128155;0,883675;-0,355171;0,226594;0,821179;0,036946;0,113274;0,611175;-0,166603;0,217931;0,837674;0,057657;0,125326;0,607002;-0,100829;0,227235;0,836869;0,042070;0,112419;0,606715;-0,096124;0,212769;0,872564;0,030561;0,111854;0,625627;-0,108853;0,209337;0,888097;-0,024481;0,149651;0,396619;-0,108743;0,154831;0,398415;-0,012535;0,151995;0,391117;-0,095212;0,152797;0,393181;-0,008985;0,152790;0,393161;-0,087055;0,153378;0,394676;-0,010488;0,152558;0,392565;-0,089618;0,152915;0,393485;-0,002474;0,150907;0,388317;-0,066298;0,151490;0,389818
00:00:03.167;72;6;5;5;5;114,502194;171,071717;172,520647;97,290508;138,549200;50,711218;-140,584344;167,104685;168,463256;-172,115696;9,578156;-12,998295;71,358449;-1,476438;-0,127612;-0,228069;0,980857;-0,128454;-0,268039;0,999040;-0,124781;-0,270907;1,009721;-0,121315;-0,274208;1,022026;-0,153670;-0,258838;0,964320;-0,166783;-0,258696;0,958423;-0,182284;-0,254908;0,950033;-0,138315;-0,253849;0,975733;-0,229207;-0,243122;0,952350;-0,213984;-0,325021;1,665714;-0,157074;-0,183782;0,966003;-0,064917;-0,078935;1,079004;-0,339477;-0,029138;0,896004;0,024524;0,127873;0,882389;-0,355613;0,226249;0,821117;0,036881;0,113616;0,611113;-0,167358;0,217870;0,837438;0,057513;0,125334;0,607001;-0,101655;0,227062;0,836215;0,042175;0,112388;0,606464;-0,096644;0,212568;0,871666;0,030518;0,111769;0,625058;-0,109493;0,209017;0,886663;-0,024498;0,149690;0,396752;-0,108831;0,154911;0,398620;-0,012633;0,152387;0,392126;-0,095607;0,153045;0,393818;-0,009212;0,153040;0,393805;-0,087313;0,153694;0,395489;-0,010639;0,152889;0,393417;-0,089803;0,153257;0,394365;-0,002718;0,151136;0,388906;-0,066458;0,151651;0,390232
00:00:03.203;73;6;5;5;5;114,478515;171,343844;172,450492;97,259674;138,498185;50,502165;-140,797942;167,265926;168,424270;-172,205147;8,999788;12,793571;69,509501;-1,880593;-0,127839;-0,228488;0,982657;-0,128454;-0,268128;0,999376;-0,124879;-0,271119;1,010518;-0,121480;-0,274579;1,023417;-0,153761;-0,258955;0,964908;-0,166928;-0,258940;0,959325;-0,181941;-0,255179;0,951072;-0,138784;-0,253874;0,975827;-0,229422;-0,243358;0,953277;-0,225546;-0,342591;1,755764;-0,157130;-0,183846;0,966352;-0,064874;-0,078890;1,078302;-0,339604;-0,029660;0,896352;0,024454;0,127690;0,881553;-0,355901;0,226025;0,821076;0,036859;0,114253;0,611424;-0,167443;0,217921;0,837635;0,057419;0,125684;0,607001;-0,101283;0,227044;0,836140;0,042244;0,112369;0,606302;-0,096487;0,212438;0,871083;0,030810;0,111588;0,623987;-0,109405;0,208809;0,885731;-0,024466;0,149451;0,396139;-0,108793;0,154826;0,398403;-0,012696;0,152642;0,392782;-0,095752;0,153750;0,395632;-0,009360;0,153202;0,394223;-0,087485;0,154308;0,397068;-0,010737;0,153104;0,393971;-0,090162;0,153888;0,395987;-0,001986;0,150741;0,387889;-0,065340;0,152572;0,392601
00:00:03.255;74;6;5;5;5;114,463208;171,730148;172,383383;97,099273;138,556351;50,421046;-140,937907;167,453714;168,378402;-172,365427;9,494508;12,391647;61,709886;0,093726;-0,128032;-0,228841;0,984177;-0,128590;-0,268467;1,000644;-0,125072;-0,271538;1,012087;-0,121711;-0,275102;1,025371;-0,153877;-0,259124;0,965640;-0,167084;-0,259192;0,960261;-0,181784;-0,255992;0,952097;-0,139089;-0,253889;0,975887;-0,229730;-0,243691;0,954580;-0,233062;-0,354011;1,814297;-0,157224;-0,183955;0,966929;-0,064846;-0,078860;1,077847;-0,339686;-0,029999;0,896579;0,024429;0,127672;0,881709;-0,356087;0,225412;0,821049;0,036972;0,115062;0,613725;-0,166951;0,217863;0,837413;0,057358;0,125912;0,607001;-0,101083;0,227128;0,836441;0,042337;0,112485;0,606896;-0,096462;0,212524;0,871404;0,031053;0,111658;0,624342;-0,109391;0,208756;0,885475;-0,024445;0,149296;0,395740;-0,108768;0,154772;0,398262;-0,012737;0,152808;0,393208;-0,096014;0,154480;0,397511;-0,009231;0,153308;0,394495;-0,087674;0,154843;0,398444;-0,010800;0,153244;0,394331;-0,090475;0,154434;0,397392;-0,001071;0,150620;0,387578;-0,064161;0,153170;0,394140
00:00:03.301;75;6;5;6;5;114,427072;171,912248;172,248820;96,966834;138,589663;50,163720;-141,096354;167,570953;168,342352;-172,524598;10,228732;-12,042640;38,318468;-5,250028;-0,128066;-0,228908;0,984465;-0,128857;-0,269063;1,002869;-0,125327;-0,272092;1,014157;-0,121945;-0,275630;1,027341;-0,153952;-0,259785;0,966116;-0,167185;-0,259357;0,960870;-0,181749;-0,256615;0,953113;-0,139287;-0,253900;0,975927;-0,229930;-0,243906;0,955427;-0,239701;-0,364097;1,865993;-0,157228;-0,184509;0,966954;-0,064828;-0,078841;1,077550;-0,339872;-0,030232;0,897076;0,024412;0,127660;0,881811;-0,356209;0,225013;0,821032;0,037487;0,116611;0,622572;-0,166563;0,217735;0,836918;0,057319;0,125715;0,607000;-0,100953;0,227182;0,836637;0,042496;0,112124;0,608683;-0,096446;0,212579;0,871613;0,031299;0,111300;0,626322;-0,109426;0,208805;0,885659;-0,024723;0,149591;0,396531;-0,108370;0,154192;0,396770;-0,012763;0,152915;0,393485;-0,095932;0,154546;0,397682;-0,009389;0,153649;0,395372;-0,087870;0,154918;0,398639;-0,011067;0,153335;0,394565;-0,090746;0,154516;0,397605;-0,000475;0,150677;0,387726;-0,063620;0,153559;0,395141
00:00:03.349;76;6;5;6;5;114,456259;172,057492;172,159181;96,762130;138,546416;50,283303;-141,135437;167,603163;168,285364;-172,538402;10,116720;11,658387;47,363031;-32,670830;-0,128089;-0,228952;0,984652;-0,129121;-0,269639;1,005015;-0,125623;-0,272734;1,016552;-0,122222;-0,276255;1,029672;-0,154056;-0,260308;0,966776;-0,167250;-0,259463;0,961265;-0,181792;-0,257115;0,954123;-0,139416;-0,253906;0,975952;-0,230145;-0,244136;0,956328;-0,242532;-0,368400;1,888045;-0,157231;-0,184869;0,966970;-0,064859;-0,079493;1,078058;-0,339993;-0,030383;0,897400;0,024892;0,127602;0,881527;-0,356288;0,224287;0,821021;0,037548;0,116055;0,623772;-0,166786;0,217651;0,836597;0,057293;0,124204;0,607000;-0,100785;0,227027;0,836064;0,043211;0,112396;0,618594;-0,096397;0,212530;0,871398;0,032006;0,111844;0,638459;-0,109405;0,208754;0,885428;-0,024720;0,150047;0,397745;-0,108110;0,153815;0,395801;-0,012567;0,153121;0,394015;-0,096047;0,154862;0,398493;-0,009266;0,153870;0,395942;-0,087997;0,154967;0,398765;-0,011240;0,153394;0,394717;-0,091002;0,154706;0,398093;-0,000088;0,150850;0,388172;-0,063269;0,153812;0,395792
00:00:03.384;77;6;5;6;5;114,549204;172,221183;172,052202;96,530794;138,523149;50,459950;-141,142672;167,628398;168,322821;-172,492168;10,027058;11,501321;48,183055;50,764623;-0,128103;-0,228980;0,984774;-0,129383;-0,270201;1,007110;-0,125902;-0,273340;1,018809;-0,122484;-0,276848;1,031887;-0,154124;-0,260649;0,967204;-0,167293;-0,259533;0,961523;-0,181821;-0,257439;0,954780;-0,139550;-0,254002;0,976319;-0,230284;-0,244285;0,956913;-0,242844;-0,368875;1,890480;-0,157233;-0,185103;0,966981;-0,064879;-0,079918;1,078387;-0,339939;-0,030469;0,897260;0,025205;0,127565;0,881343;-0,355720;0,223720;0,820664;0,037799;0,115250;0,628052;-0,166455;0,217597;0,836388;0,057310;0,121217;0,607350;-0,100675;0,226927;0,835691;0,043871;0,110866;0,627836;-0,096365;0,212498;0,871259;0,032536;0,110922;0,647749;-0,109434;0,208803;0,885628;-0,024762;0,150379;0,399234;-0,108551;0,154114;0,396570;-0,012440;0,153255;0,394360;-0,095810;0,154931;0,398671;-0,008471;0,153198;0,394212;-0,087550;0,154863;0,398497;-0,010469;0,153705;0,395516;-0,090928;0,154421;0,397361;0,000824;0,150691;0,387762;-0,062318;0,153296;0,394465
00:00:03.426;78;6;5;6;5;114,695138;172,360108;171,872657;96,092548;138,898869;51,406817;-141,376570;167,665549;168,321078;-173,160331;9,435599;-11,607174;50,300768;62,980493;-0,128204;-0,229161;0,985553;-0,129508;-0,270472;1,008121;-0,126126;-0,273827;1,020626;-0,122738;-0,277422;1,034026;-0,154113;-0,260776;0,967133;-0,167321;-0,259578;0,961690;-0,181839;-0,257650;0,955207;-0,139587;-0,253973;0,976207;-0,230459;-0,244472;0,957643;-0,243946;-0,370549;1,899062;-0,156683;-0,185256;0,966987;-0,064892;-0,080194;1,078602;-0,340037;-0,031048;0,897519;0,026028;0,127589;0,885073;-0,355352;0,222418;0,820431;0,038130;0,113762;0,633634;-0,166240;0,217562;0,836252;0,057071;0,117388;0,608628;-0,100604;0,226861;0,835449;0,044340;0,107854;0,639793;-0,096228;0,212221;0,870118;0,032969;0,107560;0,655537;-0,109281;0,208505;0,884358;-0,024962;0,151413;0,403002;-0,108837;0,154309;0,397071;-0,011475;0,153614;0,395284;-0,094422;0,154431;0,397386;-0,007286;0,152761;0,393088;-0,086729;0,155068;0,399023;-0,009489;0,153362;0,394636;-0,090125;0,154100;0,396534;0,002518;0,150588;0,387495;-0,060963;0,153369;0,394652
00:00:03.474;79;6;5;6;5;114,791707;172,275268;171,758776;95,677398;143,288262;57,944240;-141,440627;167,701773;168,287511;-177,314418;9,365984;11,244791;49,425584;65,506845;-0,128269;-0,229279;0,986060;-0,129679;-0,270836;1,009479;-0,126272;-0,274726;1,021807;-0,122903;-0,278386;1,035417;-0,154161;-0,260953;0,967436;-0,167339;-0,260155;0,961798;-0,181851;-0,258332;0,955485;-0,139711;-0,254136;0,976835;-0,230573;-0,245139;0,958118;-0,244842;-0,373003;1,906040;-0,156326;-0,185354;0,966992;-0,065557;-0,081040;1,079441;-0,340233;-0,031437;0,898037;0,025242;0,131762;0,916547;-0,355263;0,221198;0,820630;0,038245;0,110588;0,641812;-0,166100;0,217539;0,836164;0,056983;0,112525;0,614008;-0,100082;0,226344;0,835292;0,044811;0,102848;0,650016;-0,095760;0,211802;0,870427;0,033356;0,102230;0,662699;-0,109397;0,208219;0,885283;-0,025135;0,151409;0,406152;-0,109023;0,154435;0,397396;-0,009919;0,153304;0,394485;-0,092397;0,154107;0,396551;-0,005619;0,152069;0,391307;-0,084339;0,153840;0,395865;-0,008170;0,152868;0,393363;-0,088933;0,154300;0,397047;0,005371;0,150384;0,386972;-0,058106;0,153552;0,395124
00:00:03.520;80;6;5;6;5;114,952908;172,184734;171,775730;95,436958;148,349761;64,943151;-141,561178;167,687577;168,271541;179,009886;8,717854;10,730358;61,514071;64,263914;-0,128494;-0,229681;0,987789;-0,129925;-0,271932;1,011411;-0,126540;-0,275689;1,023974;-0,123177;-0,279390;1,037721;-0,154192;-0,261068;0,967634;-0,167351;-0,260530;0,961869;-0,181992;-0,258965;0,956365;-0,139842;-0,254333;0,977593;-0,230562;-0,245482;0,958077;-0,248931;-0,379969;1,937876;-0,156038;-0,185352;0,966645;-0,065990;-0,081591;1,079987;-0,340228;-0,031677;0,898024;0,022705;0,136600;0,947856;-0,355206;0,220406;0,820760;0,038925;0,106857;0,650978;-0,166079;0,217615;0,836457;0,058124;0,107544;0,626605;-0,099309;0,225626;0,835540;0,047840;0,096479;0,662260;-0,095379;0,211360;0,869927;0,035445;0,096730;0,672604;-0,109602;0,207772;0,886934;-0,025203;0,152324;0,411349;-0,109144;0,154517;0,397607;-0,008005;0,152830;0,393265;-0,091089;0,154304;0,397058;-0,003872;0,151347;0,389450;-0,082060;0,152498;0,392412;-0,006646;0,152547;0,392536;-0,087630;0,154293;0,397031;0,007687;0,150524;0,387332;-0,055978;0,153535;0,395081
00:00:03.567;81;6;5;6;5;115,063327;172,003048;171,652136;95,290951;150,788146;68,626618;-141,605609;167,678992;168,329643;178,028420;9,496974;-10,064361;59,575987;66,028194;-0,128731;-0,230105;0,989613;-0,130130;-0,272739;1,013017;-0,126801;-0,276503;1,026083;-0,123438;-0,280232;1,039919;-0,154213;-0,261142;0,967762;-0,167419;-0,260868;0,962265;-0,182150;-0,259471;0,957287;-0,140383;-0,254279;0,977385;-0,230556;-0,245706;0,958050;-0,249026;-0,380572;1,938620;-0,155851;-0,185350;0,966419;-0,066314;-0,082002;1,081041;-0,340735;-0,031834;0,898016;0,019803;0,139802;0,960856;-0,355017;0,219797;0,820494;0,041844;0,101388;0,659736;-0,166134;0,217278;0,836997;0,062260;0,099498;0,631993;-0,098452;0,225441;0,836751;0,054230;0,088199;0,671619;-0,094975;0,211336;0,872753;0,040693;0,089355;0,683943;-0,109822;0,207645;0,888707;-0,025007;0,152919;0,414727;-0,109319;0,154707;0,398095;-0,006307;0,152114;0,391422;-0,090012;0,154432;0,397388;-0,002296;0,151150;0,388942;-0,080639;0,152170;0,391568;-0,004981;0,151794;0,390598;-0,086781;0,154697;0,398070;0,009621;0,150479;0,387216;-0,054189;0,153660;0,395402
00:00:03.613;82;6;5;6;5;115,176564;172,044267;171,558795;95,073920;152,468300;71,993099;-141,584653;167,549349;168,338571;177,370977;10,241138;-10,919168;34,123358;62,714593;-0,129021;-0,230625;0,991848;-0,130887;-0,273358;1,014411;-0,127229;-0,277600;1,029554;-0,123815;-0,281251;1,043097;-0,154337;-0,261380;0,968545;-0,167646;-0,261374;0,963572;-0,182386;-0,259990;0,958587;-0,140835;-0,254426;0,977950;-0,231181;-0,245941;0,958383;-0,247200;-0,378071;1,924403;-0,155729;-0,185349;0,966272;-0,066547;-0,082296;1,082077;-0,341065;-0,031935;0,898010;0,017927;0,141986;0,970007;-0,354894;0,218935;0,820321;0,050559;0,093435;0,685378;-0,167054;0,216969;0,836998;0,072919;0,088067;0,642846;-0,098850;0,225321;0,837538;0,067120;0,075654;0,681552;-0,094712;0,211320;0,874589;0,052784;0,078654;0,697613;-0,110342;0,207318;0,888810;-0,024880;0,153306;0,416922;-0,109950;0,155238;0,399462;-0,005428;0,151784;0,390574;-0,089617;0,154651;0,397952;-0,001492;0,150886;0,388262;-0,081395;0,155221;0,399419;-0,003898;0,151304;0,389339;-0,086378;0,155232;0,399446;0,010659;0,150450;0,387140;-0,053478;0,153742;0,395612
00:00:03.660;83;6;5;6;5;115,271000;171,827707;171,482275;95,041785;154,554658;75,686416;-141,324528;167,290200;168,321555;176,100514;11,384845;10,872959;32,177138;58,102919;-0,129210;-0,230963;0,993301;-0,131470;-0,273949;1,016017;-0,127638;-0,278596;1,032860;-0,124226;-0,282292;1,046563;-0,154418;-0,261534;0,969054;-0,167794;-0,261702;0,964422;-0,182540;-0,260328;0,959431;-0,141636;-0,254987;0,977968;-0,231588;-0,246093;0,958599;-0,244889;-0,374724;1,906412;-0,155650;-0,185348;0,966177;-0,066806;-0,082621;1,084500;-0,341413;-0,032014;0,898357;0,017395;0,144546;0,983654;-0,354815;0,218841;0,820209;0,058029;0,087576;0,703446;-0,167722;0,216859;0,837349;0,083988;0,079432;0,657250;-0,099108;0,224765;0,838050;0,079436;0,065859;0,693259;-0,094842;0,211479;0,878583;0,063645;0,069718;0,707548;-0,110898;0,207003;0,890626;-0,024637;0,154070;0,419749;-0,110167;0,155311;0,399650;-0,004850;0,151298;0,389323;-0,089282;0,154658;0,397969;-0,000970;0,150578;0,387471;-0,081887;0,157205;0,404523;-0,003415;0,150986;0,388520;-0,086116;0,155579;0,400340;0,011333;0,150431;0,387091;-0,052877;0,153387;0,394697
00:00:03.707;84;6;5;6;5;115,295416;171,375164;171,351740;94,992038;157,839046;80,614036;-141,146367;166,994536;168,295688;173,656491;13,367249;11,190545;24,537609;-53,154787;-0,129515;-0,231508;0,995646;-0,132168;-0,274995;1,019511;-0,128583;-0,279432;1,035709;-0,125051;-0,283473;1,048466;-0,154527;-0,262282;0,969735;-0,168012;-0,262106;0,965674;-0,183320;-0,260737;0,960680;-0,142258;-0,255535;0,978679;-0,231683;-0,246013;0,958039;-0,246848;-0,377851;1,921668;-0,155654;-0,185414;0,966465;-0,066996;-0,082859;1,086425;-0,341772;-0,032077;0,898932;0,017830;0,147919;1,004075;-0,354763;0,218780;0,820136;0,067956;0,084905;0,734790;-0,167679;0,216787;0,837577;0,098071;0,073167;0,677112;-0,098922;0,224205;0,839432;0,094764;0,058453;0,710668;-0,094173;0,211661;0,883629;0,077127;0,062980;0,724856;-0,110881;0,207042;0,892857;-0,024480;0,154566;0,421587;-0,109888;0,155087;0,399073;-0,004914;0,150982;0,388510;-0,089064;0,154662;0,397980;-0,000849;0,150106;0,386256;-0,082207;0,158494;0,407840;-0,003318;0,150643;0,387638;-0,086327;0,155669;0,400571;0,011771;0,150418;0,387059;-0,052710;0,153156;0,394103
00:00:03.752;85;6;5;6;5;115,250173;171,181961;171,354423;94,980322;158,873125;82,825339;-140,958455;166,689717;168,294951;172,220511;14,339520;-11,348173;20,391141;51,224876;-0,129713;-0,231862;0,997170;-0,132758;-0,275958;1,022832;-0,129372;-0,280354;1,038961;-0,125671;-0,284430;1,050403;-0,154597;-0,262768;0,970178;-0,168214;-0,262463;0,966838;-0,183828;-0,261003;0,961492;-0,143117;-0,255708;0,978441;-0,232289;-0,245961;0,957675;-0,244076;-0,373686;1,900084;-0,155658;-0,185458;0,966652;-0,067120;-0,082393;1,087676;-0,342005;-0,032118;0,899306;0,020374;0,149438;1,012799;-0,354881;0,218834;0,820438;0,079734;0,081748;0,754463;-0,167651;0,216740;0,837725;0,112834;0,067274;0,687573;-0,098760;0,223748;0,839981;0,111626;0,052410;0,722685;-0,093665;0,211612;0,886209;0,092965;0,057546;0,739957;-0,110870;0,207066;0,894307;-0,023818;0,154137;0,421382;-0,109898;0,155213;0,399397;-0,004736;0,150777;0,387982;-0,088851;0,154937;0,398687;-0,000115;0,149799;0,385466;-0,082064;0,158652;0,408246;-0,002157;0,150964;0,388465;-0,085552;0,155727;0,400721;0,011585;0,150002;0,385988;-0,052601;0,153006;0,393717
00:00:03.800;86;6;5;6;5;115,220819;171,215456;171,479159;95,125467;159,716312;84,974590;-140,617146;166,324740;168,316837;170,785162;14,980092;11,592285;18,565747;47,956589;-0,129842;-0,232093;0,998160;-0,133232;-0,276773;1,025691;-0,130016;-0,281236;1,042125;-0,126200;-0,285337;1,052712;-0,155196;-0,263083;0,970466;-0,168836;-0,262600;0,967245;-0,184158;-0,261176;0,962020;-0,143779;-0,256562;0,978987;-0,232768;-0,246017;0,957789;-0,246770;-0,377865;1,921055;-0,156153;-0,185419;0,966424;-0,066021;-0,081547;1,089540;-0,342024;-0,032133;0,899199;0,025046;0,152020;1,021269;-0,354957;0,219336;0,820635;0,090325;0,080502;0,775651;-0,167633;0,216710;0,837821;0,126811;0,063779;0,703822;-0,098216;0,223544;0,840688;0,126754;0,048490;0,738545;-0,092828;0,211581;0,887886;0,106384;0,053913;0,755372;-0,110776;0,206921;0,894550;-0,022927;0,153985;0,421598;-0,109906;0,155295;0,399608;-0,004403;0,150779;0,387988;-0,088635;0,154979;0,398796;0,000806;0,150008;0,386003;-0,081392;0,158074;0,406760;-0,000741;0,150765;0,387952;-0,084601;0,155357;0,399769;0,011464;0,149732;0,385293;-0,052484;0,152772;0,393116
00:00:03.847;87;6;6;6;5;115,216889;171,515578;171,593603;95,288131;160,918714;86,896942;-140,399662;166,182493;168,423213;168,906920;15,560327;11,663281;23,304993;-45,784612;-0,130449;-0,232729;0,998454;-0,133943;-0,277509;1,026149;-0,130765;-0,281836;1,042081;-0,127018;-0,286242;1,053163;-0,155585;-0,263289;0,970653;-0,169240;-0,263241;0,967509;-0,184372;-0,261837;0,962363;-0,144662;-0,256932;0,978642;-0,233251;-0,246233;0,958563;-0,249779;-0,383641;1,944486;-0,156532;-0,186011;0,966626;-0,065307;-0,080997;1,090751;-0,341903;-0,032130;0,898779;0,030037;0,154439;1,031675;-0,354540;0,219662;0,820763;0,108523;0,077004;0,785223;-0,167622;0,216213;0,837884;0,148597;0,060792;0,721735;-0,097384;0,223411;0,841147;0,150451;0,045942;0,757254;-0,091847;0,211726;0,889676;0,129324;0,050427;0,769242;-0,110376;0,207149;0,896107;-0,021659;0,154142;0,422439;-0,109587;0,155212;0,399395;-0,003528;0,151053;0,388692;-0,088268;0,155007;0,398868;0,002286;0,150143;0,386352;-0,080085;0,156883;0,403694;0,001060;0,150636;0,387619;-0,083674;0,155389;0,399850;0,012478;0,149556;0,384840;-0,051516;0,152620;0,392726
00:00:03.893;88;6;6;6;5;115,230427;171,855311;171,765956;95,418752;161,868603;88,172976;-140,097446;166,007602;168,495102;167,830571;16,064832;11,626094;25,203966;39,678824;-0,130705;-0,233464;0,997595;-0,134451;-0,278668;1,026797;-0,131296;-0,282914;1,042403;-0,127592;-0,287526;1,053806;-0,155838;-0,263975;0,970774;-0,169503;-0,264207;0,967681;-0,185060;-0,262814;0,962586;-0,145634;-0,257451;0,977367;-0,233649;-0,246463;0,959416;-0,249083;-0,384397;1,939066;-0,156721;-0,186878;0,966407;-0,064260;-0,080691;1,092238;-0,341691;-0,032115;0,898156;0,033320;0,156770;1,039489;-0,354268;0,219874;0,820846;0,122679;0,075656;0,796695;-0,167614;0,215891;0,837924;0,165744;0,060217;0,740028;-0,096842;0,223325;0,841446;0,167833;0,044774;0,770115;-0,091245;0,211904;0,891189;0,146654;0,048652;0,778957;-0,110159;0,207379;0,897470;-0,020851;0,154371;0,423335;-0,109058;0,155022;0,398907;-0,002959;0,151231;0,389150;-0,087878;0,155161;0,399264;0,003248;0,150231;0,386579;-0,079416;0,156924;0,403801;0,002231;0,150551;0,387402;-0,083214;0,155681;0,400602;0,013137;0,149441;0,384546;-0,050036;0,152657;0,392822
00:00:03.939;89;6;6;6;5;115,208851;172,023993;171,869018;95,504014;162,480849;88,752380;-139,930683;165,943856;168,548330;166,745309;16,388367;11,715785;23,426628;25,788643;-0,130964;-0,234675;0,997737;-0,134782;-0,280006;1,027218;-0,131597;-0,284113;1,042262;-0,128306;-0,288381;1,052124;-0,156058;-0,265069;0,971203;-0,169735;-0,264932;0,968143;-0,185642;-0,263642;0,963431;-0,146266;-0,257788;0,976539;-0,233823;-0,247069;0,959620;-0,250744;-0,389302;1,951993;-0,156295;-0,187441;0,966264;-0,063560;-0,079843;1,092855;-0,341553;-0,032105;0,897752;0,036683;0,158392;1,045268;-0,354092;0,220012;0,820900;0,137654;0,076202;0,814652;-0,167609;0,215681;0,837951;0,183241;0,062162;0,764168;-0,096051;0,223361;0,841990;0,184045;0,045197;0,783375;-0,090345;0,212020;0,892173;0,161215;0,048322;0,783872;-0,109548;0,207609;0,898705;-0,020325;0,154520;0,423918;-0,108714;0,154899;0,398590;-0,003255;0,151346;0,389447;-0,088300;0,154853;0,398472;0,002775;0,150561;0,387426;-0,080342;0,157359;0,404921;0,001892;0,150633;0,387612;-0,084060;0,155871;0,401091;0,013565;0,149367;0,384355;-0,050282;0,152954;0,393584
00:00:03.986;90;6;6;6;5;115,175706;172,372103;171,995583;95,551957;163,133946;89,091723;-139,564070;165,815140;168,457559;165,970203;16,004475;12,579905;27,885709;9,963165;-0,131178;-0,236114;0,998179;-0,134904;-0,281267;1,026792;-0,131748;-0,285388;1,041820;-0,128814;-0,289033;1,051380;-0,156202;-0,266334;0,971482;-0,169886;-0,265955;0,968443;-0,185539;-0,264826;0,964330;-0,147231;-0,258562;0,976000;-0,234107;-0,247644;0,960453;-0,251733;-0,393473;1,959695;-0,156017;-0,188357;0,966172;-0,062521;-0,078719;1,093956;-0,340953;-0,032099;0,897489;0,038953;0,159768;1,051124;-0,353977;0,219635;0,820935;0,149317;0,077040;0,826324;-0,168153;0,215634;0,838318;0,198839;0,064938;0,786859;-0,095575;0,223478;0,842693;0,198977;0,046750;0,797944;-0,089217;0,212012;0,892463;0,174945;0,049410;0,793367;-0,109067;0,207597;0,898808;-0,019952;0,154362;0,423597;-0,108585;0,154955;0,398733;-0,004088;0,150741;0,387891;-0,089252;0,154653;0,397957;0,001141;0,150639;0,387627;-0,082186;0,157370;0,404948;0,000120;0,150958;0,388447;-0,085826;0,155723;0,400709;0,011869;0,149183;0,383881;-0,051566;0,153146;0,394080
00:00:04.033;91;6;6;6;5;115,140440;172,431451;172,183674;95,604180;163,665148;89,292013;-139,151186;165,621402;168,404890;165,401427;16,239285;-13,140113;28,039019;-7,358438;-0,131363;-0,237132;0,998816;-0,134984;-0,282087;1,026515;-0,131847;-0,286217;1,041533;-0,129100;-0,289957;1,050547;-0,156239;-0,267059;0,971313;-0,169984;-0,267171;0,968638;-0,185471;-0,265595;0,964915;-0,147752;-0,258879;0,974950;-0,234206;-0,247928;0,960645;-0,250758;-0,393624;1,952102;-0,155837;-0,189503;0,966112;-0,061885;-0,078037;1,095371;-0,340563;-0,032095;0,897318;0,040486;0,160876;1,056331;-0,354053;0,219482;0,821308;0,158169;0,078661;0,840210;-0,168507;0,215604;0,838557;0,211470;0,068024;0,805458;-0,095345;0,223739;0,843851;0,210580;0,049282;0,809163;-0,088518;0,212089;0,893001;0,186929;0,051011;0,806189;-0,108711;0,207508;0,898526;-0,019966;0,154145;0,423738;-0,108311;0,154719;0,398127;-0,004854;0,150484;0,387229;-0,090096;0,154523;0,397622;0,000080;0,150690;0,387758;-0,083384;0,157377;0,404966;-0,001250;0,151033;0,388641;-0,086974;0,155626;0,400461;0,010766;0,149063;0,383572;-0,052497;0,153544;0,395102
00:00:04.080;92;6;6;6;5;115,146211;172,507985;172,470518;95,553514;165,370331;89,910123;-138,773696;165,469605;168,373242;164,082193;16,501587;-13,645909;25,469634;18,037352;-0,131006;-0,238532;0,999931;-0,134897;-0,282912;1,025285;-0,131777;-0,287056;1,040297;-0,129243;-0,290460;1,049656;-0,156263;-0,268084;0,971204;-0,170047;-0,267961;0,968765;-0,185428;-0,266645;0,965294;-0,148197;-0,259271;0,974968;-0,234271;-0,248112;0,960769;-0,250214;-0,394968;1,947866;-0,155720;-0,190247;0,966073;-0,061490;-0,077618;1,096641;-0,340177;-0,032080;0,896856;0,041810;0,162826;1,067765;-0,354254;0,219009;0,821900;0,163890;0,085456;0,856587;-0,168737;0,215584;0,838712;0,220077;0,074656;0,820698;-0,094309;0,224094;0,845303;0,218526;0,056862;0,819606;-0,087046;0,212649;0,893350;0,193908;0,058403;0,816973;-0,107109;0,207773;0,899742;-0,019976;0,154005;0,423830;-0,108002;0,154702;0,398082;-0,005812;0,150725;0,387849;-0,090645;0,154438;0,397404;-0,001061;0,151131;0,388892;-0,083941;0,156974;0,403928;-0,002588;0,151218;0,389117;-0,087790;0,155292;0,399600;0,010074;0,149393;0,384422;-0,053149;0,153938;0,396116
00:00:04.116;93;6;6;6;5;115,141234;172,622458;172,629860;95,332503;166,344183;89,256033;-138,437080;165,350891;168,218185;163,325992;16,858063;14,016841;19,066919;11,309138;-0,130819;-0,239526;1,001005;-0,134887;-0,283545;1,024835;-0,131777;-0,287699;1,039843;-0,129250;-0,291188;1,048376;-0,156278;-0,268749;0,971132;-0,170089;-0,269027;0,968847;-0,185533;-0,267522;0,966241;-0,148380;-0,259340;0,974279;-0,234398;-0,248869;0,961200;-0,250665;-0,400053;1,960163;-0,155644;-0,191280;0,966047;-0,061253;-0,077371;1,097817;-0,339548;-0,032083;0,896907;0,042656;0,164041;1,074847;-0,354384;0,218232;0,822285;0,168539;0,094302;0,874581;-0,168816;0,215959;0,838463;0,224996;0,082268;0,829904;-0,093559;0,224140;0,845547;0,224568;0,066573;0,831294;-0,085645;0,213180;0,894278;0,258699;0,094563;1,074932;-0,105753;0,208350;0,902282;-0,019949;0,153419;0,423189;-0,107762;0,154963;0,398753;-0,006434;0,150882;0,388252;-0,090776;0,154383;0,397263;-0,001802;0,151417;0,389630;-0,084377;0,156847;0,403603;-0,003236;0,151338;0,389426;-0,088095;0,155074;0,399040;0,009623;0,149608;0,384974;-0,053526;0,154058;0,396426
00:00:04.159;94;6;6;6;5;115,091280;172,765869;172,780513;95,081852;166,837881;87,982348;-138,299696;165,362504;168,126494;162,633220;16,657044;14,600217;20,059226;-14,866629;-0,130788;-0,240341;1,002403;-0,134834;-0,283860;1,024193;-0,131732;-0,288019;1,039198;-0,129211;-0,291563;1,047195;-0,156345;-0,269279;0,971436;-0,170177;-0,269817;0,969251;-0,185602;-0,268092;0,966857;-0,148498;-0,259384;0,973831;-0,234481;-0,249362;0,961480;-0,248383;-0,399167;1,947856;-0,155651;-0,192022;0,966381;-0,061060;-0,076536;1,097881;-0,339140;-0,032085;0,896939;0,043796;0,164105;1,078751;-0,354620;0,217351;0,822885;0,172851;0,101625;0,882428;-0,168867;0,216202;0,838301;0,231507;0,090224;0,840787;-0,093071;0,224651;0,845705;0,230247;0,075912;0,839941;-0,084573;0,213614;0,893131;0,243614;0,095766;1,000056;-0,104713;0,208916;0,902533;-0,019948;0,152924;0,423123;-0,107513;0,154996;0,398840;-0,006839;0,150983;0,388514;-0,090540;0,153804;0,395771;-0,002284;0,151604;0,390110;-0,084661;0,156765;0,403392;-0,003888;0,151688;0,390327;-0,087903;0,154253;0,396926;0,009331;0,149747;0,385333;-0,053722;0,154000;0,396277
00:00:04.205;95;6;6;6;5;115,075712;172,995286;172,981130;94,944816;167,320646;86,706422;-138,087442;165,389374;168,072324;162,073332;16,933535;-15,455466;26,323065;-11,165244;-0,130723;-0,241357;1,002962;-0,134708;-0,283870;1,023075;-0,131658;-0,288130;1,038429;-0,129142;-0,291709;1,046077;-0,156388;-0,270177;0,971634;-0,170235;-0,270331;0,969513;-0,185647;-0,269014;0,967257;-0,148576;-0,259413;0,973540;-0,234620;-0,249773;0,962012;-0,248188;-0,400686;1,950006;-0,155655;-0,192505;0,966597;-0,060955;-0,076017;1,098273;-0,338742;-0,032073;0,896611;0,044596;0,164358;1,082688;-0,354773;0,216778;0,823275;0,176968;0,108794;0,886478;-0,168901;0,216360;0,838196;0,238122;0,098981;0,852762;-0,093274;0,225076;0,846159;0,237503;0,085777;0,852912;-0,083940;0,214064;0,893085;0,236709;0,099182;0,956986;-0,103997;0,209202;0,902347;-0,019947;0,152602;0,423080;-0,107123;0,155018;0,398896;-0,007102;0,151050;0,388684;-0,090548;0,153699;0,395501;-0,002820;0,151725;0,390421;-0,084697;0,156440;0,402555;-0,004307;0,151780;0,390562;-0,087934;0,153991;0,396252;0,009124;0,149566;0,384867;-0,053850;0,153963;0,396180
00:00:04.253;96;6;6;6;5;115,120256;173,051181;173,122136;94,582507;167,527182;85,188304;-137,821141;165,307775;167,998001;161,779825;17,193707;16,220293;26,049237;-6,576543;-0,130544;-0,241764;1,002275;-0,134580;-0,284359;1,021999;-0,131522;-0,288597;1,037229;-0,129097;-0,291804;1,045350;-0,156416;-0,270760;0,971762;-0,170272;-0,270664;0,969683;-0,185609;-0,269515;0,967167;-0,148626;-0,259986;0,973351;-0,234710;-0,250040;0,962358;-0,247217;-0,400301;1,944754;-0,155164;-0,193439;0,967088;-0,060944;-0,075752;1,099577;-0,338483;-0,032066;0,896397;0,045145;0,164629;1,085947;-0,354872;0,215936;0,823529;0,180809;0,115939;0,892261;-0,168852;0,216849;0,837777;0,242101;0,106527;0,855995;-0,092963;0,225929;0,846803;0,243319;0,094730;0,861693;-0,082957;0,214696;0,892355;0,232809;0,103942;0,929341;-0,102939;0,209737;0,901525;-0,020013;0,152896;0,424452;-0,106870;0,155032;0,398932;-0,007516;0,151501;0,389845;-0,090713;0,153903;0,396026;-0,003168;0,151803;0,390624;-0,084720;0,156229;0,402011;-0,004580;0,151839;0,390716;-0,088110;0,154092;0,396514;0,008990;0,149448;0,384563;-0,053933;0,153938;0,396117
00:00:04.300;97;6;6;6;5;115,224788;172,963579;173,163471;94,244170;167,686664;83,960887;-137,712144;165,342695;168,028414;161,639578;17,191506;17,329177;26,389351;17,394246;-0,130428;-0,242028;1,001829;-0,134404;-0,284482;1,020599;-0,131344;-0,288704;1,035749;-0,128982;-0,291670;1,044177;-0,156378;-0,271042;0,971495;-0,170296;-0,270881;0,969794;-0,185584;-0,269841;0,967109;-0,148551;-0,260170;0,972528;-0,234221;-0,250214;0,962583;-0,248495;-0,403158;1,956390;-0,154900;-0,194117;0,967757;-0,060956;-0,075603;1,100775;-0,338315;-0,032061;0,896258;0,045517;0,165480;1,088416;-0,354468;0,215390;0,823694;0,184250;0,122221;0,893220;-0,168344;0,217166;0,837505;0,244566;0,113086;0,855997;-0,092722;0,226389;0,846872;0,247090;0,102314;0,865650;-0,081780;0,215021;0,891531;0,231092;0,108941;0,910672;-0,101740;0,210085;0,900992;-0,020504;0,154347;0,429544;-0,106332;0,154497;0,397556;-0,007786;0,151794;0,390599;-0,090515;0,153899;0,396017;-0,003394;0,151855;0,390755;-0,083988;0,155547;0,400257;-0,004975;0,151742;0,390465;-0,088147;0,154022;0,396334;0,009578;0,149644;0,385066;-0,053987;0,153922;0,396076
00:00:04.348;98;6;6;6;5;115,225707;172,746586;173,128332;93,996645;167,844322;82,617815;-137,411263;165,256223;168,018924;161,667875;16,940908;19,683850;27,567019;23,489282;-0,130534;-0,242539;1,002939;-0,134290;-0,284561;1,019690;-0,131140;-0,288579;1,034087;-0,128864;-0,291485;1,043065;-0,156353;-0,271225;0,971322;-0,169760;-0,271023;0,969866;-0,185151;-0,270248;0,967771;-0,148556;-0,260384;0,972343;-0,233903;-0,250327;0,962729;-0,248127;-0,403064;1,954504;-0,154672;-0,194487;0,967842;-0,061022;-0,075578;1,102604;-0,338338;-0,032070;0,896518;0,045180;0,166194;1,091070;-0,354205;0,215034;0,823801;0,186348;0,129126;0,895593;-0,167061;0,217373;0,837328;0,246492;0,122185;0,858798;-0,092159;0,226876;0,847617;0,249956;0,112182;0,871373;-0,079851;0,215313;0,889245;0,229296;0,116075;0,897837;-0,100372;0,210659;0,899945;-0,020737;0,154417;0,431103;-0,105983;0,154150;0,396661;-0,006832;0,151576;0,390039;-0,088808;0,153897;0,396011;-0,000661;0,151480;0,389791;-0,082156;0,155104;0,399117;-0,004562;0,151542;0,389952;-0,087269;0,153977;0,396217;0,011647;0,149091;0,383643;-0,051214;0,154320;0,397099
00:00:04.395;99;6;6;6;5;115,219330;172,476856;172,971607;93,711818;168,039302;81,616008;-137,153751;165,123458;168,072009;161,690006;16,148476;-20,463380;24,143071;26,248315;-0,130076;-0,242956;1,004010;-0,134124;-0,284417;1,018398;-0,130963;-0,288399;1,032656;-0,128743;-0,291267;1,041992;-0,155840;-0,271441;0,971559;-0,169412;-0,271114;0,969913;-0,184318;-0,270513;0,968201;-0,148560;-0,260523;0,972223;-0,233696;-0,250400;0,962824;-0,247977;-0,403148;1,953977;-0,154469;-0,194657;0,967548;-0,061104;-0,075610;1,104493;-0,338485;-0,032089;0,897037;0,045003;0,167443;1,093846;-0,353565;0,214803;0,823871;0,187638;0,135606;0,896785;-0,166296;0,217598;0,837563;0,245920;0,129493;0,854319;-0,091235;0,227487;0,847401;0,250792;0,119793;0,869842;-0,078597;0,215502;0,887759;0,229446;0,123188;0,892644;-0,099406;0,210866;0,898564;-0,020889;0,154462;0,432117;-0,105755;0,153924;0,396080;-0,006221;0,151707;0,390376;-0,087474;0,153895;0,396007;0,000892;0,151100;0,388814;-0,080602;0,154544;0,397676;-0,004072;0,151413;0,389619;-0,086397;0,154220;0,396841;0,013193;0,148595;0,382368;-0,048839;0,154170;0,396715
00:00:04.442;100;6;5;6;5;115,220926;172,139690;172,686263;93,482356;168,449093;80,974417;-137,072178;165,143890;168,067957;161,668037;14,838306;20,816305;21,856946;-29,479575;-0,129689;-0,243057;1,004007;-0,133923;-0,284128;1,016859;-0,130804;-0,288184;1,031377;-0,128622;-0,291027;1,040945;-0,155563;-0,271680;0,972064;-0,168573;-0,271076;0,969594;-0,183644;-0,270489;0,967781;-0,148615;-0,260707;0,972495;-0,232929;-0,250357;0,962535;-0,245497;-0,401106;1,943485;-0,154337;-0,194767;0,967356;-0,061137;-0,075606;1,105370;-0,338580;-0,032101;0,897374;0,044290;0,168364;1,096350;-0,352850;0,214471;0,823216;0,188550;0,140900;0,897910;-0,164912;0,217835;0,838066;0,245826;0,136045;0,850707;-0,090044;0,227600;0,846211;0,251642;0,126387;0,869897;-0,077278;0,215625;0,886794;0,229179;0,129096;0,887869;-0,098306;0,211084;0,898017;-0,021022;0,154493;0,433476;-0,105608;0,153777;0,395702;-0,005605;0,151928;0,390944;-0,086907;0,154439;0,397405;0,003663;0,150853;0,388179;-0,079548;0,154996;0,398839;-0,003537;0,151601;0,390102;-0,086054;0,154785;0,398297;0,014963;0,149225;0,383989;-0,046993;0,153801;0,395765
00:00:04.488;101;6;5;6;5;115,248576;171,951007;172,663867;93,237803;168,855334;80,606578;-137,138473;165,191260;168,114933;161,558406;14,120677;22,154338;20,661500;31,037285;-0,129482;-0,243208;1,004354;-0,133701;-0,283744;1,015158;-0,130611;-0,287849;1,029845;-0,128123;-0,291263;1,041664;-0,155438;-0,271933;0,972741;-0,168148;-0,271247;0,970086;-0,183339;-0,270670;0,968207;-0,148705;-0,260920;0,973022;-0,232431;-0,250329;0,962348;-0,244805;-0,401296;1,944016;-0,153700;-0,194839;0,967231;-0,061140;-0,075580;1,105591;-0,338643;-0,032109;0,897593;0,043840;0,169016;1,098327;-0,352685;0,214437;0,823490;0,188704;0,144913;0,898992;-0,162992;0,218376;0,838043;0,245589;0,140489;0,849410;-0,089269;0,227674;0,845437;0,251699;0,131169;0,869933;-0,075772;0,215779;0,884416;0,228686;0,133048;0,885465;-0,097007;0,211570;0,896961;-0,021176;0,154758;0,435760;-0,105512;0,153681;0,395456;-0,005197;0,151799;0,390614;-0,086538;0,154792;0,398313;0,004816;0,150965;0,388467;-0,078864;0,155290;0,399596;-0,003185;0,151451;0,389717;-0,085831;0,155153;0,399243;0,016162;0,150043;0,386093;-0,045716;0,153289;0,394447
00:00:04.536;102;6;5;6;5;115,277847;171,994535;172,659243;93,080726;168,915423;80,131044;-137,151396;165,280869;168,139546;161,625337;13,815908;22,266457;20,613284;30,749728;-0,129437;-0,243476;1,005280;-0,133602;-0,283592;1,014403;-0,130530;-0,287729;1,029199;-0,127841;-0,291514;1,042482;-0,154803;-0,272098;0,973182;-0,167872;-0,271358;0,970406;-0,182588;-0,270787;0,968485;-0,148710;-0,260965;0,973014;-0,232276;-0,250493;0,962926;-0,244136;-0,401059;1,942610;-0,153342;-0,194956;0,967500;-0,061161;-0,075587;1,106084;-0,338683;-0,032114;0,897735;0,043521;0,169332;1,098913;-0,352577;0,214415;0,823669;0,189243;0,147462;0,899345;-0,161743;0,218727;0,838028;0,246399;0,143377;0,848566;-0,088766;0,227722;0,844934;0,253427;0,133893;0,870657;-0,075324;0,215965;0,883220;0,229368;0,135617;0,883902;-0,096162;0,211885;0,896275;-0,021059;0,154927;0,437944;-0,105449;0,153619;0,395297;-0,004703;0,151444;0,389699;-0,086449;0,155293;0,399603;0,006206;0,150630;0,387603;-0,078578;0,155345;0,399737;-0,002951;0,151081;0,388766;-0,085835;0,155664;0,400558;0,017164;0,150574;0,387460;-0,044885;0,152956;0,393591
00:00:04.582;103;6;5;6;5;115,296890;172,022715;172,656207;92,979651;168,954462;79,710878;-137,159892;165,339101;168,155544;161,668734;13,739138;21,562036;20,432322;-31,840185;-0,129363;-0,243565;1,005532;-0,133631;-0,283689;1,014612;-0,130522;-0,287749;1,029129;-0,127657;-0,291677;1,043013;-0,154445;-0,272303;0,973818;-0,167140;-0,271430;0,970614;-0,182101;-0,270863;0,968665;-0,148766;-0,261088;0,973359;-0,232175;-0,250599;0,963302;-0,243921;-0,401266;1,943447;-0,153109;-0,195032;0,967675;-0,061175;-0,075592;1,106405;-0,338709;-0,032117;0,897828;0,043313;0,169537;1,099293;-0,352507;0,214401;0,823785;0,189593;0,149630;0,899574;-0,160455;0,218955;0,838018;0,247201;0,145613;0,847318;-0,087887;0,227565;0,843907;0,254551;0,136160;0,871127;-0,074618;0,216344;0,883493;0,229720;0,137731;0,882536;-0,095650;0,212174;0,896178;-0,020983;0,155036;0,439363;-0,105409;0,153579;0,395193;-0,004389;0,151485;0,389804;-0,086391;0,155619;0,400442;0,006670;0,150411;0,387042;-0,078098;0,155245;0,399479;-0,002799;0,150841;0,388148;-0,085688;0,155724;0,400713;0,017815;0,150919;0,388349;-0,044345;0,152740;0,393034
00:00:04.629;104;6;5;6;5;115,290335;172,014986;172,588567;92,930593;169,073486;79,444358;-137,315428;165,473922;168,291628;161,636786;13,687794;21,079794;19,549602;32,444193;-0,128832;-0,243792;1,006396;-0,133299;-0,284242;1,016498;-0,130517;-0,287761;1,029084;-0,127538;-0,291783;1,043359;-0,154212;-0,272436;0,974232;-0,166664;-0,271477;0,970749;-0,181784;-0,270913;0,968782;-0,148750;-0,261075;0,973234;-0,232109;-0,250668;0,963546;-0,244788;-0,403063;1,952040;-0,152958;-0,195082;0,967789;-0,061164;-0,075571;1,106263;-0,339237;-0,032120;0,897888;0,043178;0,169671;1,099541;-0,352462;0,214860;0,823860;0,189969;0,151160;0,900423;-0,158728;0,219195;0,838362;0,247517;0,147421;0,845807;-0,087315;0,227462;0,843240;0,255384;0,137690;0,871782;-0,074188;0,216676;0,884021;0,230041;0,139162;0,881999;-0,094989;0,212776;0,897866;-0,020951;0,154978;0,440636;-0,105382;0,153553;0,395125;-0,004184;0,151512;0,389873;-0,086203;0,155559;0,400287;0,006532;0,150270;0,386677;-0,077785;0,155180;0,399311;-0,002703;0,150821;0,388096;-0,085444;0,155491;0,400113;0,018255;0,151280;0,389277;-0,044336;0,153007;0,393722
00:00:04.676;105;6;5;6;5;115,277001;171,875198;172,444006;92,873274;169,554780;79,761010;-137,563053;165,542367;168,373673;161,571342;13,425385;20,428687;20,270041;-32,022639;-0,128575;-0,244110;1,007657;-0,133220;-0,284895;1,018774;-0,130691;-0,288161;1,030455;-0,127632;-0,292244;1,044983;-0,154061;-0,272522;0,974501;-0,166355;-0,271508;0,970837;-0,181578;-0,270945;0,968859;-0,148846;-0,261253;0,973852;-0,231982;-0,250622;0,963355;-0,245352;-0,404231;1,957626;-0,152859;-0,195114;0,967863;-0,061138;-0,075533;1,105821;-0,339713;-0,032133;0,898277;0,042503;0,170548;1,100751;-0,352432;0,215159;0,823909;0,189991;0,152486;0,899925;-0,157129;0,219351;0,838585;0,247447;0,148722;0,845524;-0,086394;0,227684;0,842106;0,256029;0,138741;0,872559;-0,073405;0,216892;0,884363;0,230249;0,140092;0,881649;-0,094451;0,212919;0,897913;-0,020946;0,155062;0,441814;-0,105365;0,153536;0,395081;-0,004277;0,151665;0,390267;-0,086384;0,155656;0,400537;0,005792;0,150450;0,387140;-0,077604;0,154729;0,398152;-0,002640;0,150808;0,388062;-0,085360;0,155476;0,400074;0,018017;0,150834;0,388130;-0,044514;0,153045;0,393819
00:00:04.723;106;6;5;6;5;115,395312;171,986895;172,460894;92,856731;169,565876;79,672503;-137,662623;165,617957;168,427168;161,726077;13,843571;19,914137;20,784282;-32,544447;-0,128363;-0,244231;1,008127;-0,133260;-0,285515;1,020953;-0,130938;-0,288715;1,032396;-0,127820;-0,292837;1,047089;-0,153963;-0,272578;0,974675;-0,166214;-0,271625;0,971244;-0,181575;-0,271162;0,969608;-0,148908;-0,261370;0,974254;-0,232068;-0,250774;0,963931;-0,246596;-0,406436;1,968257;-0,152850;-0,194654;0,968261;-0,061160;-0,075557;1,106234;-0,339890;-0,032130;0,898180;0,042038;0,171008;1,100838;-0,352413;0,215353;0,823941;0,190006;0,153348;0,899601;-0,155071;0,219361;0,838380;0,247606;0,149693;0,846041;-0,085795;0,227829;0,841369;0,255950;0,139922;0,873063;-0,072896;0,217032;0,884586;0,229883;0,141198;0,881422;-0,093625;0,213095;0,898293;-0,021281;0,155729;0,444329;-0,105727;0,154069;0,396453;-0,004574;0,152173;0,391574;-0,086350;0,155447;0,399999;0,004427;0,150567;0,387441;-0,077505;0,154028;0,396349;-0,002826;0,151072;0,388741;-0,085156;0,155194;0,399348;0,017349;0,149864;0,385635;-0,045160;0,153342;0,394583
00:00:04.770;107;6;5;6;5;115,466888;171,843138;172,374886;92,752330;169,496508;79,465374;-137,682934;165,614814;168,652290;161,876703;14,764971;20,082396;20,813368;33,038979;-0,128935;-0,244565;1,009483;-0,133777;-0,285722;1,021669;-0,131187;-0,289271;1,034357;-0,128028;-0,293418;1,049158;-0,153899;-0,272615;0,974789;-0,166062;-0,271604;0,971159;-0,181573;-0,271303;0,970095;-0,148949;-0,261445;0,974515;-0,232040;-0,250782;0,963955;-0,249419;-0,411193;1,991267;-0,152790;-0,194836;0,968170;-0,061213;-0,075620;1,107202;-0,340516;-0,032128;0,898117;0,041750;0,171362;1,101245;-0,351932;0,215948;0,823962;0,190015;0,154420;0,899391;-0,153256;0,219367;0,838247;0,247403;0,150617;0,845327;-0,085067;0,228303;0,842290;0,255900;0,140689;0,873391;-0,072090;0,217209;0,885081;0,229645;0,141917;0,881274;-0,092613;0,213292;0,898891;-0,021498;0,156163;0,445964;-0,105963;0,154415;0,397344;-0,004767;0,152503;0,392423;-0,086327;0,154903;0,398599;0,005091;0,150779;0,387987;-0,077441;0,153573;0,395177;-0,002946;0,151243;0,389181;-0,084874;0,154738;0,398176;0,016712;0,149370;0,384362;-0,045704;0,153943;0,396129
00:00:04.819;108;6;6;6;5;115,514660;171,620510;172,413922;92,707340;169,374707;79,241098;-137,639227;165,531383;168,813838;162,025365;15,738037;-19,576424;20,107067;33,260811;-0,129307;-0,244781;1,010364;-0,134205;-0,286053;1,022835;-0,131481;-0,289925;1,036682;-0,128292;-0,294090;1,051553;-0,153968;-0,272835;0,975563;-0,166023;-0,271688;0,971453;-0,181637;-0,271492;0,970762;-0,149029;-0,261588;0,975035;-0,231937;-0,250696;0,963621;-0,252482;-0,416310;2,016024;-0,152695;-0,194884;0,967760;-0,061266;-0,075684;1,108181;-0,340922;-0,032126;0,898076;0,041562;0,171592;1,101509;-0,351768;0,216427;0,824325;0,190095;0,155178;0,899604;-0,151600;0,219371;0,838161;0,247270;0,151217;0,844862;-0,084079;0,228516;0,842538;0,255559;0,141513;0,872554;-0,071143;0,217582;0,886453;0,229399;0,142828;0,880828;-0,091477;0,213503;0,899629;-0,021674;0,156689;0,447726;-0,105929;0,154368;0,397224;-0,005106;0,152445;0,392275;-0,086614;0,154685;0,398040;0,005945;0,150508;0,387291;-0,077399;0,153277;0,394415;-0,003022;0,151218;0,389118;-0,084992;0,154578;0,397764;0,016162;0,149865;0,385636;-0,046511;0,154333;0,397134
00:00:04.866;109;6;6;6;5;115,498224;171,377519;172,358084;92,655767;169,237609;79,033761;-137,575013;165,434805;168,900002;162,163027;15,910358;-20,371854;19,911632;-33,404937;-0,129368;-0,244583;1,009537;-0,134575;-0,286463;1,024293;-0,131718;-0,290449;1,038543;-0,128505;-0,294624;1,053459;-0,154513;-0,272879;0,975716;-0,166491;-0,271645;0,971295;-0,181613;-0,271517;0,970845;-0,149027;-0,261587;0,975023;-0,231870;-0,250640;0,963404;-0,248337;-0,410610;1,983115;-0,152633;-0,194915;0,967494;-0,061320;-0,075750;1,109168;-0,341320;-0,032138;0,898400;0,041440;0,171742;1,101681;-0,351661;0,216739;0,824561;0,190147;0,155671;0,899743;-0,150585;0,219466;0,838455;0,247287;0,151670;0,844911;-0,083539;0,228940;0,843750;0,255440;0,142105;0,872360;-0,070419;0,217985;0,885944;0,229149;0,143363;0,880188;-0,090600;0,213819;0,898709;-0,021498;0,156786;0,448172;-0,105814;0,154202;0,396796;-0,004651;0,152136;0,391479;-0,086345;0,154136;0,396626;0,006501;0,150333;0,386839;-0,075965;0,152948;0,393570;-0,001744;0,151066;0,388727;-0,082475;0,153386;0,394697;0,016375;0,149370;0,384363;-0,045363;0,153499;0,394987
00:00:04.913;110;6;6;6;5;115,483462;171,250358;172,227128;92,598086;169,137737;79,020067;-137,596760;165,406834;168,940086;162,327653;15,538928;21,456015;20,407160;-33,589226;-0,129453;-0,244539;1,009349;-0,134954;-0,287024;1,026290;-0,132004;-0,291083;1,040803;-0,129159;-0,294775;1,053999;-0,154923;-0,273006;0,976165;-0,166915;-0,272366;0,971891;-0,182150;-0,271534;0,970899;-0,149133;-0,261774;0,975715;-0,231827;-0,250604;0,963262;-0,248580;-0,411787;1,985175;-0,152648;-0,195006;0,967671;-0,061336;-0,075770;1,109459;-0,341579;-0,032145;0,898610;0,041334;0,172356;1,101093;-0,351443;0,216849;0,824365;0,189595;0,155930;0,899483;-0,149926;0,219527;0,838645;0,247297;0,151965;0,844942;-0,083188;0,229215;0,844537;0,255465;0,142548;0,872584;-0,069866;0,217987;0,884564;0,229077;0,143768;0,880122;-0,089960;0,213857;0,897411;-0,021384;0,156850;0,448462;-0,105739;0,154094;0,396517;-0,004351;0,151798;0,390611;-0,086171;0,153779;0,395707;0,006208;0,150355;0,386896;-0,075033;0,152735;0,393020;-0,001133;0,151103;0,388822;-0,081188;0,153291;0,394453;0,016514;0,149049;0,383536;-0,044618;0,152957;0,393591
00:00:04.961;111;6;6;6;5;115,544070;171,176771;172,229180;92,451856;169,274936;79,348386;-137,712163;165,409258;168,987017;162,452028;15,190385;-21,969664;20,724040;32,719273;-0,129644;-0,245341;1,010277;-0,135247;-0,287486;1,027939;-0,132235;-0,291593;1,042622;-0,129541;-0,295376;1,053999;-0,155190;-0,273645;0,976458;-0,167192;-0,272835;0,972279;-0,182500;-0,271544;0,970935;-0,149149;-0,261802;0,975815;-0,231799;-0,250580;0,963171;-0,247773;-0,410948;1,978814;-0,152603;-0,194994;0,967436;-0,061347;-0,075150;1,109648;-0,341747;-0,032150;0,898746;0,040665;0,173492;1,101410;-0,351450;0,217013;0,824587;0,189237;0,156098;0,899314;-0,149435;0,219952;0,838420;0,246925;0,152220;0,845312;-0,082892;0,229204;0,844349;0,255482;0,142836;0,872730;-0,069452;0,217815;0,882966;0,229121;0,144089;0,880430;-0,089475;0,213714;0,895867;-0,021459;0,157992;0,451800;-0,105916;0,154023;0,396336;-0,004386;0,151851;0,390747;-0,086286;0,153955;0,396159;0,005367;0,150777;0,387982;-0,074426;0,152596;0,392663;-0,000737;0,151127;0,388885;-0,080718;0,153502;0,394994;0,016211;0,149248;0,384048;-0,044857;0,153556;0,395134
00:00:05.007;112;6;5;6;5;115,561644;171,086753;171,961299;92,403653;169,566623;79,688779;-138,142512;165,502738;169,011636;162,403886;14,623908;22,130148;20,517259;-32,088490;-0,129767;-0,245862;1,010880;-0,135483;-0,288472;1,029360;-0,132800;-0,292126;1,042404;-0,129919;-0,296062;1,055049;-0,155419;-0,274159;0,976997;-0,167371;-0,273140;0,972532;-0,182660;-0,272006;0,970608;-0,149768;-0,261914;0,976229;-0,231780;-0,250565;0,963111;-0,250228;-0,416515;1,998479;-0,152573;-0,195537;0,967284;-0,061295;-0,074678;1,108721;-0,342122;-0,032178;0,899535;0,040217;0,174175;1,101267;-0,351306;0,217496;0,824382;0,188930;0,156147;0,898854;-0,148639;0,220228;0,838273;0,246581;0,152322;0,845203;-0,082152;0,229007;0,843527;0,255083;0,143288;0,871424;-0,068682;0,217703;0,881928;0,229150;0,144297;0,880629;-0,088583;0,213454;0,894164;-0,021540;0,158980;0,454670;-0,106031;0,153978;0,396218;-0,004405;0,151750;0,390486;-0,086514;0,154341;0,397154;0,004374;0,150915;0,388338;-0,074098;0,152642;0,392781;-0,000479;0,151007;0,388575;-0,080624;0,154047;0,396396;0,015590;0,149514;0,384731;-0,045239;0,153946;0,396137
00:00:05.053;113;6;5;6;5;115,478528;170,974322;171,633073;92,329697;169,625310;79,796867;-138,077969;165,398526;168,974665;162,618047;14,722063;22,076731;20,150417;-32,416526;-0,130117;-0,247292;1,013372;-0,135775;-0,289408;1,031334;-0,133258;-0,292669;1,042963;-0,130295;-0,296803;1,056782;-0,155623;-0,274591;0,977698;-0,167488;-0,273338;0,972696;-0,182765;-0,272305;0,970395;-0,150117;-0,261893;0,976149;-0,231768;-0,250555;0,963072;-0,252805;-0,419840;2,009861;-0,152554;-0,195890;0,967184;-0,060688;-0,074440;1,109169;-0,342366;-0,032197;0,900048;0,039926;0,174619;1,101173;-0,350914;0,217625;0,823548;0,188731;0,156179;0,898555;-0,148183;0,220500;0,838527;0,246358;0,152389;0,845132;-0,081290;0,229164;0,844043;0,254227;0,143523;0,870226;-0,067838;0,218150;0,883353;0,229077;0,144375;0,880409;-0,087564;0,213452;0,893756;-0,021684;0,158398;0,453036;-0,106105;0,153948;0,396142;-0,004413;0,151548;0,389966;-0,086662;0,154592;0,397800;0,003505;0,150869;0,388220;-0,074108;0,152672;0,392858;-0,000532;0,150929;0,388374;-0,080421;0,154129;0,396608;0,015186;0,149686;0,385175;-0,045487;0,154199;0,396789
00:00:05.100;114;6;6;6;5;115,446889;170,839834;171,438502;92,278048;169,448224;79,633968;-137,909665;165,260938;168,937372;162,901004;15,912046;22,445145;19,685079;-32,675408;-0,130924;-0,248221;1,014992;-0,136460;-0,289819;1,031917;-0,133780;-0,293514;1,045076;-0,131098;-0,297186;1,057558;-0,155756;-0,275429;0,978154;-0,167624;-0,274119;0,973152;-0,182965;-0,272697;0,970957;-0,150397;-0,261973;0,976447;-0,231761;-0,250549;0,963047;-0,254746;-0,423601;2,019360;-0,152542;-0,196669;0,967120;-0,060331;-0,074333;1,110160;-0,342525;-0,032209;0,900381;0,039724;0,174852;1,100763;-0,350659;0,217708;0,823006;0,188675;0,156260;0,898711;-0,147348;0,220585;0,838343;0,246213;0,152432;0,845086;-0,080863;0,229646;0,845778;0,253772;0,143735;0,869797;-0,067315;0,218526;0,884630;0,228530;0,144426;0,880266;-0,086968;0,213618;0,894192;-0,021777;0,158019;0,451973;-0,106474;0,154065;0,396442;-0,004644;0,151552;0,389978;-0,086831;0,154483;0,397520;0,002499;0,150703;0,387793;-0,073983;0,152419;0,392208;-0,000567;0,150878;0,388243;-0,080008;0,153638;0,395345;0,014679;0,149526;0,384764;-0,045998;0,154772;0,398263
00:00:05.146;115;6;6;6;5;115,615101;170,924644;171,423200;92,271050;169,148635;79,411074;-137,788664;165,160230;168,899966;163,207407;15,689788;22,268697;19,122553;32,634485;-0,131585;-0,249084;1,017095;-0,136906;-0,290675;1,032296;-0,134074;-0,294562;1,046099;-0,131577;-0,297939;1,057713;-0,156344;-0,275875;0,978100;-0,168206;-0,274528;0,973099;-0,183029;-0,272853;0,970972;-0,150526;-0,261931;0,976291;-0,231840;-0,250635;0,963380;-0,252235;-0,419757;1,995784;-0,152534;-0,197176;0,967078;-0,060137;-0,074310;1,111504;-0,342362;-0,032191;0,899898;0,039593;0,175004;1,100496;-0,350344;0,217670;0,822304;0,188200;0,156374;0,899162;-0,146806;0,220639;0,838223;0,246118;0,152460;0,845056;-0,080420;0,229484;0,845156;0,253273;0,143756;0,868818;-0,066923;0,218598;0,884759;0,228083;0,144402;0,879823;-0,086614;0,213810;0,894825;-0,022060;0,159364;0,455833;-0,106808;0,154276;0,396988;-0,004794;0,151555;0,389986;-0,087018;0,154549;0,397688;0,001845;0,150731;0,387865;-0,073967;0,152391;0,392135;-0,000590;0,150981;0,388508;-0,080176;0,153727;0,395574;0,014349;0,149422;0,384497;-0,046330;0,155144;0,399221
00:00:05.193;116;6;6;6;5;115,729567;170,938638;171,254995;92,140768;169,109520;79,406414;-137,866493;164,957575;168,953469;163,302827;15,607206;21,863025;18,876726;31,598420;-0,132061;-0,250311;1,018812;-0,137242;-0,291330;1,032893;-0,134680;-0,294847;1,045365;-0,132268;-0,297933;1,056063;-0,156782;-0,276263;0,978415;-0,168584;-0,274794;0,973064;-0,183071;-0,273507;0,970982;-0,151219;-0,262554;0,976539;-0,232355;-0,250601;0,963247;-0,252023;-0,420755;1,991660;-0,152528;-0,197505;0,967051;-0,059992;-0,074271;1,112028;-0,342389;-0,032193;0,899934;0,039520;0,175158;1,100672;-0,349672;0,217645;0,821848;0,188330;0,156387;0,899105;-0,145976;0,220675;0,838145;0,246333;0,152352;0,844336;-0,079684;0,229474;0,845101;0,253936;0,143276;0,868182;-0,066642;0,218558;0,884494;0,228202;0,143829;0,879185;-0,086284;0,213684;0,894186;-0,022244;0,160238;0,458341;-0,107214;0,154686;0,398042;-0,004887;0,151421;0,389641;-0,087294;0,154863;0,398497;0,001420;0,150614;0,387563;-0,073980;0,151964;0,391038;-0,000825;0,150912;0,388330;-0,080285;0,153785;0,395723;0,014135;0,149355;0,384323;-0,046115;0,154706;0,398094
00:00:05.240;117;6;6;6;5;115,807417;171,227594;171,225607;92,207953;169,127329;79,790644;-137,833841;164,978702;168,994835;163,333084;15,973331;21,133437;20,066824;31,150659;-0,132324;-0,251023;1,019578;-0,137860;-0,291360;1,031880;-0,135074;-0,295032;1,044887;-0,132628;-0,298329;1,054291;-0,157010;-0,276417;0,978270;-0,168708;-0,274769;0,972342;-0,183584;-0,273833;0,970638;-0,151561;-0,262770;0,976000;-0,232775;-0,251218;0,963511;-0,250154;-0,418496;1,975329;-0,152525;-0,198270;0,967033;-0,059878;-0,074223;1,112018;-0,342140;-0,031657;0,899257;0,039473;0,175258;1,100787;-0,349087;0,218002;0,821201;0,188120;0,155133;0,897668;-0,145437;0,220698;0,838094;0,246473;0,150842;0,843869;-0,079205;0,229468;0,845066;0,254469;0,141540;0,868118;-0,066564;0,218879;0,885721;0,228188;0,142401;0,878420;-0,085726;0,214020;0,895521;-0,022363;0,160807;0,459972;-0,107477;0,154953;0,398727;-0,005391;0,151334;0,389416;-0,087850;0,154932;0,398673;0,000923;0,150945;0,388416;-0,074973;0,152775;0,393125;-0,000980;0,151139;0,388915;-0,081023;0,154231;0,396870;0,013995;0,149311;0,384210;-0,046365;0,154966;0,398761
00:00:05.276;118;6;6;6;5;115,741977;171,541373;171,300898;92,399488;169,209981;80,349052;-137,655956;165,068806;169,067855;163,303816;15,860813;20,692159;21,001687;-30,664539;-0,132404;-0,251313;1,019375;-0,138309;-0,292065;1,031572;-0,135375;-0,295846;1,044927;-0,132996;-0,298885;1,054189;-0,157271;-0,277273;0,978875;-0,168910;-0,275504;0,972572;-0,184050;-0,274243;0,971115;-0,152393;-0,263560;0,976000;-0,233048;-0,251619;0,963682;-0,250138;-0,419041;1,974164;-0,152633;-0,198911;0,967721;-0,059767;-0,074145;1,111312;-0,341845;-0,031298;0,898467;0,039430;0,175267;1,100512;-0,348706;0,218702;0,820781;0,187837;0,153182;0,896035;-0,145147;0,220806;0,838411;0,246563;0,148422;0,843565;-0,078414;0,229463;0,845043;0,254507;0,139259;0,867027;-0,066034;0,219173;0,886869;0,227906;0,140311;0,876873;-0,085363;0,214238;0,896389;-0,022185;0,159341;0,455782;-0,107932;0,155534;0,400223;-0,005718;0,151278;0,389271;-0,088211;0,154976;0,398788;0,000600;0,151161;0,388970;-0,075687;0,153438;0,394831;-0,001081;0,151287;0,389294;-0,081576;0,154657;0,397966;0,013905;0,149282;0,384136;-0,046528;0,155134;0,399195
00:00:05.317;119;6;6;6;5;115,818568;171,740848;171,270117;92,500431;169,081804;80,751496;-137,738371;164,967501;169,096735;163,412675;15,661290;-20,277899;17,728899;-29,777331;-0,132456;-0,251501;1,019244;-0,138648;-0,292622;1,031722;-0,135617;-0,296475;1,045302;-0,133234;-0,299847;1,054123;-0,157441;-0,277829;0,979269;-0,169657;-0,276082;0,973072;-0,184420;-0,275163;0,971775;-0,152989;-0,264169;0,976350;-0,233774;-0,251880;0,963793;-0,251370;-0,422620;1,983206;-0,152593;-0,199184;0,967469;-0,059714;-0,074118;1,111203;-0,341787;-0,031076;0,898304;0,039377;0,175162;1,099633;-0,348459;0,219156;0,820507;0,187507;0,150783;0,894272;-0,144958;0,220875;0,838617;0,244614;0,144067;0,838117;-0,077867;0,229365;0,844678;0,252195;0,134866;0,860017;-0,065689;0,219365;0,887615;0,226954;0,137301;0,874818;-0,085193;0,214547;0,897653;-0,022274;0,159856;0,457258;-0,108457;0,155911;0,401195;-0,005930;0,151241;0,389176;-0,088674;0,155005;0,398862;0,000390;0,151029;0,388631;-0,076150;0,153869;0,395940;-0,003138;0,151247;0,389191;-0,081935;0,154933;0,398678;0,013821;0,148992;0,383389;-0,046592;0,155108;0,399126
00:00:05.365;120;6;6;6;5;115,689968;171,783561;171,165375;92,545282;168,911825;81,552382;-137,477897;164,894249;169,093379;163,607456;15,871706;19,135728;16,292118;-27,742708;-0,132490;-0,252203;1,019159;-0,138822;-0,293472;1,031469;-0,135728;-0,297378;1,045197;-0,133390;-0,300472;1,054080;-0,157551;-0,278748;0,979525;-0,170142;-0,277012;0,973397;-0,184594;-0,275661;0,971854;-0,153321;-0,264469;0,976228;-0,234160;-0,252506;0,963516;-0,252526;-0,425548;1,991884;-0,152622;-0,199984;0,967655;-0,059679;-0,074100;1,111132;-0,341749;-0,030931;0,898197;0,039317;0,175605;1,098361;-0,348150;0,219358;0,819980;0,186566;0,147029;0,892077;-0,144836;0,220921;0,838751;0,243653;0,138572;0,835626;-0,077512;0,229302;0,844441;0,249600;0,128824;0,853361;-0,066049;0,219749;0,889149;0,226154;0,132272;0,872781;-0,085083;0,214749;0,898474;-0,022276;0,158240;0,451918;-0,108799;0,156157;0,401827;-0,006518;0,151353;0,389464;-0,089428;0,155024;0,398910;0,000033;0,150943;0,388410;-0,076610;0,154014;0,396311;-0,004475;0,151221;0,389124;-0,082542;0,155385;0,399840;0,013537;0,148667;0,382553;-0,046470;0,154546;0,397682
00:00:05.412;121;6;6;6;5;115,622980;172,130190;171,252756;92,614035;168,082049;82,638163;-137,392459;165,013708;169,138780;163,769971;16,475562;18,246194;16,379497;-28,664990;-0,132512;-0,252660;1,019103;-0,138934;-0,294025;1,031305;-0,135846;-0,298066;1,045478;-0,133579;-0,301078;1,054752;-0,157623;-0,279346;0,979691;-0,170458;-0,277616;0,973608;-0,184774;-0,276084;0,972255;-0,153537;-0,264665;0,976148;-0,234582;-0,253097;0,964035;-0,250126;-0,422117;1,972675;-0,152531;-0,200358;0,967076;-0,059619;-0,074042;1,110386;-0,341591;-0,030826;0,897778;0,041007;0,175330;1,094035;-0,348097;0,219582;0,819987;0,184625;0,139280;0,881900;-0,144696;0,220858;0,838488;0,240278;0,128964;0,824557;-0,077281;0,229261;0,844286;0,245977;0,119289;0,842385;-0,066284;0,219998;0,890147;0,223010;0,122787;0,861308;-0,085456;0,214712;0,898308;-0,022313;0,157688;0,449147;-0,108830;0,156045;0,401537;-0,006900;0,151426;0,389652;-0,090146;0,155036;0,398942;-0,000200;0,150887;0,388266;-0,077479;0,154787;0,398302;-0,005111;0,150932;0,388381;-0,083312;0,155951;0,401296;0,013329;0,148184;0,381309;-0,046309;0,153910;0,396043
00:00:05.460;122;6;6;6;5;115,556111;172,065564;171,150593;92,610662;167,186531;83,426146;-137,336382;164,962955;169,131407;164,132375;17,070369;-17,416115;17,530871;-28,213601;-0,132481;-0,252869;1,018717;-0,138960;-0,294283;1,030848;-0,135877;-0,298413;1,045311;-0,133703;-0,301473;1,055189;-0,157670;-0,279734;0,979799;-0,170663;-0,278009;0,973745;-0,184891;-0,276359;0,972516;-0,153733;-0,265443;0,976446;-0,234771;-0,253389;0,964023;-0,248388;-0,419587;1,958789;-0,152527;-0,200674;0,967049;-0,059617;-0,074050;1,110601;-0,341755;-0,030781;0,898206;0,042049;0,174926;1,089823;-0,348063;0,219729;0,819992;0,183216;0,131692;0,874585;-0,145021;0,220725;0,837967;0,238032;0,120154;0,818762;-0,077579;0,229139;0,843836;0,243559;0,109973;0,836650;-0,066944;0,219653;0,890796;0,221690;0,114076;0,856650;-0,085598;0,214437;0,897150;-0,022336;0,157330;0,447345;-0,108851;0,155971;0,401349;-0,007149;0,151473;0,389774;-0,090741;0,154500;0,397562;-0,000571;0,150851;0,388173;-0,078342;0,155426;0,399946;-0,005525;0,150744;0,387898;-0,083739;0,156183;0,401893;0,013034;0,148550;0,382251;-0,046511;0,153768;0,395678
00:00:05.506;123;6;6;6;5;115,548632;172,063928;171,088847;92,655251;166,494232;85,172891;-137,413228;165,032008;169,242501;164,448820;17,001782;16,793848;19,262577;30,312595;-0,132506;-0,253093;1,018816;-0,138977;-0,294452;1,030551;-0,136262;-0,298137;1,043452;-0,134114;-0,301128;1,053373;-0,157643;-0,279886;0,979520;-0,170796;-0,278264;0,973834;-0,184966;-0,277092;0,972685;-0,154304;-0,265757;0,975940;-0,234894;-0,253579;0,964015;-0,249167;-0,422297;1,964813;-0,152524;-0,201430;0,967032;-0,059598;-0,074033;1,110390;-0,342239;-0,030740;0,898134;0,042684;0,174494;1,086035;-0,348041;0,219824;0,819995;0,179947;0,120581;0,863180;-0,146185;0,220162;0,837629;0,233493;0,108808;0,805895;-0,078186;0,228869;0,842844;0,240410;0,097457;0,829073;-0,067853;0,219342;0,890867;0,219450;0,101333;0,850123;-0,086744;0,214342;0,896748;-0,022352;0,157349;0,446174;-0,109284;0,156196;0,401927;-0,007310;0,151504;0,389853;-0,091434;0,154287;0,397015;-0,000812;0,150691;0,387763;-0,079079;0,155298;0,399615;-0,005788;0,150486;0,387233;-0,083876;0,155653;0,400530;0,012614;0,148651;0,382513;-0,047360;0,153811;0,395791
00:00:05.554;124;6;6;6;5;115,511734;172,248058;171,022845;92,685266;165,748014;86,137203;-137,613421;165,222463;169,336353;164,734194;16,628013;16,382387;17,207385;-25,548278;-0,132431;-0,253064;1,018180;-0,139035;-0,294661;1,030708;-0,136558;-0,298059;1,042594;-0,134381;-0,300904;1,052192;-0,157627;-0,279985;0,979338;-0,170883;-0,278430;0,973892;-0,184949;-0,277468;0,972445;-0,154732;-0,266057;0,975961;-0,235059;-0,253795;0,964360;-0,249940;-0,424513;1,970828;-0,152522;-0,201922;0,967021;-0,059529;-0,073951;1,109204;-0,342554;-0,030713;0,898087;0,042996;0,172599;1,081123;-0,348027;0,219885;0,819996;0,176738;0,111156;0,857517;-0,146941;0,219796;0,837409;0,229058;0,099317;0,798582;-0,078614;0,228310;0,842548;0,235387;0,086537;0,818547;-0,068839;0,218797;0,889514;0,215682;0,090370;0,842380;-0,088140;0,214103;0,897886;-0,022309;0,156990;0,444363;-0,109661;0,156478;0,402653;-0,007644;0,151660;0,390254;-0,091822;0,154421;0,397360;-0,000749;0,150724;0,387846;-0,079629;0,155350;0,399750;-0,005087;0,150590;0,387502;-0,083965;0,155309;0,399645;0,012373;0,149126;0,383734;-0,047955;0,153976;0,396214
00:00:05.602;125;6;6;6;5;115,501744;172,530718;171,171594;92,875208;164,299379;86,506915;-137,676976;165,393209;169,445943;165,089391;16,788284;16,471398;21,729310;29,649619;-0,132869;-0,252871;1,017067;-0,139073;-0,294797;1,030810;-0,136750;-0,298007;1,042036;-0,134555;-0,300758;1,051425;-0,158173;-0,280050;0,979220;-0,170939;-0,278538;0,973930;-0,184938;-0,277712;0,972290;-0,155009;-0,266252;0,975975;-0,235166;-0,253935;0,964584;-0,250753;-0,426483;1,977188;-0,152521;-0,202241;0,967014;-0,059465;-0,073875;1,108082;-0,342491;-0,030672;0,897357;0,044839;0,170102;1,073730;-0,348017;0,220392;0,819998;0,173995;0,101100;0,848236;-0,147433;0,219559;0,837266;0,225387;0,089761;0,791028;-0,078991;0,228230;0,843406;0,233833;0,075873;0,819406;-0,069481;0,218442;0,888634;0,212879;0,079374;0,835947;-0,088976;0,213781;0,897926;-0,022013;0,156632;0,442836;-0,109906;0,156661;0,403124;-0,007625;0,151489;0,389815;-0,092237;0,154780;0,398284;-0,000707;0,150745;0,387900;-0,080198;0,155792;0,400887;-0,004187;0,150522;0,387326;-0,084245;0,155493;0,400119;0,012216;0,149434;0,384527;-0,048794;0,154083;0,396489
00:00:05.648;126;6;6;6;5;115,453210;172,965939;171,107207;92,876398;162,997844;86,982626;-137,802492;165,658813;169,592228;165,424104;18,233192;16,421539;24,690305;31,296962;-0,133339;-0,253093;1,017744;-0,139097;-0,294886;1,030877;-0,136875;-0,297974;1,041673;-0,134668;-0,300664;1,050926;-0,158528;-0,280091;0,979143;-0,170976;-0,278608;0,973955;-0,184931;-0,277871;0,972188;-0,155134;-0,266284;0,975634;-0,235407;-0,254210;0,965430;-0,252791;-0,430337;1,993222;-0,152520;-0,202449;0,967009;-0,059386;-0,073779;1,106654;-0,342450;-0,030645;0,896882;0,046524;0,168096;1,066474;-0,347397;0,220627;0,819649;0,169797;0,091529;0,834854;-0,147691;0,219312;0,836823;0,219976;0,078969;0,778418;-0,079368;0,228556;0,845364;0,229359;0,064248;0,810864;-0,070037;0,218134;0,889812;0,208988;0,067747;0,827215;-0,089591;0,213738;0,898652;-0,021504;0,156151;0,440444;-0,110065;0,156780;0,403431;-0,007392;0,151378;0,389530;-0,092426;0,154878;0,398535;-0,000460;0,150622;0,387585;-0,080286;0,155535;0,400227;-0,003163;0,150614;0,387562;-0,084352;0,155477;0,400077;0,012323;0,149498;0,384692;-0,049339;0,154152;0,396668
00:00:05.695;127;6;6;6;5;115,419113;173,057196;171,065698;92,886863;161,909761;87,205471;-137,897915;165,741397;169,687425;165,825672;18,176444;16,562340;26,841752;32,801011;-0,133782;-0,253500;1,019233;-0,139113;-0,294944;1,030920;-0,136956;-0,297952;1,041438;-0,134742;-0,300602;1,050602;-0,158758;-0,280119;0,979093;-0,171061;-0,278754;0,974320;-0,184992;-0,278074;0,972472;-0,155215;-0,266304;0,975412;-0,235393;-0,254205;0,965279;-0,255803;-0,435718;2,016945;-0,152520;-0,202584;0,967006;-0,059334;-0,073716;1,105725;-0,342423;-0,030627;0,896573;0,047553;0,166574;1,060358;-0,346993;0,220780;0,819422;0,165427;0,084942;0,827205;-0,148397;0,219244;0,836885;0,214740;0,071095;0,770222;-0,080029;0,228579;0,845937;0,225306;0,055454;0,807761;-0,070821;0,217677;0,889528;0,203730;0,058714;0,819790;-0,090395;0,213461;0,898074;-0,020925;0,155839;0,438888;-0,110169;0,156858;0,403630;-0,006571;0,151170;0,388995;-0,092159;0,154669;0,397998;0,000364;0,150679;0,387730;-0,080343;0,155368;0,399797;-0,001615;0,150673;0,387715;-0,084423;0,155467;0,400050;0,012611;0,149540;0,384800;-0,049782;0,154469;0,397484
00:00:05.742;128;6;6;6;5;115,334401;173,050828;171,030459;93,034986;160,910692;87,461933;-137,956476;165,783155;169,756629;166,306469;18,374466;15,717682;29,108461;33,736815;-0,134208;-0,254025;1,021252;-0,139124;-0,294981;1,030948;-0,137009;-0,297938;1,041284;-0,134789;-0,300562;1,050391;-0,158908;-0,280136;0,979060;-0,171055;-0,278748;0,974208;-0,184900;-0,278006;0,971957;-0,155268;-0,266317;0,975268;-0,235298;-0,254109;0,964831;-0,253099;-0,431269;1,995614;-0,153014;-0,202598;0,966654;-0,059282;-0,073652;1,104771;-0,342406;-0,030616;0,896373;0,048123;0,165256;1,054283;-0,346731;0,220879;0,819274;0,159483;0,078054;0,813133;-0,148980;0,218905;0,837625;0,207763;0,063780;0,757894;-0,080492;0,228205;0,846659;0,217276;0,047043;0,795595;-0,072010;0,217383;0,891443;0,195740;0,050119;0,805164;-0,091646;0,213266;0,899798;-0,020255;0,155262;0,436827;-0,110045;0,156636;0,403059;-0,005825;0,151307;0,389346;-0,091535;0,154533;0,397648;0,001117;0,150580;0,387475;-0,080363;0,155668;0,400568;-0,000387;0,150712;0,387815;-0,084387;0,155732;0,400733;0,012992;0,149295;0,384170;-0,050114;0,154812;0,398365
00:00:05.789;129;6;6;6;5;115,263235;173,364938;171,163094;93,175883;159,190121;86,661787;-138,037550;165,970799;169,847292;167,456567;18,485823;14,996554;35,325653;-35,167155;-0,134577;-0,254540;1,023264;-0,139178;-0,295105;1,031316;-0,137090;-0,298029;1,041535;-0,134910;-0,300736;1,050954;-0,159006;-0,280148;0,979039;-0,171051;-0,278745;0,974135;-0,184906;-0,278062;0,971972;-0,155302;-0,266326;0,975174;-0,235407;-0,254232;0,965240;-0,253650;-0,432312;1,999949;-0,153391;-0,202681;0,966775;-0,059211;-0,073564;1,103451;-0,342261;-0,030597;0,895892;0,048164;0,163307;1,043334;-0,346708;0,221038;0,819528;0,153620;0,071769;0,798037;-0,149360;0,218685;0,838106;0,201283;0,058120;0,748831;-0,080760;0,227869;0,846778;0,210212;0,040306;0,789087;-0,072784;0,217192;0,892688;0,187861;0,043561;0,793556;-0,092460;0,213138;0,900919;-0,019543;0,154637;0,434788;-0,109964;0,156492;0,402689;-0,005121;0,151532;0,389925;-0,091288;0,154717;0,398121;0,001830;0,150651;0,387658;-0,080586;0,156271;0,402119;0,000632;0,150737;0,387880;-0,084511;0,156176;0,401876;0,013034;0,149272;0,384111;-0,050419;0,155306;0,399637
00:00:05.835;130;6;6;6;5;115,192719;173,463077;171,040717;93,216804;158,299753;86,418622;-138,523643;166,161010;169,915236;167,963647;19,223171;13,814848;38,952668;34,574884;-0,134818;-0,254875;1,024571;-0,139213;-0,295186;1,031556;-0,137142;-0,298089;1,041698;-0,134989;-0,300850;1,051320;-0,159012;-0,280055;0,978676;-0,171049;-0,278742;0,974088;-0,184976;-0,278199;0,972332;-0,155213;-0,266140;0,974413;-0,235393;-0,254219;0,965156;-0,251522;-0,428752;1,983167;-0,153636;-0,202734;0,966854;-0,059089;-0,073413;1,101193;-0,342434;-0,030608;0,896280;0,048174;0,161986;1,035867;-0,346694;0,221141;0,819693;0,148359;0,067005;0,785074;-0,149544;0,218451;0,838069;0,195052;0,053522;0,741540;-0,080867;0,226981;0,846156;0,201862;0,034838;0,778556;-0,073431;0,216980;0,895247;0,181211;0,038459;0,787062;-0,093207;0,213034;0,903747;-0,019110;0,154481;0,434162;-0,109912;0,156398;0,402448;-0,004436;0,151406;0,389601;-0,090821;0,154701;0,398079;0,002291;0,150561;0,387428;-0,080311;0,155847;0,401028;0,001292;0,150617;0,387572;-0,084445;0,156193;0,401920;0,013062;0,149257;0,384072;-0,050846;0,155628;0,400464
00:00:05.870;131;6;6;6;5;115,147979;173,685443;171,108580;93,420150;156,240098;85,013898;-139,004283;166,386175;170,011533;169,146324;20,153125;13,868434;43,588963;-36,677561;-0,135066;-0,255267;1,026121;-0,139236;-0,295239;1,031711;-0,137176;-0,298127;1,041804;-0,135040;-0,300923;1,051558;-0,159017;-0,279995;0,978439;-0,170986;-0,278641;0,973707;-0,184956;-0,278187;0,972216;-0,155211;-0,266115;0,974269;-0,235383;-0,254211;0,965102;-0,250406;-0,426892;1,974359;-0,153795;-0,202769;0,966905;-0,058954;-0,073245;1,098676;-0,342413;-0,030604;0,896182;0,048885;0,159706;1,021914;-0,346832;0,221303;0,820151;0,141965;0,061516;0,767198;-0,149664;0,217822;0,838045;0,186396;0,047992;0,728051;-0,081037;0,226202;0,846801;0,192523;0,029833;0,766112;-0,073340;0,216842;0,896911;0,172349;0,033524;0,773740;-0,093620;0,212802;0,904886;-0,018568;0,154255;0,433405;-0,109744;0,156473;0,402641;-0,003769;0,151324;0,389391;-0,090370;0,154826;0,398401;0,002811;0,150503;0,387278;-0,080552;0,156387;0,402418;0,001941;0,150540;0,387372;-0,084622;0,156612;0,402998;0,013079;0,149247;0,384047;-0,051034;0,155564;0,400302
00:00:05.914;132;6;6;6;5;115,093312;173,791357;171,055382;93,533556;154,586475;84,019562;-139,460721;166,536703;170,073651;170,071955;20,844084;-13,813246;46,254903;-39,472449;-0,135319;-0,255696;1,027829;-0,139551;-0,294672;1,029712;-0,137152;-0,298052;1,041522;-0,135028;-0,300871;1,051363;-0,159019;-0,279956;0,978285;-0,170944;-0,278575;0,973460;-0,184942;-0,278180;0,972140;-0,155209;-0,266099;0,974175;-0,235377;-0,254205;0,965066;-0,249857;-0,425986;1,970033;-0,153899;-0,202792;0,966938;-0,058847;-0,073735;1,096689;-0,342533;-0,030613;0,896468;0,049786;0,157842;1,010394;-0,346922;0,221408;0,820448;0,135117;0,058045;0,756979;-0,149804;0,217504;0,838379;0,177807;0,043562;0,718583;-0,081181;0,225788;0,847571;0,183538;0,025785;0,760123;-0,073366;0,216491;0,899042;0,163178;0,029889;0,765081;-0,093889;0,212651;0,905626;-0,018201;0,153983;0,432563;-0,109445;0,156250;0,402067;-0,003335;0,151271;0,389254;-0,090155;0,155043;0,398961;0,003148;0,150465;0,387181;-0,080956;0,156330;0,402272;0,002363;0,150489;0,387242;-0,084968;0,156884;0,403699;0,012895;0,149513;0,384730;-0,051830;0,154843;0,398446
00:00:05.961;133;6;6;6;5;115,067579;173,697690;170,932434;93,653169;153,248561;83,135894;-139,854824;166,568562;170,022323;170,882302;21,155003;13,569971;52,559917;40,981245;-0,135438;-0,255888;1,028589;-0,139361;-0,294704;1,029813;-0,137136;-0,298003;1,041340;-0,135021;-0,300837;1,051236;-0,159021;-0,279930;0,978186;-0,170918;-0,278532;0,973299;-0,184933;-0,278175;0,972091;-0,155208;-0,266088;0,974113;-0,235288;-0,254109;0,964693;-0,249501;-0,425396;1,967222;-0,153910;-0,202733;0,966610;-0,058778;-0,074053;1,095398;-0,342745;-0,031141;0,897004;0,050281;0,156358;1,001156;-0,347300;0,221382;0,820291;0,126557;0,055859;0,745436;-0,149896;0,217297;0,838597;0,169201;0,041027;0,711379;-0,081308;0,225612;0,848421;0,174195;0,023095;0,753780;-0,073839;0,216095;0,899727;0,153719;0,027440;0,756653;-0,094136;0,212199;0,906807;-0,017963;0,153806;0,432016;-0,109251;0,156105;0,401693;-0,003053;0,151237;0,389165;-0,089858;0,154913;0,398625;0,003368;0,150441;0,387118;-0,080935;0,155749;0,400777;0,002637;0,150456;0,387157;-0,085125;0,156517;0,402754;0,012326;0,149550;0,384825;-0,052348;0,154375;0,397240
00:00:06.007;134;6;6;6;5;115,110285;173,600897;170,975259;93,520895;151,616732;81,590869;-140,140359;166,535844;169,980303;172,490410;21,530819;12,680609;58,962384;-41,144663;-0,135423;-0,255838;1,028383;-0,139238;-0,294725;1,029878;-0,137126;-0,297971;1,041221;-0,135016;-0,300815;1,051153;-0,158965;-0,279814;0,977771;-0,170900;-0,278504;0,973194;-0,184994;-0,278272;0,972409;-0,155208;-0,266081;0,974074;-0,235144;-0,253955;0,964100;-0,249047;-0,424635;1,963644;-0,153918;-0,202695;0,966396;-0,058733;-0,074882;1,094559;-0,342749;-0,031473;0,897003;0,049192;0,154464;0,989201;-0,347693;0,220525;0,820539;0,117419;0,053487;0,730234;-0,149892;0,217072;0,838388;0,158853;0,038788;0,702846;-0,081257;0,225126;0,847574;0,162398;0,021158;0,741957;-0,074204;0,216006;0,900873;0,142298;0,025654;0,744874;-0,094333;0,211987;0,907924;-0,017851;0,154065;0,432711;-0,108801;0,155875;0,401101;-0,002868;0,151078;0,388757;-0,089892;0,154828;0,398406;0,003290;0,150425;0,387076;-0,080992;0,155507;0,400155;0,002815;0,150435;0,387102;-0,085227;0,156279;0,402140;0,011508;0,149438;0,384536;-0,053407;0,154206;0,396806
00:00:06.054;135;6;6;6;5;115,116688;173,436321;170,897867;93,553021;149,814997;79,825456;-140,543651;166,529393;169,960405;174,301553;21,359559;12,816480;61,440088;-41,982438;-0,135459;-0,255893;1,028599;-0,139552;-0,294338;1,028521;-0,137073;-0,297850;1,040793;-0,134968;-0,300700;1,050750;-0,159043;-0,279938;0,978201;-0,170889;-0,278486;0,973126;-0,184967;-0,278235;0,972266;-0,155263;-0,266172;0,974398;-0,234966;-0,253762;0,963365;-0,250794;-0,427622;1,977419;-0,153923;-0,202670;0,966258;-0,058666;-0,075372;1,093313;-0,342885;-0,031700;0,897352;0,047654;0,152304;0,975481;-0,347949;0,219968;0,820701;0,108775;0,052395;0,721052;-0,150015;0,216628;0,838952;0,148987;0,038002;0,695200;-0,081358;0,224698;0,848423;0,151515;0,020318;0,734622;-0,074384;0,215780;0,900917;0,131939;0,024893;0,736868;-0,094942;0,211768;0,908301;-0,017778;0,154234;0,433162;-0,108510;0,155725;0,400715;-0,002750;0,151111;0,388842;-0,089914;0,154772;0,398264;0,003240;0,150414;0,387050;-0,080958;0,155214;0,399401;0,002931;0,150421;0,387066;-0,085219;0,155988;0,401391;0,010977;0,149365;0,384348;-0,054322;0,154096;0,396524
00:00:06.091;136;6;6;6;5;115,153997;173,287017;170,752512;93,421454;149,312345;78,893199;-141,020831;166,515457;169,950504;175,828823;21,463934;12,730133;66,794829;43,047986;-0,135529;-0,256016;1,029089;-0,139709;-0,293987;1,027289;-0,136993;-0,297672;1,040166;-0,134846;-0,300426;1,049787;-0,159093;-0,280019;0,978481;-0,170882;-0,278474;0,973082;-0,184950;-0,278211;0,972173;-0,155299;-0,266231;0,974609;-0,234850;-0,253637;0,962887;-0,249666;-0,425703;1,968522;-0,154037;-0,203352;0,966868;-0,058603;-0,076286;1,092154;-0,343107;-0,032373;0,897929;0,043462;0,151118;0,967963;-0,348115;0,219139;0,820805;0,099847;0,051779;0,710884;-0,150095;0,216340;0,839319;0,139545;0,037781;0,688480;-0,081423;0,224420;0,848975;0,141738;0,020143;0,728454;-0,074559;0,215801;0,901646;0,122280;0,024797;0,731314;-0,095412;0,211788;0,909246;-0,017730;0,154343;0,433455;-0,108320;0,155628;0,400465;-0,002894;0,151133;0,388898;-0,089928;0,154737;0,398172;0,003210;0,150544;0,387382;-0,081377;0,155432;0,399960;0,002788;0,150548;0,387393;-0,085362;0,156071;0,401604;0,010422;0,149453;0,384577;-0,055141;0,154025;0,396341
00:00:06.133;137;6;6;6;5;115,213942;173,316340;170,761146;93,331868;149,764325;79,090700;-141,442818;166,671215;169,862003;176,549248;21,812037;11,526783;67,754416;42,360676;-0,135759;-0,256444;1,030808;-0,139811;-0,293758;1,026488;-0,136895;-0,297455;1,039408;-0,134723;-0,300147;1,048812;-0,159126;-0,280071;0,978662;-0,170877;-0,278466;0,973053;-0,185005;-0,278295;0,972462;-0,155322;-0,266270;0,974746;-0,234774;-0,253556;0,962577;-0,250442;-0,427030;1,974639;-0,154056;-0,203721;0,966914;-0,059125;-0,076805;1,090350;-0,343118;-0,032797;0,897954;0,038663;0,150840;0,966226;-0,348691;0,218132;0,820874;0,091912;0,051532;0,706374;-0,150147;0,216153;0,839557;0,130564;0,038103;0,685512;-0,081365;0,223962;0,848284;0,131895;0,020397;0,723045;-0,075334;0,215716;0,903870;0,112988;0,025108;0,726654;-0,095791;0,211964;0,910560;-0,018193;0,154414;0,433646;-0,108385;0,155837;0,401002;-0,003213;0,151282;0,389283;-0,090243;0,154849;0,398462;0,002974;0,150900;0,388298;-0,081650;0,155573;0,400324;0,002700;0,150902;0,388306;-0,085456;0,156124;0,401743;0,009857;0,149783;0,385425;-0,055674;0,153979;0,396221
00:00:06.179;138;6;6;6;5;115,282035;173,297695;170,730654;93,157000;150,369749;79,313178;-141,952238;166,894205;169,803344;177,349982;21,525341;10,262358;58,041014;30,587054;-0,136000;-0,256896;1,032625;-0,139973;-0,293810;1,026667;-0,136969;-0,297615;1,039965;-0,134777;-0,300266;1,049228;-0,159147;-0,280106;0,978781;-0,170874;-0,278461;0,973035;-0,185041;-0,278350;0,972651;-0,155282;-0,266199;0,974485;-0,234725;-0,253503;0,962375;-0,250946;-0,427892;1,978616;-0,154068;-0,203961;0,966944;-0,060043;-0,077092;1,088477;-0,343259;-0,033085;0,898320;0,032796;0,151151;0,964747;-0,349214;0,217103;0,821268;0,085563;0,051769;0,703443;-0,151137;0,216031;0,839712;0,122295;0,039043;0,682883;-0,081294;0,223572;0,847484;0,120586;0,020918;0,705529;-0,076294;0,215494;0,904616;0,103373;0,025378;0,714525;-0,096075;0,211640;0,911764;-0,019055;0,154959;0,435170;-0,108428;0,155972;0,401351;-0,003864;0,151380;0,389534;-0,091048;0,154787;0,398300;0,002155;0,150995;0,388544;-0,082814;0,155801;0,400911;0,001977;0,150997;0,388549;-0,086203;0,156159;0,401833;0,008615;0,150133;0,386326;-0,057319;0,153813;0,395794
00:00:06.227;139;6;6;6;5;115,352088;173,277674;170,795737;93,067486;152,699448;81,243492;-142,371136;167,117533;169,782574;176,804012;21,998615;8,855330;48,077470;14,815286;-0,136249;-0,257365;1,034506;-0,140173;-0,294044;1,027484;-0,137156;-0,298020;1,041377;-0,134947;-0,300644;1,050548;-0,159218;-0,280228;0,979207;-0,170872;-0,278458;0,973023;-0,185064;-0,278386;0,972773;-0,155810;-0,266154;0,974315;-0,234693;-0,253469;0,962244;-0,251052;-0,428074;1,979450;-0,154076;-0,204117;0,966964;-0,061237;-0,077871;1,086910;-0,343350;-0,033273;0,898558;0,026957;0,152955;0,973935;-0,349703;0,216525;0,821874;0,079120;0,052772;0,702238;-0,152259;0,215952;0,839813;0,113962;0,041081;0,679424;-0,081797;0,223503;0,847665;0,110219;0,022693;0,691694;-0,078012;0,215516;0,905800;0,094640;0,026299;0,705591;-0,097300;0,211429;0,912546;-0,019614;0,155313;0,436160;-0,108456;0,156061;0,401578;-0,004292;0,151579;0,390047;-0,091490;0,154610;0,397845;0,001622;0,151057;0,388704;-0,083422;0,155677;0,400592;0,001506;0,151058;0,388707;-0,086308;0,155910;0,401191;0,007808;0,150361;0,386912;-0,058163;0,153705;0,395516
00:00:06.274;140;6;6;6;5;115,404246;173,412876;170,657958;92,837930;155,612468;83,299615;-142,850961;167,283167;169,754359;175,896875;21,975006;-8,280541;42,177016;8,700512;-0,136504;-0,257843;1,036429;-0,140400;-0,294396;1,028714;-0,137369;-0,298483;1,042995;-0,135521;-0,300590;1,050356;-0,159207;-0,280207;0,979135;-0,170809;-0,278356;0,972665;-0,184946;-0,278209;0,972152;-0,156097;-0,266028;0,973855;-0,235306;-0,253539;0,962508;-0,254583;-0,435267;2,007293;-0,154081;-0,204218;0,966976;-0,062588;-0,078326;1,085192;-0,343544;-0,033920;0,899063;0,020964;0,155639;0,985858;-0,349872;0,215590;0,821918;0,073195;0,055291;0,695505;-0,153466;0,215900;0,839878;0,105760;0,044968;0,670876;-0,082503;0,223182;0,846732;0,100345;0,028170;0,678851;-0,079192;0,215697;0,907270;0,085538;0,030821;0,693134;-0,098172;0,211454;0,913755;-0,020244;0,155668;0,437154;-0,108379;0,155982;0,401376;-0,004339;0,151437;0,389681;-0,091632;0,154631;0,397899;0,001718;0,151097;0,388807;-0,082836;0,155461;0,400035;0,001643;0,151098;0,388809;-0,085768;0,155884;0,401124;0,008159;0,150373;0,386943;-0,058140;0,153906;0,396035
00:00:06.322;141;6;6;6;5;115,460528;173,426897;170,472242;92,662230;158,411667;85,066218;-143,331552;167,460686;169,729022;175,057429;21,543101;-7,529346;38,767050;19,674379;-0,136715;-0,258241;1,038029;-0,140594;-0,294725;1,029864;-0,137870;-0,298283;1,042297;-0,135893;-0,300554;1,050232;-0,159257;-0,280294;0,979438;-0,170768;-0,278289;0,972432;-0,184736;-0,277893;0,971049;-0,156283;-0,265947;0,973556;-0,235618;-0,253492;0,962331;-0,254948;-0,434682;2,001240;-0,154141;-0,204358;0,967335;-0,064038;-0,079185;1,083375;-0,343669;-0,034341;0,899391;0,015363;0,157886;0,996758;-0,349832;0,214891;0,821597;0,067197;0,059407;0,688678;-0,154185;0,215777;0,839571;0,097198;0,050752;0,660419;-0,082412;0,222789;0,845426;0,091852;0,034812;0,671903;-0,079865;0,215565;0,907176;0,077626;0,037036;0,688187;-0,098586;0,211146;0,913141;-0,020654;0,155899;0,437800;-0,108330;0,155931;0,401244;-0,004370;0,151344;0,389442;-0,091045;0,154644;0,397935;0,002221;0,150988;0,388525;-0,081773;0,155320;0,399673;0,001954;0,151124;0,388876;-0,084360;0,155595;0,400381;0,008809;0,150109;0,386263;-0,057271;0,154174;0,396723
00:00:06.370;142;6;6;6;5;115,502610;173,383349;170,358858;92,544650;160,261004;85,764563;-143,583699;167,360037;169,706094;174,599384;21,544701;7,083394;43,120361;39,527466;-0,136760;-0,258326;1,038369;-0,140721;-0,294939;1,030612;-0,138196;-0,298153;1,041843;-0,136135;-0,300531;1,050151;-0,159233;-0,280250;0,979284;-0,170680;-0,278146;0,971931;-0,184600;-0,277688;0,970332;-0,156404;-0,265894;0,973361;-0,236282;-0,253369;0,961865;-0,255141;-0,434225;1,996956;-0,154123;-0,204375;0,967218;-0,065002;-0,080385;1,082544;-0,343751;-0,034614;0,899604;0,011722;0,159346;1,003843;-0,349807;0,214437;0,821388;0,059573;0,065485;0,680391;-0,154176;0,215697;0,839371;0,086880;0,058845;0,650122;-0,082387;0,222625;0,844927;0,083521;0,042988;0,672987;-0,080302;0,215480;0,907114;0,069920;0,044705;0,686722;-0,098932;0,211108;0,913442;-0,020920;0,156048;0,438220;-0,108108;0,155625;0,400459;-0,003945;0,151148;0,388938;-0,089834;0,154789;0,398307;0,002772;0,151052;0,388691;-0,079700;0,154276;0,396987;0,002377;0,151141;0,388919;-0,082554;0,154999;0,398848;0,009670;0,149937;0,385821;-0,055931;0,154075;0,396470
00:00:06.418;143;6;6;6;5;115,526859;173,388164;170,422609;92,388394;160,798721;84,982284;-143,829255;167,325542;169,713463;174,501708;21,163723;-6,603052;42,475562;49,970146;-0,136697;-0,258207;1,037890;-0,141197;-0,294678;1,029698;-0,138500;-0,298269;1,042248;-0,136384;-0,300716;1,050798;-0,159217;-0,280222;0,979185;-0,171114;-0,277953;0,971255;-0,185062;-0,277555;0,969866;-0,156483;-0,265859;0,973235;-0,236714;-0,253289;0,961562;-0,256210;-0,435529;2,001522;-0,154112;-0,204386;0,967141;-0,065608;-0,081138;1,081653;-0,343804;-0,034792;0,899743;0,009914;0,158646;1,005298;-0,350088;0,213856;0,821952;0,052641;0,072659;0,673604;-0,154234;0,215735;0,839591;0,077003;0,067276;0,640280;-0,082303;0,222335;0,843902;0,074347;0,052920;0,670192;-0,080586;0,215424;0,907074;0,060496;0,054524;0,683669;-0,099233;0,211245;0,914337;-0,021093;0,156146;0,438493;-0,107965;0,155427;0,399948;-0,003450;0,151157;0,388959;-0,088593;0,154884;0,398550;0,003355;0,151230;0,389149;-0,077684;0,153598;0,395242;0,002880;0,151424;0,389648;-0,080208;0,154068;0,396451;0,010448;0,149825;0,385534;-0,054610;0,154011;0,396305
00:00:06.454;144;6;6;6;5;115,631197;173,452875;170,581399;92,300051;160,768193;83,831337;-143,995714;167,273241;169,743799;174,566314;21,424266;-6,304376;39,936576;57,743153;-0,137340;-0,258895;1,038278;-0,141555;-0,294608;1,029454;-0,138699;-0,298345;1,042511;-0,136546;-0,300837;1,051219;-0,159706;-0,280103;0,978770;-0,171396;-0,277827;0,970816;-0,185363;-0,277468;0,969563;-0,156478;-0,265741;0,972803;-0,236994;-0,253238;0,961365;-0,255061;-0,433250;1,990139;-0,154105;-0,204393;0,967092;-0,066001;-0,082242;1,081075;-0,343705;-0,035405;0,899483;0,009298;0,157347;1,004493;-0,350271;0,213478;0,822319;0,046612;0,079155;0,668843;-0,154207;0,215669;0,839384;0,067314;0,074730;0,632832;-0,082797;0,222330;0,843937;0,064648;0,062108;0,669075;-0,081223;0,215221;0,906348;0,051743;0,063386;0,683085;-0,099429;0,211334;0,914919;-0,021206;0,156209;0,438671;-0,108060;0,155570;0,400316;-0,002906;0,151162;0,388974;-0,087332;0,154945;0,398707;0,003948;0,151074;0,388747;-0,075602;0,152477;0,392357;0,003418;0,151200;0,389071;-0,078393;0,153327;0,394543;0,011393;0,149753;0,385347;-0,053345;0,154106;0,396549
00:00:06.498;145;6;6;6;5;115,911314;173,392168;170,495604;92,197415;161,784223;84,050883;-144,706416;167,260256;169,762844;173,708517;21,137615;6,229719;44,922450;63,809845;-0,137991;-0,259780;1,040281;-0,141836;-0,294663;1,029645;-0,139232;-0,297993;1,041282;-0,137111;-0,300614;1,050442;-0,159966;-0,279926;0,978151;-0,171517;-0,277645;0,970180;-0,185559;-0,277412;0,969366;-0,156475;-0,265664;0,972522;-0,237177;-0,253204;0,961238;-0,254585;-0,432226;1,984840;-0,154100;-0,204398;0,967060;-0,066235;-0,082932;1,080349;-0,343908;-0,035833;0,900014;0,009523;0,157368;1,009571;-0,350390;0,213232;0,822557;0,041765;0,085114;0,662248;-0,154667;0,215627;0,839250;0,059906;0,080879;0,627291;-0,083598;0,222808;0,843959;0,056936;0,069818;0,670099;-0,082023;0,215270;0,904476;0,043902;0,071613;0,686905;-0,100038;0,211311;0,914947;-0,022216;0,159242;0,447186;-0,108160;0,155391;0,399856;-0,002550;0,150894;0,388283;-0,086512;0,154985;0,398810;0,004328;0,150836;0,388136;-0,074404;0,151612;0,390132;0,003543;0,150918;0,388346;-0,076944;0,152301;0,391903;0,012006;0,149705;0,385225;-0,052478;0,154031;0,396357
00:00:06.543;146;6;6;6;5;115,807343;173,505587;170,616464;92,038545;160,404444;81,747823;-144,594769;167,224869;169,794882;174,183035;21,604477;6,289432;48,360110;67,743970;-0,138414;-0,260356;1,041583;-0,142019;-0,294698;1,029769;-0,139579;-0,297764;1,040484;-0,137432;-0,300370;1,049587;-0,160251;-0,280011;0,978448;-0,171657;-0,277627;0,970117;-0,185619;-0,277275;0,968888;-0,156585;-0,265806;0,973039;-0,237842;-0,253182;0,961154;-0,255125;-0,431103;1,979296;-0,154097;-0,204401;0,967039;-0,066979;-0,083354;1,079527;-0,343906;-0,036096;0,900009;0,010130;0,155197;1,002371;-0,350617;0,213163;0,823062;0,038615;0,090096;0,657961;-0,155378;0,215986;0,838812;0,055442;0,085929;0,623689;-0,085523;0,223025;0,843623;0,051138;0,076313;0,670414;-0,083601;0,215386;0,903610;0,038325;0,077872;0,687288;-0,101317;0,210973;0,913566;-0,022591;0,157598;0,442571;-0,108548;0,155411;0,399906;-0,002318;0,150719;0,387834;-0,085980;0,155011;0,398876;0,004571;0,150546;0,387388;-0,073625;0,151050;0,388686;0,003624;0,150735;0,387875;-0,076002;0,151634;0,390187;0,012405;0,149675;0,385147;-0,052005;0,154255;0,396932
00:00:06.590;147;6;6;6;5;115,773491;173,505588;170,603647;91,907195;159,322524;79,728018;-144,690931;167,178257;169,812693;174,652551;20,397621;6,032599;43,408545;69,306909;-0,138782;-0,260905;1,043129;-0,142528;-0,294321;1,028450;-0,139804;-0,297616;1,039964;-0,137549;-0,300606;1,048332;-0,160378;-0,279966;0,978291;-0,172176;-0,277415;0,969376;-0,186209;-0,277186;0,968577;-0,156657;-0,265898;0,973375;-0,238275;-0,253168;0,961100;-0,254384;-0,428543;1,967293;-0,154589;-0,204329;0,966675;-0,067463;-0,084241;1,078992;-0,344038;-0,036282;0,900356;0,010509;0,153571;0,996291;-0,350764;0,213118;0,823390;0,037083;0,095261;0,657975;-0,156252;0,216129;0,838178;0,052568;0,090321;0,621698;-0,087104;0,223273;0,842005;0,048044;0,081110;0,669219;-0,085238;0,214963;0,898846;0,035779;0,082832;0,685437;-0,102343;0,210620;0,909868;-0,022891;0,156655;0,440621;-0,108800;0,155423;0,399939;-0,002166;0,150470;0,387192;-0,085710;0,154755;0,398220;0,004509;0,150357;0,386902;-0,073381;0,151229;0,389146;0,003454;0,150480;0,387219;-0,076017;0,152016;0,391172;0,012446;0,149655;0,385095;-0,051697;0,154400;0,397306
00:00:06.636;148;6;6;6;5;115,777876;173,402516;170,563150;91,901078;158,509244;78,015544;-144,766231;167,108171;169,721292;174,988878;20,445445;6,316873;40,949760;70,703697;-0,139381;-0,260824;1,042384;-0,142810;-0,293975;1,027243;-0,139903;-0,297419;1,039277;-0,137533;-0,300558;1,046816;-0,160901;-0,279737;0,977489;-0,172513;-0,277277;0,968895;-0,186592;-0,277128;0,968375;-0,157144;-0,265766;0,972894;-0,238469;-0,253066;0,960715;-0,254176;-0,427337;1,961590;-0,154852;-0,204208;0,966089;-0,067777;-0,084818;1,078645;-0,344125;-0,036402;0,900581;0,010751;0,151901;0,991989;-0,351179;0,212998;0,823254;0,036087;0,099741;0,657984;-0,156819;0,216222;0,837766;0,051347;0,094467;0,619704;-0,088685;0,223621;0,841653;0,046435;0,085415;0,668792;-0,086475;0,215110;0,897500;0,034849;0,087073;0,683184;-0,103212;0,210798;0,909214;-0,023086;0,156042;0,439354;-0,109384;0,155704;0,400660;-0,002070;0,150580;0,387475;-0,085685;0,154861;0,398493;0,004476;0,150506;0,387286;-0,073418;0,151753;0,390495;0,003349;0,150586;0,387492;-0,076026;0,152265;0,391812;0,012517;0,150186;0,386462;-0,051542;0,154631;0,397899
00:00:06.682;149;6;6;6;5;115,986641;173,233573;170,449903;91,736486;157,701427;76,386133;-145,121980;166,924322;169,647135;175,169663;20,592024;6,514770;36,722588;69,478962;-0,139817;-0,260859;1,042249;-0,142993;-0,293750;1,026458;-0,139921;-0,297781;1,038480;-0,137568;-0,300627;1,046180;-0,161242;-0,279588;0,976968;-0,172794;-0,277288;0,968931;-0,186841;-0,277091;0,968244;-0,157461;-0,265681;0,972581;-0,238508;-0,252908;0,960115;-0,253858;-0,426247;1,956484;-0,155080;-0,204204;0,966058;-0,067390;-0,085221;1,078769;-0,344181;-0,036480;0,900728;0,012023;0,149644;0,988843;-0,351299;0,212830;0,822815;0,036440;0,103782;0,662539;-0,157122;0,216668;0,837148;0,051777;0,098567;0,624707;-0,089712;0,224326;0,841425;0,045769;0,088974;0,668515;-0,087244;0,215121;0,896275;0,034596;0,090117;0,681020;-0,103777;0,210914;0,908789;-0,023570;0,158001;0,445180;-0,109535;0,155886;0,401129;-0,002008;0,150651;0,387659;-0,085669;0,154930;0,398670;0,004676;0,150604;0,387536;-0,073060;0,152230;0,391722;0,003723;0,150655;0,387670;-0,075007;0,152155;0,391527;0,012969;0,150123;0,386300;-0,050768;0,154100;0,396534
00:00:06.728;150;6;6;6;5;116,725323;173,123269;170,376249;91,629314;156,756868;74,850872;-146,300495;166,804636;169,599023;175,232966;20,868631;6,242066;32,286535;71,933446;-0,140006;-0,260706;1,041462;-0,143063;-0,294087;1,025597;-0,139932;-0,298017;1,037962;-0,137591;-0,300672;1,045767;-0,161463;-0,279491;0,976629;-0,172977;-0,277295;0,968955;-0,187071;-0,277167;0,968509;-0,157610;-0,265530;0,972028;-0,238533;-0,252806;0,959725;-0,258159;-0,433089;1,987814;-0,155228;-0,204201;0,966038;-0,067138;-0,085483;1,078850;-0,344217;-0,036531;0,900823;0,013943;0,147413;0,985398;-0,351377;0,212720;0,822530;0,036972;0,106557;0,664101;-0,157319;0,216958;0,836746;0,051973;0,101058;0,622710;-0,089977;0,224971;0,841976;0,045741;0,092480;0,668685;-0,087744;0,215128;0,895479;0,034798;0,092431;0,679263;-0,104104;0,210908;0,908163;-0,024861;0,165726;0,467167;-0,109824;0,156276;0,402134;-0,001745;0,150425;0,387078;-0,084977;0,154975;0,398786;0,005022;0,150531;0,387349;-0,072666;0,152676;0,392869;0,004182;0,150564;0,387435;-0,074381;0,152627;0,392743;0,013456;0,149810;0,385495;-0,050265;0,153756;0,395647
00:00:06.775;151;6;6;6;5;116,419196;173,154963;170,328356;91,559525;155,421920;72,761961;-145,794557;166,766526;169,567788;175,492049;20,342736;6,521824;28,273030;-73,431925;-0,139940;-0,260256;1,039550;-0,143158;-0,294407;1,025388;-0,139939;-0,298170;1,037625;-0,137652;-0,300802;1,045849;-0,161606;-0,279428;0,976409;-0,173159;-0,277399;0,969321;-0,187288;-0,277316;0,969031;-0,157706;-0,265431;0,971668;-0,238637;-0,252831;0,959821;-0,258678;-0,433723;1,990679;-0,155324;-0,204199;0,966024;-0,066974;-0,085653;1,078903;-0,344241;-0,036565;0,900885;0,015694;0,143895;0,980359;-0,351428;0,212649;0,822344;0,037337;0,108799;0,665465;-0,157923;0,217146;0,836485;0,052453;0,103381;0,621411;-0,090514;0,225587;0,841284;0,045956;0,095580;0,666695;-0,088000;0,215472;0,894261;0,035296;0,095422;0,677771;-0,104154;0,211092;0,906356;-0,024310;0,161813;0,455559;-0,110203;0,156802;0,403487;-0,001572;0,150143;0,386351;-0,084454;0,154868;0,398511;0,005246;0,150483;0,387227;-0,072410;0,152966;0,393615;0,004480;0,150505;0,387283;-0,073975;0,152934;0,393533;0,013786;0,149743;0,385322;-0,049937;0,153532;0,395071
00:00:06.823;152;6;6;6;5;116,506926;173,175567;170,211060;91,492727;154,379863;71,362081;-145,940145;166,741732;169,532166;175,484657;19,320512;7,251247;26,518205;74,692566;-0,139803;-0,259789;1,037608;-0,143219;-0,294614;1,025252;-0,139944;-0,298269;1,037406;-0,137692;-0,300887;1,045902;-0,161584;-0,279186;0,975566;-0,173214;-0,277367;0,969209;-0,187361;-0,277313;0,969020;-0,157656;-0,265176;0,970734;-0,238704;-0,252847;0,959884;-0,256876;-0,430551;1,976092;-0,155386;-0,204197;0,966016;-0,066868;-0,085764;1,078937;-0,344256;-0,036586;0,900925;0,017930;0,141558;0,976733;-0,351311;0,212512;0,821874;0,037635;0,110434;0,667403;-0,158315;0,217269;0,836315;0,053179;0,105367;0,621267;-0,091226;0,225705;0,839785;0,046574;0,098188;0,666802;-0,088097;0,215526;0,892770;0,035638;0,097418;0,677151;-0,104187;0,211212;0,905181;-0,024497;0,162884;0,458163;-0,110163;0,156736;0,403317;-0,001460;0,149959;0,385878;-0,084114;0,154799;0,398332;0,005392;0,150452;0,387147;-0,072244;0,153154;0,394100;0,004674;0,150467;0,387184;-0,073710;0,153133;0,394046;0,014000;0,149699;0,385209;-0,049725;0,153386;0,394696
00:00:06.871;153;6;6;6;5;116,551041;173,085316;170,274595;91,572795;151,690590;67,884519;-146,021461;166,685852;169,436954;176,896650;17,678244;7,226977;25,370432;74,646463;-0,139808;-0,259660;1,037045;-0,143210;-0,294649;1,024814;-0,139947;-0,298334;1,037264;-0,137718;-0,300942;1,045936;-0,161569;-0,279029;0,975018;-0,173250;-0,277346;0,969136;-0,187409;-0,277311;0,969013;-0,157622;-0,265010;0,970127;-0,238661;-0,252766;0,959574;-0,257480;-0,431463;1,980260;-0,155371;-0,204123;0,965660;-0,066798;-0,085836;1,078959;-0,344266;-0,036600;0,900951;0,019653;0,138406;0,962827;-0,351853;0,212514;0,821918;0,038230;0,111556;0,669012;-0,158570;0,217348;0,836205;0,053804;0,106964;0,622924;-0,091572;0,225972;0,837760;0,047303;0,099776;0,666171;-0,088454;0,215555;0,889700;0,035898;0,098820;0,677448;-0,104209;0,211290;0,904418;-0,024618;0,163844;0,459856;-0,109945;0,156421;0,402506;-0,001606;0,149840;0,385571;-0,084187;0,155298;0,399616;0,005487;0,150432;0,387096;-0,072136;0,153277;0,394415;0,004800;0,150442;0,387120;-0,073763;0,153263;0,394380;0,013701;0,149671;0,385136;-0,049855;0,153427;0,394802
00:00:06.919;154;6;6;6;5;116,156065;173,130300;170,315892;91,490905;149,824074;65,582775;-145,405453;166,689286;169,375086;177,813107;16,557677;7,291740;24,355919;-73,450794;-0,139906;-0,259752;1,037379;-0,143204;-0,294671;1,024529;-0,140348;-0,297973;1,035772;-0,137735;-0,300978;1,045958;-0,161617;-0,279028;0,975012;-0,173274;-0,277333;0,969088;-0,187440;-0,277310;0,969008;-0,157106;-0,264998;0,970083;-0,238720;-0,252805;0,959723;-0,263336;-0,441208;2,024969;-0,155360;-0,204074;0,965429;-0,066753;-0,085882;1,078973;-0,344272;-0,036609;0,900968;0,021288;0,136258;0,953087;-0,352205;0,212515;0,821947;0,038679;0,112078;0,671108;-0,158736;0,217876;0,836133;0,054426;0,108433;0,626450;-0,091835;0,226241;0,836794;0,047752;0,101131;0,665411;-0,088652;0,215489;0,887355;0,036085;0,099784;0,677991;-0,104061;0,211524;0,902522;-0,024003;0,159835;0,448006;-0,109708;0,156080;0,401629;-0,001701;0,149762;0,385371;-0,084685;0,156030;0,401500;0,005549;0,150419;0,387062;-0,072419;0,153628;0,395320;0,004882;0,150425;0,387078;-0,073929;0,153620;0,395297;0,013288;0,149652;0,385088;-0,050481;0,153726;0,395572
00:00:06.967;155;6;6;6;5;115,891546;173,055839;170,342734;91,437836;148,587687;64,149308;-144,988081;166,651747;169,334879;178,303998;16,570786;7,785755;24,120215;71,021844;-0,139875;-0,259636;1,036897;-0,143152;-0,294585;1,023994;-0,140561;-0,297637;1,034452;-0,137746;-0,301001;1,045973;-0,161765;-0,279227;0,975708;-0,173351;-0,277424;0,969407;-0,187325;-0,277109;0,968305;-0,156883;-0,265182;0,970754;-0,238671;-0,252738;0,959470;-0,261041;-0,437323;2,007130;-0,155354;-0,204042;0,965279;-0,066724;-0,085913;1,078983;-0,344277;-0,036615;0,900979;0,022883;0,134861;0,946757;-0,352434;0,212516;0,821965;0,038971;0,112418;0,672470;-0,158844;0,218219;0,836087;0,055284;0,109934;0,629793;-0,092561;0,227082;0,836866;0,047992;0,102280;0,664217;-0,088886;0,215702;0,886881;0,036226;0,100850;0,678694;-0,104006;0,211759;0,901639;-0,023583;0,157104;0,439954;-0,109554;0,155859;0,401059;-0,001989;0,150120;0,386291;-0,085009;0,156506;0,402725;0,005373;0,150547;0,387390;-0,072829;0,153857;0,395908;0,004719;0,150551;0,387401;-0,072678;0,150587;0,387493;0,012591;0,149776;0,385407;-0,051339;0,153920;0,396072
00:00:07.014;156;6;6;6;5;115,722091;173,214815;170,471683;91,551321;147,478709;62,700950;-144,707637;166,706867;169,343586;178,961094;16,573172;8,394145;23,636740;68,947411;-0,139666;-0,259210;1,035183;-0,143068;-0,294428;1,023296;-0,140699;-0,297419;1,033594;-0,137753;-0,301016;1,045982;-0,161803;-0,279256;0,975810;-0,173339;-0,277383;0,969265;-0,187182;-0,276878;0,967499;-0,156738;-0,265301;0,971190;-0,238814;-0,252880;0,960006;-0,259277;-0,434340;1,993434;-0,155349;-0,204022;0,965181;-0,066705;-0,085932;1,078989;-0,344279;-0,036619;0,900987;0,023852;0,134135;0,940192;-0,352733;0,213075;0,822327;0,039181;0,113467;0,673705;-0,158914;0,218441;0,836056;0,055811;0,111571;0,631615;-0,093110;0,227820;0,837613;0,048149;0,103403;0,663441;-0,088932;0,216087;0,885523;0,036337;0,102371;0,679501;-0,104010;0,211994;0,901415;-0,023273;0,155319;0,434020;-0,109550;0,155851;0,401038;-0,002400;0,150488;0,387239;-0,085605;0,156680;0,403171;0,005038;0,150630;0,387604;-0,073095;0,154005;0,396290;0,004613;0,150632;0,387610;-0,071865;0,148615;0,382421;0,011708;0,149993;0,385965;-0,052253;0,153775;0,395696
00:00:07.062;157;6;6;6;5;116,297975;173,284182;170,564975;91,624572;146,885619;61,844055;-145,522326;166,711162;169,340705;179,321668;16,095374;8,297023;23,231638;69,058588;-0,139530;-0,258934;1,034069;-0,143014;-0,294326;1,022843;-0,140789;-0,297278;1,033036;-0,137711;-0,300925;1,045639;-0,161827;-0,279275;0,975876;-0,173332;-0,277357;0,969172;-0,187089;-0,276728;0,966974;-0,157083;-0,265187;0,970774;-0,238906;-0,252971;0,960354;-0,256992;-0,430494;1,975782;-0,155347;-0,204009;0,965118;-0,066714;-0,085973;1,079343;-0,344281;-0,036621;0,900991;0,024511;0,133814;0,936975;-0,352927;0,213439;0,822563;0,039338;0,114594;0,674859;-0,159435;0,218586;0,836037;0,056090;0,112868;0,632100;-0,093429;0,228204;0,837748;0,048327;0,104679;0,663987;-0,089393;0,216165;0,883940;0,036427;0,104190;0,680376;-0,104403;0,211899;0,900220;-0,024512;0,161957;0,451863;-0,109547;0,155845;0,401025;-0,003331;0,150728;0,387856;-0,087285;0,156248;0,402061;0,003717;0,150684;0,387742;-0,075792;0,155054;0,398989;0,003219;0,150685;0,387747;-0,075594;0,151823;0,390673;0,010039;0,150270;0,386677;-0,053797;0,153816;0,395803
00:00:07.108;158;6;6;6;5;117,038079;173,261635;170,558963;91,650213;146,518311;61,223192;-146,418311;166,650901;169,306587;179,613931;15,677257;8,465376;22,749030;70,709152;-0,139395;-0,258666;1,032995;-0,142979;-0,294260;1,022548;-0,140848;-0,297186;1,032673;-0,137730;-0,300967;1,045765;-0,161843;-0,279288;0,975920;-0,173327;-0,277339;0,969112;-0,187029;-0,276630;0,966633;-0,157364;-0,265209;0,970853;-0,238966;-0,253031;0,960580;-0,254414;-0,426165;1,955909;-0,155345;-0,204000;0,965077;-0,066764;-0,086055;1,080273;-0,344282;-0,036623;0,900994;0,024959;0,133705;0,935584;-0,352903;0,213584;0,822366;0,039804;0,115650;0,675258;-0,159774;0,218680;0,836024;0,056505;0,113815;0,631015;-0,093675;0,228549;0,838187;0,048848;0,105944;0,664691;-0,089657;0,216130;0,882561;0,036486;0,105372;0,680944;-0,104617;0,211755;0,899093;-0,026211;0,170171;0,474311;-0,109545;0,155842;0,401016;-0,004168;0,151155;0,388956;-0,088526;0,155832;0,400990;0,002638;0,150991;0,388533;-0,077545;0,155736;0,400743;0,002093;0,150992;0,388535;-0,078553;0,154043;0,396388;0,008961;0,150586;0,387490;-0,054800;0,153843;0,395872
00:00:07.155;159;6;5;6;5;117,539342;173,247076;170,580007;91,793762;146,281915;60,899521;-147,024877;166,611673;169,304011;179,805000;14,726108;-8,536804;22,259413;-71,361738;-0,139307;-0,258492;1,032297;-0,142907;-0,294116;1,022006;-0,140838;-0,297025;1,032088;-0,137743;-0,300994;1,045847;-0,161854;-0,279296;0,975948;-0,173323;-0,277328;0,969073;-0,186922;-0,276466;0,966062;-0,157547;-0,265223;0,970904;-0,239005;-0,253070;0,960727;-0,252875;-0,423579;1,944041;-0,155456;-0,204142;0,965750;-0,066796;-0,086109;1,080877;-0,344283;-0,036624;0,900996;0,025250;0,133634;0,934679;-0,352887;0,214146;0,822238;0,040107;0,115953;0,675518;-0,159994;0,218742;0,836015;0,056774;0,114072;0,630310;-0,093717;0,228487;0,837421;0,049160;0,106331;0,664799;-0,089756;0,215935;0,880965;0,036524;0,106140;0,681314;-0,104756;0,211662;0,898360;-0,027355;0,175761;0,489602;-0,109448;0,155704;0,400660;-0,004712;0,151433;0,389671;-0,089173;0,155289;0,399593;0,001936;0,151190;0,389046;-0,078684;0,156179;0,401883;0,001360;0,151191;0,389048;-0,080101;0,155215;0,399402;0,008253;0,150655;0,387669;-0,055452;0,153860;0,395917
00:00:07.203;160;6;5;6;5;116,843350;173,271345;170,498302;91,865554;146,175040;60,757646;-145,922351;166,617846;169,295202;179,852727;14,413503;-8,611967;21,942875;71,997144;-0,139297;-0,258467;1,032193;-0,142861;-0,294022;1,021654;-0,140831;-0,296921;1,031707;-0,137797;-0,301112;1,046251;-0,161803;-0,279201;0,975616;-0,173258;-0,277221;0,968697;-0,186920;-0,276460;0,966040;-0,157609;-0,265136;0,970588;-0,239031;-0,253095;0,960823;-0,253286;-0,424262;1,947176;-0,155529;-0,204235;0,966187;-0,066795;-0,086116;1,080920;-0,344284;-0,036625;0,900998;0,025439;0,133588;0,934092;-0,352727;0,214420;0,821805;0,040283;0,116089;0,675337;-0,160137;0,218781;0,836010;0,056918;0,114175;0,629501;-0,093784;0,228542;0,837274;0,049010;0,106638;0,665220;-0,089893;0,215981;0,880627;0,036549;0,106640;0,681554;-0,104888;0,211683;0,898234;-0,026306;0,168075;0,468041;-0,109481;0,155750;0,400779;-0,005060;0,151478;0,389786;-0,089593;0,154936;0,398686;0,001700;0,151048;0,388680;-0,078865;0,155379;0,399824;0,001105;0,151184;0,389031;-0,080677;0,155160;0,399261;0,007781;0,150428;0,387085;-0,055876;0,153872;0,395946
00:00:07.238;161;6;5;6;5;117,297782;173,183710;170,274174;91,870550;147,484906;62,535354;-146,652358;166,581631;169,258306;178,586367;14,343855;9,413960;22,165196;73,461933;-0,139290;-0,258450;1,032125;-0,142879;-0,294062;1,021775;-0,140875;-0,296954;1,031810;-0,137832;-0,301189;1,046513;-0,161827;-0,279239;0,975750;-0,173216;-0,277151;0,968453;-0,186919;-0,276456;0,966026;-0,157763;-0,265271;0,971082;-0,238960;-0,253019;0,960535;-0,253689;-0,424935;1,950265;-0,155576;-0,204295;0,966472;-0,066794;-0,086120;1,080948;-0,344284;-0,036625;0,900998;0,025823;0,134364;0,943160;-0,352322;0,214415;0,820823;0,040355;0,116057;0,674519;-0,160230;0,218807;0,836007;0,056883;0,113988;0,627576;-0,093866;0,228673;0,837528;0,049292;0,106838;0,665493;-0,089551;0,216182;0,881108;0,036565;0,106965;0,681710;-0,105055;0,211862;0,898852;-0,027297;0,173644;0,483427;-0,108894;0,155236;0,399457;-0,005065;0,151507;0,389861;-0,089493;0,154843;0,398446;0,001768;0,150956;0,388442;-0,078687;0,154723;0,398135;0,001160;0,151044;0,388670;-0,081051;0,155125;0,399170;0,007921;0,150416;0,387055;-0,055926;0,153879;0,395965
00:00:07.280;162;6;5;6;5;116,639125;173,126717;170,128727;91,869014;148,688515;64,190324;-145,637654;166,558070;169,234325;177,478551;14,131855;10,049900;22,860525;74,072982;-0,139286;-0,258439;1,032081;-0,142891;-0,294088;1,021854;-0,140903;-0,296975;1,031876;-0,137855;-0,301239;1,046683;-0,161901;-0,279364;0,976188;-0,173314;-0,277306;0,968995;-0,186918;-0,276454;0,966017;-0,157863;-0,265359;0,971403;-0,238914;-0,252970;0,960348;-0,253861;-0,425220;1,951572;-0,155607;-0,204334;0,966657;-0,066794;-0,086123;1,080966;-0,344284;-0,036625;0,900999;0,026131;0,135165;0,951154;-0,352059;0,214411;0,820185;0,040360;0,115915;0,673287;-0,159749;0,218732;0,835654;0,056893;0,113574;0,626674;-0,093881;0,228663;0,837343;0,049422;0,106856;0,664970;-0,089188;0,215969;0,880020;0,036576;0,107176;0,681812;-0,104571;0,211814;0,898554;-0,026249;0,166574;0,463678;-0,108607;0,155038;0,398947;-0,004620;0,151390;0,389560;-0,088975;0,154783;0,398290;0,002032;0,150895;0,388287;-0,078572;0,154296;0,397038;0,001417;0,150953;0,388436;-0,081079;0,154693;0,398060;0,008452;0,150409;0,387036;-0,055557;0,154020;0,396327
00:00:07.327;163;6;5;6;5;116,203939;173,226857;170,110030;91,888369;149,594839;65,448882;-145,047449;166,614733;169,243210;176,640354;14,042083;9,766313;23,364330;75,054666;-0,139330;-0,258520;1,032403;-0,142899;-0,294105;1,021905;-0,140922;-0,296989;1,031920;-0,137870;-0,301271;1,046794;-0,161950;-0,279446;0,976472;-0,173378;-0,277406;0,969347;-0,186918;-0,276452;0,966011;-0,157985;-0,265512;0,971962;-0,238972;-0,253030;0,960576;-0,255019;-0,427160;1,960472;-0,155626;-0,204359;0,966777;-0,066772;-0,086097;1,080628;-0,344284;-0,036626;0,900999;0,026341;0,135736;0,956700;-0,352039;0,214501;0,820120;0,040300;0,115642;0,671437;-0,159435;0,218684;0,835425;0,056740;0,113342;0,624338;-0,093414;0,228656;0,837223;0,049507;0,106867;0,664631;-0,088952;0,215831;0,879313;0,036932;0,107202;0,681178;-0,104256;0,211782;0,898360;-0,025567;0,161978;0,450840;-0,108326;0,154773;0,398265;-0,004335;0,151450;0,389714;-0,088638;0,154743;0,398188;0,002206;0,150992;0,388537;-0,078134;0,153747;0,395625;0,001585;0,151030;0,388633;-0,081015;0,154685;0,398039;0,009027;0,150540;0,387373;-0,055316;0,154111;0,396563
00:00:07.374;164;6;5;6;5;115,987008;173,254573;170,105345;91,900903;149,928192;65,707012;-144,645816;166,501489;169,242182;176,522391;13,704039;-9,575450;25,003080;75,772733;-0,139265;-0,258397;1,031912;-0,142953;-0,294217;1,022288;-0,140982;-0,297099;1,032298;-0,137880;-0,301292;1,046866;-0,162039;-0,279599;0,977007;-0,173482;-0,277572;0,969925;-0,186918;-0,276451;0,966007;-0,158064;-0,265611;0,972325;-0,239009;-0,253069;0,960724;-0,254133;-0,425675;1,953657;-0,155639;-0,204376;0,966855;-0,066186;-0,086752;1,081108;-0,344284;-0,036626;0,901000;0,026438;0,135360;0,958905;-0,352025;0,214559;0,820078;0,040156;0,115540;0,668484;-0,159232;0,218652;0,835276;0,056896;0,113000;0,621770;-0,093071;0,228556;0,836795;0,049510;0,106762;0,663710;-0,088763;0,215655;0,878503;0,037125;0,107495;0,680065;-0,104011;0,211679;0,897884;-0,025164;0,159242;0,443196;-0,108011;0,154737;0,398173;-0,003922;0,151217;0,389114;-0,088193;0,154717;0,398122;0,002538;0,150919;0,388349;-0,077919;0,153526;0,395056;0,001913;0,150944;0,388412;-0,080901;0,154544;0,397676;0,009401;0,150625;0,387593;-0,055160;0,154171;0,396716
00:00:07.422;165;6;5;6;5;115,847121;173,272644;170,102298;91,909031;149,966191;65,627729;-144,385573;166,427765;169,241516;176,532972;13,623431;9,376115;27,608557;76,277294;-0,139175;-0,258230;1,031243;-0,142988;-0,294290;1,022537;-0,140973;-0,297069;1,032194;-0,137840;-0,301205;1,046563;-0,162039;-0,279598;0,977005;-0,173549;-0,277680;0,970301;-0,186917;-0,276450;0,966005;-0,158059;-0,265580;0,972212;-0,239033;-0,253094;0,960821;-0,253603;-0,424786;1,949577;-0,155648;-0,204387;0,966906;-0,065804;-0,087177;1,081420;-0,344284;-0,036626;0,901000;0,026482;0,134472;0,959638;-0,352016;0,214597;0,820051;0,039936;0,115109;0,664465;-0,159099;0,218632;0,835180;0,056932;0,112650;0,619400;-0,092849;0,228491;0,836517;0,049460;0,106580;0,662412;-0,088676;0,215627;0,878327;0,037231;0,107630;0,678993;-0,103811;0,211530;0,897225;-0,024901;0,157464;0,438228;-0,107807;0,154714;0,398112;-0,003656;0,151201;0,389074;-0,087903;0,154701;0,398080;0,002754;0,150872;0,388227;-0,077555;0,153382;0,394686;0,002127;0,150888;0,388268;-0,080828;0,154452;0,397439;0,009845;0,150409;0,387035;-0,054737;0,153937;0,396115
00:00:07.469;166;6;5;6;5;115,757817;173,354611;170,129732;92,043053;150,102039;65,761236;-144,131750;166,384828;169,248625;176,480870;13,345099;-9,181735;30,115961;-76,737952;-0,139117;-0,258121;1,030808;-0,143011;-0,294337;1,022699;-0,140967;-0,297050;1,032126;-0,137814;-0,301149;1,046366;-0,162039;-0,279598;0,977003;-0,173656;-0,277850;0,970896;-0,186985;-0,276550;0,966353;-0,158055;-0,265560;0,972138;-0,239049;-0,253111;0,960884;-0,255944;-0,428707;1,967575;-0,155541;-0,204246;0,966239;-0,065556;-0,087454;1,081623;-0,344151;-0,036612;0,900650;0,026530;0,133991;0,960815;-0,351860;0,214996;0,819683;0,039729;0,114646;0,660802;-0,158538;0,218618;0,835117;0,056891;0,112295;0,617160;-0,092152;0,228258;0,835636;0,049401;0,106406;0,661217;-0,088154;0,215694;0,878563;0,037300;0,107717;0,678295;-0,103251;0,211598;0,897496;-0,024468;0,156182;0,434648;-0,107674;0,154698;0,398073;-0,003483;0,151191;0,389048;-0,087638;0,154554;0,397702;0,002894;0,150841;0,388147;-0,077318;0,153289;0,394446;0,002266;0,150851;0,388174;-0,080638;0,154120;0,396585;0,010134;0,150268;0,386673;-0,054510;0,153922;0,396075
00:00:07.515;167;6;5;6;5;115,673724;173,441443;170,058360;92,106077;150,193613;65,839421;-144,036293;166,392306;169,249658;176,410685;13,585129;8,995354;34,265123;76,847545;-0,138984;-0,257875;1,029825;-0,143026;-0,294367;1,022805;-0,140963;-0,297038;1,032082;-0,137797;-0,301112;1,046238;-0,162039;-0,279597;0,977002;-0,173662;-0,277860;0,970932;-0,187029;-0,276615;0,966580;-0,158053;-0,265546;0,972089;-0,239146;-0,253214;0,961274;-0,254416;-0,426147;1,955824;-0,155584;-0,204302;0,966505;-0,065395;-0,087634;1,081755;-0,344198;-0,036617;0,900772;0,026562;0,133678;0,961580;-0,351759;0,215255;0,819444;0,039469;0,114348;0,656321;-0,158173;0,218610;0,835076;0,056799;0,112284;0,615004;-0,091738;0,228202;0,835413;0,049336;0,106237;0,660091;-0,087885;0,215910;0,879416;0,037344;0,107774;0,677842;-0,102967;0,211807;0,898372;-0,024186;0,155349;0,432321;-0,107493;0,154552;0,397697;-0,003368;0,151049;0,388681;-0,087620;0,154731;0,398156;0,002982;0,150685;0,387746;-0,077300;0,153500;0,394990;0,002354;0,150692;0,387763;-0,080430;0,154177;0,396731;0,010312;0,150040;0,386087;-0,054410;0,154048;0,396399
00:00:07.562;168;6;5;6;5;115,620282;173,360545;169,936569;92,127052;150,314368;65,982746;-143,907698;166,325020;169,225832;176,341981;14,441115;8,559571;37,698101;77,059627;-0,138993;-0,257890;1,029886;-0,142938;-0,294186;1,022173;-0,140913;-0,296929;1,031703;-0,137740;-0,300988;1,045805;-0,162039;-0,279597;0,977001;-0,173604;-0,277767;0,970606;-0,186990;-0,276557;0,966377;-0,158052;-0,265538;0,972058;-0,239122;-0,253188;0,961178;-0,256109;-0,428982;1,968836;-0,155668;-0,204413;0,967028;-0,065311;-0,087779;1,082191;-0,344228;-0,036620;0,900852;0,026601;0,133572;0,962777;-0,351543;0,215331;0,818939;0,039300;0,114154;0,653409;-0,157936;0,218604;0,835049;0,056740;0,112278;0,613603;-0,091468;0,228165;0,835269;0,049320;0,106183;0,659709;-0,087918;0,216061;0,882070;0,037354;0,107755;0,677197;-0,102902;0,212190;0,899992;-0,024002;0,154807;0,430809;-0,107150;0,154457;0,397453;-0,003291;0,150820;0,388093;-0,087685;0,154981;0,398801;0,003040;0,150584;0,387485;-0,077221;0,153502;0,394994;0,002411;0,150588;0,387496;-0,080225;0,154077;0,396475;0,010447;0,150165;0,386407;-0,053883;0,153449;0,394859
00:00:07.609;169;6;5;6;5;115,623543;173,378252;169,946481;92,162994;150,726046;66,459245;-143,762888;166,286394;169,213737;175,989975;14,931167;7,809077;39,586244;-77,240636;-0,138951;-0,257813;1,029576;-0,142929;-0,293587;1,022112;-0,140880;-0,296858;1,031457;-0,137703;-0,300907;1,045523;-0,162039;-0,279597;0,977001;-0,173504;-0,277606;0,970044;-0,187032;-0,276619;0,966595;-0,158051;-0,265532;0,972038;-0,239107;-0,253172;0,961116;-0,255661;-0,428232;1,965393;-0,155723;-0,204484;0,967368;-0,065257;-0,087873;1,082474;-0,344114;-0,036608;0,900554;0,026695;0,133288;0,966005;-0,351402;0,215381;0,818610;0,039232;0,114152;0,652216;-0,157307;0,218600;0,835032;0,056734;0,112338;0,613042;-0,090818;0,228142;0,835175;0,049336;0,106204;0,659811;-0,087904;0,216074;0,883446;0,037361;0,107743;0,676778;-0,102780;0,212274;0,900345;-0,023922;0,154707;0,430526;-0,107153;0,154396;0,397295;-0,003464;0,150807;0,388060;-0,087727;0,155144;0,399221;0,003077;0,150518;0,387315;-0,077238;0,153638;0,395346;0,002228;0,150520;0,387322;-0,080459;0,154285;0,397009;0,010724;0,149837;0,385564;-0,053540;0,153060;0,393858
00:00:07.656;170;6;5;6;5;115,613752;173,286079;170,038021;92,211876;151,111703;66,912623;-143,655693;166,220473;169,221721;175,664014;14,551130;7,390680;40,560338;-77,500103;-0,139113;-0,258113;1,030774;-0,142924;-0,293198;1,022073;-0,140907;-0,296913;1,031647;-0,137725;-0,300955;1,045690;-0,162039;-0,279597;0,977001;-0,173438;-0,277502;0,969679;-0,187127;-0,276760;0,967087;-0,158050;-0,265529;0,972025;-0,239010;-0,253069;0,960725;-0,256417;-0,429498;1,971206;-0,155702;-0,204457;0,967240;-0,065222;-0,087935;1,082658;-0,344040;-0,036600;0,900360;0,026775;0,133199;0,968803;-0,351461;0,215505;0,818747;0,039230;0,114273;0,652140;-0,156963;0,218690;0,835371;0,056762;0,112441;0,613027;-0,090357;0,228031;0,834764;0,049399;0,106331;0,660577;-0,087826;0,215911;0,883640;0,037384;0,107791;0,676856;-0,102148;0,212247;0,900224;-0,023869;0,154642;0,430342;-0,107060;0,154220;0,396842;-0,003576;0,150799;0,388039;-0,088059;0,155386;0,399844;0,002881;0,150475;0,387205;-0,077543;0,153863;0,395925;0,002109;0,150477;0,387210;-0,081354;0,154964;0,398756;0,010904;0,149624;0,385017;-0,053365;0,152944;0,393558
00:00:07.702;171;6;5;6;5;115,645368;173,226153;170,182589;92,263463;151,364016;67,195304;-143,612409;166,177492;169,242876;175,451393;14,552527;7,181866;40,772442;77,542647;-0,139407;-0,258658;1,032953;-0,142920;-0,292945;1,022048;-0,140924;-0,296949;1,031771;-0,137739;-0,300986;1,045798;-0,161981;-0,279497;0,976650;-0,173459;-0,277534;0,969791;-0,187121;-0,276751;0,967056;-0,157993;-0,265431;0,971666;-0,238947;-0,253002;0,960471;-0,256590;-0,429788;1,972534;-0,155632;-0,204365;0,966806;-0,065199;-0,087975;1,082778;-0,343992;-0,036595;0,900234;0,026827;0,133141;0,970622;-0,351650;0,215679;0,819185;0,039578;0,114290;0,651741;-0,156740;0,218748;0,835591;0,056780;0,112508;0,613018;-0,090133;0,228150;0,835196;0,049414;0,106357;0,660725;-0,087741;0,215720;0,883416;0,037399;0,107822;0,676906;-0,101699;0,212146;0,899796;-0,023835;0,154599;0,430222;-0,107510;0,154513;0,397597;-0,003870;0,150794;0,388026;-0,088503;0,155544;0,400248;0,002751;0,150311;0,386783;-0,078314;0,154690;0,398051;0,001810;0,150312;0,386786;-0,082080;0,155677;0,400591;0,011021;0,149486;0,384661;-0,053298;0,153004;0,393713
00:00:07.749;172;6;5;6;5;115,657273;173,153694;170,286152;92,297161;151,356325;67,183567;-143,486760;166,117424;169,248095;175,479853;14,207740;7,513800;41,969301;-77,416634;-0,139645;-0,259101;1,034720;-0,142918;-0,292780;1,022031;-0,140935;-0,296972;1,031851;-0,138111;-0,300503;1,044119;-0,161885;-0,279331;0,976073;-0,173409;-0,277454;0,969514;-0,187118;-0,276195;0,967037;-0,157898;-0,265271;0,971083;-0,238905;-0,252959;0,960306;-0,258660;-0,433255;1,988447;-0,155587;-0,204306;0,966524;-0,065205;-0,088029;1,083206;-0,343961;-0,036592;0,900152;0,026841;0,133008;0,971104;-0,351772;0,215791;0,819470;0,039739;0,114117;0,650432;-0,156595;0,218785;0,835734;0,056760;0,112487;0,612662;-0,089912;0,228036;0,834778;0,049371;0,106261;0,660121;-0,087183;0,215596;0,883270;0,037409;0,107842;0,676939;-0,101485;0,212246;0,900217;-0,023794;0,154690;0,429794;-0,107708;0,154568;0,397738;-0,004065;0,150926;0,388367;-0,088792;0,155646;0,400511;0,002451;0,150476;0,387209;-0,078954;0,155499;0,400133;0,001618;0,150477;0,387211;-0,082854;0,156277;0,402134;0,010898;0,149668;0,385130;-0,053444;0,153587;0,395213
00:00:07.795;173;6;5;6;5;115,687853;173,210431;170,353446;92,317680;151,405942;67,151984;-143,429589;166,119461;169,251628;175,612580;14,397398;7,611519;42,218589;77,319952;-0,139800;-0,259388;1,035868;-0,142966;-0,292774;1,022370;-0,140943;-0,296987;1,031903;-0,138399;-0,300289;1,043377;-0,161823;-0,279224;0,975697;-0,173377;-0,277403;0,969334;-0,187183;-0,275933;0,967374;-0,157837;-0,265168;0,970704;-0,238966;-0,253023;0,960549;-0,259687;-0,434975;1,996341;-0,155557;-0,204267;0,966340;-0,065209;-0,088064;1,083484;-0,343940;-0,036589;0,900099;0,026298;0,132922;0,971418;-0,351852;0,215864;0,819656;0,039475;0,114004;0,649581;-0,156025;0,218810;0,835827;0,056366;0,112062;0,612080;-0,089769;0,227962;0,834505;0,048942;0,105768;0,659379;-0,086888;0,215686;0,883876;0,037396;0,107415;0,676610;-0,101307;0,212228;0,900141;-0,024071;0,155128;0,430566;-0,107741;0,154468;0,397480;-0,004192;0,151012;0,388588;-0,089130;0,155576;0,400332;0,002255;0,150584;0,387486;-0,079370;0,156025;0,401487;0,001273;0,150584;0,387487;-0,083358;0,156666;0,403137;0,010818;0,149787;0,385434;-0,053538;0,153966;0,396189
00:00:07.842;174;6;5;6;5;115,729400;173,278259;170,388468;92,331052;152,146527;68,417692;-143,525298;166,251746;169,261700;175,271609;14,441655;7,376176;57,963352;75,723868;-0,139901;-0,259575;1,036614;-0,142996;-0,292769;1,022591;-0,140947;-0,296996;1,031937;-0,138586;-0,300150;1,042895;-0,161841;-0,279254;0,975803;-0,173356;-0,277369;0,969217;-0,187090;-0,275564;0,966893;-0,157911;-0,265292;0,971158;-0,239005;-0,253064;0,960707;-0,256712;-0,429992;1,973471;-0,155594;-0,204316;0,966571;-0,065785;-0,088030;1,082964;-0,343927;-0,036588;0,900064;0,025451;0,134872;0,974072;-0,351904;0,215912;0,819776;0,038925;0,112466;0,642727;-0,155654;0,218826;0,835888;0,056143;0,111152;0,612052;-0,089275;0,227629;0,835029;0,048587;0,104162;0,657846;-0,086629;0,215574;0,883569;0,037388;0,105983;0,676397;-0,101151;0,212134;0,899742;-0,024251;0,155413;0,431068;-0,108180;0,154675;0,398012;-0,004491;0,150932;0,388382;-0,089192;0,155259;0,399516;0,001907;0,150518;0,387316;-0,079641;0,156367;0,402366;0,000827;0,150790;0,388017;-0,083685;0,156920;0,403789;0,010757;0,149728;0,385282;-0,053326;0,154076;0,396473
00:00:07.888;175;6;5;6;5;116,531925;173,218632;170,411226;92,339757;152,742703;69,346363;-144,791217;166,296671;169,268241;175,119562;14,194271;-7,432435;65,096810;-71,692001;-0,139777;-0,258757;1,035699;-0,142967;-0,292666;1,022384;-0,140950;-0,296416;1,031959;-0,138661;-0,299959;1,042232;-0,161852;-0,279274;0,975872;-0,173405;-0,277448;0,969491;-0,187029;-0,275324;0,966580;-0,157959;-0,265372;0,971452;-0,238944;-0,252999;0,960460;-0,258597;-0,431253;1,979256;-0,155675;-0,204422;0,967071;-0,066160;-0,088008;1,082627;-0,343918;-0,036587;0,900042;0,024351;0,136188;0,976147;-0,351938;0,215943;0,819855;0,038188;0,111048;0,637923;-0,155413;0,218836;0,835927;0,055362;0,109638;0,612734;-0,088991;0,227508;0,835719;0,047632;0,101266;0,651950;-0,086357;0,215245;0,882320;0,036998;0,103898;0,676258;-0,101129;0,211725;0,900182;-0,026007;0,163904;0,455194;-0,108752;0,155217;0,399408;-0,004907;0,150880;0,388249;-0,089232;0,155053;0,398985;0,001459;0,150339;0,386855;-0,079817;0,156589;0,402938;0,000317;0,150652;0,387661;-0,083688;0,156268;0,402113;0,010717;0,149689;0,385183;-0,053096;0,153876;0,395957
00:00:07.935;176;6;5;6;5;116,393169;173,234747;170,435665;92,482598;153,374395;70,488540;-144,423079;166,163851;169,263972;175,131687;14,625814;7,120885;86,742404;70,648907;-0,140142;-0,257965;1,034055;-0,142900;-0,292499;1,021900;-0,140905;-0,295938;1,031623;-0,138709;-0,299243;1,041801;-0,161917;-0,279387;0,976267;-0,173499;-0,277599;0,970019;-0,186990;-0,275168;0,966377;-0,158048;-0,264967;0,971994;-0,239450;-0,252957;0,960299;-0,258900;-0,430547;1,976017;-0,155727;-0,204490;0,967396;-0,066425;-0,088023;1,082757;-0,343913;-0,036586;0,900027;0,023093;0,138261;0,978195;-0,351959;0,215963;0,819906;0,036935;0,108876;0,633750;-0,155322;0,218458;0,836303;0,053922;0,107139;0,614577;-0,088769;0,226858;0,835817;0,046641;0,098303;0,653368;-0,086454;0,215209;0,884308;0,036359;0,101004;0,676168;-0,101311;0,211869;0,902218;-0,026085;0,161375;0,448476;-0,109641;0,155978;0,401365;-0,005618;0,150847;0,388162;-0,089259;0,154919;0,398641;0,000948;0,150495;0,387256;-0,079653;0,156189;0,401910;-0,000235;0,150698;0,387780;-0,083616;0,155709;0,400673;0,010691;0,149664;0,385119;-0,052852;0,153474;0,394922
00:00:07.982;177;6;6;6;5;116,262065;173,386119;170,470853;92,712815;153,843517;71,633508;-143,968994;166,095982;169,244254;175,508584;15,291846;-6,346611;92,673681;-70,341599;-0,140331;-0,257362;1,032635;-0,142954;-0,292591;1,022285;-0,140970;-0,295827;1,032105;-0,138788;-0,298877;1,041871;-0,161960;-0,279460;0,976524;-0,174050;-0,277597;0,970013;-0,187583;-0,275166;0,966595;-0,158105;-0,264703;0,972346;-0,239954;-0,253114;0,960894;-0,256931;-0,426504;1,957461;-0,156255;-0,204461;0,967258;-0,066640;-0,088089;1,083542;-0,343909;-0,036586;0,900018;0,021158;0,140167;0,979527;-0,351974;0,215976;0,819939;0,036353;0,104537;0,635237;-0,155327;0,217827;0,836897;0,053074;0,102154;0,616825;-0,088186;0,226054;0,836231;0,046994;0,092703;0,657789;-0,086688;0,215101;0,887350;0,036017;0,095451;0,677509;-0,101429;0,211963;0,903542;-0,026115;0,159604;0,443760;-0,109931;0,156064;0,401587;-0,005860;0,150825;0,388105;-0,089127;0,154968;0,398766;0,000837;0,150460;0,387166;-0,079113;0,155522;0,400191;-0,000595;0,150728;0,387857;-0,083561;0,155753;0,400788;0,010862;0,149240;0,384028;-0,052292;0,153348;0,394599
00:00:08.029;178;6;6;6;5;116,139619;173,481714;170,494741;92,865049;156,667308;75,915135;-143,674715;166,150990;169,230631;174,537091;15,671040;-5,778604;72,154846;65,349876;-0,140359;-0,256797;1,031013;-0,143373;-0,292250;1,021135;-0,141013;-0,295756;1,032418;-0,138839;-0,298640;1,041916;-0,162426;-0,279308;0,975990;-0,174408;-0,277596;0,970008;-0,187968;-0,275165;0,966737;-0,158142;-0,264531;0,972575;-0,240282;-0,253216;0,961281;-0,257909;-0,427612;1,962550;-0,156598;-0,204442;0,967168;-0,067376;-0,088103;1,083703;-0,343907;-0,036586;0,900012;0,017800;0,145461;0,992293;-0,351983;0,215984;0,819960;0,036537;0,098926;0,639704;-0,155807;0,217416;0,837283;0,053904;0,095687;0,617936;-0,087770;0,224962;0,836150;0,049354;0,084596;0,654363;-0,086908;0,214690;0,890028;0,038868;0,086774;0,678031;-0,102022;0,211508;0,904402;-0,026135;0,158454;0,440694;-0,109830;0,155712;0,400682;-0,006017;0,150810;0,388068;-0,088886;0,154727;0,398148;0,000765;0,150573;0,387458;-0,078830;0,155223;0,399424;-0,000607;0,150748;0,387907;-0,083380;0,155510;0,400162;0,010994;0,149236;0,384018;-0,051928;0,153267;0,394390
00:00:08.075;179;6;6;6;5;116,035198;173,593817;170,441954;92,851402;158,378189;79,416840;-143,575738;166,293953;169,322884;174,259054;16,415346;5,428697;66,386801;-59,731240;-0,140185;-0,256081;1,028558;-0,143695;-0,292128;1,020738;-0,141089;-0,295809;1,032972;-0,138919;-0,298585;1,042295;-0,162730;-0,279209;0,975644;-0,174641;-0,277595;0,970005;-0,188218;-0,275164;0,966829;-0,158110;-0,264325;0,972374;-0,240583;-0,253374;0,961883;-0,257024;-0,425817;1,954307;-0,156878;-0,204504;0,967459;-0,067854;-0,088113;1,083807;-0,344417;-0,036586;0,900007;0,015022;0,149785;0,998840;-0,351989;0,215990;0,819974;0,040882;0,089050;0,649958;-0,156530;0,217059;0,837184;0,061385;0,084518;0,626709;-0,087573;0,224439;0,836798;0,057434;0,071506;0,661586;-0,087051;0,214423;0,891768;0,045832;0,074202;0,683970;-0,102842;0,211050;0,904262;-0,025879;0,157580;0,438351;-0,109765;0,155483;0,400093;-0,006119;0,150801;0,388044;-0,088729;0,154571;0,397746;0,000940;0,150783;0,387998;-0,078647;0,155030;0,398926;-0,000395;0,150760;0,387939;-0,083263;0,155352;0,399755;0,011080;0,149234;0,384012;-0,051555;0,152806;0,393203
00:00:08.123;180;6;6;6;5;115,967041;173,529447;170,337803;92,819327;159,779952;82,591575;-143,476804;166,317377;169,361123;173,988147;17,481340;5,771705;68,380459;58,169045;-0,141316;-0,257879;1,036063;-0,143954;-0,292149;1,020830;-0,141138;-0,295844;1,033332;-0,138970;-0,298550;1,042542;-0,163044;-0,279344;0,976118;-0,174919;-0,277795;0,970703;-0,188449;-0,275263;0,967239;-0,158202;-0,264381;0,972943;-0,240778;-0,253477;0,962274;-0,256679;-0,425031;1,950700;-0,157174;-0,204692;0,968348;-0,068209;-0,088176;1,084574;-0,344884;-0,036600;0,900355;0,013234;0,154025;1,004846;-0,351993;0,215993;0,819983;0,046342;0,079171;0,656273;-0,157000;0,216826;0,837120;0,069860;0,073205;0,632061;-0,088033;0,224378;0,838268;0,067046;0,059381;0,670481;-0,087178;0,214333;0,893249;0,054172;0,061602;0,686431;-0,103807;0,210589;0,903470;-0,025466;0,157012;0,436828;-0,109591;0,155471;0,400061;-0,006197;0,151067;0,388729;-0,088783;0,154742;0,398185;0,001052;0,150783;0,387999;-0,078893;0,155176;0,399302;-0,000036;0,150768;0,387961;-0,083332;0,155521;0,400191;0,010917;0,149232;0,384008;-0,052169;0,153050;0,393832
00:00:08.170;181;6;6;6;5;115,926623;173,450946;170,171878;92,778318;160,998114;85,160642;-143,613678;166,358734;169,390127;173,566046;18,214913;5,522504;68,579755;-54,779999;-0,140616;-0,256436;1,030441;-0,144122;-0,292163;1,020889;-0,141170;-0,295867;1,033566;-0,139004;-0,298527;1,042702;-0,163307;-0,279533;0,976777;-0,175162;-0,278025;0,971507;-0,188667;-0,275427;0,967855;-0,158319;-0,265067;0,973663;-0,240905;-0,253544;0,962528;-0,257792;-0,426731;1,958505;-0,157310;-0,204740;0,968576;-0,068417;-0,088188;1,084723;-0,345321;-0,036623;0,900931;0,012085;0,157004;1,010150;-0,351995;0,215996;0,819989;0,051443;0,071259;0,660727;-0,157782;0,216675;0,837078;0,077394;0,064127;0,636939;-0,088368;0,224433;0,839575;0,075111;0,049108;0,675213;-0,087771;0,214274;0,894212;0,061674;0,051100;0,689080;-0,104476;0,210371;0,903306;-0,024951;0,156643;0,435838;-0,109669;0,155734;0,400739;-0,006031;0,151376;0,389524;-0,089114;0,154581;0,397770;0,001126;0,150783;0,387999;-0,079578;0,155407;0,399896;0,000198;0,150774;0,387974;-0,083531;0,155495;0,400124;0,010811;0,149231;0,384005;-0,053114;0,153481;0,394941
00:00:08.205;182;6;6;6;5;115,883068;173,332975;170,142650;92,645273;162,667079;88,511111;-143,528467;166,321796;169,388632;172,227597;18,649667;5,125146;59,834032;52,797376;-0,141500;-0,257936;1,036587;-0,144231;-0,292172;1,020928;-0,141191;-0,295882;1,033718;-0,139026;-0,298512;1,042807;-0,163654;-0,279956;0,978255;-0,175447;-0,278375;0,972730;-0,188809;-0,275534;0,968256;-0,159123;-0,265800;0,975181;-0,240988;-0,253587;0,962693;-0,258561;-0,427913;1,963928;-0,157454;-0,204845;0,969075;-0,068597;-0,088253;1,085520;-0,345605;-0,036638;0,901305;0,013182;0,159464;1,020598;-0,352147;0,215622;0,820343;0,058428;0,063772;0,673423;-0,158290;0,216577;0,837051;0,086630;0,054415;0,644311;-0,088513;0,224281;0,839723;0,084676;0,038693;0,683888;-0,088191;0,214320;0,895188;0,070692;0,041376;0,698852;-0,104992;0,210392;0,903899;-0,024596;0,156031;0,434845;-0,109491;0,155906;0,401181;-0,005918;0,151441;0,389690;-0,089171;0,154204;0,396801;0,001173;0,150784;0,387999;-0,079968;0,155013;0,398883;0,000349;0,150777;0,387983;-0,083963;0,155615;0,400431;0,010752;0,149367;0,384353;-0,053632;0,153489;0,394962
00:00:08.249;183;6;6;6;5;115,827984;173,296226;170,250310;92,712978;161,632108;88,657108;-143,076339;166,216329;169,357584;172,073236;19,059865;5,398177;48,279254;-52,281686;-0,140736;-0,256473;1,030781;-0,144352;-0,292278;1,021303;-0,141300;-0,296092;1,034517;-0,139134;-0,298703;1,043574;-0,163379;-0,280331;0,979566;-0,175632;-0,278602;0,973524;-0,188970;-0,275703;0,968866;-0,159587;-0,266181;0,975818;-0,241129;-0,253708;0,963151;-0,254821;-0,421665;1,935253;-0,157492;-0,204840;0,969049;-0,068803;-0,088409;1,087438;-0,345656;-0,036634;0,901198;0,016663;0,159160;1,018988;-0,352246;0,215379;0,820573;0,065203;0,059737;0,687625;-0,158144;0,216037;0,837033;0,094680;0,047783;0,650152;-0,088606;0,224183;0,839820;0,093101;0,032362;0,690927;-0,087953;0,214350;0,895822;0,078093;0,035332;0,701354;-0,105055;0,210375;0,906384;-0,023591;0,155383;0,433499;-0,108958;0,155745;0,400767;-0,005622;0,151483;0,389799;-0,089140;0,154231;0,396870;0,001648;0,150920;0,388350;-0,080363;0,155029;0,398924;0,000891;0,150916;0,388339;-0,083868;0,155420;0,399930;0,010933;0,149455;0,384580;-0,053920;0,153358;0,394625
00:00:08.295;184;6;6;6;5;115,823417;173,276428;170,318984;92,757021;159,605578;87,652037;-142,815434;166,048714;169,339173;171,969360;19,180608;5,541450;51,592009;-50,471614;-0,140239;-0,255522;1,027008;-0,144430;-0,292347;1,021547;-0,141419;-0,296328;1,035386;-0,139297;-0,299027;1,044773;-0,163700;-0,280475;0,980068;-0,175689;-0,278650;0,973691;-0,189074;-0,275812;0,969263;-0,159889;-0,266428;0,976231;-0,241221;-0,253786;0,963448;-0,253726;-0,419815;1,926765;-0,157516;-0,204836;0,969032;-0,068338;-0,088539;1,089035;-0,345689;-0,036631;0,901129;0,022806;0,157057;1,013042;-0,352310;0,215222;0,820722;0,073411;0,054344;0,691606;-0,158049;0,215686;0,837021;0,104436;0,041308;0,656049;-0,088630;0,223548;0,839533;0,103346;0,025076;0,697603;-0,087799;0,214369;0,896234;0,087893;0,029087;0,706830;-0,105015;0,210203;0,907300;-0,022744;0,155337;0,433674;-0,108611;0,155641;0,400499;-0,005421;0,151238;0,389169;-0,089199;0,154385;0,397266;0,001957;0,151008;0,388577;-0,080620;0,155039;0,398950;0,001022;0,151005;0,388570;-0,084182;0,155565;0,400304;0,010831;0,149512;0,384727;-0,054283;0,153137;0,394056
00:00:08.341;185;6;6;6;5;115,824241;173,094760;170,302913;92,761696;156,853495;86,008706;-142,533840;165,836011;169,296596;172,096462;18,711090;6,299724;46,551201;48,653413;-0,140060;-0,255165;1,025605;-0,144531;-0,292492;1,022056;-0,141496;-0,296482;1,035951;-0,139403;-0,299238;1,045553;-0,163851;-0,280468;0,980044;-0,175726;-0,278681;0,973799;-0,189142;-0,275884;0,969521;-0,160028;-0,266493;0,976150;-0,241281;-0,253837;0,963641;-0,254950;-0,421816;1,935947;-0,157532;-0,204834;0,969021;-0,068100;-0,088709;1,091123;-0,345844;-0,036644;0,901434;0,029990;0,154326;1,003928;-0,352352;0,215119;0,820820;0,083236;0,052237;0,709594;-0,157988;0,215458;0,837014;0,116393;0,037105;0,668982;-0,089123;0,223613;0,839347;0,116027;0,020090;0,712442;-0,087528;0,213963;0,894752;0,099161;0,024850;0,720539;-0,104787;0,209687;0,906145;-0,021980;0,155310;0,434488;-0,108386;0,155573;0,400324;-0,005290;0,151079;0,388760;-0,089305;0,154212;0,396823;0,001934;0,150930;0,388375;-0,080952;0,154502;0,397568;0,001106;0,150928;0,388371;-0,084688;0,155796;0,400898;0,010108;0,149549;0,384822;-0,055088;0,152722;0,392987
00:00:08.389;186;6;6;6;5;115,824320;173,058029;170,301825;92,774334;155,783614;85,841009;-142,233604;165,629663;169,260475;171,389885;17,484417;6,962089;42,954668;44,608384;-0,139848;-0,254759;1,023993;-0,144645;-0,292686;1,022736;-0,141594;-0,296682;1,036668;-0,139519;-0,299475;1,046409;-0,163949;-0,280463;0,980029;-0,175750;-0,278701;0,973869;-0,189186;-0,275930;0,969689;-0,160119;-0,266536;0,976098;-0,241407;-0,253962;0,964117;-0,259157;-0,428760;1,967816;-0,157599;-0,204906;0,969363;-0,067364;-0,088252;1,093180;-0,345945;-0,036652;0,901632;0,036064;0,152879;1,003953;-0,352379;0,215052;0,820883;0,093581;0,050260;0,725136;-0,158491;0,215400;0,837359;0,128588;0,034624;0,683338;-0,089406;0,223562;0,838875;0,127921;0,016446;0,723487;-0,087283;0,213532;0,893089;0,110122;0,021649;0,728401;-0,104639;0,209351;0,905394;-0,021515;0,155541;0,435717;-0,108240;0,155529;0,400211;-0,005196;0,150704;0,387794;-0,089374;0,154101;0,396535;0,001920;0,150879;0,388244;-0,081168;0,154153;0,396669;0,001160;0,150877;0,388241;-0,085018;0,155946;0,401284;0,009396;0,149165;0,383835;-0,056264;0,152995;0,393691
00:00:08.437;187;6;6;6;5;115,698265;172,835823;170,223221;92,758911;154,464954;85,105391;-141,940650;165,434975;169,221233;171,061930;16,615109;7,936206;41,748923;43,174109;-0,139710;-0,254495;1,022946;-0,144720;-0,292813;1,023179;-0,141610;-0,296712;1,036784;-0,139500;-0,299429;1,046266;-0,164012;-0,280461;0,980019;-0,175766;-0,278714;0,973915;-0,189147;-0,275861;0,969448;-0,160235;-0,266659;0,976414;-0,241402;-0,253952;0,964076;-0,258066;-0,426944;1,959480;-0,157643;-0,204953;0,969586;-0,066907;-0,087358;1,094867;-0,346146;-0,036671;0,902111;0,041031;0,151572;1,001519;-0,352397;0,215009;0,820924;0,104627;0,048714;0,738038;-0,158817;0,215362;0,837583;0,140301;0,032707;0,695120;-0,089590;0,223528;0,838569;0,141335;0,014163;0,737317;-0,086618;0,213252;0,892008;0,122818;0,019283;0,740510;-0,104341;0,209241;0,903156;-0,020700;0,155318;0,436166;-0,107447;0,154820;0,398387;-0,004931;0,151004;0,388566;-0,089340;0,153892;0,395998;0,001910;0,150845;0,388159;-0,081309;0,153926;0,396085;0,001417;0,150845;0,388157;-0,084859;0,155363;0,399784;0,008934;0,148915;0,383192;-0,057132;0,153446;0,394849
00:00:08.482;188;6;6;6;5;115,571460;172,714132;170,191739;92,655411;154,997157;86,144757;-141,687721;165,400845;169,301165;169,633703;16,691334;8,603440;37,655947;40,605062;-0,139620;-0,254324;1,022265;-0,144719;-0,292794;1,023116;-0,141620;-0,296731;1,036860;-0,139489;-0,299399;1,046173;-0,164053;-0,280459;0,980012;-0,175776;-0,278722;0,973945;-0,189258;-0,276015;0,969991;-0,160253;-0,266644;0,976269;-0,241398;-0,253945;0,964049;-0,259708;-0,429652;1,971912;-0,157728;-0,205058;0,970081;-0,066610;-0,086152;1,095963;-0,346655;-0,036670;0,902072;0,044718;0,152084;1,009038;-0,352408;0,214981;0,820950;0,115514;0,049310;0,757975;-0,158963;0,215247;0,837379;0,153354;0,033099;0,711878;-0,089785;0,223693;0,839070;0,155144;0,014108;0,753306;-0,086185;0,213070;0,891305;0,135370;0,019252;0,756782;-0,104026;0,208925;0,900652;-0,020139;0,154925;0,435758;-0,106932;0,154360;0,397202;-0,004759;0,151199;0,389068;-0,089318;0,153756;0,395648;0,001904;0,150824;0,388103;-0,081472;0,153914;0,396055;0,001363;0,150823;0,388102;-0,084681;0,154849;0,398460;0,008633;0,148753;0,382775;-0,057644;0,153602;0,395252
00:00:08.529;189;6;6;6;5;115,459251;172,572453;170,188722;92,721593;155,334729;86,436887;-141,553190;165,389561;169,379758;168,392579;16,621409;-9,325844;36,493289;38,449715;-0,139562;-0,254212;1,021822;-0,144669;-0,292683;1,022725;-0,141579;-0,296644;1,036559;-0,139434;-0,299279;1,045762;-0,164139;-0,280558;0,980358;-0,175783;-0,278728;0,973964;-0,189261;-0,276015;0,969994;-0,160264;-0,266633;0,976175;-0,241309;-0,253848;0,963682;-0,261420;-0,432481;1,984893;-0,157783;-0,205126;0,970403;-0,066396;-0,084717;1,096326;-0,346986;-0,036669;0,902047;0,047733;0,151938;1,014625;-0,352415;0,215430;0,820968;0,125952;0,049608;0,769534;-0,159125;0,215262;0,837597;0,166067;0,033777;0,722771;-0,089986;0,223508;0,840095;0,168935;0,014511;0,763349;-0,085904;0,212952;0,890848;0,148532;0,019241;0,767708;-0,103902;0,208882;0,899724;-0,019775;0,154670;0,435493;-0,106597;0,154060;0,396431;-0,004647;0,151326;0,389394;-0,089303;0,153668;0,395422;0,001679;0,150810;0,388067;-0,081585;0,153499;0,394986;0,001107;0,150945;0,388416;-0,084417;0,154242;0,396899;0,008254;0,149328;0,384254;-0,057977;0,153704;0,395514
00:00:08.577;190;6;6;6;5;115,425513;172,532838;170,254968;92,793481;156,646360;87,835198;-141,296912;165,298111;169,408537;166,833718;16,892701;10,176735;32,302485;30,362325;-0,139428;-0,253965;1,020834;-0,144686;-0,292710;1,022822;-0,141600;-0,296687;1,036713;-0,139492;-0,299402;1,046196;-0,164136;-0,280522;0,980233;-0,175787;-0,278732;0,973977;-0,189264;-0,276016;0,969996;-0,160215;-0,266531;0,975764;-0,241250;-0,253785;0,963443;-0,268433;-0,444080;2,038130;-0,157819;-0,205170;0,970612;-0,065674;-0,083211;1,097262;-0,347066;-0,036141;0,901680;0,050076;0,152930;1,025606;-0,352420;0,215722;0,820979;0,138689;0,050867;0,793847;-0,159230;0,215272;0,837738;0,182408;0,035494;0,747351;-0,090118;0,223388;0,840762;0,185040;0,014970;0,780027;-0,085314;0,213126;0,891601;0,164097;0,019909;0,783560;-0,103390;0,209017;0,899820;-0,019568;0,154752;0,436020;-0,106982;0,154410;0,397330;-0,004566;0,151136;0,388906;-0,089294;0,153611;0,395274;0,001533;0,150801;0,388044;-0,081435;0,153228;0,394291;0,000941;0,151025;0,388621;-0,084245;0,153848;0,395884;0,008221;0,149565;0,384865;-0,058070;0,154042;0,396384
00:00:08.623;191;6;6;6;5;115,322171;172,646814;170,205502;92,820647;157,579280;88,503441;-141,066679;165,335923;169,416082;165,681495;16,915938;11,712115;31,598839;25,183278;-0,139103;-0,253370;1,018442;-0,144697;-0,292728;1,022884;-0,141566;-0,296615;1,036464;-0,139437;-0,299281;1,045777;-0,164134;-0,280499;0,980151;-0,175790;-0,278734;0,973985;-0,189265;-0,276016;0,969998;-0,160679;-0,266369;0,975146;-0,241300;-0,253836;0,963638;-0,221179;-0,365904;1,679335;-0,157900;-0,205273;0,971098;-0,065183;-0,081582;1,097520;-0,347118;-0,035798;0,901442;0,051617;0,153627;1,033094;-0,352273;0,215819;0,820636;0,148123;0,052071;0,808251;-0,159298;0,215279;0,837830;0,194835;0,037061;0,763328;-0,090278;0,223495;0,841895;0,197734;0,015760;0,792267;-0,084357;0,213578;0,891391;0,173846;0,020107;0,784764;-0,102623;0,209268;0,900583;-0,019342;0,154061;0,434263;-0,107327;0,154773;0,398265;-0,004739;0,151149;0,388939;-0,089288;0,153573;0,395178;0,001218;0,150931;0,388378;-0,081561;0,153053;0,393839;0,000612;0,151077;0,388753;-0,084133;0,153591;0,395225;0,007987;0,149856;0,385612;-0,058029;0,153990;0,396250
00:00:08.671;192;6;6;6;5;115,239512;172,852069;170,418981;92,759284;158,388266;88,740264;-140,969444;165,435517;169,484124;164,700213;17,266758;11,863784;37,200183;-12,929391;-0,138891;-0,252983;1,016888;-0,144605;-0,292539;1,022225;-0,141496;-0,296468;1,035951;-0,139400;-0,299203;1,045505;-0,164015;-0,280283;0,979398;-0,175792;-0,278735;0,973990;-0,189266;-0,276016;0,969998;-0,160981;-0,266264;0,974745;-0,241420;-0,253962;0,964115;-0,234901;-0,388604;1,783518;-0,157952;-0,205339;0,971414;-0,064844;-0,080498;1,097338;-0,347152;-0,035575;0,901288;0,052673;0,153638;1,039011;-0,352628;0,216159;0,821464;0,155324;0,053213;0,815863;-0,158865;0,215760;0,837889;0,207278;0,039471;0,782813;-0,089902;0,223565;0,842632;0,208304;0,018129;0,800224;-0,083735;0,213873;0,891254;0,184516;0,021893;0,795697;-0,102204;0,209594;0,901779;-0,019472;0,153860;0,433821;-0,107268;0,154601;0,397822;-0,005063;0,150885;0,388260;-0,089668;0,153821;0,395816;0,000570;0,151015;0,388596;-0,081643;0,152939;0,393545;-0,000045;0,151110;0,388840;-0,084284;0,153425;0,394796;0,007834;0,150045;0,386098;-0,058002;0,153956;0,396162
00:00:08.718;193;6;6;6;5;115,248497;173,144918;170,539360;92,814549;159,096252;90,052267;-140,862266;165,495701;169,405170;163,704776;17,413142;13,312146;-93,014465;27,770873;-0,138658;-0,252557;1,015177;-0,144545;-0,292416;1,021796;-0,141403;-0,296272;1,035268;-0,139284;-0,298951;1,044628;-0,163938;-0,280143;0,978909;-0,175793;-0,278736;0,973994;-0,189267;-0,276016;0,969999;-0,160565;-0,266100;0,974134;-0,241498;-0,254044;0,964425;-0,198921;-0,329081;1,510336;-0,157986;-0,205383;0,971619;-0,064603;-0,079144;1,096870;-0,346527;-0,035416;0,900837;0,053450;0,152701;1,044607;-0,352559;0,216196;0,821301;0,218097;0,073925;1,067911;-0,158584;0,216073;0,837928;0,220574;0,045686;0,802129;-0,089694;0,224184;0,843461;0,221447;0,025169;0,814146;-0,082348;0,214148;0,891515;0,194798;0,027170;0,801403;-0,100864;0,209724;0,902206;-0,019902;0,154223;0,435634;-0,107324;0,154625;0,397884;-0,006206;0,151666;0,390269;-0,090367;0,153982;0,396230;-0,000733;0,150934;0,388387;-0,082439;0,153409;0,394754;-0,001575;0,150996;0,388546;-0,084984;0,153589;0,395217;0,007515;0,150167;0,386414;-0,057984;0,153934;0,396105
00:00:08.764;194;6;6;6;5;115,261492;173,279424;170,714769;92,876177;159,330286;86,474655;-140,396286;165,432016;169,309227;163,179936;17,192344;14,655567;-62,563141;18,650011;-0,138506;-0,252280;1,014065;-0,144407;-0,291556;1,020817;-0,141246;-0,295358;1,034124;-0,139021;-0,298387;1,042658;-0,164005;-0,280252;0,979291;-0,175920;-0,278937;0,974696;-0,189267;-0,276016;0,969999;-0,160353;-0,265534;0,974087;-0,241548;-0,254097;0,964626;-0,222370;-0,366723;1,688369;-0,158008;-0,205411;0,971752;-0,064529;-0,078363;1,097965;-0,345986;-0,034788;0,900194;0,053992;0,151590;1,048945;-0,352513;0,216219;0,821196;0,207236;0,074142;0,996892;-0,157924;0,216276;0,837953;0,228842;0,053570;0,815034;-0,089006;0,224399;0,843300;0,230296;0,034591;0,824245;-0,080431;0,214328;0,891685;0,201294;0,035749;0,806162;-0,099291;0,209913;0,900734;-0,020432;0,154460;0,436812;-0,107360;0,154641;0,397925;-0,006949;0,152173;0,391575;-0,090983;0,154359;0,397200;-0,001581;0,150882;0,388252;-0,082957;0,153714;0,395540;-0,002569;0,150922;0,388355;-0,085591;0,153967;0,396191;0,007307;0,150247;0,386619;-0,057972;0,153919;0,396069
00:00:08.812;195;6;6;6;5;115,262011;173,214923;170,842361;92,913004;160,018155;83,702828;-139,873846;165,444888;169,228922;162,696542;17,764722;15,795376;-39,412676;12,730020;-0,138216;-0,251752;1,011942;-0,144268;-0,290898;1,019831;-0,141097;-0,294663;1,033031;-0,138850;-0,297429;1,041378;-0,164108;-0,280424;0,979889;-0,175939;-0,278968;0,974802;-0,189199;-0,275917;0,969650;-0,159218;-0,265357;0,974757;-0,240945;-0,254039;0,964407;-0,191162;-0,315878;1,455840;-0,158079;-0,204950;0,972189;-0,064501;-0,077879;1,099028;-0,345500;-0,034367;0,899426;0,053884;0,151870;1,054564;-0,352334;0,216143;0,820777;0,201202;0,080449;0,953180;-0,156542;0,216408;0,837970;0,236167;0,064120;0,825172;-0,088114;0,224633;0,843545;0,237112;0,046500;0,831159;-0,078315;0,214865;0,893545;0,208961;0,047530;0,816955;-0,097429;0,210445;0,901527;-0,021221;0,154243;0,436528;-0,107384;0,154651;0,397951;-0,008553;0,152503;0,392424;-0,092064;0,154604;0,397830;-0,003494;0,151663;0,390264;-0,084123;0,154185;0,396751;-0,003216;0,150873;0,388231;-0,087197;0,154349;0,397174;0,006303;0,150707;0,387802;-0,058190;0,153910;0,396045
00:00:08.858;196;6;6;5;5;115,298088;173,406052;171,003424;92,824678;160,930628;81,881787;-139,655210;165,592175;169,203184;162,113197;17,766754;16,077413;-21,387960;0,189048;-0,137932;-0,251234;1,009862;-0,143696;-0,290669;1,019890;-0,140555;-0,294511;1,033370;-0,138379;-0,297305;1,042296;-0,164057;-0,279777;0,979578;-0,175952;-0,278988;0,974872;-0,189292;-0,276051;0,970122;-0,157982;-0,265337;0,975542;-0,240727;-0,254186;0,964965;-0,170330;-0,281920;1,300496;-0,158012;-0,204503;0,971773;-0,064462;-0,076914;1,099368;-0,345185;-0,034093;0,898927;0,053310;0,152353;1,060317;-0,352367;0,216185;0,820855;0,197509;0,088644;0,925817;-0,154752;0,217062;0,838330;0,239892;0,073953;0,828262;-0,086949;0,224983;0,842654;0,243064;0,057928;0,839153;-0,076458;0,215810;0,895104;0,216205;0,059637;0,830621;-0,095332;0,211119;0,903443;-0,022094;0,154843;0,438443;-0,107399;0,154658;0,397968;-0,009830;0,152853;0,393325;-0,092995;0,154763;0,398239;-0,004738;0,152172;0,391571;-0,085031;0,154354;0,397188;-0,003636;0,150842;0,388150;-0,088696;0,154597;0,397813;0,005429;0,151006;0,388571;-0,058332;0,153904;0,396029
00:00:08.906;197;6;6;4;5;115,320354;173,271721;171,046635;92,745042;162,546754;81,755785;-139,362532;165,540731;169,155630;161,908779;17,949713;-15,771919;-3,482010;1,090660;-0,137364;-0,251246;1,009911;-0,143325;-0,290520;1,019929;-0,140155;-0,294312;1,033241;-0,137569;-0,297423;1,043592;-0,163525;-0,279457;0,979726;-0,175960;-0,279000;0,974916;-0,189215;-0,275939;0,969729;-0,156787;-0,265609;0,977102;-0,240498;-0,254189;0,964977;-0,156334;-0,258520;1,196022;-0,157415;-0,204212;0,971502;-0,064498;-0,076358;1,100639;-0,345114;-0,033928;0,898953;0,050676;0,155116;1,068256;-0,352389;0,216212;0,820906;0,196182;0,096504;0,908381;-0,153589;0,217487;0,838565;0,247070;0,084330;0,839720;-0,085747;0,225305;0,842425;0,250154;0,069195;0,848550;-0,075279;0,216509;0,896468;0,222567;0,070503;0,840204;-0,093863;0,211826;0,903638;-0,022914;0,155233;0,439688;-0,107409;0,154662;0,397979;-0,010661;0,153081;0,393912;-0,093267;0,154322;0,397106;-0,005546;0,152502;0,392421;-0,085622;0,154465;0,397472;-0,009297;0,151502;0,389847;-0,089669;0,154759;0,398229;0,004857;0,151064;0,388721;-0,058199;0,153900;0,396019
00:00:08.954;198;6;6;5;5;115,597941;173,258780;171,105324;92,606263;164,234229;81,974531;-139,495776;165,678539;169,217764;161,735777;18,600593;15,846226;8,721535;-9,393632;-0,136759;-0,250247;1,008192;-0,142551;-0,290523;1,020304;-0,139401;-0,294382;1,033856;-0,136951;-0,297300;1,043735;-0,163063;-0,279049;0,979122;-0,175473;-0,278554;0,975296;-0,188614;-0,275867;0,969474;-0,156011;-0,265786;0,978116;-0,239887;-0,254283;0,965335;-0,147237;-0,243310;1,128115;-0,156971;-0,203398;0,970977;-0,064522;-0,075997;1,101465;-0,344933;-0,033807;0,898619;0,047827;0,157895;1,075866;-0,351936;0,216230;0,820939;0,195706;0,104342;0,898798;-0,152231;0,217581;0,838017;0,250842;0,093422;0,842618;-0,085001;0,226088;0,842626;0,255255;0,079476;0,854657;-0,074399;0,217133;0,895954;0,227574;0,080167;0,847832;-0,093014;0,212533;0,904815;-0,024156;0,158327;0,448547;-0,107416;0,154665;0,397987;-0,011168;0,152821;0,393243;-0,093278;0,153764;0,395669;-0,006071;0,152717;0,392974;-0,086082;0,154673;0,398007;-0,012480;0,151522;0,389901;-0,090302;0,154864;0,398499;0,004707;0,151102;0,388819;-0,057887;0,153897;0,396012
00:00:09.001;199;6;6;5;5;116,295773;173,474470;171,367611;92,419887;165,597589;82,271022;-140,240962;165,922871;169,169789;161,749479;18,936176;15,867773;14,884332;13,424727;-0,135933;-0,249856;1,008125;-0,141951;-0,289746;1,019847;-0,138771;-0,294129;1,033207;-0,136001;-0,297321;1,044178;-0,162263;-0,278884;0,979079;-0,174663;-0,278363;0,975892;-0,188359;-0,276019;0,970008;-0,154894;-0,265248;0,978426;-0,239111;-0,254529;0,966268;-0,184454;-0,306442;1,424174;-0,156739;-0,202942;0,970985;-0,064537;-0,075763;1,102003;-0,344171;-0,033716;0,898052;0,045381;0,161050;1,081513;-0,351791;0,215866;0,821310;0,195280;0,111690;0,894319;-0,150871;0,218119;0,837661;0,253081;0,101649;0,843802;-0,084036;0,226597;0,842757;0,258036;0,088900;0,856877;-0,073289;0,217454;0,895270;0,231008;0,090189;0,855241;-0,091807;0,213176;0,904180;-0,025570;0,165896;0,470056;-0,107420;0,154667;0,397991;-0,011476;0,152380;0,392108;-0,093001;0,153673;0,395435;-0,006413;0,152856;0,393333;-0,086381;0,154808;0,398355;-0,012809;0,151944;0,390986;-0,090328;0,154660;0,397974;0,005052;0,151127;0,388882;-0,057233;0,153896;0,396008
00:00:09.048;200;6;6;6;5;116,078030;173,497028;171,795542;92,376500;166,350415;81,704524;-139,331604;166,126329;169,146983;161,841778;19,420231;16,200054;19,514122;-17,785663;-0,135163;-0,248599;1,006331;-0,141077;-0,289439;1,020251;-0,137912;-0,293674;1,033834;-0,134966;-0,297135;1,045866;-0,161244;-0,278319;0,979401;-0,173642;-0,278338;0,976630;-0,187775;-0,275763;0,971055;-0,153665;-0,264993;0,978977;-0,237971;-0,254597;0,966524;-0,165259;-0,274411;1,278863;-0,156035;-0,202093;0,970990;-0,064588;-0,075658;1,103052;-0,343409;-0,033121;0,896984;0,043805;0,163153;1,085534;-0,351846;0,215721;0,821902;0,195739;0,119651;0,892457;-0,149035;0,218468;0,837430;0,254855;0,111973;0,845621;-0,082996;0,227116;0,843542;0,261301;0,100365;0,861470;-0,072005;0,217491;0,894126;0,233735;0,101154;0,860057;-0,090441;0,213428;0,903067;-0,025308;0,162771;0,462686;-0,107423;0,154668;0,397994;-0,011677;0,152093;0,391370;-0,092082;0,153886;0,395983;-0,005714;0,152131;0,391466;-0,085650;0,155712;0,400681;-0,013022;0,152218;0,391691;-0,089445;0,154935;0,398683;0,006799;0,150735;0,387874;-0,055860;0,153759;0,395655
00:00:09.094;201;6;6;6;5;115,902740;173,479490;171,937835;92,223222;166,839195;80,920621;-138,656881;166,225596;169,190399;162,055032;19,630442;17,255514;19,542916;22,173020;-0,134046;-0,247696;1,004815;-0,140461;-0,288560;1,020163;-0,137261;-0,293180;1,033542;-0,134249;-0,296915;1,046613;-0,160524;-0,277852;0,979261;-0,172979;-0,277766;0,977110;-0,186908;-0,275696;0,972086;-0,152812;-0,264733;0,978985;-0,237230;-0,254640;0,966691;-0,196438;-0,324855;1,524261;-0,155578;-0,200988;0,970994;-0,064642;-0,075614;1,104084;-0,342913;-0,032734;0,896290;0,042158;0,164521;1,088147;-0,351265;0,215535;0,821936;0,195960;0,126793;0,890897;-0,147780;0,218604;0,836929;0,254413;0,120246;0,841554;-0,082387;0,227643;0,844752;0,262456;0,109827;0,861306;-0,071033;0,217594;0,891632;0,235892;0,110962;0,864587;-0,089620;0,213758;0,903043;-0,024845;0,160495;0,457196;-0,107104;0,154532;0,397646;-0,010705;0,152043;0,391240;-0,091111;0,154160;0,396689;-0,004597;0,151659;0,390253;-0,084929;0,156707;0,403242;-0,013161;0,152396;0,392149;-0,088491;0,155251;0,399494;0,008604;0,150616;0,387568;-0,054702;0,154214;0,396826
00:00:09.141;202;6;6;6;5;115,767873;173,180199;172,009708;92,123111;167,389140;80,246967;-138,437393;166,524868;169,241289;162,028695;20,292470;-18,290950;19,469543;25,418950;-0,133227;-0,246369;1,003130;-0,139480;-0,287988;1,020106;-0,136342;-0,292468;1,034053;-0,133650;-0,295881;1,046048;-0,159555;-0,277090;0,979520;-0,171930;-0,276739;0,977071;-0,185790;-0,275098;0,972756;-0,152203;-0,263913;0,978640;-0,235563;-0,254027;0,966449;-0,215710;-0,356737;1,684820;-0,154783;-0,199789;0,971346;-0,064636;-0,074909;1,104054;-0,342724;-0,032496;0,896188;0,041100;0,166086;1,090195;-0,351036;0,215506;0,822308;0,195983;0,133745;0,891633;-0,146965;0,218692;0,836604;0,253968;0,127699;0,839960;-0,082025;0,228080;0,845889;0,263465;0,118810;0,863649;-0,069977;0,217918;0,891061;0,237198;0,119270;0,867181;-0,088506;0,214319;0,902328;-0,024345;0,159383;0,454677;-0,106897;0,154445;0,397420;-0,010074;0,152010;0,391156;-0,090175;0,154203;0,396798;-0,003431;0,151489;0,389815;-0,083926;0,157218;0,404558;-0,013252;0,152512;0,392447;-0,087335;0,155727;0,400721;0,009986;0,150403;0,387019;-0,053949;0,154509;0,397587
00:00:09.188;203;6;6;6;5;115,685552;173,054749;171,955213;91,905775;167,778225;79,654855;-138,426010;166,695835;169,270934;162,221519;19,938436;18,133701;18,150728;25,921066;-0,132217;-0,245676;1,002734;-0,138748;-0,286840;1,019369;-0,135608;-0,291123;1,033334;-0,132753;-0,294809;1,046381;-0,158312;-0,276496;0,979338;-0,170692;-0,276071;0,977046;-0,184574;-0,274807;0,973541;-0,151305;-0,263474;0,978766;-0,234564;-0,253720;0,966642;-0,228415;-0,376623;1,790583;-0,154267;-0,199009;0,971575;-0,064004;-0,074451;1,104035;-0,342735;-0,032353;0,896472;0,040387;0,167616;1,090827;-0,350888;0,215487;0,822551;0,196074;0,139339;0,892462;-0,146435;0,219225;0,836393;0,254048;0,133436;0,838574;-0,081588;0,228276;0,844528;0,263862;0,125247;0,862722;-0,069291;0,218129;0,890689;0,238046;0,125663;0,868868;-0,087715;0,214516;0,901163;-0,024019;0,158660;0,453040;-0,106950;0,154659;0,397973;-0,009663;0,151989;0,391102;-0,089567;0,154230;0,396868;-0,002452;0,151378;0,389530;-0,083273;0,157551;0,405412;-0,010833;0,152179;0,391590;-0,086354;0,156037;0,401519;0,010850;0,149856;0,385612;-0,053460;0,154702;0,398081
00:00:09.234;204;6;6;6;5;115,640768;172,908030;171,829926;91,739565;167,984399;79,051420;-138,512806;166,799627;169,278782;162,378939;18,761973;17,591040;16,847686;25,988823;-0,131470;-0,244486;1,001777;-0,137880;-0,286486;1,020290;-0,135085;-0,290151;1,032517;-0,132083;-0,293917;1,045898;-0,157392;-0,275357;0,978520;-0,169767;-0,275440;0,976330;-0,183719;-0,273966;0,973702;-0,150721;-0,263189;0,978848;-0,233915;-0,253520;0,966767;-0,234587;-0,386125;1,842879;-0,153931;-0,197949;0,971724;-0,063593;-0,074153;1,104023;-0,342876;-0,032273;0,897007;0,039911;0,168556;1,090888;-0,350791;0,215475;0,822708;0,196210;0,143543;0,893350;-0,146090;0,219571;0,836255;0,254101;0,137641;0,837673;-0,080726;0,228119;0,842593;0,264013;0,129864;0,861769;-0,068738;0,217922;0,889048;0,238998;0,130258;0,869614;-0,087066;0,214310;0,899006;-0,023808;0,158190;0,451976;-0,107172;0,155071;0,399033;-0,009396;0,151975;0,391066;-0,089094;0,154112;0,396565;-0,001815;0,151306;0,389344;-0,082548;0,157630;0,405618;-0,009261;0,151963;0,391034;-0,085643;0,156103;0,401687;0,011435;0,149773;0,385398;-0,053142;0,154827;0,398403
00:00:09.281;205;6;6;6;5;115,631234;172,754678;171,824305;91,540856;168,022693;78,648462;-138,438239;166,962401;169,268339;162,545068;18,599295;18,576823;16,611418;25,884008;-0,130847;-0,243458;1,000105;-0,137128;-0,285864;1,019488;-0,134563;-0,289127;1,030586;-0,131471;-0,292946;1,044184;-0,156906;-0,274813;0,978688;-0,169166;-0,274475;0,975865;-0,183163;-0,273419;0,973806;-0,150341;-0,263003;0,978901;-0,232943;-0,253391;0,966849;-0,240596;-0,395580;1,892621;-0,153713;-0,197260;0,971820;-0,063345;-0,073983;1,104365;-0,342834;-0,032208;0,897005;0,039602;0,169167;1,090927;-0,350728;0,214999;0,822810;0,196145;0,146157;0,893228;-0,144975;0,219889;0,836516;0,254135;0,140850;0,837088;-0,079883;0,228586;0,843436;0,264111;0,132865;0,861150;-0,067395;0,218378;0,888331;0,239422;0,133629;0,869399;-0,085691;0,214343;0,898304;-0,023670;0,157884;0,451285;-0,107317;0,155339;0,399721;-0,009223;0,151966;0,391043;-0,088786;0,154035;0,396367;-0,001400;0,150987;0,388524;-0,082076;0,157682;0,405752;-0,008239;0,151822;0,390672;-0,085180;0,156145;0,401797;0,011792;0,149446;0,384559;-0,052935;0,154908;0,398612
00:00:09.327;206;6;6;6;5;115,612914;172,646883;171,734369;91,388887;168,317472;78,696591;-138,375492;167,035114;169,239994;162,626750;19,202143;-19,183703;16,372026;-26,051454;-0,130443;-0,242790;0,999018;-0,136640;-0,285460;1,018967;-0,133864;-0,288951;1,031081;-0,130987;-0,292118;1,042369;-0,156479;-0,274263;0,978097;-0,168714;-0,273750;0,975212;-0,182670;-0,272868;0,973174;-0,149590;-0,262419;0,979286;-0,232310;-0,252756;0,966902;-0,200600;-0,329114;1,578804;-0,153571;-0,196812;0,971883;-0,063185;-0,073872;1,104587;-0,342807;-0,032166;0,897003;0,038816;0,169729;1,092003;-0,350538;0,214598;0,822527;0,196026;0,147797;0,892798;-0,144249;0,220095;0,836685;0,254312;0,142752;0,835657;-0,079013;0,229366;0,845733;0,264448;0,134703;0,860047;-0,066574;0,218848;0,888565;0,240485;0,135988;0,870310;-0,084927;0,214699;0,899248;-0,023581;0,157686;0,450835;-0,107317;0,155377;0,399819;-0,009110;0,151960;0,391028;-0,088586;0,153985;0,396239;-0,001353;0,151052;0,388690;-0,081559;0,157308;0,404789;-0,007558;0,151323;0,389387;-0,084733;0,155901;0,401168;0,011817;0,149370;0,384363;-0,052619;0,155097;0,399098
00:00:09.374;207;6;6;6;5;116,107467;172,434728;171,643157;91,379999;168,602883;78,742301;-139,298719;166,989516;169,124761;162,617446;18,722259;19,187604;16,371002;26,050501;-0,130088;-0,242186;0,997612;-0,136229;-0,284423;1,017929;-0,133275;-0,287957;1,030353;-0,130496;-0,291189;1,039790;-0,156201;-0,273906;0,977713;-0,168300;-0,273083;0,974088;-0,182285;-0,272412;0,972413;-0,148996;-0,261852;0,978836;-0,231732;-0,252161;0,966236;-0,174558;-0,285839;1,374473;-0,153368;-0,196380;0,971224;-0,063040;-0,073754;1,104032;-0,342412;-0,032151;0,897352;0,038293;0,170039;1,092352;-0,350415;0,214337;0,822342;0,196026;0,148922;0,892869;-0,143302;0,220229;0,836795;0,254641;0,144111;0,835427;-0,077808;0,229397;0,845477;0,264883;0,136011;0,860031;-0,065484;0,218980;0,888017;0,241370;0,137635;0,871601;-0,083822;0,214680;0,898811;-0,024415;0,163552;0,467693;-0,107223;0,155265;0,399532;-0,009037;0,151957;0,391018;-0,088456;0,153953;0,396155;-0,001322;0,151094;0,388799;-0,081224;0,157065;0,404163;-0,006910;0,151406;0,389601;-0,084442;0,155742;0,400759;0,011833;0,149321;0,384236;-0,052366;0,155763;0,400814
00:00:09.420;208;6;6;6;5;116,497251;172,359680;171,565237;91,375835;168,880284;78,785271;-140,173483;167,027534;169,063768;162,551957;19,105294;-19,410213;15,776891;-25,645604;-0,129904;-0,241879;0,997048;-0,136056;-0,283944;1,017954;-0,132937;-0,287409;1,030229;-0,129891;-0,290677;1,040564;-0,155964;-0,273576;0,977114;-0,167971;-0,272551;0,973007;-0,181904;-0,271919;0,971219;-0,148610;-0,261484;0,978543;-0,231356;-0,251775;0,965803;-0,157676;-0,257783;1,242007;-0,153292;-0,195617;0,971146;-0,062907;-0,073630;1,102971;-0,342155;-0,032141;0,897579;0,037941;0,170186;1,092229;-0,350334;0,214168;0,822222;0,196102;0,149712;0,893265;-0,142209;0,220316;0,836867;0,254855;0,144994;0,835278;-0,077056;0,229512;0,845660;0,264949;0,136748;0,859320;-0,064369;0,219412;0,889061;0,241849;0,138649;0,872091;-0,082467;0,214842;0,897127;-0,025157;0,168421;0,482500;-0,106880;0,154785;0,398296;-0,008745;0,151546;0,389962;-0,088605;0,154340;0,397151;-0,001300;0,150850;0,388169;-0,081005;0,156907;0,403756;-0,006029;0,150916;0,388341;-0,084474;0,156047;0,401543;0,011865;0,149561;0,384853;-0,052202;0,156197;0,401929
00:00:09.467;209;6;6;6;5;116,639471;172,147598;171,531214;91,291981;169,139414;78,926810;-140,634924;166,996521;169,137110;162,458879;19,195505;19,201663;16,245969;25,385509;-0,129784;-0,241112;0,996681;-0,135756;-0,283243;1,016570;-0,132627;-0,286858;1,029449;-0,129455;-0,290247;1,040716;-0,155755;-0,272708;0,976374;-0,167757;-0,272206;0,972305;-0,181656;-0,271599;0,970442;-0,148359;-0,261245;0,978353;-0,230945;-0,251341;0,964822;-0,187984;-0,308570;1,490155;-0,153187;-0,195051;0,970745;-0,062800;-0,073526;1,101931;-0,341988;-0,032135;0,897726;0,037713;0,170281;1,092149;-0,349963;0,214149;0,822495;0,195998;0,150108;0,892822;-0,141499;0,220373;0,836914;0,255208;0,145215;0,835880;-0,076504;0,229397;0,845079;0,264993;0,137227;0,858858;-0,063644;0,219693;0,889740;0,242257;0,138867;0,872759;-0,081649;0,215115;0,896733;-0,025458;0,170368;0,488625;-0,106658;0,154473;0,397492;-0,008555;0,151279;0,389275;-0,088781;0,154727;0,398148;-0,001285;0,150690;0,387760;-0,080863;0,156804;0,403491;-0,005017;0,150598;0,387522;-0,084192;0,156109;0,401703;0,011886;0,149717;0,385255;-0,051776;0,156206;0,401954
00:00:09.515;210;6;6;6;5;116,153040;171,977346;171,518328;91,230494;169,294140;79,063525;-139,917309;166,942891;169,177897;162,407009;20,211723;18,645576;16,173899;25,031292;-0,129751;-0,240698;0,996793;-0,135515;-0,282690;1,015320;-0,132336;-0,286305;1,028242;-0,129084;-0,289773;1,040116;-0,155563;-0,272047;0,975543;-0,167557;-0,271883;0,971498;-0,181494;-0,271391;0,969937;-0,148196;-0,261089;0,978230;-0,230677;-0,251060;0,964185;-0,208824;-0,343461;1,660551;-0,152676;-0,194823;0,971184;-0,062750;-0,073482;1,101605;-0,341880;-0,032131;0,897822;0,037576;0,170398;1,092447;-0,349722;0,214137;0,822672;0,196283;0,150247;0,891834;-0,140920;0,220225;0,836244;0,255116;0,145175;0,835222;-0,076146;0,229323;0,844701;0,264697;0,136883;0,857508;-0,063222;0,220049;0,890881;0,242133;0,138785;0,871793;-0,081659;0,215377;0,896826;-0,024670;0,165057;0,473706;-0,106607;0,154406;0,397320;-0,008431;0,151106;0,388829;-0,088816;0,154843;0,398446;0,001801;0,150451;0,387144;-0,080771;0,156737;0,403319;-0,004145;0,150663;0,387689;-0,083780;0,156149;0,401807;0,012097;0,149546;0,384816;-0,051366;0,155805;0,400920
00:00:09.562;211;6;6;6;5;116,547102;171,900591;171,609476;91,219316;169,426142;79,544884;-140,443054;166,880470;169,208193;162,348665;20,222899;18,165987;16,015757;23,363146;-0,129685;-0,240344;0,996515;-0,135265;-0,282136;1,013808;-0,132057;-0,285751;1,026757;-0,128844;-0,289465;1,039725;-0,155382;-0,271520;0,974653;-0,167428;-0,271674;0,970974;-0,181390;-0,270705;0,969609;-0,148037;-0,260894;0,977799;-0,230503;-0,250877;0,963770;-0,225262;-0,370910;1,794408;-0,152344;-0,194675;0,971470;-0,062738;-0,073477;1,101743;-0,341676;-0,032116;0,897534;0,037511;0,170583;1,093340;-0,349565;0,214129;0,822786;0,196663;0,149091;0,889792;-0,140603;0,220222;0,836159;0,254736;0,144494;0,833745;-0,075912;0,229274;0,844456;0,264338;0,135842;0,854530;-0,063380;0,220020;0,890573;0,241857;0,137633;0,870466;-0,081634;0,215463;0,896537;-0,025323;0,169109;0,486409;-0,106574;0,154362;0,397208;-0,007909;0,150993;0,388539;-0,088690;0,155055;0,398990;0,003593;0,150432;0,387094;-0,080711;0,156694;0,403208;-0,002915;0,150705;0,387798;-0,083283;0,156176;0,401875;0,012234;0,149435;0,384530;-0,051100;0,155544;0,400248
00:00:09.598;212;6;6;5;5;116,808379;171,614889;171,594931;91,186909;169,312203;79,680558;-140,762663;166,700917;169,204372;162,444240;20,728812;18,360235;12,775799;-17,884565;-0,129254;-0,240451;0,997735;-0,135149;-0,281873;1,013175;-0,131875;-0,285391;1,025792;-0,128644;-0,289167;1,039121;-0,155377;-0,271372;0,974774;-0,167344;-0,270986;0,970633;-0,181322;-0,270258;0,969396;-0,147986;-0,260861;0,977870;-0,230307;-0,250667;0,963150;-0,190461;-0,313730;1,518115;-0,152128;-0,194579;0,971655;-0,062770;-0,074148;1,102533;-0,341677;-0,032119;0,897697;0,037457;0,170026;1,093571;-0,349463;0,214124;0,822861;0,197066;0,147446;0,889165;-0,140396;0,220219;0,836103;0,254746;0,142987;0,832084;-0,075886;0,229623;0,845696;0,262040;0,133643;0,845945;-0,063483;0,220002;0,890372;0,241585;0,136065;0,867503;-0,081649;0,215603;0,896699;-0,025458;0,171453;0,494666;-0,106552;0,154334;0,397135;-0,007123;0,150784;0,388000;-0,087925;0,155192;0,399344;0,004538;0,150419;0,387061;-0,078445;0,155849;0,401035;-0,001234;0,150597;0,387519;-0,081748;0,156057;0,401569;0,013183;0,149227;0,383995;-0,049297;0,155238;0,399461
00:00:09.640;213;6;6;5;5;116,375803;171,526833;171,839634;91,240081;169,234493;80,277381;-139,956100;166,624310;169,262537;162,508767;20,636575;-18,168464;9,675207;-16,734876;-0,129155;-0,240858;0,999928;-0,135073;-0,281703;1,012764;-0,131757;-0,285157;1,025165;-0,128557;-0,289071;1,039079;-0,155373;-0,271276;0,974853;-0,167289;-0,270538;0,970411;-0,181146;-0,269773;0,968557;-0,148006;-0,260933;0,978265;-0,230179;-0,250530;0,962748;-0,212975;-0,351007;1,699025;-0,151987;-0,194516;0,971776;-0,062771;-0,074561;1,102697;-0,341544;-0,032108;0,897453;0,037410;0,169610;1,093371;-0,349693;0,214302;0,823610;0,197328;0,143850;0,888757;-0,140262;0,220218;0,836067;0,253570;0,136701;0,827155;-0,075775;0,229564;0,845453;0,260546;0,127019;0,840364;-0,063500;0,219817;0,889542;0,240038;0,129946;0,860677;-0,081532;0,215357;0,895404;-0,024815;0,166219;0,480433;-0,106538;0,154315;0,397088;-0,006815;0,150240;0,386600;-0,087503;0,155417;0,399923;0,004911;0,149866;0,385640;-0,077330;0,155573;0,400323;-0,000363;0,150390;0,386987;-0,080750;0,155979;0,401370;0,013773;0,148820;0,382946;-0,048351;0,155039;0,398950
00:00:09.687;214;6;6;5;5;116,073475;171,339267;171,860327;91,145049;169,106270;81,241142;-139,297734;166,493787;169,357281;162,602136;20,714777;17,641800;10,236867;-16,232045;-0,129090;-0,241122;1,001353;-0,135024;-0,281592;1,012497;-0,131681;-0,285005;1,024757;-0,128415;-0,288814;1,038351;-0,155370;-0,271214;0,974905;-0,167253;-0,270247;0,970267;-0,181033;-0,269458;0,968012;-0,148020;-0,260980;0,978522;-0,230012;-0,250350;0,962136;-0,227610;-0,375237;1,816616;-0,151896;-0,194476;0,971854;-0,062791;-0,074853;1,103153;-0,341458;-0,032101;0,897295;0,037379;0,169340;1,093241;-0,349226;0,214327;0,823746;0,197109;0,138729;0,886742;-0,140175;0,220217;0,836044;0,253236;0,129555;0,825350;-0,075672;0,229431;0,844944;0,260228;0,119197;0,838837;-0,063586;0,219956;0,890052;0,238744;0,122197;0,856940;-0,081551;0,215450;0,895613;-0,024581;0,162591;0,469781;-0,106529;0,154304;0,397057;-0,006615;0,149886;0,385690;-0,087381;0,155428;0,399950;0,004291;0,149915;0,385766;-0,076605;0,155393;0,399860;-0,000015;0,150392;0,386992;-0,080329;0,155929;0,401240;0,013698;0,148283;0,381565;-0,047777;0,155046;0,398967
00:00:09.733;215;6;6;5;5;115,941553;171,273512;171,771771;91,064510;169,029999;82,692424;-139,124916;166,574403;169,409100;162,500623;19,824774;17,453923;13,263552;23,484779;-0,129047;-0,241294;1,002280;-0,135132;-0,281811;1,013373;-0,131766;-0,285198;1,025542;-0,128408;-0,288842;1,038578;-0,155369;-0,271173;0,974938;-0,167230;-0,270058;0,970174;-0,180959;-0,269254;0,967658;-0,148028;-0,261010;0,978690;-0,229904;-0,250233;0,961738;-0,237123;-0,390987;1,893051;-0,151728;-0,194309;0,971205;-0,063371;-0,074971;1,102399;-0,341402;-0,032096;0,897192;0,037335;0,169056;1,092457;-0,348774;0,214253;0,823485;0,196342;0,131505;0,882632;-0,140236;0,220400;0,836728;0,252050;0,120763;0,821028;-0,075573;0,229249;0,844264;0,261760;0,110934;0,843444;-0,063642;0,220047;0,890384;0,238682;0,113120;0,857311;-0,081564;0,215511;0,895748;-0,024724;0,160476;0,463558;-0,106671;0,154840;0,398437;-0,006485;0,149656;0,385099;-0,087529;0,155435;0,399968;0,003228;0,149947;0,385848;-0,076227;0,155004;0,398859;-0,000230;0,150393;0,386995;-0,080371;0,155624;0,400456;0,013649;0,147934;0,380667;-0,047405;0,155050;0,398979
00:00:09.779;216;6;6;5;5;115,857057;171,316648;171,570427;91,076610;168,742399;83,992657;-139,234417;166,550872;169,465510;162,310407;18,396345;-17,673819;13,862027;23,861469;-0,129591;-0,241406;1,002882;-0,135296;-0,282149;1,014642;-0,131911;-0,285518;1,026752;-0,128491;-0,289054;1,039426;-0,155312;-0,271049;0,974610;-0,167094;-0,269741;0,969413;-0,180780;-0,268926;0,966728;-0,147981;-0,260937;0,978448;-0,230380;-0,250157;0,961480;-0,243393;-0,401368;1,943433;-0,152060;-0,194061;0,970084;-0,063708;-0,075000;1,101210;-0,341498;-0,032617;0,897475;0,037877;0,167418;1,090547;-0,348332;0,214581;0,822965;0,194908;0,122805;0,875761;-0,140275;0,220520;0,837173;0,249747;0,110942;0,814718;-0,075447;0,228941;0,843121;0,258882;0,100278;0,836988;-0,063579;0,219759;0,889200;0,236792;0,102654;0,850902;-0,081667;0,215291;0,896886;-0,024817;0,159100;0,459513;-0,106763;0,155188;0,399334;-0,006401;0,149507;0,384714;-0,087776;0,155303;0,399629;0,002098;0,150104;0,386251;-0,076141;0,154615;0,397858;-0,000370;0,150394;0,386996;-0,080610;0,155834;0,400996;0,012596;0,148523;0,382184;-0,047364;0,154237;0,396886
00:00:09.826;217;6;6;5;5;115,794617;171,408656;171,360484;91,177038;168,128769;84,773374;-139,442829;166,604770;169,516036;162,091085;17,889581;-16,605780;12,674922;21,852570;-0,129945;-0,241478;1,003273;-0,135496;-0,282563;1,016168;-0,132095;-0,285920;1,028239;-0,128631;-0,289387;1,040677;-0,155275;-0,270969;0,974396;-0,167006;-0,269534;0,968918;-0,181212;-0,268713;0,966123;-0,147897;-0,260796;0,977941;-0,230690;-0,250108;0,961312;-0,247426;-0,408044;1,975831;-0,152331;-0,193970;0,969704;-0,063885;-0,074971;1,099736;-0,341561;-0,032955;0,897658;0,039385;0,165420;1,087206;-0,347897;0,215170;0,822278;0,194366;0,114402;0,873045;-0,140718;0,220505;0,837113;0,248219;0,101965;0,812017;-0,075302;0,228073;0,841679;0,256327;0,090473;0,832093;-0,064144;0,219412;0,889830;0,234898;0,093560;0,847786;-0,082182;0,214981;0,896926;-0,024877;0,158206;0,456883;-0,106822;0,155415;0,399917;-0,006346;0,149410;0,384464;-0,088246;0,155761;0,400809;0,001585;0,150342;0,386863;-0,076018;0,154226;0,396858;-0,000461;0,150394;0,386998;-0,080765;0,155971;0,401348;0,011912;0,148907;0,383169;-0,047295;0,153572;0,395176
00:00:09.873;218;6;6;5;5;115,746666;171,493554;171,159747;91,342828;166,762125;85,146044;-139,681100;166,510212;169,559604;161,845628;17,762465;-16,507711;14,549302;22,991792;-0,130175;-0,241525;1,003528;-0,135672;-0,282929;1,017509;-0,132305;-0,286377;1,029905;-0,128765;-0,289701;1,041840;-0,155307;-0,271014;0,974608;-0,167069;-0,269595;0,969297;-0,181626;-0,268769;0,966430;-0,148452;-0,260797;0,977962;-0,231438;-0,250076;0,961203;-0,250134;-0,411368;1,997590;-0,152507;-0,193910;0,969458;-0,064000;-0,074952;1,098779;-0,341735;-0,033188;0,898128;0,042073;0,161210;1,081884;-0,347615;0,216020;0,821830;0,191831;0,103522;0,861479;-0,141542;0,220588;0,837423;0,243885;0,092156;0,802211;-0,075749;0,227698;0,841441;0,251683;0,079040;0,823660;-0,064589;0,219443;0,891289;0,232327;0,082275;0,844361;-0,083290;0,214933;0,899752;-0,024677;0,157747;0,455524;-0,106861;0,155562;0,400296;-0,006573;0,150299;0,386752;-0,088168;0,155787;0,400876;0,001251;0,150633;0,387611;-0,075669;0,153429;0,394808;-0,002075;0,150803;0,388049;-0,080654;0,155652;0,400526;0,011468;0,149155;0,383810;-0,047419;0,153685;0,395464
00:00:09.920;219;6;6;6;5;115,610641;171,378110;170,859462;91,521005;164,987625;84,957506;-140,026021;166,461401;169,605418;161,563917;18,731959;-15,528878;15,574345;-22,759733;-0,130370;-0,241640;1,004043;-0,135740;-0,283070;1,018031;-0,132396;-0,286576;1,030639;-0,128809;-0,289807;1,042246;-0,155272;-0,270946;0,974395;-0,167111;-0,269634;0,969543;-0,181895;-0,268805;0,966630;-0,148813;-0,260798;0,977975;-0,231840;-0,249964;0,960782;-0,247381;-0,406143;1,975684;-0,152621;-0,193872;0,969298;-0,064034;-0,074892;1,097456;-0,342115;-0,033366;0,899133;0,046066;0,157319;1,074574;-0,347431;0,217040;0,821540;0,190582;0,093551;0,853611;-0,142018;0,220549;0,837275;0,241069;0,082656;0,795837;-0,076071;0,227549;0,841637;0,248558;0,068369;0,817829;-0,065491;0,219297;0,893638;0,229897;0,071428;0,839335;-0,084358;0,214487;0,899839;-0,024181;0,156720;0,452541;-0,106886;0,155658;0,400543;-0,006497;0,150876;0,388239;-0,088118;0,155804;0,400919;0,001035;0,150822;0,388097;-0,075711;0,153455;0,394875;-0,002237;0,151068;0,388732;-0,080495;0,155716;0,400692;0,011179;0,149317;0,384227;-0,047767;0,153893;0,396002
00:00:09.967;220;6;6;6;5;115,580344;171,361520;170,673210;91,638407;163,400754;85,053782;-140,311638;166,420775;169,630522;161,583731;19,253911;14,714865;18,204479;-24,875167;-0,130587;-0,241883;1,005078;-0,135738;-0,283064;1,018020;-0,132411;-0,286608;1,030765;-0,128838;-0,289876;1,042510;-0,155193;-0,270804;0,973907;-0,167017;-0,269465;0,969003;-0,182003;-0,268732;0,966409;-0,148994;-0,260705;0,977634;-0,232185;-0,249982;0,960858;-0,247301;-0,405543;1,975095;-0,152696;-0,193847;0,969193;-0,064077;-0,075501;1,096946;-0,342361;-0,033481;0,899787;0,049174;0,154542;1,068073;-0,347311;0,217702;0,821351;0,188435;0,084198;0,842547;-0,142328;0,220524;0,837179;0,237221;0,073858;0,786444;-0,076695;0,227263;0,841064;0,245335;0,059009;0,811589;-0,066589;0,219201;0,895165;0,227372;0,061453;0,834318;-0,085086;0,214280;0,900245;-0,023400;0,156417;0,451651;-0,106903;0,155720;0,400703;-0,006226;0,151252;0,389205;-0,087552;0,155271;0,399548;0,000894;0,150944;0,388413;-0,075738;0,153472;0,394919;-0,001898;0,151241;0,389176;-0,080042;0,155078;0,399050;0,011179;0,149014;0,383447;-0,047994;0,154029;0,396351
00:00:10.014;221;6;6;6;5;115,557290;171,546716;170,570272;91,969891;161,925758;85,179499;-140,476785;166,212384;169,664713;161,913870;18,790331;15,073303;19,623328;-23,439842;-0,130547;-0,241705;1,004351;-0,135736;-0,283061;1,018013;-0,132375;-0,286532;1,030497;-0,129231;-0,289435;1,040932;-0,155198;-0,270810;0,973939;-0,167567;-0,269453;0,969002;-0,182140;-0,268781;0,966616;-0,149219;-0,260832;0,978112;-0,232957;-0,249994;0,960908;-0,247949;-0,406301;1,980311;-0,152744;-0,193830;0,969126;-0,063481;-0,075896;1,096615;-0,342389;-0,033543;0,899861;0,051664;0,152391;1,061398;-0,347086;0,218507;0,820878;0,183949;0,076288;0,829756;-0,142589;0,220123;0,837466;0,231105;0,065624;0,775439;-0,077165;0,226787;0,841392;0,238519;0,049397;0,799133;-0,067169;0,218713;0,894407;0,220726;0,051722;0,820906;-0,086140;0,213798;0,901209;-0,022365;0,156099;0,450723;-0,106914;0,155761;0,400807;-0,005601;0,151360;0,389483;-0,086882;0,154789;0,398306;0,001464;0,150888;0,388269;-0,075464;0,153348;0,394597;-0,000571;0,151081;0,388764;-0,079710;0,155479;0,400082;0,011408;0,148954;0,383291;-0,048141;0,154117;0,396578
00:00:10.062;222;6;6;6;5;115,496559;171,461739;170,342192;92,060295;160,559958;85,298148;-140,780275;166,051933;169,779646;162,248018;19,727062;15,152604;19,688273;21,877306;-0,130612;-0,241757;1,004578;-0,135642;-0,282864;1,017308;-0,132307;-0,286385;1,029973;-0,129486;-0,289148;1,039906;-0,155201;-0,270813;0,973961;-0,167925;-0,269444;0,969001;-0,182712;-0,268716;0,966400;-0,149258;-0,260727;0,977723;-0,233288;-0,249820;0,960240;-0,249072;-0,409082;1,989302;-0,152776;-0,193820;0,969082;-0,063054;-0,076104;1,095700;-0,342539;-0,033597;0,900260;0,053724;0,150596;1,054259;-0,346472;0,219029;0,820571;0,180040;0,068829;0,821091;-0,142699;0,219771;0,837303;0,226397;0,058063;0,767235;-0,077568;0,226759;0,842655;0,232601;0,041310;0,788936;-0,067653;0,218736;0,895315;0,214957;0,043511;0,810089;-0,086928;0,213732;0,902886;-0,021406;0,155649;0,449420;-0,106920;0,155787;0,400874;-0,004750;0,151430;0,389664;-0,086369;0,155155;0,399249;0,002494;0,150716;0,387825;-0,074314;0,152178;0,391588;0,001171;0,150841;0,388147;-0,078630;0,154924;0,398654;0,011993;0,148914;0,383189;-0,048053;0,154311;0,397076
00:00:10.108;223;6;6;6;5;115,483446;171,538252;170,289900;92,265223;158,976774;85,148090;-141,181716;166,020608;169,897326;162,651497;20,704883;14,935926;23,033854;-15,387506;-0,130608;-0,241706;1,004376;-0,135581;-0,282735;1,016851;-0,132263;-0,286290;1,029633;-0,129653;-0,288961;1,039239;-0,155701;-0,270718;0,973624;-0,168219;-0,269536;0,969351;-0,183218;-0,268868;0,966960;-0,149336;-0,260753;0,977820;-0,233503;-0,249706;0,959806;-0,248280;-0,406553;1,974147;-0,152796;-0,193813;0,969053;-0,062736;-0,076191;1,094405;-0,342504;-0,033618;0,900169;0,056023;0,148885;1,045768;-0,346074;0,219836;0,820371;0,174803;0,062206;0,809159;-0,142770;0,219542;0,837197;0,221525;0,050990;0,761553;-0,077830;0,226741;0,843475;0,225290;0,032883;0,777759;-0,068047;0,218496;0,896955;0,207733;0,035302;0,796408;-0,087371;0,213524;0,903276;-0,020074;0,155842;0,449973;-0,106376;0,155668;0,400568;-0,003529;0,151204;0,389082;-0,085882;0,155529;0,400212;0,003603;0,150603;0,387536;-0,073567;0,151418;0,389632;0,002743;0,150685;0,387745;-0,077928;0,154563;0,397725;0,012372;0,148888;0,383123;-0,047785;0,153756;0,395649
00:00:10.155;224;6;6;6;5;115,507040;171,789211;170,353889;92,551369;157,572584;84,861740;-141,473532;166,077426;170,003604;163,203169;20,747250;-14,885443;21,514235;16,339726;-0,130879;-0,242179;1,006344;-0,135401;-0,282360;1,015503;-0,132144;-0,286033;1,028711;-0,129717;-0,288743;1,038455;-0,155969;-0,270559;0,973056;-0,168349;-0,269499;0,969228;-0,183546;-0,268967;0,967324;-0,149334;-0,260676;0,977533;-0,233643;-0,249633;0,959524;-0,206305;-0,337403;1,637395;-0,152809;-0,193808;0,969035;-0,062490;-0,076198;1,092863;-0,342215;-0,033606;0,899410;0,057354;0,147377;1,037449;-0,345667;0,220731;0,819891;0,169466;0,057410;0,800704;-0,143293;0,219393;0,837128;0,214617;0,044776;0,750509;-0,078416;0,226541;0,843309;0,217529;0,026057;0,767343;-0,068762;0,218170;0,897320;0,200929;0,029097;0,787865;-0,088209;0,213472;0,903879;-0,018951;0,156224;0,450333;-0,106023;0,155591;0,400369;-0,002514;0,150921;0,388353;-0,085195;0,155093;0,399088;0,004319;0,150394;0,386998;-0,073081;0,150924;0,388361;0,003760;0,150447;0,387134;-0,077472;0,154328;0,397121;0,012619;0,148872;0,383080;-0,047611;0,153396;0,394722
00:00:10.202;225;6;6;6;5;115,501731;172,146859;170,393985;92,877719;156,307264;84,623692;-141,666600;166,180155;170,073618;163,929252;19,945090;14,717846;23,023976;-16,996393;-0,131010;-0,242402;1,007274;-0,135470;-0,282506;1,016027;-0,132157;-0,286061;1,028812;-0,129802;-0,288698;1,038296;-0,156144;-0,270456;0,972686;-0,168433;-0,269475;0,969148;-0,183693;-0,268934;0,967211;-0,149386;-0,260719;0,977696;-0,233904;-0,249767;0,960041;-0,218351;-0,356493;1,728607;-0,152818;-0,193805;0,969022;-0,062330;-0,076823;1,091861;-0,342027;-0,033598;0,898916;0,058075;0,146050;1,029592;-0,345403;0,221314;0,819579;0,164239;0,052833;0,793107;-0,143753;0,219003;0,837783;0,209071;0,040352;0,744031;-0,078796;0,226412;0,843201;0,211060;0,020783;0,761623;-0,069681;0,217788;0,896858;0,194250;0,023273;0,780212;-0,089304;0,213004;0,904622;-0,017661;0,155985;0,449166;-0,105793;0,155540;0,400240;-0,001414;0,150737;0,387880;-0,084442;0,155081;0,399057;0,005224;0,150259;0,386649;-0,072765;0,150603;0,387535;0,004860;0,150293;0,386737;-0,076748;0,153768;0,395679;0,013242;0,149133;0,383752;-0,047892;0,153706;0,395519
00:00:10.249;226;6;6;6;5;115,582312;172,477427;170,394387;93,090768;154,198030;83,301471;-142,204461;166,345685;170,143805;165,392895;18,784983;-14,681514;29,209330;15,278399;-0,131049;-0,242463;1,007528;-0,135422;-0,282405;1,015668;-0,132120;-0,285981;1,028528;-0,129814;-0,288571;1,037842;-0,156258;-0,270388;0,972446;-0,168427;-0,269361;0,968746;-0,183789;-0,268913;0,967137;-0,149367;-0,260654;0,977453;-0,234074;-0,249854;0,960376;-0,229865;-0,374900;1,816945;-0,152824;-0,193804;0,969015;-0,062166;-0,077154;1,090160;-0,341905;-0,033593;0,898596;0,058032;0,143949;1,015735;-0,345231;0,221692;0,819377;0,157565;0,047468;0,775920;-0,144052;0,218748;0,838209;0,202723;0,035194;0,734220;-0,078977;0,226140;0,842431;0,203752;0,014757;0,750905;-0,070195;0,217286;0,895508;0,186811;0,017668;0,767538;-0,089945;0,212537;0,904404;-0,016647;0,156682;0,450858;-0,105599;0,155780;0,400856;-0,000479;0,150617;0,387572;-0,083953;0,155073;0,399037;0,006025;0,150034;0,386072;-0,072560;0,150394;0,386998;0,005789;0,150057;0,386129;-0,076278;0,153403;0,394741;0,013866;0,149303;0,384189;-0,048075;0,153907;0,396038
00:00:10.296;227;6;6;6;5;115,557151;172,758411;170,377667;93,360295;152,752120;82,515330;-142,638117;166,517481;170,206097;166,486442;19,045607;14,404575;28,145072;18,780248;-0,130983;-0,242334;1,006993;-0,135578;-0,282150;1,016834;-0,132231;-0,285635;1,029393;-0,129822;-0,288489;1,037548;-0,156275;-0,270247;0,971940;-0,168363;-0,269191;0,968135;-0,183851;-0,268899;0,967089;-0,149354;-0,260612;0,977294;-0,234185;-0,249911;0,960595;-0,235929;-0,384552;1,863164;-0,152827;-0,193802;0,969010;-0,062020;-0,077319;1,088354;-0,341826;-0,033590;0,898387;0,057901;0,142897;1,004978;-0,345120;0,221938;0,819245;0,152090;0,044015;0,765448;-0,144663;0,218015;0,838136;0,195021;0,031230;0,721893;-0,079708;0,225857;0,843330;0,195392;0,010415;0,741138;-0,071546;0,216959;0,894630;0,178499;0,013567;0,755100;-0,090947;0,212397;0,904963;-0,015686;0,156648;0,450558;-0,105062;0,155663;0,400556;0,000129;0,150540;0,387372;-0,083263;0,154796;0,398324;0,006764;0,149889;0,385697;-0,072688;0,150803;0,388048;0,006611;0,149903;0,385734;-0,075972;0,153167;0,394132;0,014271;0,149413;0,384473;-0,048333;0,153766;0,395674
00:00:10.343;228;6;6;6;5;115,514560;173,007489;170,349827;93,678895;151,054860;81,586553;-143,038201;166,692623;170,263507;168,059046;19,611255;13,446365;31,601818;-27,232893;-0,131032;-0,242418;1,007346;-0,135539;-0,281693;1,016542;-0,132213;-0,285216;1,029256;-0,129827;-0,287846;1,037356;-0,156286;-0,270156;0,971611;-0,168320;-0,269079;0,967738;-0,183824;-0,268793;0,966708;-0,149346;-0,260584;0,977191;-0,234257;-0,249948;0,960737;-0,241912;-0,394150;1,909307;-0,152830;-0,193801;0,969006;-0,061885;-0,077377;1,086480;-0,341774;-0,033588;0,898252;0,057427;0,142911;0,991336;-0,345047;0,222098;0,819159;0,143850;0,041941;0,753741;-0,145599;0,217152;0,838438;0,184404;0,028142;0,710381;-0,080217;0,225767;0,844264;0,185744;0,007186;0,737940;-0,073080;0,216660;0,895810;0,167600;0,010882;0,744565;-0,092704;0,211953;0,906026;-0,015030;0,156515;0,449313;-0,104713;0,155588;0,400362;0,000523;0,150353;0,386892;-0,083113;0,154752;0,398211;0,007245;0,149794;0,385453;-0,072772;0,151068;0,388731;0,006926;0,149803;0,385477;-0,075930;0,152877;0,393386;0,014316;0,149485;0,384657;-0,048501;0,153674;0,395438
00:00:10.390;229;6;6;6;5;115,445516;173,043862;170,177256;93,766951;149,915541;81,160685;-143,448780;166,846197;170,397511;169,253599;19,331767;13,107621;34,201877;31,081386;-0,131018;-0,242389;1,007225;-0,135514;-0,281397;1,016352;-0,132157;-0,284848;1,028816;-0,129742;-0,287234;1,036531;-0,156350;-0,270193;0,971747;-0,168293;-0,269007;0,967480;-0,183674;-0,268529;0,965760;-0,149447;-0,260753;0,977824;-0,234304;-0,249972;0,960829;-0,245446;-0,399811;1,936499;-0,152831;-0,193801;0,969004;-0,061797;-0,078030;1,085262;-0,342385;-0,033599;0,898514;0,057037;0,143260;0,981068;-0,345000;0,222202;0,819103;0,136646;0,039588;0,742632;-0,146330;0,216770;0,839335;0,175590;0,024871;0,699747;-0,080581;0,225320;0,845222;0,177280;0,004261;0,731661;-0,074077;0,216465;0,896576;0,159416;0,008314;0,738417;-0,093883;0,211746;0,907067;-0,014559;0,155939;0,447103;-0,104486;0,155539;0,400235;0,001003;0,150504;0,387280;-0,083089;0,154859;0,398487;0,007785;0,149868;0,385644;-0,073088;0,151785;0,390575;0,007365;0,150010;0,386010;-0,075902;0,152688;0,392901;0,014591;0,149803;0,385477;-0,048471;0,153887;0,395985
00:00:10.437;230;6;6;6;5;115,405325;173,167047;169,772112;93,803705;148,588363;80,386020;-143,980430;167,028437;170,567983;170,777544;18,950362;-13,242689;33,753668;31,343159;-0,130781;-0,241379;1,005396;-0,135451;-0,281107;1,015879;-0,132075;-0,284511;1,028181;-0,129687;-0,286836;1,035995;-0,156391;-0,269665;0,971836;-0,168336;-0,269058;0,967662;-0,183643;-0,268455;0,965494;-0,149062;-0,261050;0,978936;-0,234419;-0,250078;0,961239;-0,247744;-0,402359;1,954175;-0,152777;-0,193731;0,968653;-0,061700;-0,078404;1,083770;-0,342916;-0,034132;0,899034;0,055398;0,142702;0,969144;-0,344209;0,222080;0,818367;0,128430;0,038523;0,736461;-0,146805;0,216044;0,839918;0,166764;0,023132;0,692836;-0,081299;0,225029;0,845844;0,167908;0,002770;0,724780;-0,075176;0,216170;0,896375;0,150116;0,007050;0,733021;-0,094687;0,211692;0,908093;-0,014254;0,155565;0,445667;-0,104339;0,155507;0,400153;0,001314;0,150602;0,387532;-0,083073;0,154929;0,398667;0,007916;0,149917;0,385769;-0,073359;0,152386;0,392124;0,007643;0,150009;0,386007;-0,076019;0,152838;0,393285;0,014743;0,149738;0,385310;-0,048451;0,154025;0,396340
00:00:10.483;231;6;6;6;5;115,400294;172,902196;169,523642;93,827233;148,299445;79,977561;-144,278656;166,978227;170,676763;172,208438;18,501209;12,907135;41,045505;35,492302;-0,130764;-0,240973;1,005257;-0,135503;-0,281112;1,016271;-0,132067;-0,284389;1,028117;-0,129652;-0,286578;1,035647;-0,155921;-0,269418;0,972243;-0,168364;-0,269090;0,967780;-0,183490;-0,268212;0,964621;-0,148758;-0,261149;0,979308;-0,234324;-0,249966;0,960805;-0,251900;-0,408319;1,986664;-0,152797;-0,193755;0,968774;-0,061677;-0,079314;1,083501;-0,343395;-0,034492;0,899722;0,051721;0,143143;0,963144;-0,343842;0,222095;0,818239;0,117841;0,037679;0,721599;-0,147114;0,215571;0,840297;0,156548;0,022183;0,681693;-0,081664;0,224562;0,845199;0,157619;0,002201;0,717507;-0,075920;0,215553;0,896593;0,139835;0,007021;0,726364;-0,095689;0,211059;0,908411;-0,014307;0,155322;0,444734;-0,104243;0,155486;0,400099;0,001517;0,150665;0,387696;-0,083063;0,154974;0,398783;0,008009;0,150084;0,386200;-0,073535;0,152778;0,393131;0,007831;0,150144;0,386354;-0,076096;0,152935;0,393536;0,015075;0,149832;0,385552;-0,048438;0,154115;0,396571
00:00:10.530;232;6;6;6;5;115,550862;172,797815;169,614608;93,899712;148,257358;79,672451;-144,617162;166,950643;170,783277;173,340276;18,056607;12,016194;47,418439;-40,161751;-0,130753;-0,240709;1,005167;-0,135630;-0,280729;1,017226;-0,132062;-0,284310;1,028076;-0,129212;-0,286797;1,036821;-0,155615;-0,269257;0,972508;-0,168382;-0,268561;0,967857;-0,183457;-0,268151;0,964404;-0,148561;-0,261213;0,979550;-0,234262;-0,249892;0,960523;-0,251495;-0,407172;1,983281;-0,152810;-0,193771;0,968853;-0,061662;-0,079906;1,083326;-0,343573;-0,034713;0,899819;0,048262;0,143482;0,959593;-0,343898;0,222295;0,818855;0,109678;0,037487;0,711240;-0,147315;0,215264;0,840543;0,147816;0,021908;0,673401;-0,081867;0,223686;0,844429;0,149051;0,002241;0,715579;-0,076853;0,214984;0,896036;0,130895;0,006988;0,720636;-0,096303;0,210567;0,908267;-0,014761;0,156617;0,449027;-0,104181;0,155472;0,400065;0,001650;0,150843;0,388152;-0,083056;0,155004;0,398859;0,008281;0,150057;0,386130;-0,073649;0,153032;0,393785;0,007953;0,150232;0,386580;-0,076145;0,152998;0,393698;0,015510;0,149893;0,385709;-0,048162;0,154037;0,396371
00:00:10.577;233;6;6;6;5;115,499353;172,792105;169,729441;94,110793;147,993258;78,680551;-144,492973;167,034537;170,839530;174,970778;18,134510;11,364714;59,319573;-40,495192;-0,130745;-0,240538;1,005109;-0,135806;-0,280673;1,018547;-0,132238;-0,284058;1,029450;-0,129057;-0,286636;1,038633;-0,155416;-0,269153;0,972680;-0,168394;-0,268217;0,967907;-0,183502;-0,268209;0,964612;-0,148433;-0,261255;0,979708;-0,234221;-0,249845;0,960340;-0,251453;-0,406786;1,982833;-0,152818;-0,193781;0,968905;-0,062248;-0,080880;1,082862;-0,343554;-0,034331;0,899533;0,043177;0,143173;0,953786;-0,343933;0,222425;0,819256;0,100344;0,036818;0,694356;-0,147507;0,214675;0,841053;0,138203;0,021696;0,666960;-0,082033;0,223208;0,844279;0,138961;0,002243;0,706977;-0,077582;0,214437;0,897073;0,121800;0,007367;0,716564;-0,096778;0,209890;0,908874;-0,015354;0,155638;0,445867;-0,104140;0,155463;0,400042;0,001513;0,150686;0,387749;-0,082608;0,154615;0,397858;0,008450;0,149903;0,385734;-0,073564;0,153333;0,394560;0,008026;0,150153;0,386377;-0,076675;0,153583;0,395204;0,015778;0,149797;0,385461;-0,047982;0,153986;0,396241
00:00:10.624;234;6;6;6;5;115,533933;172,779764;169,803681;94,252088;148,131334;78,242594;-144,572601;167,169620;170,876846;176,046409;18,617287;11,134828;63,238227;-41,681463;-0,130649;-0,240259;1,004371;-0,135827;-0,280443;1,018706;-0,132308;-0,283798;1,029992;-0,129417;-0,286243;1,038762;-0,155287;-0,269085;0,972792;-0,168463;-0,268090;0,968290;-0,183664;-0,268442;0,965448;-0,148244;-0,260539;0,979110;-0,234195;-0,249814;0,960221;-0,250938;-0,405746;1,978691;-0,153320;-0,193718;0,968588;-0,063224;-0,082102;1,082210;-0,343542;-0,034082;0,899346;0,038294;0,142593;0,951061;-0,343957;0,222510;0,819516;0,092513;0,036440;0,684431;-0,148049;0,214203;0,841034;0,129537;0,021823;0,659624;-0,082243;0,222693;0,845231;0,129756;0,002629;0,699635;-0,078025;0,213998;0,897398;0,113177;0,007589;0,711816;-0,096973;0,209210;0,908218;-0,015792;0,155492;0,445214;-0,104114;0,155458;0,400027;0,001424;0,150584;0,387487;-0,082317;0,154362;0,397208;0,008560;0,149803;0,385477;-0,073508;0,153529;0,395064;0,008072;0,150102;0,386245;-0,076590;0,153556;0,395132;0,015953;0,149734;0,385299;-0,047866;0,153954;0,396157
00:00:10.670;235;6;6;6;5;115,574170;172,786954;169,951381;94,274233;150,214451;79,708133;-144,648040;167,424790;171,017914;175,977859;19,716365;9,913295;66,257100;43,403747;-0,130542;-0,239994;1,003541;-0,135888;-0,280391;1,019159;-0,132398;-0,283725;1,030695;-0,129695;-0,286084;1,039195;-0,155203;-0,269041;0,972865;-0,168568;-0,268104;0,968888;-0,183836;-0,268139;0,966341;-0,148121;-0,260074;0,978722;-0,234093;-0,249702;0,959794;-0,250336;-0,404640;1,973899;-0,153590;-0,193606;0,968032;-0,064430;-0,082841;1,081087;-0,343778;-0,033895;0,898525;0,031550;0,143734;0,959440;-0,343972;0,222565;0,819686;0,084191;0,037051;0,679730;-0,148339;0,213808;0,840672;0,120284;0,023022;0,655206;-0,082312;0,222174;0,845150;0,120730;0,003291;0,698013;-0,078981;0,213615;0,899358;0,103755;0,008111;0,706981;-0,097769;0,208570;0,909192;-0,016582;0,155396;0,444789;-0,104097;0,155454;0,400018;0,001366;0,150518;0,387316;-0,082280;0,154062;0,396435;0,008632;0,149738;0,385310;-0,073472;0,153656;0,395392;0,008103;0,150068;0,386159;-0,076534;0,153538;0,395086;0,016066;0,149694;0,385195;-0,047874;0,154204;0,396802
00:00:10.717;236;6;6;6;5;115,985276;172,613646;169,975678;94,274449;153,738822;82,222262;-145,197606;167,680467;171,070863;175,304879;20,806572;9,522338;70,519199;43,239845;-0,130517;-0,239906;1,003352;-0,135927;-0,280356;1,019453;-0,132457;-0,283678;1,031152;-0,129876;-0,285981;1,039477;-0,155204;-0,269109;0,973262;-0,168637;-0,268113;0,969277;-0,183815;-0,267749;0,966222;-0,148094;-0,259864;0,978819;-0,233855;-0,249448;0,958816;-0,249635;-0,403419;1,968335;-0,153821;-0,193604;0,968021;-0,066419;-0,083295;1,080006;-0,343796;-0,033760;0,897641;0,022793;0,146566;0,975036;-0,343688;0,222410;0,819096;0,075940;0,038599;0,670725;-0,148528;0,213551;0,840437;0,111746;0,026273;0,650234;-0,082493;0,221721;0,846498;0,111413;0,006735;0,689258;-0,079634;0,213448;0,900983;0,094998;0,010706;0,698237;-0,098325;0,208234;0,910175;-0,018443;0,159588;0,457463;-0,103904;0,155180;0,399312;0,001109;0,150611;0,387556;-0,082256;0,153867;0,395933;0,008686;0,149832;0,385552;-0,073449;0,153739;0,395605;0,008123;0,150047;0,386104;-0,076498;0,153526;0,395056;0,016140;0,149667;0,385127;-0,047653;0,154367;0,397221
00:00:10.764;237;6;6;6;5;116,066740;172,464259;170,093082;94,267282;156,356014;84,102484;-145,454456;167,975144;171,041066;174,792272;21,455958;8,601225;69,228138;-42,724753;-0,130592;-0,240016;1,003929;-0,135906;-0,280238;1,019295;-0,132495;-0,283647;1,031449;-0,129993;-0,285914;1,039660;-0,155205;-0,269154;0,973520;-0,168681;-0,268119;0,969530;-0,183801;-0,267495;0,966144;-0,148076;-0,259728;0,978882;-0,233701;-0,249283;0,958180;-0,248674;-0,400044;1,952118;-0,153971;-0,193603;0,968014;-0,068279;-0,083535;1,078604;-0,343943;-0,033685;0,897417;0,015959;0,148459;0,985523;-0,344264;0,222033;0,819412;0,070299;0,040419;0,665921;-0,149191;0,213472;0,840634;0,104899;0,029766;0,645602;-0,082161;0,221517;0,847724;0,103545;0,010451;0,681468;-0,080120;0,213505;0,902739;0,088335;0,013605;0,694304;-0,098800;0,207734;0,911863;-0,019646;0,160242;0,459751;-0,103869;0,155137;0,399203;0,000721;0,150808;0,388061;-0,082459;0,154148;0,396656;0,008721;0,149893;0,385709;-0,073433;0,153793;0,395743;0,008135;0,150033;0,386067;-0,076474;0,153518;0,395036;0,016188;0,149650;0,385082;-0,047201;0,154201;0,396794
00:00:10.812;238;6;6;6;5;116,159947;172,322446;170,177221;94,257255;159,027183;85,869806;-145,638945;168,217393;171,013295;174,402909;21,486641;7,812205;70,232682;42,764617;-0,130596;-0,240003;1,003954;-0,135892;-0,280161;1,019192;-0,132520;-0,283627;1,031642;-0,130070;-0,285870;1,039779;-0,155206;-0,269182;0,973688;-0,168650;-0,268026;0,969345;-0,183792;-0,267331;0,966094;-0,148012;-0,259547;0,978574;-0,233601;-0,249175;0,957767;-0,249174;-0,399643;1,950326;-0,154069;-0,193602;0,968009;-0,070101;-0,084303;1,077693;-0,344038;-0,033636;0,897271;0,009218;0,150797;0,995840;-0,344638;0,221788;0,819618;0,063793;0,044001;0,659999;-0,149560;0,213333;0,840412;0,096599;0,034454;0,640841;-0,081811;0,221020;0,847120;0,094471;0,015094;0,675004;-0,080374;0,213376;0,903180;0,079929;0,017770;0,689998;-0,099109;0,207409;0,912961;-0,020428;0,160931;0,461238;-0,103847;0,155110;0,399132;0,000468;0,150935;0,388390;-0,082591;0,154331;0,397127;0,008744;0,149933;0,385811;-0,073423;0,153828;0,395833;0,008144;0,150024;0,386044;-0,076459;0,153513;0,395024;0,016219;0,149639;0,385053;-0,046681;0,154093;0,396516
00:00:10.858;239;6;6;6;5;116,366320;172,265618;170,145604;94,238292;161,040119;87,262184;-146,062168;168,412788;170,991187;174,169442;21,670896;6,813501;69,896961;45,979254;-0,130780;-0,240330;1,005370;-0,135930;-0,280207;1,019475;-0,132626;-0,283807;1,032467;-0,130207;-0,286034;1,040556;-0,155206;-0,269201;0,973797;-0,168629;-0,267966;0,969224;-0,183786;-0,267223;0,966061;-0,148473;-0,259336;0,978023;-0,233621;-0,249196;0,957849;-0,248465;-0,397733;1,941112;-0,154188;-0,193671;0,968356;-0,071284;-0,084803;1,077100;-0,344234;-0,033618;0,897526;0,004256;0,153002;1,003246;-0,344882;0,221629;0,819752;0,058163;0,047525;0,657199;-0,150277;0,213242;0,840268;0,089152;0,039496;0,635647;-0,081617;0,220788;0,847078;0,086610;0,020122;0,673603;-0,081086;0,213376;0,903817;0,072434;0,022371;0,686149;-0,099310;0,207197;0,913675;-0,021422;0,162970;0,466755;-0,104151;0,155228;0,399436;0,000304;0,151018;0,388603;-0,082531;0,154177;0,396732;0,008759;0,149959;0,385877;-0,072352;0,153987;0,396241;0,008149;0,150018;0,386028;-0,076449;0,153510;0,395015;0,016239;0,149631;0,385035;-0,045999;0,153615;0,395285
00:00:10.907;240;6;6;6;5;116,137434;172,481079;170,055217;94,125949;162,401277;87,808984;-145,797999;168,569957;171,073745;174,026936;21,686689;6,416615;78,813718;50,586852;-0,130672;-0,240124;1,004540;-0,136535;-0,280237;1,019658;-0,133192;-0,283731;1,032304;-0,130296;-0,286140;1,041062;-0,155704;-0,269116;0,973518;-0,168615;-0,267927;0,969146;-0,183783;-0,267154;0,966040;-0,148827;-0,259292;0,978015;-0,234265;-0,249301;0,958252;-0,248004;-0,396491;1,935123;-0,154266;-0,193716;0,968581;-0,072030;-0,084488;1,076365;-0,344738;-0,033593;0,897342;0,001031;0,155538;1,007710;-0,344892;0,221431;0,819489;0,051789;0,052762;0,647679;-0,150807;0,213272;0,840524;0,080662;0,045590;0,628070;-0,081558;0,220820;0,847751;0,079452;0,027124;0,671292;-0,081580;0,213458;0,904581;0,064858;0,029225;0,683647;-0,099479;0,207139;0,914489;-0,021793;0,160756;0,459491;-0,104484;0,155169;0,399283;0,000198;0,150936;0,388392;-0,082346;0,153806;0,395776;0,009208;0,149975;0,385920;-0,071245;0,153682;0,395457;0,008812;0,150014;0,386018;-0,074545;0,153780;0,395710;0,016926;0,149763;0,385373;-0,045293;0,153168;0,394136
00:00:10.942;241;6;6;6;5;116,424273;172,578660;169,919393;94,148430;161,651293;86,188955;-146,245115;168,622589;171,103668;174,906904;22,445000;6,952828;78,798091;-53,134094;-0,131265;-0,240157;1,004701;-0,136881;-0,280160;1,019428;-0,133560;-0,283682;1,032197;-0,130354;-0,286803;1,041390;-0,156028;-0,269061;0,973337;-0,168546;-0,267804;0,968745;-0,183714;-0,267561;0,965676;-0,149003;-0,259170;0,977660;-0,234684;-0,249369;0,958514;-0,253145;-0,404361;1,973580;-0,154260;-0,193676;0,968378;-0,072539;-0,084922;1,076237;-0,345065;-0,033577;0,897222;-0,000459;0,155861;1,002212;-0,344752;0,221208;0,818968;0,046672;0,058508;0,643242;-0,150194;0,212812;0,840691;0,073013;0,052658;0,622796;-0,081202;0,220809;0,849938;0,071460;0,035578;0,666290;-0,080900;0,213077;0,905428;0,057117;0,037024;0,680270;-0,098657;0,206816;0,916068;-0,023052;0,164480;0,469469;-0,104464;0,154450;0,397434;-0,000092;0,150883;0,388255;-0,082080;0,153292;0,394454;0,009500;0,149986;0,385948;-0,070526;0,153483;0,394947;0,009242;0,150011;0,386012;-0,073307;0,153955;0,396162;0,017372;0,149848;0,385592;-0,044833;0,152878;0,393388
00:00:10.984;242;6;6;6;5;116,790708;172,678173;169,744714;94,132500;161,770249;85,608334;-146,910931;168,693320;171,119758;175,038504;22,473903;7,327100;91,841833;-57,955046;-0,131881;-0,240597;1,006556;-0,137200;-0,280303;1,019978;-0,133663;-0,283947;1,031078;-0,130304;-0,287040;1,040904;-0,156295;-0,269122;0,973569;-0,169051;-0,267725;0,968484;-0,183669;-0,267826;0,965439;-0,149171;-0,259184;0,977779;-0,235042;-0,249505;0,959034;-0,209189;-0,334040;1,630377;-0,154313;-0,193719;0,968596;-0,072869;-0,085205;1,076154;-0,345413;-0,033579;0,897495;-0,000867;0,158220;1,001437;-0,344661;0,221063;0,818629;0,041610;0,064803;0,634757;-0,148960;0,212690;0,841499;0,065797;0,059833;0,617617;-0,080419;0,220622;0,850660;0,063832;0,044665;0,665488;-0,080033;0,212558;0,907028;0,049634;0,045670;0,675276;-0,097636;0,206684;0,917444;-0,024468;0,168990;0,481905;-0,104450;0,153983;0,396232;-0,000502;0,150848;0,388166;-0,082425;0,153502;0,394995;0,009031;0,149993;0,385966;-0,070120;0,153491;0,394966;0,008863;0,150010;0,386008;-0,072728;0,154069;0,396455;0,017223;0,149903;0,385735;-0,044535;0,152689;0,392902
00:00:11.031;243;6;6;6;5;117,146231;172,742934;169,683888;94,207646;162,229950;85,529957;-147,525524;168,739198;171,045098;174,722569;22,334398;-7,630506;99,103756;60,945316;-0,132419;-0,241134;1,008811;-0,137408;-0,280395;1,020336;-0,133912;-0,283918;1,031751;-0,130359;-0,287387;1,041287;-0,156412;-0,269065;0,973370;-0,169318;-0,267576;0,967965;-0,184122;-0,267900;0,964936;-0,149280;-0,259193;0,977856;-0,235275;-0,249593;0,959372;-0,223778;-0,357170;1,743295;-0,154842;-0,193677;0,968387;-0,073084;-0,085389;1,076100;-0,345639;-0,033581;0,897671;-0,000564;0,160152;1,003384;-0,345067;0,220969;0,818409;0,037985;0,070702;0,629592;-0,147738;0,212699;0,842374;0,060098;0,066272;0,614601;-0,079911;0,220500;0,851129;0,056424;0,052926;0,662167;-0,079470;0,212220;0,908068;0,043254;0,053564;0,672029;-0,096899;0,206441;0,917639;-0,025265;0,173320;0,493138;-0,104666;0,153679;0,395451;-0,000766;0,150690;0,387758;-0,082428;0,153231;0,394297;0,008726;0,149998;0,385978;-0,069856;0,153495;0,394978;0,008617;0,150008;0,386005;-0,072352;0,154144;0,396646;0,017126;0,149940;0,385828;-0,044341;0,152566;0,392586
00:00:11.080;244;6;6;6;5;117,220577;172,576706;169,560264;94,216623;142,574766;62,184106;-147,655468;168,688093;170,980710;-170,295723;22,988237;7,639333;109,238935;64,234951;-0,132631;-0,241233;1,009227;-0,137543;-0,280456;1,020568;-0,133937;-0,284197;1,031138;-0,130308;-0,287420;1,040837;-0,156488;-0,269028;0,973240;-0,169369;-0,267286;0,966927;-0,184282;-0,267754;0,963908;-0,149405;-0,259292;0,978257;-0,235254;-0,249468;0,958892;-0,233172;-0,372062;1,815992;-0,155129;-0,193580;0,967902;-0,073224;-0,085508;1,076065;-0,345786;-0,033582;0,897786;-0,000366;0,139728;0,882850;-0,345183;0,220813;0,817916;0,035540;0,076407;0,624485;-0,146345;0,212528;0,842243;0,056307;0,073081;0,611591;-0,079063;0,220330;0,851084;0,051057;0,062029;0,663159;-0,078645;0,212164;0,909444;0,038855;0,062434;0,672719;-0,095898;0,206283;0,917765;-0,025831;0,174245;0,495890;-0,104806;0,153482;0,394943;-0,000498;0,150587;0,387493;-0,081910;0,152918;0,393493;0,008747;0,150001;0,385986;-0,069642;0,153906;0,396035;0,008457;0,150008;0,386003;-0,072234;0,154464;0,397470;0,017299;0,150099;0,386238;-0,044254;0,152622;0,392731
00:00:11.126;245;6;6;6;5;117,413705;172,354504;169,430376;94,181178;132,863605;50,534355;-147,940681;168,586050;170,944673;-160,542778;23,584244;-8,329136;114,151631;65,349053;-0,132861;-0,241464;1,010198;-0,137536;-0,280882;1,020019;-0,133999;-0,284475;1,031090;-0,130362;-0,287634;1,041244;-0,156537;-0,269004;0,973156;-0,169464;-0,267744;0,966603;-0,184520;-0,267854;0,963940;-0,149486;-0,259356;0,978517;-0,235241;-0,249387;0,958580;-0,240934;-0,382602;1,867445;-0,155316;-0,193517;0,967586;-0,073338;-0,086227;1,076392;-0,346016;-0,034107;0,898211;0,000139;0,125861;0,805552;-0,345258;0,220712;0,817595;0,033301;0,082021;0,622215;-0,144900;0,212329;0,841808;0,052119;0,080266;0,609634;-0,077934;0,219948;0,850004;0,046393;0,069750;0,663103;-0,076635;0,212371;0,911389;0,034144;0,070723;0,674917;-0,094341;0,206495;0,919247;-0,026659;0,175952;0,500828;-0,104897;0,153354;0,394613;-0,000324;0,150384;0,386970;-0,081279;0,152579;0,392620;0,008761;0,150003;0,385991;-0,069503;0,154174;0,396723;0,008353;0,150007;0,386002;-0,072157;0,154672;0,398005;0,017411;0,150203;0,386505;-0,044198;0,152659;0,392825
00:00:11.174;246;6;6;6;5;117,466426;172,140765;169,182495;94,122287;127,574613;43,807722;-148,146172;168,519713;170,906632;-154,496888;22,746667;9,201988;92,368437;-67,309057;-0,133010;-0,241614;1,010829;-0,137579;-0,281256;1,020013;-0,134039;-0,284656;1,031058;-0,130353;-0,287677;1,041159;-0,156457;-0,268795;0,972402;-0,169464;-0,267945;0,966042;-0,184608;-0,267821;0,963611;-0,149140;-0,259676;0,979736;-0,235318;-0,249425;0,958727;-0,201726;-0,319753;1,560689;-0,155381;-0,193406;0,967031;-0,073437;-0,086722;1,076955;-0,346436;-0,034476;0,899187;0,001215;0,116688;0,754259;-0,345307;0,220646;0,817387;0,031145;0,088754;0,629140;-0,143236;0,212553;0,842925;0,048018;0,086316;0,608362;-0,076748;0,219790;0,849653;0,041747;0,077493;0,660967;-0,074780;0,212424;0,912303;0,029492;0,078238;0,674946;-0,092600;0,206682;0,918111;-0,027080;0,176324;0,501938;-0,104918;0,153542;0,395098;-0,000210;0,149980;0,385931;-0,081299;0,153175;0,394153;0,008770;0,150004;0,385994;-0,069413;0,154347;0,397170;0,008285;0,150007;0,386001;-0,071880;0,154807;0,398353;0,017484;0,150270;0,386678;-0,044161;0,152683;0,392886
00:00:11.222;247;6;6;6;5;117,548739;171,964809;169,134304;94,213076;124,852967;39,316944;-148,263048;168,439441;170,900906;-151,306794;23,214288;8,963568;56,026663;-69,750215;-0,133200;-0,241879;1,011939;-0,137607;-0,281500;1,020008;-0,134111;-0,284870;1,031388;-0,130435;-0,287898;1,041803;-0,156405;-0,268659;0,971911;-0,169464;-0,268075;0,965677;-0,184665;-0,267800;0,963397;-0,148915;-0,259884;0,980528;-0,235283;-0,249359;0,958472;-0,224000;-0,354122;1,728448;-0,155367;-0,193264;0,966320;-0,073501;-0,087044;1,077321;-0,346573;-0,034702;0,899472;0,003081;0,110979;0,725118;-0,345339;0,221068;0,817252;0,030340;0,094707;0,638891;-0,142039;0,212521;0,842951;0,046139;0,091515;0,608935;-0,075464;0,219597;0,849074;0,038850;0,084380;0,662029;-0,073684;0,212785;0,914297;0,027273;0,084810;0,676015;-0,091605;0,207121;0,918772;-0,027105;0,177099;0,503360;-0,104931;0,153665;0,395414;-0,000137;0,149853;0,385605;-0,080790;0,153426;0,394800;0,008776;0,150005;0,385996;-0,069476;0,154732;0,398161;0,008241;0,150007;0,386001;-0,071700;0,154895;0,398580;0,017531;0,150314;0,386791;-0,044560;0,153378;0,394676
00:00:11.269;248;6;6;6;5;117,602258;172,060868;169,103124;94,137613;123,355134;35,689987;-148,338861;168,468591;170,897195;-149,649214;23,485444;8,808602;35,856152;71,083114;-0,133138;-0,241716;1,011260;-0,137530;-0,281464;1,019305;-0,134112;-0,284913;1,031252;-0,130532;-0,288139;1,042572;-0,156371;-0,268571;0,971592;-0,169463;-0,268160;0,965440;-0,184702;-0,267787;0,963258;-0,148663;-0,259833;0,980343;-0,235431;-0,249498;0,959007;-0,237522;-0,374957;1,830141;-0,155415;-0,193242;0,966208;-0,073542;-0,087254;1,077559;-0,346663;-0,034849;0,899657;0,005085;0,107583;0,708277;-0,345360;0,221342;0,817163;0,029770;0,098779;0,644179;-0,141202;0,212892;0,842618;0,045290;0,095648;0,609658;-0,074630;0,219955;0,848698;0,037308;0,089131;0,662019;-0,072890;0,213295;0,914543;0,025747;0,089495;0,674260;-0,090889;0,207248;0,918502;-0,027121;0,177604;0,504284;-0,104940;0,153745;0,395619;0,000131;0,150043;0,386093;-0,080459;0,153589;0,395220;0,008780;0,150006;0,385997;-0,069517;0,154982;0,398804;0,008212;0,150007;0,386001;-0,071583;0,154952;0,398727;0,017562;0,150342;0,386864;-0,045272;0,153830;0,395840
00:00:11.316;249;6;6;6;5;117,697776;172,125293;169,160452;94,303742;122,432938;33,080505;-148,427748;168,386231;170,827438;-148,464526;23,267355;8,705626;-20,354870;-69,738433;-0,132960;-0,241360;1,009769;-0,137386;-0,281248;1,018149;-0,134067;-0,284844;1,030814;-0,130595;-0,288295;1,043072;-0,156348;-0,268513;0,971385;-0,169525;-0,268312;0,965636;-0,184860;-0,267972;0,963868;-0,148446;-0,259708;0,979873;-0,235528;-0,249588;0,959355;-0,249407;-0,393375;1,920042;-0,155445;-0,193227;0,966135;-0,072979;-0,087418;1,078063;-0,346721;-0,034945;0,899777;0,006388;0,105375;0,697330;-0,345838;0,221986;0,817106;0,030043;0,103157;0,653566;-0,140717;0,213222;0,842752;0,046010;0,100717;0,617828;-0,074027;0,220486;0,847754;0,036721;0,093457;0,662712;-0,072401;0,213709;0,915053;0,025161;0,093408;0,673819;-0,090459;0,207409;0,918676;-0,027207;0,178715;0,506285;-0,104946;0,153796;0,395752;-0,000137;0,150574;0,387461;-0,081281;0,154376;0,397243;0,008782;0,150006;0,385998;-0,069851;0,154329;0,397123;0,008194;0,150007;0,386000;-0,071738;0,154037;0,396372;0,017582;0,150361;0,386912;-0,046500;0,154396;0,397296
00:00:11.363;250;6;6;6;5;117,464217;172,236096;169,282973;94,425528;121,837158;29,943537;-147,909850;168,336378;170,784604;-147,754031;23,288275;8,810307;-21,220952;67,929858;-0,133029;-0,241463;1,010200;-0,137198;-0,280913;1,016697;-0,133947;-0,284605;1,029829;-0,130548;-0,288203;1,042697;-0,156334;-0,268476;0,971250;-0,169565;-0,268411;0,965763;-0,184896;-0,267996;0,963914;-0,148253;-0,259534;0,979218;-0,235591;-0,249647;0,959581;-0,251897;-0,397101;1,938227;-0,155465;-0,193218;0,966088;-0,072613;-0,087525;1,078391;-0,346624;-0,034993;0,899505;0,008005;0,103940;0,690215;-0,346149;0,222404;0,817069;0,030437;0,106927;0,656168;-0,140343;0,213347;0,842489;0,046383;0,104379;0,617188;-0,073726;0,221106;0,848190;0,036794;0,098003;0,664563;-0,071946;0,214087;0,913634;0,025164;0,097484;0,673532;-0,090110;0,207878;0,918090;-0,026737;0,176239;0,497785;-0,104949;0,153830;0,395839;-0,000532;0,150784;0,387999;-0,082426;0,154751;0,398208;0,008784;0,150006;0,385999;-0,070068;0,153904;0,396030;0,008182;0,150007;0,386000;-0,071839;0,153443;0,394842;0,017595;0,150373;0,386943;-0,048209;0,154084;0,396492
00:00:11.399;251;6;6;6;5;116,738642;172,061524;169,370874;94,504578;121,452273;28,995492;-146,567148;168,188696;170,747232;-147,207757;23,060590;8,807277;-27,353310;66,297447;-0,133073;-0,241529;1,010480;-0,137123;-0,280793;1,016103;-0,133823;-0,284354;1,028839;-0,130343;-0,287756;1,041053;-0,156381;-0,268548;0,971513;-0,169591;-0,268476;0,965846;-0,184852;-0,267913;0,963594;-0,148232;-0,259606;0,979491;-0,235460;-0,249503;0,959027;-0,209125;-0,330175;1,608798;-0,155478;-0,193211;0,966057;-0,072399;-0,087623;1,078954;-0,346561;-0,035024;0,899328;0,009056;0,103007;0,685589;-0,346351;0,222676;0,817045;0,030710;0,109815;0,658209;-0,140100;0,213429;0,842318;0,047188;0,108449;0,624122;-0,073469;0,221326;0,847774;0,036803;0,100846;0,665066;-0,071651;0,214333;0,912712;0,025166;0,100517;0,673346;-0,089362;0,208182;0,917708;-0,025454;0,168393;0,474060;-0,104952;0,153852;0,395895;-0,001011;0,151056;0,388700;-0,083398;0,154994;0,398835;0,007251;0,150142;0,386349;-0,070209;0,153628;0,395319;0,006640;0,150143;0,386350;-0,074296;0,155640;0,400497;0,015611;0,150245;0,386613;-0,049365;0,154017;0,396320
00:00:11.441;252;6;6;6;5;116,190599;171,948065;169,453779;94,661920;121,238013;29,458289;-145,515622;168,092293;170,739685;-147,122688;23,374291;8,930609;-30,022139;-66,093214;-0,133724;-0,241657;1,011012;-0,137074;-0,280715;1,015717;-0,133743;-0,284190;1,028195;-0,130297;-0,287660;1,040684;-0,156851;-0,268402;0,970983;-0,169546;-0,268420;0,965550;-0,184757;-0,267763;0,963036;-0,148114;-0,259467;0,978969;-0,235374;-0,249410;0,958668;-0,229765;-0,363575;1,767069;-0,155487;-0,193207;0,966037;-0,072259;-0,087687;1,079320;-0,346520;-0,035045;0,899213;0,010902;0,102839;0,682933;-0,346483;0,223317;0,817029;0,030937;0,111496;0,660586;-0,139826;0,213304;0,841507;0,048073;0,111094;0,628629;-0,073693;0,221195;0,846453;0,037088;0,102792;0,663643;-0,071459;0,214492;0,912113;0,025536;0,102050;0,672875;-0,088943;0,208540;0,918160;-0,024634;0,162742;0,454439;-0,104953;0,153866;0,395932;-0,001989;0,151232;0,389155;-0,085623;0,155153;0,399243;0,005376;0,150367;0,386927;-0,073409;0,154265;0,396958;0,004757;0,150367;0,386928;-0,076961;0,155981;0,401373;0,014321;0,150161;0,386398;-0,052145;0,153974;0,396208
00:00:11.488;253;6;6;6;5;115,823444;171,920223;169,499722;94,795764;121,167391;28,553393;-144,750475;167,979425;170,743765;-147,218462;22,120012;9,902488;-29,500618;74,908517;-0,134054;-0,241572;1,010658;-0,137184;-0,280954;1,016516;-0,133782;-0,284277;1,028477;-0,130355;-0,287790;1,041145;-0,157213;-0,268404;0,970989;-0,169517;-0,268384;0,965358;-0,184694;-0,267665;0,962674;-0,148089;-0,259470;0,978980;-0,235319;-0,249349;0,958434;-0,194876;-0,308600;1,498595;-0,156042;-0,193205;0,966024;-0,071554;-0,087113;1,079558;-0,346493;-0,035058;0,899139;0,012520;0,103330;0,682607;-0,346568;0,223734;0,817019;0,031084;0,112967;0,662131;-0,139938;0,213667;0,842729;0,049140;0,115079;0,637859;-0,073868;0,221681;0,845944;0,037234;0,104694;0,662018;-0,070869;0,214761;0,912424;0,025764;0,103756;0,672219;-0,088637;0,208692;0,918104;-0,024178;0,158749;0,438885;-0,105874;0,154556;0,397706;-0,002847;0,151347;0,389451;-0,087218;0,155120;0,399158;0,003936;0,150513;0,387303;-0,075627;0,154951;0,398722;0,003314;0,150649;0,387653;-0,078693;0,156202;0,401943;0,013482;0,150107;0,386259;-0,054002;0,154081;0,396485
00:00:11.534;254;6;6;6;5;115,623140;172,043122;169,521172;94,858848;121,077139;27,974939;-144,348918;167,980981;170,755944;-147,419052;21,817928;9,822907;-29,531381;-79,034597;-0,134549;-0,242019;1,012528;-0,137303;-0,281206;1,017385;-0,133898;-0,284527;1,029360;-0,130480;-0,288068;1,042144;-0,157449;-0,268405;0,970993;-0,169498;-0,267811;0,965232;-0,184721;-0,267150;0,962788;-0,148073;-0,259472;0,978987;-0,235369;-0,249400;0,958632;-0,216269;-0,341710;1,662886;-0,156403;-0,193203;0,966016;-0,071073;-0,086713;1,079363;-0,346476;-0,035067;0,899090;0,014321;0,103874;0,681344;-0,346624;0,224005;0,817012;0,031541;0,114996;0,662785;-0,139415;0,213726;0,842824;0,049533;0,119148;0,640008;-0,072962;0,221813;0,844914;0,037288;0,107311;0,660262;-0,069993;0,215018;0,912975;0,025952;0,106566;0,672842;-0,087915;0,208791;0,918068;-0,024116;0,156387;0,428776;-0,106890;0,155276;0,399559;-0,003594;0,150470;0,387193;-0,087860;0,154418;0,397353;0,002999;0,150472;0,387197;-0,077069;0,155396;0,399870;0,002375;0,150696;0,387774;-0,079819;0,156346;0,402313;0,010966;0,150208;0,386518;-0,055436;0,154151;0,396665
00:00:11.581;255;6;6;6;5;115,396436;172,168963;169,441766;94,973972;120,915378;28,972631;-144,043541;168,048986;170,755938;-147,585914;23,178508;9,735587;-31,363580;75,289536;-0,135306;-0,242058;1,012693;-0,137522;-0,281079;1,019001;-0,134110;-0,284392;1,030984;-0,130649;-0,287848;1,043494;-0,157602;-0,268405;0,970995;-0,170035;-0,267439;0,965151;-0,184671;-0,266719;0,962512;-0,148010;-0,258823;0,978642;-0,235402;-0,249434;0,958761;-0,186195;-0,293962;1,431576;-0,156751;-0,193342;0,966710;-0,070737;-0,085811;1,078886;-0,346465;-0,034561;0,899059;0,015868;0,104174;0,680174;-0,346511;0,224550;0,816658;0,031872;0,117198;0,663910;-0,138425;0,213497;0,841836;0,050237;0,122548;0,637906;-0,071527;0,222268;0,845644;0,038114;0,111006;0,659820;-0,068432;0,215350;0,914034;0,026798;0,109364;0,672197;-0,086859;0,208697;0,917344;-0,024014;0,154462;0,421154;-0,107456;0,155608;0,400413;-0,004318;0,150444;0,387125;-0,088355;0,154098;0,396529;0,001949;0,150717;0,387828;-0,078515;0,156230;0,402015;0,001323;0,150727;0,387853;-0,080924;0,156711;0,403253;0,008894;0,150409;0,387037;-0,056541;0,154061;0,396433
00:00:11.630;256;6;6;6;5;115,286827;172,554461;169,568029;95,109633;120,830230;33,071693;-143,513523;168,015689;170,752539;-147,336424;23,561255;10,367098;-38,835783;-67,110150;-0,135988;-0,242419;1,014200;-0,137664;-0,280996;1,020050;-0,134248;-0,284304;1,032040;-0,130802;-0,287800;1,044721;-0,157701;-0,268406;0,970997;-0,170384;-0,267197;0,965098;-0,185254;-0,266536;0,962683;-0,147969;-0,258402;0,978417;-0,235594;-0,249091;0,959545;-0,211746;-0,332196;1,619325;-0,157035;-0,193502;0,967512;-0,069950;-0,085280;1,079276;-0,346188;-0,034206;0,898338;0,016874;0,104369;0,679413;-0,346438;0,224904;0,816428;0,032520;0,119201;0,665692;-0,137952;0,213615;0,842243;0,050638;0,124616;0,635839;-0,071134;0,222748;0,846819;0,038672;0,113096;0,659883;-0,067468;0,215731;0,915422;0,027377;0,111303;0,672478;-0,086237;0,208794;0,917574;-0,024137;0,153182;0,415500;-0,108148;0,155960;0,401319;-0,005009;0,150427;0,387082;-0,089448;0,154434;0,397394;0,001046;0,150876;0,388238;-0,079474;0,156364;0,402360;0,000416;0,151019;0,388605;-0,081885;0,156541;0,402815;0,007327;0,150540;0,387374;-0,057764;0,154138;0,396631
00:00:11.676;257;6;6;6;5;116,294542;172,598231;169,580269;95,170195;120,806868;30,527103;-145,179101;167,978063;170,669771;-147,493272;23,117479;10,987069;-39,775134;63,277428;-0,136620;-0,242987;1,016580;-0,138243;-0,280750;1,020033;-0,134383;-0,284342;1,033076;-0,130902;-0,287769;1,045519;-0,158376;-0,268503;0,971348;-0,170735;-0,267234;0,965764;-0,185768;-0,266610;0,963494;-0,148048;-0,258313;0,978971;-0,235634;-0,248777;0,959704;-0,228355;-0,357047;1,741361;-0,157219;-0,193055;0,968033;-0,069416;-0,084907;1,079179;-0,346277;-0,034001;0,898570;0,017547;0,104604;0,679618;-0,347004;0,224766;0,816628;0,033194;0,119677;0,664400;-0,138662;0,213781;0,842858;0,050528;0,123978;0,629945;-0,072359;0,223152;0,847932;0,039323;0,113459;0,658524;-0,068249;0,215484;0,914224;0,027753;0,111797;0,672661;-0,086811;0,208698;0,917023;-0,026654;0,165643;0,447525;-0,108636;0,155916;0,401207;-0,005459;0,150416;0,387053;-0,090450;0,154381;0,397256;0,000236;0,151116;0,388855;-0,080556;0,156451;0,402584;-0,000396;0,151209;0,389093;-0,083195;0,156430;0,402530;0,006087;0,150626;0,387593;-0,058677;0,153916;0,396060
00:00:11.724;258;6;6;6;5;116,883771;172,171058;169,287272;95,124456;120,756412;25,678117;-146,328525;167,811209;170,600780;-147,794787;22,712368;11,573392;-36,671998;63,417526;-0,136936;-0,243190;1,017427;-0,138619;-0,280590;1,020021;-0,134608;-0,284656;1,034799;-0,131143;-0,288134;1,047437;-0,158757;-0,268469;0,971226;-0,170839;-0,267064;0,965497;-0,186035;-0,266562;0,963671;-0,148047;-0,258162;0,978981;-0,235488;-0,248393;0,959108;-0,240903;-0,375926;1,833985;-0,157339;-0,192764;0,968371;-0,069091;-0,084692;1,079467;-0,346740;-0,034421;0,899770;0,018023;0,104195;0,681152;-0,347223;0,224580;0,816408;0,033952;0,119419;0,662510;-0,139486;0,213711;0,842558;0,050372;0,123004;0,625064;-0,074444;0,222954;0,846906;0,039790;0,113442;0,658341;-0,069710;0,215076;0,912396;0,028012;0,111793;0,673130;-0,087774;0,208795;0,917365;-0,028489;0,173222;0,466941;-0,108762;0,155616;0,400435;-0,005750;0,150409;0,387034;-0,091327;0,154346;0,397166;-0,000506;0,150728;0,387856;-0,081427;0,155964;0,401330;-0,001138;0,150924;0,388360;-0,083823;0,155950;0,401294;0,005058;0,150545;0,387386;-0,059612;0,153500;0,394989
00:00:11.771;259;6;6;6;5;117,287999;171,997307;169,153645;95,013844;120,653610;13,835906;-147,070824;167,744132;170,555400;-147,906025;21,802879;12,190578;-27,142457;76,515315;-0,137236;-0,243489;1,018678;-0,138863;-0,280486;1,020014;-0,134799;-0,284956;1,036270;-0,131386;-0,288564;1,049384;-0,158948;-0,268350;0,970797;-0,170907;-0,266953;0,965323;-0,186208;-0,266530;0,963786;-0,147993;-0,257972;0,978638;-0,235479;-0,248233;0,959070;-0,248966;-0,388053;1,893490;-0,157968;-0,192575;0,968591;-0,068880;-0,084552;1,079653;-0,347041;-0,034693;0,900551;0,018323;0,103487;0,681799;-0,347514;0,224090;0,816615;0,033919;0,117483;0,651481;-0,140198;0,213931;0,843413;0,050213;0,121535;0,621192;-0,075865;0,223009;0,846939;0,039964;0,112698;0,656121;-0,070688;0,214893;0,911557;0,028196;0,111080;0,673784;-0,088467;0,209018;0,918287;-0,029682;0,177861;0,479562;-0,109263;0,155693;0,400633;-0,005940;0,150404;0,387022;-0,091671;0,154323;0,397108;-0,000988;0,150475;0,387206;-0,081838;0,155783;0,400864;-0,001621;0,150739;0,387884;-0,084609;0,155910;0,401191;0,004389;0,150493;0,387251;-0,060103;0,153501;0,394993
00:00:11.817;260;6;6;6;5;117,553816;172,288073;169,123106;94,826361;120,134776;13,178808;-147,544662;167,687231;170,524247;-147,119199;22,634518;12,201511;-62,159905;-77,673476;-0,137573;-0,243934;1,020541;-0,139022;-0,280418;1,020009;-0,134923;-0,285152;1,037225;-0,131545;-0,288843;1,050650;-0,159129;-0,268370;0,970868;-0,171075;-0,267075;0,965910;-0,186389;-0,266606;0,964211;-0,147958;-0,257849;0,978415;-0,236278;-0,248401;0,960096;-0,254208;-0,395936;1,932169;-0,158434;-0,192522;0,969084;-0,068743;-0,084461;1,079775;-0,347237;-0,034871;0,901058;0,017947;0,101980;0,675219;-0,347853;0,223402;0,817100;0,033579;0,113404;0,638363;-0,140544;0,213897;0,843268;0,049454;0,115717;0,614825;-0,076853;0,222746;0,847660;0,039937;0,108344;0,658529;-0,071435;0,214584;0,912412;0,028226;0,107229;0,672110;-0,088884;0,209083;0,918537;-0,030502;0,180562;0,488465;-0,109817;0,155743;0,400761;-0,006064;0,150401;0,387015;-0,091669;0,154309;0,397070;-0,001081;0,150311;0,386784;-0,081294;0,154985;0,398812;-0,001934;0,150619;0,387575;-0,084892;0,155884;0,401124;0,005061;0,150594;0,387513;-0,058899;0,153638;0,395345
00:00:11.865;261;6;6;6;5;117,706672;172,335765;169,188668;94,725535;119,688985;15,232676;-147,719528;167,573300;170,505632;-146,240328;23,182599;12,100055;-73,233975;78,326019;-0,137886;-0,244391;1,022451;-0,139173;-0,280470;1,020356;-0,135457;-0,284990;1,036796;-0,132069;-0,288639;1,050072;-0,159246;-0,268383;0,970914;-0,171122;-0,267057;0,965941;-0,186438;-0,266559;0,964137;-0,147988;-0,257861;0,978619;-0,236625;-0,248329;0,960062;-0,257799;-0,401347;1,958710;-0,158680;-0,192418;0,969055;-0,068653;-0,084402;1,079854;-0,347229;-0,034972;0,901038;0,017274;0,100686;0,668843;-0,348073;0,222954;0,817415;0,033154;0,110173;0,632636;-0,140768;0,213875;0,843174;0,048354;0,110394;0,611736;-0,077463;0,222484;0,847779;0,039520;0,101943;0,653444;-0,071949;0,214465;0,913318;0,028054;0,101806;0,666471;-0,089292;0,208918;0,920099;-0,030990;0,181488;0,493552;-0,110274;0,155911;0,401195;-0,006612;0,150943;0,388409;-0,091296;0,154435;0,397396;-0,001145;0,150477;0,387210;-0,080646;0,154331;0,397128;-0,002141;0,150676;0,387724;-0,085150;0,156003;0,401431;0,005498;0,150661;0,387683;-0,057813;0,154135;0,396625
00:00:11.911;262;6;6;6;5;117,805879;172,735174;169,290939;94,736496;128,186027;38,895034;-147,755919;167,449663;170,478521;-158,360182;22,236918;10,817708;62,544467;-59,829065;-0,138090;-0,244688;1,023693;-0,139271;-0,280504;1,020581;-0,135804;-0,284885;1,036518;-0,132455;-0,288603;1,050047;-0,159438;-0,268585;0,971644;-0,171828;-0,267239;0,966662;-0,187087;-0,266625;0,964439;-0,148008;-0,257869;0,978753;-0,237570;-0,248463;0,960740;-0,259027;-0,403143;1,967561;-0,158897;-0,192420;0,969386;-0,068595;-0,084364;1,079905;-0,347089;-0,035025;0,900675;0,015667;0,117049;0,775998;-0,348216;0,222198;0,817620;0,034457;0,103327;0,638013;-0,142894;0,213469;0,843463;0,050553;0,102786;0,619528;-0,078243;0,222039;0,846806;0,043062;0,090152;0,647338;-0,074275;0,214142;0,912857;0,032839;0,090889;0,663506;-0,091061;0,208653;0,920414;-0,031022;0,181803;0,496859;-0,110570;0,156021;0,401477;-0,006968;0,151295;0,389316;-0,091212;0,154789;0,398307;-0,000744;0,150584;0,387486;-0,080420;0,154722;0,398133;-0,001833;0,150714;0,387820;-0,084640;0,155673;0,400580;0,005782;0,150704;0,387794;-0,056700;0,154595;0,397806
00:00:11.960;263;6;6;6;5;116,991790;172,993047;169,358334;94,760470;137,931414;54,397469;-146,533112;167,470570;170,460338;-169,028716;22,229798;10,095944;73,645953;59,446399;-0,138270;-0,244964;1,024851;-0,139335;-0,280527;1,020728;-0,136030;-0,284816;1,036336;-0,132705;-0,288580;1,050031;-0,159505;-0,268619;0,971769;-0,172224;-0,267261;0,966780;-0,187509;-0,266668;0,964635;-0,148020;-0,257874;0,978839;-0,238185;-0,248550;0,961181;-0,257658;-0,400940;1,956865;-0,159096;-0,192490;0,969951;-0,069150;-0,084312;1,079588;-0,346998;-0,035059;0,900438;0,013089;0,131864;0,861748;-0,348309;0,221706;0,817753;0,037719;0,092699;0,639059;-0,145592;0,213029;0,842951;0,056148;0,090451;0,619693;-0,079848;0,221632;0,847574;0,050800;0,077227;0,654570;-0,076731;0,213686;0,911507;0,039561;0,078456;0,669629;-0,093558;0,208006;0,918519;-0,028933;0,172490;0,472758;-0,110763;0,156092;0,401660;-0,006726;0,150844;0,388156;-0,090930;0,155020;0,398900;0,000179;0,150654;0,387666;-0,080273;0,154976;0,398786;-0,000529;0,150738;0,387883;-0,083771;0,155730;0,400727;0,005966;0,150732;0,387866;-0,055882;0,154621;0,397874
00:00:12.007;264;6;6;6;5;116,505290;173,038624;169,324781;94,786421;145,572462;65,758862;-145,823724;167,274041;170,436632;-175,282967;21,330738;9,192106;68,141652;56,462937;-0,138292;-0,244977;1,024903;-0,139424;-0,280637;1,021173;-0,136130;-0,284676;1,035869;-0,132780;-0,288372;1,049320;-0,159606;-0,268738;0,972200;-0,172481;-0,267275;0,966857;-0,187783;-0,266696;0,964763;-0,148134;-0,258061;0,979596;-0,239045;-0,248516;0,961118;-0,259673;-0,404026;1,971962;-0,159225;-0,192536;0,970318;-0,069533;-0,084305;1,079732;-0,347074;-0,035095;0,900635;0,010232;0,142616;0,913637;-0,348369;0,221387;0,817839;0,042117;0,081599;0,645688;-0,148783;0,212743;0,842618;0,062311;0,077796;0,623301;-0,081305;0,221186;0,847373;0,059026;0,063583;0,660671;-0,079265;0,213144;0,909579;0,047418;0,064561;0,673609;-0,096665;0,207428;0,916588;-0,027657;0,166944;0,458493;-0,110660;0,156138;0,401779;-0,006557;0,150279;0,386701;-0,090668;0,155033;0,398935;0,000779;0,150699;0,387783;-0,079929;0,155549;0,400261;0,000319;0,150754;0,387924;-0,083134;0,155631;0,400473;0,006086;0,150750;0,387913;-0,055302;0,154502;0,397568
00:00:12.054;265;6;6;6;5;116,248619;173,075474;169,225441;94,782324;152,586049;75,899333;-145,482443;167,185406;170,409288;179,507066;21,530837;8,038462;64,797704;51,809777;-0,138401;-0,245152;1,025637;-0,139435;-0,280613;1,021113;-0,136196;-0,284584;1,035565;-0,132872;-0,288334;1,049208;-0,160167;-0,268719;0,972130;-0,172586;-0,267187;0,966557;-0,188511;-0,266714;0,964846;-0,148209;-0,258183;0,980087;-0,239691;-0,249132;0,961427;-0,260983;-0,406031;1,981775;-0,159252;-0,193048;0,970207;-0,069804;-0,084328;1,080176;-0,347258;-0,035131;0,901113;0,009012;0,151127;0,956814;-0,348408;0,221179;0,817896;0,049591;0,069892;0,655247;-0,150857;0,212557;0,842402;0,072266;0,063864;0,632296;-0,082322;0,221078;0,847943;0,069074;0,048325;0,668486;-0,081560;0,212601;0,909727;0,057246;0,049458;0,680396;-0,098762;0,207210;0,916032;-0,026682;0,163725;0,450970;-0,110785;0,156441;0,402556;-0,006448;0,149912;0,385756;-0,090418;0,154906;0,398608;0,001167;0,150593;0,387509;-0,079726;0,155513;0,400170;0,000646;0,150493;0,387251;-0,083102;0,155431;0,399957;0,006164;0,150762;0,387943;-0,054746;0,154561;0,397719
00:00:12.101;266;6;6;6;5;116,068488;173,099315;169,160851;94,779812;157,682782;83,407496;-145,263191;167,128125;170,391496;175,958938;21,538481;7,314278;46,440147;-50,082351;-0,138674;-0,244017;1,023314;-0,139489;-0,280693;1,021423;-0,136238;-0,284525;1,035367;-0,132932;-0,288309;1,049135;-0,160474;-0,268610;0,971734;-0,172591;-0,267033;0,966012;-0,188915;-0,266629;0,964550;-0,148257;-0,258263;0,980407;-0,240111;-0,249533;0,961627;-0,261834;-0,407335;1,988154;-0,159269;-0,193381;0,970134;-0,069981;-0,084343;1,080464;-0,347378;-0,035155;0,901423;0,008820;0,156884;0,986279;-0,348434;0,221044;0,817932;0,056007;0,061950;0,673711;-0,152205;0,212436;0,842261;0,080635;0,052609;0,638492;-0,082983;0,221008;0,848313;0,078615;0,035775;0,678466;-0,083018;0,212167;0,909472;0,065777;0,037378;0,689707;-0,100126;0,207068;0,915671;-0,025799;0,161632;0,446081;-0,110771;0,156501;0,402712;-0,006173;0,150081;0,386191;-0,090414;0,155095;0,399095;0,001419;0,150524;0,387331;-0,079892;0,155626;0,400460;0,000861;0,150458;0,387163;-0,083228;0,155572;0,400322;0,007090;0,150633;0,387613;-0,054563;0,154463;0,397468
00:00:12.148;267;6;6;6;5;115,826381;173,115442;169,305815;94,807990;161,051259;89,435086;-144,659738;167,031759;170,377856;172,739901;21,604203;6,588847;32,024065;42,242984;-0,138947;-0,243445;1,022504;-0,139864;-0,280264;1,019875;-0,136266;-0,284486;1,035239;-0,132971;-0,288292;1,049088;-0,160615;-0,268442;0,971127;-0,173144;-0,266934;0,965658;-0,189177;-0,266574;0,964357;-0,148182;-0,258130;0,979914;-0,240384;-0,249793;0,961758;-0,262295;-0,408039;1,991600;-0,159832;-0,193598;0,970087;-0,070141;-0,084407;1,081352;-0,347321;-0,035157;0,901275;0,012897;0,161077;1,008231;-0,348600;0,221051;0,818306;0,063926;0,055087;0,698312;-0,153017;0,212269;0,841820;0,091499;0,041162;0,653020;-0,083343;0,220299;0,847853;0,088547;0,022855;0,686003;-0,083933;0,211804;0,908957;0,074721;0,025914;0,697160;-0,100934;0,206818;0,914736;-0,024751;0,158756;0,438703;-0,110665;0,156404;0,402463;-0,006005;0,150463;0,387174;-0,090253;0,154947;0,398712;0,001585;0,150615;0,387565;-0,080157;0,155563;0,400299;0,001001;0,150572;0,387456;-0,083831;0,156209;0,401959;0,007692;0,150550;0,387399;-0,054671;0,154399;0,397304
00:00:12.195;268;6;6;6;5;115,685195;173,127822;169,182547;94,676731;162,949272;93,689526;-144,409452;166,876311;170,433756;170,145231;21,600632;6,361579;24,283339;33,595747;-0,138837;-0,242575;1,019878;-0,140108;-0,279986;1,018869;-0,136284;-0,284461;1,035155;-0,132952;-0,288185;1,048707;-0,161201;-0,268236;0,970383;-0,174053;-0,266869;0,965428;-0,189827;-0,266441;0,963882;-0,148187;-0,258136;0,979944;-0,241197;-0,250053;0,962193;-0,216958;-0,337506;1,647340;-0,160198;-0,193739;0,970057;-0,070291;-0,084504;1,082629;-0,347932;-0,035172;0,901529;0,018551;0,163915;1,023200;-0,348558;0,220961;0,818199;0,070683;0,050155;0,721303;-0,153130;0,212249;0,841883;0,100885;0,032277;0,667013;-0,083646;0,220018;0,848255;0,097098;0,012435;0,694052;-0,084528;0,211567;0,908622;0,082682;0,017260;0,709004;-0,101459;0,206655;0,914128;-0,023992;0,157777;0,437057;-0,109985;0,155797;0,400901;-0,005441;0,150303;0,386763;-0,089696;0,154850;0,398463;0,001909;0,150402;0,387017;-0,080032;0,155387;0,399845;0,001529;0,150374;0,386946;-0,084003;0,156214;0,401974;0,008059;0,150088;0,386209;-0,054336;0,154494;0,397548
00:00:12.241;269;6;6;6;5;115,642862;173,206171;169,214618;94,878890;162,796262;95,162077;-144,208090;166,780468;170,489492;168,977814;21,819064;6,682531;24,286459;35,005971;-0,138766;-0,242010;1,018171;-0,140267;-0,279805;1,018215;-0,136651;-0,283964;1,033351;-0,132940;-0,288116;1,048460;-0,161640;-0,268199;0,970249;-0,174643;-0,266826;0,965278;-0,190798;-0,266355;0,963574;-0,148190;-0,258139;0,979964;-0,241726;-0,250222;0,962475;-0,231089;-0,357774;1,746271;-0,160436;-0,193830;0,970037;-0,070388;-0,084566;1,083459;-0,348194;-0,035168;0,901344;0,023805;0,164689;1,026280;-0,348531;0,221368;0,818129;0,077828;0,044504;0,730297;-0,153267;0,211844;0,842274;0,109758;0,024468;0,671908;-0,083843;0,219353;0,848516;0,107429;0,003979;0,703484;-0,084560;0,211301;0,910154;0,091394;0,009564;0,715303;-0,101840;0,206108;0,914083;-0,023517;0,157266;0,436337;-0,109734;0,155675;0,400585;-0,004858;0,150335;0,386846;-0,089333;0,154787;0,398301;0,002122;0,150399;0,387011;-0,080021;0,155408;0,399899;0,001875;0,150382;0,386965;-0,084041;0,156082;0,401633;0,008290;0,149651;0,385086;-0,054032;0,154964;0,398756
00:00:12.287;270;6;6;6;5;115,575687;172,879364;169,257208;95,004744;160,925220;95,211782;-143,835982;166,435674;170,510818;168,728846;21,705066;-6,811430;22,040853;-32,412287;-0,139056;-0,241227;1,015311;-0,140370;-0,279687;1,017790;-0,136890;-0,283641;1,032178;-0,133349;-0,287686;1,046899;-0,161925;-0,268175;0,970162;-0,175027;-0,266799;0,965181;-0,191429;-0,266299;0,963373;-0,148192;-0,258142;0,979976;-0,241893;-0,250150;0,961959;-0,240461;-0,371235;1,811976;-0,160591;-0,193890;0,970024;-0,069923;-0,084717;1,085398;-0,348499;-0,035179;0,901573;0,030447;0,164065;1,021282;-0,348663;0,221727;0,818434;0,088115;0,040096;0,749443;-0,153356;0,211581;0,842528;0,122011;0,018356;0,688040;-0,083937;0,218830;0,848335;0,119834;-0,002542;0,720114;-0,084516;0,210966;0,910450;0,103493;0,003598;0,733397;-0,102008;0,205596;0,913354;-0,023208;0,156934;0,435869;-0,109284;0,155187;0,399331;-0,004479;0,150356;0,386900;-0,088871;0,154746;0,398195;0,002262;0,150534;0,387357;-0,080014;0,155422;0,399934;0,001881;0,150522;0,387327;-0,084294;0,155996;0,401411;0,008448;0,149504;0,384706;-0,053834;0,155269;0,399541
00:00:12.334;271;6;6;6;5;115,521316;172,815051;169,457043;95,117591;159,768357;95,388243;-143,386807;166,240707;170,529997;167,928553;22,002216;6,816365;23,055873;32,317809;-0,139389;-0,240967;1,014502;-0,140437;-0,279610;1,017513;-0,137045;-0,283431;1,031416;-0,133614;-0,287407;1,045884;-0,162111;-0,268159;0,970105;-0,175890;-0,266878;0,965467;-0,191979;-0,266456;0,963942;-0,148193;-0,258143;0,979985;-0,242001;-0,250103;0,961623;-0,249680;-0,384789;1,878135;-0,160691;-0,193928;0,970016;-0,069620;-0,084194;1,086659;-0,348427;-0,035159;0,901023;0,037171;0,163998;1,020133;-0,348748;0,221961;0,818632;0,098293;0,036207;0,758388;-0,152935;0,211410;0,842693;0,133170;0,013972;0,698176;-0,083515;0,218491;0,848218;0,131744;-0,007253;0,733024;-0,084064;0,210991;0,911693;0,116164;-0,001185;0,747608;-0,101715;0,205498;0,913930;-0,022742;0,156592;0,435215;-0,108992;0,154870;0,398515;-0,004692;0,150914;0,388335;-0,088797;0,154719;0,398127;0,001471;0,150893;0,388282;-0,080535;0,155567;0,400307;0,001001;0,150886;0,388263;-0,084840;0,155804;0,400917;0,007914;0,149816;0,385509;-0,053886;0,155331;0,399702
00:00:12.381;272;6;6;6;5;115,546130;172,802001;169,659696;95,173864;159,415361;95,810200;-142,708519;165,859993;170,390375;167,058681;22,490918;6,567770;22,264758;29,998088;-0,139751;-0,241047;1,015026;-0,140577;-0,279753;1,018034;-0,137239;-0,283487;1,031620;-0,133832;-0,287321;1,045575;-0,162231;-0,268149;0,970068;-0,176451;-0,266929;0,965654;-0,192266;-0,266462;0,963963;-0,148194;-0,258144;0,979990;-0,242160;-0,250164;0,961755;-0,252825;-0,390329;1,899788;-0,160757;-0,193953;0,970010;-0,068912;-0,083989;1,089228;-0,347868;-0,035146;0,900665;0,042368;0,163569;1,024287;-0,348804;0,221647;0,818761;0,110679;0,035579;0,777852;-0,152660;0,211299;0,842801;0,147332;0,013361;0,717015;-0,082926;0,218720;0,849892;0,147228;-0,008761;0,752966;-0,083707;0,211365;0,911800;0,129936;-0,002585;0,764895;-0,101525;0,205956;0,914305;-0,022192;0,156123;0,434790;-0,109184;0,155208;0,399385;-0,004830;0,151276;0,389268;-0,088445;0,154566;0,397733;0,001178;0,151127;0,388883;-0,080803;0,155525;0,400200;0,000651;0,151122;0,388871;-0,084893;0,155543;0,400246;0,007567;0,150018;0,386031;-0,054015;0,155644;0,400506
00:00:12.428;273;6;6;6;5;115,501049;172,797592;169,690784;95,177284;158,920698;95,175858;-142,463315;165,694194;170,312939;166,149182;22,982196;7,089550;26,212164;-31,772273;-0,140034;-0,241762;1,015717;-0,140668;-0,279846;1,018372;-0,137412;-0,283619;1,032103;-0,134063;-0,287458;1,046074;-0,162743;-0,267949;0,969344;-0,176816;-0,266962;0,965775;-0,192453;-0,266465;0,963976;-0,148141;-0,258610;0,979644;-0,242264;-0,250203;0,961841;-0,258230;-0,399134;1,939062;-0,160799;-0,193970;0,970007;-0,068408;-0,083180;1,090198;-0,347639;-0,035151;0,900782;0,046883;0,162007;1,026286;-0,348840;0,221443;0,818845;0,122336;0,035496;0,787354;-0,152002;0,211227;0,842870;0,161245;0,013392;0,729260;-0,081959;0,218599;0,849930;0,163501;-0,008901;0,771178;-0,082099;0,212096;0,913970;0,144932;-0,002596;0,778932;-0,100956;0,206411;0,915248;-0,021835;0,155818;0,434513;-0,108986;0,155292;0,399600;-0,004915;0,151376;0,389524;-0,088217;0,154466;0,397476;0,000987;0,151143;0,388924;-0,080397;0,154818;0,398380;0,000423;0,151276;0,389266;-0,084252;0,154965;0,398760;0,007554;0,150014;0,386020;-0,054051;0,155711;0,400679
00:00:12.475;274;6;6;6;5;115,469782;172,774243;169,907041;95,211219;158,672103;94,936627;-141,954700;165,515471;170,257025;165,463999;23,752656;7,378050;31,452411;22,446716;-0,140074;-0,241975;1,015116;-0,140776;-0,280002;1,018942;-0,137571;-0,283801;1,032767;-0,134213;-0,287547;1,046398;-0,163076;-0,267819;0,968874;-0,177053;-0,266984;0,965854;-0,192574;-0,266467;0,963984;-0,148107;-0,258913;0,979418;-0,242331;-0,250229;0,961897;-0,214423;-0,331569;1,609690;-0,160827;-0,193980;0,970004;-0,068146;-0,082110;1,091879;-0,347356;-0,035141;0,900508;0,049931;0,161316;1,029686;-0,349013;0,221404;0,819249;0,134081;0,036952;0,806130;-0,151512;0,211092;0,842566;0,179294;0,014291;0,760319;-0,080458;0,218790;0,851004;0,180819;-0,008617;0,791416;-0,080009;0,212571;0,915381;0,157627;-0,002141;0,784906;-0,099506;0,206628;0,915511;-0,021602;0,155620;0,434334;-0,108857;0,155346;0,399740;-0,004970;0,151441;0,389691;-0,087919;0,154538;0,397660;0,000863;0,151153;0,388951;-0,080030;0,155038;0,398947;0,000496;0,151240;0,389173;-0,083602;0,154998;0,398844;0,008197;0,149876;0,385663;-0,053618;0,155755;0,400791
00:00:12.522;275;6;6;6;5;115,407948;172,739109;170,050616;95,096429;158,983715;94,646742;-141,414846;165,286224;170,209875;164,832740;23,505405;-7,872034;35,943760;12,584068;-0,140051;-0,242030;1,014376;-0,141084;-0,279431;1,016862;-0,137581;-0,283727;1,032499;-0,134131;-0,287814;1,045209;-0,163233;-0,267638;0,968218;-0,177142;-0,266901;0,965555;-0,192653;-0,266469;0,963990;-0,148032;-0,259017;0,978922;-0,242286;-0,250154;0,961583;-0,232335;-0,359495;1,743499;-0,160787;-0,193917;0,969653;-0,067373;-0,080816;1,093321;-0,347037;-0,035121;0,899980;0,051486;0,160758;1,035046;-0,348976;0,221285;0,819162;0,144108;0,038377;0,818335;-0,150714;0,211484;0,842368;0,194480;0,017271;0,782957;-0,079292;0,218857;0,849603;0,194999;-0,006073;0,804920;-0,078128;0,213402;0,916297;0,230790;-0,000518;1,047089;-0,098042;0,207290;0,915682;-0,021383;0,154990;0,432817;-0,108868;0,155518;0,400181;-0,005006;0,151483;0,389799;-0,087197;0,154448;0,397429;0,001004;0,151160;0,388968;-0,079177;0,155317;0,399665;0,000765;0,151216;0,389112;-0,082499;0,155019;0,398899;0,008615;0,149785;0,385431;-0,053337;0,155783;0,400864
00:00:12.570;276;6;6;5;5;115,307217;172,755884;170,111974;94,905512;159,554819;94,530005;-141,039228;165,192291;170,169233;164,061617;22,806011;8,370412;36,669561;0,149229;-0,139939;-0,241898;1,013194;-0,141235;-0,279539;1,015160;-0,137448;-0,283977;1,031274;-0,134033;-0,287890;1,044086;-0,163336;-0,267520;0,967792;-0,177201;-0,266848;0,965361;-0,192635;-0,266373;0,963643;-0,147983;-0,259084;0,978599;-0,242257;-0,250106;0,961379;-0,247592;-0,385091;1,866524;-0,160761;-0,193876;0,969424;-0,066850;-0,079327;1,093909;-0,346829;-0,035108;0,899637;0,052606;0,160717;1,040630;-0,348952;0,220741;0,819105;0,152547;0,041003;0,831167;-0,150258;0,211827;0,842589;0,206437;0,022658;0,801872;-0,078083;0,218990;0,849042;0,205918;-0,000155;0,814748;-0,076355;0,213861;0,916543;0,220649;0,003930;0,972158;-0,096605;0,207800;0,916144;-0,021172;0,154080;0,430431;-0,108971;0,155765;0,400818;-0,005043;0,151918;0,390919;-0,086651;0,154254;0,396929;0,001096;0,151300;0,389329;-0,078351;0,154955;0,398733;0,000719;0,151337;0,389423;-0,081781;0,155033;0,398934;0,009533;0,149591;0,384930;-0,052198;0,155666;0,400562
00:00:12.618;277;6;6;6;5;115,496475;173,041201;170,235330;94,818229;160,254985;97,381491;-140,918759;165,149577;170,105651;163,504527;22,276626;-9,626177;-93,897324;30,078990;-0,139818;-0,241154;1,012076;-0,141186;-0,278745;1,013004;-0,137221;-0,283848;1,029428;-0,133879;-0,287747;1,042656;-0,163402;-0,267443;0,967515;-0,177239;-0,266813;0,965234;-0,192693;-0,266408;0,963768;-0,147952;-0,259128;0,978390;-0,242503;-0,249799;0,962296;-0,250502;-0,390742;1,893291;-0,160744;-0,193850;0,969276;-0,066573;-0,078432;1,095341;-0,346559;-0,034574;0,899064;0,052877;0,161118;1,047059;-0,348936;0,220388;0,819068;0,208993;0,062678;1,080659;-0,150441;0,212050;0,842733;0,217779;0,032225;0,820117;-0,078295;0,219168;0,849027;0,216463;0,010466;0,824986;-0,075146;0,214516;0,916003;0,273921;0,022044;1,153053;-0,095564;0,208413;0,915393;-0,021736;0,156744;0,437980;-0,108620;0,155654;0,400531;-0,005515;0,152201;0,391648;-0,086675;0,154399;0,397304;0,000935;0,151392;0,389564;-0,077815;0,154719;0,398126;0,000690;0,151415;0,389625;-0,081228;0,155314;0,399657;0,009921;0,149600;0,384955;-0,051457;0,155589;0,400365
00:00:12.666;278;6;6;6;5;116,354548;173,320185;170,629958;94,806550;160,883560;92,461863;-141,743598;165,038621;169,988560;163,034484;21,694268;10,151456;-129,289813;19,090886;-0,139788;-0,240754;1,011700;-0,141204;-0,278325;1,011953;-0,137167;-0,283373;1,028928;-0,133869;-0,287254;1,042426;-0,163445;-0,267393;0,967335;-0,177263;-0,266790;0,965152;-0,192730;-0,266430;0,963849;-0,147878;-0,258508;0,977903;-0,242751;-0,249690;0,963243;-0,252625;-0,393668;1,912439;-0,160733;-0,193832;0,969179;-0,066435;-0,077900;1,096972;-0,345873;-0,034228;0,898692;0,052553;0,160488;1,053339;-0,349373;0,219972;0,820094;0,246114;0,082626;1,228128;-0,150622;0,212283;0,843176;0,228387;0,043512;0,834776;-0,078367;0,219584;0,848318;0,227718;0,022936;0,836891;-0,074361;0,214941;0,915652;0,313541;0,041427;1,270284;-0,094922;0,208892;0,915256;-0,023838;0,166614;0,465637;-0,108391;0,155581;0,400345;-0,006500;0,152521;0,392471;-0,086989;0,154222;0,396847;0,000164;0,151451;0,389717;-0,077466;0,154566;0,397732;-0,000221;0,151738;0,390456;-0,081661;0,156585;0,402927;0,009744;0,149742;0,385320;-0,050975;0,155539;0,400237
00:00:12.713;279;6;6;6;5;116,824933;173,647063;170,909150;94,758819;162,689708;88,577480;-142,216084;165,366135;169,812251;161,883946;22,133473;10,421462;-100,098021;-21,916115;-0,139671;-0,240327;1,010755;-0,141215;-0,278052;1,011269;-0,137085;-0,282968;1,028253;-0,133773;-0,286741;1,041577;-0,163591;-0,267554;0,967917;-0,177408;-0,266969;0,965799;-0,192825;-0,266541;0,964252;-0,147883;-0,258197;0,977937;-0,242451;-0,249710;0,964208;-0,260826;-0,406183;1,976685;-0,160725;-0,193821;0,969117;-0,066907;-0,076231;1,096981;-0,345293;-0,033479;0,898100;0,050816;0,161073;1,064070;-0,349976;0,219609;0,820411;0,225156;0,087333;1,116433;-0,150615;0,212737;0,842765;0,236394;0,059263;0,849904;-0,078479;0,220037;0,848557;0,235960;0,040891;0,851279;-0,073878;0,215300;0,915774;0,337112;0,071930;1,347885;-0,094020;0,209283;0,915516;-0,025440;0,172361;0,482564;-0,108338;0,155670;0,400575;-0,007140;0,152729;0,393006;-0,087722;0,154243;0,396901;-0,000335;0,151217;0,389116;-0,077239;0,154466;0,397476;-0,001248;0,151404;0,389597;-0,082104;0,157275;0,404703;0,009385;0,149427;0,384508;-0,050662;0,155507;0,400154
00:00:12.760;280;6;6;6;5;117,079534;173,693152;171,066865;94,582959;164,839038;85,677345;-142,477815;165,546912;169,688325;160,958108;22,587452;10,774850;-67,021595;-20,640425;-0,139499;-0,239884;1,009441;-0,141124;-0,277682;1,010125;-0,136939;-0,282513;1,027115;-0,133620;-0,286215;1,040325;-0,163746;-0,267756;0,968646;-0,177566;-0,267182;0,966569;-0,192886;-0,266614;0,964514;-0,147887;-0,257995;0,977959;-0,242168;-0,249632;0,964485;-0,261917;-0,406580;1,986246;-0,160721;-0,193262;0,969076;-0,067213;-0,074523;1,096988;-0,345050;-0,033004;0,898065;0,047987;0,162652;1,074896;-0,350517;0,218998;0,820967;0,212863;0,094626;1,040332;-0,149590;0,212943;0,842147;0,242589;0,073796;0,857988;-0,078005;0,220149;0,848012;0,242917;0,057094;0,860982;-0,072495;0,215451;0,915503;0,299937;0,077876;1,184825;-0,091904;0,209618;0,916036;-0,026985;0,175598;0,492167;-0,108491;0,156000;0,401423;-0,007556;0,152864;0,393354;-0,088345;0,154120;0,396586;-0,000439;0,151066;0,388725;-0,077092;0,154401;0,397309;-0,001915;0,151187;0,389038;-0,081965;0,156907;0,403757;0,009168;0,149494;0,384680;-0,049961;0,155350;0,399750
00:00:12.807;281;6;6;6;5;116,370437;173,562009;171,105088;94,433095;166,505298;84,620394;-141,130297;165,817256;169,571068;160,356258;22,632763;11,466780;-40,936301;-14,735947;-0,139193;-0,239263;1,007186;-0,140968;-0,277249;1,008681;-0,136704;-0,281928;1,025325;-0,133386;-0,285585;1,038461;-0,163787;-0,267790;0,968770;-0,177605;-0,267223;0,966720;-0,192856;-0,266564;0,964334;-0,147730;-0,257032;0,976923;-0,241435;-0,249582;0,964665;-0,261058;-0,404419;1,980560;-0,160718;-0,192899;0,969049;-0,068059;-0,073435;1,097342;-0,344892;-0,032696;0,898042;0,044951;0,163891;1,083332;-0,350719;0,218508;0,820979;0,206121;0,102061;0,991916;-0,147128;0,213255;0,842446;0,248831;0,086029;0,865692;-0,076795;0,220888;0,848358;0,249251;0,070742;0,868338;-0,070529;0,215987;0,914977;0,276591;0,084675;1,078136;-0,089322;0,209953;0,914623;-0,027012;0,168479;0,473208;-0,108119;0,155535;0,400225;-0,008490;0,152816;0,393230;-0,088592;0,153769;0,395681;-0,000727;0,150967;0,388471;-0,076860;0,154087;0,396501;-0,005707;0,151590;0,390075;-0,081448;0,155852;0,401042;0,009237;0,149401;0,384442;-0,048660;0,154704;0,398088
00:00:12.854;282;6;6;5;5;116,144718;173,586042;171,343990;94,215833;167,552668;83,976101;-140,164431;165,922266;169,484210;160,216667;23,870636;11,751296;-20,097723;-4,830052;-0,138898;-0,238694;1,005021;-0,140866;-0,276968;1,007743;-0,136644;-0,281740;1,024861;-0,133324;-0,285368;1,037950;-0,163321;-0,267909;0,969201;-0,177080;-0,267251;0,966818;-0,192288;-0,266532;0,964217;-0,147681;-0,256498;0,976600;-0,241045;-0,249639;0,965132;-0,260408;-0,402872;1,976164;-0,160716;-0,192663;0,969032;-0,068697;-0,072819;1,098972;-0,344520;-0,032471;0,897327;0,042388;0,165481;1,089866;-0,350850;0,218190;0,820986;0,202765;0,110486;0,960445;-0,143017;0,213759;0,841940;0,254285;0,099440;0,870350;-0,074587;0,221459;0,848932;0,256435;0,086086;0,876620;-0,067715;0,216939;0,914985;0,263486;0,094368;1,010889;-0,085688;0,211015;0,915105;-0,027463;0,166073;0,467885;-0,107463;0,154960;0,398746;-0,009097;0,152785;0,393150;-0,088538;0,153948;0,396142;-0,000691;0,150359;0,386906;-0,076710;0,153883;0,395976;-0,006386;0,151852;0,390748;-0,081081;0,155982;0,401377;0,010352;0,149069;0,383587;-0,046538;0,153740;0,395607
00:00:12.901;283;6;6;5;5;115,964283;173,739244;171,538346;93,997602;168,196212;83,143809;-139,321911;166,177335;169,515990;160,138399;24,954686;12,714683;-6,855506;-6,193561;-0,138706;-0,238323;1,003614;-0,140799;-0,276785;1,007133;-0,136605;-0,281618;1,024560;-0,133328;-0,285323;1,037967;-0,163135;-0,268180;0,970180;-0,176802;-0,267365;0,967232;-0,191988;-0,266607;0,964491;-0,147649;-0,256151;0,976390;-0,240415;-0,249858;0,966136;-0,260123;-0,402081;1,974357;-0,160715;-0,192509;0,969021;-0,069134;-0,072441;1,100382;-0,344145;-0,032312;0,896513;0,040735;0,166569;1,094463;-0,350469;0,217983;0,820991;0,201042;0,118840;0,942089;-0,139387;0,214086;0,841611;0,256462;0,110471;0,868827;-0,072754;0,222591;0,850356;0,260867;0,099271;0,879553;-0,064798;0,217910;0,914290;0,256232;0,104586;0,969978;-0,082255;0,211625;0,915068;-0,027669;0,163498;0,463026;-0,107130;0,154722;0,398135;-0,009492;0,152765;0,393097;-0,087523;0,153929;0,396093;-0,000008;0,150508;0,387289;-0,075103;0,153887;0,395984;-0,005238;0,150662;0,387687;-0,079610;0,154979;0,398795;0,012178;0,148989;0,383382;-0,044418;0,152841;0,393295
00:00:12.949;284;6;6;5;5;115,855254;173,887561;171,524073;93,679432;169,057102;82,434086;-138,954731;166,338524;169,401788;159,953920;26,134550;-13,338768;2,608543;-15,767852;-0,138630;-0,238166;1,003049;-0,140329;-0,276955;1,007786;-0,136487;-0,281347;1,023664;-0,133241;-0,285101;1,037279;-0,163014;-0,268356;0,970817;-0,176070;-0,267439;0,967501;-0,191313;-0,266753;0,965019;-0,147629;-0,255925;0,976254;-0,240006;-0,250000;0,966788;-0,256804;-0,396728;1,949382;-0,160714;-0,192410;0,969014;-0,069374;-0,072150;1,100598;-0,343525;-0,032221;0,896333;0,039066;0,167436;1,098501;-0,350071;0,217289;0,820644;0,199480;0,127426;0,930508;-0,136494;0,214688;0,841047;0,255849;0,121009;0,864338;-0,071021;0,223142;0,850581;0,261504;0,111495;0,879009;-0,061993;0,219047;0,915939;0,249524;0,114527;0,941635;-0,079474;0,212459;0,914694;-0,027587;0,161550;0,460567;-0,106875;0,154840;0,398438;-0,007491;0,151935;0,390963;-0,085584;0,154052;0,396410;0,001541;0,150604;0,387538;-0,072849;0,153209;0,394240;-0,002522;0,150705;0,387796;-0,078654;0,154327;0,397117;0,014673;0,148937;0,383248;-0,043040;0,152257;0,391791
00:00:12.997;285;6;6;5;5;115,788582;173,533784;171,452911;93,453788;169,708027;82,185821;-138,613999;166,366506;169,294672;159,996799;26,804781;13,280948;6,687966;20,364489;-0,138532;-0,237980;1,002332;-0,140023;-0,277065;1,008211;-0,136410;-0,281170;1,023082;-0,133275;-0,284559;1,037531;-0,162819;-0,268277;0,970531;-0,175532;-0,267391;0,967325;-0,190324;-0,266848;0,965363;-0,147615;-0,255778;0,976165;-0,239017;-0,249911;0,966513;-0,258795;-0,399652;1,964648;-0,160219;-0,192414;0,969359;-0,069597;-0,072029;1,101789;-0,343256;-0,032174;0,896567;0,037385;0,168792;1,102176;-0,349813;0,216838;0,820419;0,197873;0,133985;0,922630;-0,134614;0,215079;0,840681;0,254374;0,129260;0,861070;-0,069867;0,223892;0,850378;0,260711;0,120331;0,877956;-0,060671;0,219701;0,916660;0,244613;0,122777;0,924963;-0,077723;0,213166;0,915151;-0,027294;0,160405;0,459318;-0,106708;0,154917;0,398635;-0,006191;0,151396;0,389576;-0,084695;0,154404;0,397317;0,002763;0,150531;0,387350;-0,071668;0,152904;0,393456;-0,000535;0,150732;0,387868;-0,077201;0,154039;0,396376;0,016312;0,149039;0,383511;-0,042108;0,151741;0,390464
00:00:13.045;286;6;6;5;5;115,743978;173,143928;171,595706;93,351863;169,966382;81,954442;-138,296140;166,271026;169,254680;160,123396;26,914888;13,360774;9,945030;22,276079;-0,138185;-0,238358;1,003966;-0,139824;-0,277137;1,008487;-0,136360;-0,281055;1,022703;-0,133251;-0,284110;1,037345;-0,162692;-0,268226;0,970345;-0,175245;-0,267456;0,967562;-0,189750;-0,267007;0,965936;-0,147606;-0,255683;0,976107;-0,238288;-0,249763;0,965983;-0,256632;-0,396217;1,948321;-0,159840;-0,192348;0,969233;-0,069786;-0,071996;1,103263;-0,343081;-0,032144;0,896718;0,036292;0,169673;1,104564;-0,349943;0,216729;0,820972;0,196386;0,138305;0,917860;-0,133392;0,215333;0,840442;0,252826;0,134565;0,858595;-0,069117;0,224379;0,850246;0,260403;0,125685;0,877971;-0,059700;0,220225;0,915379;0,240960;0,127363;0,912376;-0,076386;0,213569;0,912998;-0,026904;0,159762;0,459557;-0,106188;0,154694;0,398063;-0,004905;0,151046;0,388674;-0,083519;0,154361;0,397206;0,004004;0,150619;0,387577;-0,070333;0,152434;0,392246;0,001414;0,150614;0,387564;-0,076257;0,153852;0,395894;0,017814;0,149106;0,383682;-0,041096;0,151542;0,389952
00:00:13.091;287;6;6;5;5;115,695108;172,854723;171,590255;93,142758;170,236358;81,960133;-138,221475;166,232740;169,224247;160,144764;27,692631;13,905993;12,947001;-22,682735;-0,137960;-0,238604;1,005028;-0,139695;-0,277183;1,008667;-0,136327;-0,280981;1,022457;-0,133146;-0,284217;1,036525;-0,162726;-0,268386;0,970924;-0,175122;-0,267595;0,968065;-0,189445;-0,267206;0,966658;-0,147654;-0,255712;0,976420;-0,237815;-0,249667;0,965639;-0,258775;-0,399462;1,964659;-0,159651;-0,192374;0,969502;-0,069886;-0,071952;1,103871;-0,343101;-0,032137;0,897167;0,035581;0,170245;1,106117;-0,350028;0,216658;0,821332;0,195494;0,140651;0,915109;-0,132597;0,215976;0,840288;0,252127;0,137215;0,858037;-0,068824;0,225346;0,852610;0,261223;0,128429;0,879731;-0,059069;0,220566;0,914546;0,239184;0,129384;0,904544;-0,076063;0,213913;0,911949;-0,026650;0,159345;0,459712;-0,105850;0,154550;0,397691;-0,004074;0,151090;0,388788;-0,084405;0,157462;0,405184;0,006109;0,150269;0,386675;-0,069304;0,152264;0,391810;0,002690;0,150810;0,388067;-0,075681;0,154274;0,396981;0,018990;0,149013;0,383444;-0,040029;0,151549;0,389969
00:00:13.137;288;6;6;6;5;115,648657;172,600031;171,577613;93,002793;170,428809;82,093529;-138,221137;166,195337;169,211431;160,151035;28,103812;-13,604654;15,349369;-22,723923;-0,137957;-0,239013;1,006768;-0,139708;-0,277406;1,009483;-0,136353;-0,281029;1,022647;-0,133123;-0,284382;1,036341;-0,162195;-0,268490;0,971301;-0,175042;-0,267686;0,968392;-0,189246;-0,267336;0,967128;-0,147684;-0,255732;0,976623;-0,237421;-0,249514;0,965065;-0,257725;-0,397801;1,956728;-0,159471;-0,192322;0,969326;-0,069929;-0,071901;1,103916;-0,343114;-0,032132;0,897459;0,035109;0,170564;1,106776;-0,350083;0,216612;0,821566;0,194396;0,141658;0,913321;-0,132449;0,216213;0,839487;0,251775;0,138507;0,858024;-0,068467;0,225417;0,852046;0,261756;0,129711;0,880875;-0,058681;0,220872;0,914355;0,238030;0,130192;0,899454;-0,075853;0,214137;0,911267;-0,026465;0,158953;0,459463;-0,105630;0,154456;0,397449;-0,003533;0,151119;0,388862;-0,083116;0,155940;0,401269;0,008134;0,150041;0,386089;-0,068796;0,152018;0,391177;0,003731;0,150665;0,387693;-0,074979;0,153869;0,395938;0,019774;0,149089;0,383638;-0,039047;0,151281;0,389280
00:00:13.183;289;6;6;6;5;115,661093;172,238407;171,423078;92,786739;170,425324;82,252591;-138,291467;166,078738;169,263851;160,240468;27,964010;12,432530;16,409208;22,674983;-0,138003;-0,239362;1,008249;-0,139765;-0,277647;1,010364;-0,136463;-0,281252;1,023471;-0,133243;-0,284778;1,037272;-0,162345;-0,268461;0,971196;-0,174989;-0,267744;0,968605;-0,189117;-0,267421;0,967433;-0,147704;-0,255744;0,976755;-0,236993;-0,249233;0,963993;-0,261100;-0,404136;1,982374;-0,159469;-0,192979;0,969912;-0,069958;-0,071867;1,103945;-0,343123;-0,032129;0,897648;0,034780;0,170662;1,106504;-0,349503;0,216490;0,821368;0,194052;0,141169;0,911458;-0,131875;0,216367;0,838967;0,252316;0,138258;0,857316;-0,067186;0,225668;0,850630;0,261977;0,129232;0,879519;-0,058429;0,221071;0,914231;0,237693;0,129653;0,895795;-0,075170;0,214200;0,910473;-0,026425;0,159180;0,460701;-0,105487;0,154395;0,397292;-0,002963;0,151274;0,389261;-0,082041;0,155360;0,399775;0,009220;0,149757;0,385358;-0,068047;0,152946;0,393565;0,004854;0,150706;0,387801;-0,074010;0,153469;0,394910;0,021354;0,149002;0,383415;-0,038409;0,151107;0,388832
00:00:13.229;290;6;6;6;5;115,624003;172,096132;171,130045;92,604496;170,478403;82,487631;-138,501059;166,110305;169,279319;160,274804;27,567202;11,981775;17,142867;22,749325;-0,138128;-0,239755;1,009912;-0,139898;-0,277996;1,011637;-0,136674;-0,281686;1,025056;-0,133455;-0,285324;1,038927;-0,162442;-0,268442;0,971127;-0,174892;-0,267686;0,968393;-0,189034;-0,267475;0,967632;-0,147717;-0,255752;0,976841;-0,236801;-0,249141;0,963645;-0,259605;-0,402518;1,971043;-0,159468;-0,193406;0,970293;-0,069931;-0,071800;1,103265;-0,343262;-0,032140;0,898121;0,034544;0,170618;1,105628;-0,348977;0,216319;0,820889;0,194044;0,140120;0,908848;-0,131557;0,216558;0,838978;0,252253;0,137386;0,855455;-0,066300;0,225644;0,849010;0,261911;0,127822;0,877937;-0,057832;0,221540;0,915550;0,237194;0,128142;0,892367;-0,074755;0,214324;0,910308;-0,026359;0,159087;0,460806;-0,105394;0,154355;0,397190;-0,002592;0,151374;0,389519;-0,081484;0,155254;0,399504;0,009728;0,149844;0,385583;-0,067334;0,153550;0,395117;0,005805;0,150733;0,387870;-0,073411;0,153753;0,395641;0,022621;0,149081;0,383620;-0,035758;0,150858;0,388191
00:00:13.277;291;6;6;5;5;115,582714;171,972480;170,948772;92,483794;170,248063;82,468831;-138,536148;166,096980;169,282727;160,241408;27,297899;-11,357195;11,609347;-18,965817;-0,138544;-0,240168;1,009243;-0,140513;-0,278127;1,012114;-0,136951;-0,282256;1,027136;-0,133729;-0,285968;1,041052;-0,162505;-0,268429;0,971083;-0,174829;-0,267648;0,968256;-0,189461;-0,267414;0,967411;-0,147779;-0,255849;0,977246;-0,236676;-0,249082;0,963419;-0,258726;-0,401609;1,964378;-0,159467;-0,193684;0,970540;-0,069937;-0,071779;1,103172;-0,343352;-0,032147;0,898429;0,035008;0,169908;1,104708;-0,348635;0,216207;0,820578;0,194250;0,138712;0,905751;-0,130872;0,216682;0,838986;0,250719;0,133863;0,847596;-0,065242;0,225629;0,847956;0,258471;0,124098;0,863959;-0,057422;0,221759;0,916058;0,234650;0,124749;0,879988;-0,073967;0,214404;0,910200;-0,026276;0,158785;0,460174;-0,105333;0,154329;0,397123;-0,002572;0,151440;0,389688;-0,081263;0,155458;0,400028;0,010257;0,149629;0,385029;-0,067039;0,153806;0,395776;0,002438;0,151159;0,388966;-0,073183;0,153802;0,395767;0,023227;0,149133;0,383753;-0,034283;0,150832;0,388124
00:00:13.323;292;6;6;5;5;115,557550;172,048219;170,732886;92,381815;170,071487;82,830318;-138,729024;166,040335;169,282477;160,245107;27,566081;10,974217;10,583978;19,405243;-0,138911;-0,240605;1,009508;-0,140913;-0,278211;1,012424;-0,137482;-0,282146;1,026739;-0,133951;-0,286482;1,042784;-0,162546;-0,268421;0,971054;-0,175339;-0,267623;0,968166;-0,189739;-0,267375;0,967267;-0,148322;-0,256377;0,977160;-0,237229;-0,249133;0,963623;-0,256863;-0,400106;1,950246;-0,159466;-0,193865;0,970701;-0,069918;-0,071742;1,102762;-0,343545;-0,032164;0,898979;0,035287;0,169339;1,103410;-0,348413;0,216135;0,820376;0,194287;0,135851;0,900938;-0,130428;0,216763;0,838991;0,249881;0,129523;0,841437;-0,064607;0,225805;0,847972;0,256866;0,119570;0,856974;-0,057198;0,222072;0,917087;0,233674;0,120685;0,872642;-0,073483;0,214539;0,910480;-0,026262;0,158830;0,460463;-0,105294;0,154312;0,397080;-0,002560;0,151482;0,389797;-0,080920;0,154774;0,398268;0,009962;0,149761;0,385369;-0,066729;0,153700;0,395504;-0,001092;0,151572;0,390028;-0,073036;0,153834;0,395848;0,023423;0,149303;0,384189;-0,033325;0,150815;0,388081
00:00:13.370;293;6;6;5;5;115,563668;172,133477;170,776057;92,358284;169,936303;83,892877;-138,705785;165,976379;169,306847;160,410666;27,348877;-10,844928;11,266871;-19,928444;-0,139199;-0,240972;1,010030;-0,141222;-0,278940;1,012976;-0,137827;-0,282658;1,026480;-0,134418;-0,286831;1,041810;-0,162632;-0,268513;0,971385;-0,175671;-0,267607;0,968108;-0,189920;-0,267349;0,967173;-0,148782;-0,256904;0,977804;-0,237589;-0,249167;0,963755;-0,256898;-0,401080;1,950510;-0,159466;-0,193982;0,970806;-0,069928;-0,071742;1,102845;-0,343536;-0,032162;0,898986;0,034842;0,168969;1,102567;-0,348417;0,216180;0,820594;0,193472;0,130419;0,893960;-0,130561;0,216724;0,838644;0,248499;0,122550;0,834634;-0,064194;0,225920;0,847982;0,255191;0,112058;0,850333;-0,056923;0,222286;0,915657;0,232567;0,113438;0,866118;-0,073168;0,214626;0,910662;-0,026515;0,158859;0,460651;-0,105269;0,154302;0,397052;-0,003210;0,151238;0,389168;-0,081445;0,154466;0,397474;0,008463;0,150119;0,386290;-0,066961;0,153087;0,393928;-0,003387;0,151840;0,390718;-0,073508;0,153174;0,394152;0,022475;0,149549;0,384823;-0,033585;0,150804;0,388052
00:00:13.418;294;6;6;5;5;115,545191;172,183605;170,776953;92,350817;169,898918;85,528835;-138,876417;165,991268;169,345871;160,495276;26,545775;10,877145;11,465859;-20,020962;-0,139482;-0,241378;1,011070;-0,141520;-0,279607;1,014034;-0,138146;-0,283185;1,027012;-0,134812;-0,287252;1,041876;-0,162687;-0,268572;0,971600;-0,175886;-0,267597;0,968070;-0,190106;-0,267429;0,967463;-0,149081;-0,257247;0,978223;-0,237736;-0,249098;0,963491;-0,257565;-0,402725;1,955581;-0,159466;-0,194058;0,970874;-0,069868;-0,071673;1,101849;-0,343531;-0,032161;0,898991;0,034520;0,168569;1,100968;-0,348419;0,216209;0,820736;0,191305;0,122721;0,884174;-0,131180;0,216790;0,838769;0,244904;0,112643;0,824262;-0,064382;0,225901;0,847638;0,251274;0,101771;0,839716;-0,057220;0,222254;0,914027;0,229102;0,103673;0,855226;-0,073454;0,214600;0,910430;-0,026659;0,158758;0,460423;-0,105252;0,154294;0,397034;-0,004277;0,150671;0,387709;-0,082838;0,154537;0,397658;0,006605;0,150352;0,386888;-0,067717;0,152553;0,392553;-0,004879;0,152014;0,391167;-0,074260;0,152746;0,393048;0,021858;0,149709;0,385235;-0,034690;0,150117;0,386284
00:00:13.465;295;6;6;5;5;115,541058;172,241732;170,688510;92,327530;169,080249;86,911110;-139,109771;165,872622;169,361361;160,760914;26,701010;11,003272;14,615444;-18,668273;-0,139714;-0,241725;1,012095;-0,141714;-0,280040;1,014722;-0,138401;-0,283624;1,027708;-0,135160;-0,287718;1,042620;-0,163158;-0,268418;0,971040;-0,176026;-0,267590;0,968046;-0,190778;-0,267481;0,967651;-0,149221;-0,257377;0,978145;-0,238380;-0,249054;0,963319;-0,260719;-0,408059;1,979528;-0,160018;-0,194108;0,970918;-0,069829;-0,071628;1,101202;-0,343661;-0,032173;0,899344;0,035441;0,167773;1,096429;-0,348421;0,216228;0,820829;0,189216;0,111959;0,874663;-0,132538;0,216833;0,838850;0,242521;0,102684;0,818921;-0,065122;0,226356;0,849165;0,248780;0,090566;0,834566;-0,058000;0,221969;0,914018;0,228063;0,092482;0,852697;-0,074586;0,214336;0,909230;-0,026391;0,158606;0,458525;-0,105247;0,154970;0,398772;-0,004971;0,150302;0,386761;-0,083893;0,154856;0,398478;0,005176;0,150503;0,387277;-0,069066;0,152614;0,392710;-0,005362;0,151176;0,389008;-0,074749;0,152467;0,392332;0,019904;0,149677;0,385153;-0,036681;0,150350;0,386885
00:00:13.513;296;6;6;6;5;115,565704;172,364846;170,544144;92,421259;167,911586;88,012849;-139,307653;165,654053;169,351873;161,130352;26,008031;11,037991;16,874231;-23,405001;-0,139914;-0,242035;1,013112;-0,142221;-0,279935;1,013769;-0,138613;-0,284006;1,028510;-0,135431;-0,288119;1,043453;-0,163464;-0,268317;0,970676;-0,176668;-0,268136;0,968030;-0,191215;-0,267515;0,967773;-0,149313;-0,257462;0,978094;-0,239347;-0,249025;0,963207;-0,256085;-0,401046;1,944343;-0,160377;-0,194693;0,970947;-0,069803;-0,072225;1,100781;-0,343745;-0,032181;0,899574;0,036558;0,165599;1,090679;-0,348274;0,216148;0,820539;0,185465;0,099957;0,861831;-0,133954;0,216473;0,839252;0,236995;0,090685;0,804948;-0,065977;0,226278;0,848757;0,244887;0,077815;0,826668;-0,059026;0,221784;0,914011;0,224578;0,079434;0,844053;-0,075869;0,214247;0,908799;-0,026217;0,158508;0,457291;-0,105244;0,155409;0,399902;-0,005428;0,150199;0,386495;-0,084579;0,155063;0,399011;0,004248;0,150601;0,387530;-0,069943;0,152653;0,392811;-0,004807;0,150902;0,388305;-0,075067;0,152286;0,391866;0,018415;0,149656;0,385099;-0,038195;0,150502;0,387275
00:00:13.560;297;6;6;6;5;115,620758;172,406688;170,483048;92,596367;166,315119;88,212754;-139,444542;165,457520;169,359323;161,696741;25,600044;11,294064;17,075032;-23,955124;-0,140189;-0,242487;1,014823;-0,142550;-0,279867;1,013150;-0,139099;-0,283770;1,027282;-0,135607;-0,288379;1,043994;-0,163663;-0,268804;0,970439;-0,177085;-0,268492;0,968019;-0,191980;-0,267440;0,967503;-0,149821;-0,257333;0,977361;-0,239975;-0,249006;0,963135;-0,258097;-0,404365;1,959623;-0,160668;-0,195143;0,971315;-0,069809;-0,073263;1,100858;-0,343800;-0,032186;0,899723;0,038378;0,163662;1,083441;-0,348178;0,216563;0,820350;0,180807;0,091484;0,856640;-0,135296;0,216149;0,839164;0,231880;0,080416;0,798316;-0,066958;0,226041;0,847792;0,239684;0,066311;0,821884;-0,059694;0,221664;0,914007;0,219368;0,068678;0,839835;-0,077250;0,213754;0,908870;-0,025865;0,158566;0,456839;-0,105243;0,155694;0,400636;-0,005725;0,150131;0,386322;-0,084950;0,155061;0,399007;0,003424;0,150665;0,387695;-0,070513;0,152679;0,392877;-0,004446;0,150725;0,387849;-0,075925;0,152576;0,392613;0,017242;0,149779;0,385415;-0,039660;0,150737;0,387879
00:00:13.607;298;6;6;6;5;115,662789;172,726261;170,443456;92,727157;164,358008;88,300927;-139,576611;165,297654;169,364191;162,244413;25,186998;-11,227605;19,153272;27,410135;-0,140702;-0,242363;1,014185;-0,142863;-0,280016;1,013448;-0,139510;-0,283811;1,027183;-0,136178;-0,288258;1,043296;-0,163792;-0,269120;0,970286;-0,177843;-0,268625;0,967663;-0,192407;-0,267844;0,966977;-0,150151;-0,257249;0,976885;-0,241108;-0,249174;0,963788;-0,257331;-0,403270;1,953805;-0,160858;-0,195436;0,971555;-0,069813;-0,073937;1,100908;-0,343836;-0,032189;0,899820;0,041218;0,161827;1,074887;-0,348116;0,216833;0,820228;0,176427;0,082083;0,846616;-0,136761;0,216119;0,839807;0,226139;0,070580;0,787006;-0,067681;0,225683;0,848215;0,235248;0,055961;0,816675;-0,060720;0,221318;0,915055;0,214894;0,058256;0,834643;-0,078602;0,213270;0,908215;-0,025116;0,158863;0,456546;-0,105241;0,155880;0,401114;-0,005719;0,150632;0,387609;-0,085116;0,154924;0,398654;0,002889;0,150843;0,388152;-0,071265;0,152560;0,392570;-0,003331;0,150745;0,387902;-0,076483;0,152765;0,393098;0,016480;0,149859;0,385619;-0,040611;0,150889;0,388271
00:00:13.654;299;6;6;6;5;115,694054;173,027725;170,435870;92,937735;161,793122;87,223533;-139,667937;165,213465;169,384962;163,561735;24,509477;-11,424355;20,604345;27,316292;-0,140987;-0,242198;1,013420;-0,143116;-0,280210;1,013991;-0,139873;-0,284031;1,027819;-0,136642;-0,288372;1,043543;-0,164369;-0,269228;0,969836;-0,178335;-0,268712;0,967431;-0,193234;-0,268107;0,966635;-0,150420;-0,257842;0,976925;-0,241844;-0,249284;0,964212;-0,254942;-0,399596;1,935673;-0,160981;-0,195627;0,971711;-0,069793;-0,074978;1,100590;-0,343726;-0,032179;0,899533;0,042726;0,158892;1,061627;-0,347927;0,217381;0,819798;0,170887;0,073919;0,831351;-0,138193;0,216099;0,840224;0,219164;0,062434;0,772654;-0,068635;0,225451;0,848490;0,228181;0,046559;0,803139;-0,061835;0,220841;0,914686;0,207827;0,048698;0,820068;-0,080029;0,213037;0,908140;-0,024318;0,158689;0,455305;-0,105241;0,156000;0,401424;-0,005502;0,151229;0,389146;-0,085074;0,154563;0,397725;0,002764;0,150958;0,388449;-0,071755;0,152482;0,392371;-0,001944;0,150895;0,388286;-0,076776;0,152752;0,393064;0,016175;0,149638;0,385053;-0,041230;0,150988;0,388526
00:00:13.701;300;6;6;6;5;115,736019;173,186359;170,497781;93,226189;160,173553;86,789221;-139,934868;165,179655;169,435427;164,404011;23,374538;-11,604760;22,713813;28,167500;-0,141221;-0,242175;1,013273;-0,143379;-0,280529;1,015044;-0,140204;-0,284367;1,028932;-0,137035;-0,288640;1,044403;-0,164803;-0,269396;0,969893;-0,178655;-0,268768;0,967280;-0,193701;-0,268181;0,966063;-0,150703;-0,258414;0,977651;-0,242234;-0,249265;0,964138;-0,254773;-0,399375;1,934388;-0,161061;-0,195751;0,971812;-0,069736;-0,075605;1,099684;-0,343654;-0,032172;0,899346;0,043676;0,156881;1,052307;-0,347952;0,217831;0,819869;0,165779;0,067649;0,820728;-0,139181;0,215697;0,840846;0,213262;0,055846;0,762975;-0,069196;0,225114;0,847968;0,222639;0,039164;0,795740;-0,062486;0,220278;0,913396;0,201291;0,041047;0,808144;-0,081021;0,212532;0,908791;-0,023592;0,158943;0,455548;-0,105240;0,156079;0,401625;-0,005130;0,151345;0,389445;-0,084596;0,154329;0,397122;0,002900;0,150897;0,388292;-0,072043;0,152840;0,393291;-0,000380;0,150856;0,388186;-0,076880;0,153015;0,393741;0,016196;0,149495;0,384684;-0,041556;0,150781;0,387992
00:00:13.748;301;6;6;6;5;115,782681;173,488147;170,471916;93,421273;158,666444;86,241368;-140,427209;165,207482;169,603226;165,127089;22,925123;-11,473105;27,821244;29,538708;-0,141471;-0,242327;1,013878;-0,143501;-0,280640;1,015379;-0,140419;-0,284586;1,029656;-0,137199;-0,289215;1,044262;-0,165145;-0,269602;0,970281;-0,178863;-0,268805;0,967182;-0,194005;-0,268228;0,965691;-0,150832;-0,258692;0,977773;-0,243125;-0,249343;0,964440;-0,256369;-0,403027;1,946502;-0,161113;-0,195831;0,971878;-0,069654;-0,075964;1,098394;-0,344119;-0,032168;0,899225;0,044738;0,155108;1,043100;-0,347969;0,218590;0,819915;0,159398;0,061915;0,802623;-0,139824;0,215435;0,841250;0,206660;0,049576;0,751084;-0,069532;0,224321;0,847279;0,214168;0,032359;0,782531;-0,063007;0,219728;0,913957;0,193532;0,034517;0,793044;-0,082053;0,211878;0,907814;-0,022927;0,159597;0,457106;-0,105240;0,156130;0,401757;-0,004888;0,151421;0,389639;-0,084803;0,155128;0,399179;0,002989;0,150857;0,388190;-0,072165;0,152936;0,393539;0,000636;0,150831;0,388121;-0,076948;0,153186;0,394182;0,016019;0,149674;0,385145;-0,041988;0,150646;0,387645
00:00:13.795;302;6;6;6;5;115,714602;173,754999;170,540308;93,566396;156,335425;84,674948;-140,471096;165,115323;169,723543;166,942092;22,766118;11,122777;30,456389;28,859100;-0,141633;-0,242426;1,014270;-0,143580;-0,281290;1,015596;-0,140512;-0,285217;1,029776;-0,137259;-0,289492;1,043820;-0,165308;-0,269639;0,970182;-0,178998;-0,268829;0,967118;-0,194273;-0,268357;0,965799;-0,150971;-0,259523;0,978203;-0,243705;-0,249394;0,964636;-0,262015;-0,412685;1,989376;-0,161147;-0,195883;0,971921;-0,068999;-0,076846;1,097906;-0,344287;-0,032152;0,898796;0,045047;0,152712;1,028715;-0,347980;0,219084;0,819945;0,153046;0,056724;0,788405;-0,140183;0,215176;0,841162;0,199752;0,044568;0,741254;-0,070262;0,223898;0,847182;0,205191;0,026567;0,770445;-0,064260;0,218953;0,912572;0,185798;0,029393;0,782878;-0,083339;0,211697;0,908229;-0,022025;0,158432;0,453569;-0,105239;0,156163;0,401842;-0,004512;0,151606;0,390115;-0,084863;0,155512;0,400166;0,003268;0,150832;0,388123;-0,072245;0,152999;0,393700;0,001738;0,150814;0,388079;-0,077060;0,153433;0,394818;0,015890;0,149654;0,385094;-0,042269;0,150558;0,387419
00:00:13.841;303;6;6;6;5;115,653575;173,959922;170,600774;93,791927;154,630472;83,606062;-140,567508;165,086966;169,828394;168,385230;22,112564;-11,078223;34,339054;30,570830;-0,141690;-0,242407;1,014176;-0,143909;-0,281129;1,013638;-0,140524;-0,285531;1,029505;-0,137298;-0,289671;1,043533;-0,165413;-0,269663;0,970119;-0,179086;-0,268844;0,967077;-0,194447;-0,268440;0,965869;-0,151454;-0,259784;0,977432;-0,244081;-0,249427;0,964763;-0,260661;-0,411022;1,979095;-0,161169;-0,195917;0,971948;-0,068551;-0,077395;1,097239;-0,344396;-0,032142;0,898518;0,045152;0,151411;1,017265;-0,347987;0,219871;0,819964;0,145942;0,053068;0,774613;-0,140955;0,215097;0,841456;0,191343;0,041108;0,730665;-0,071218;0,223623;0,847118;0,196208;0,022363;0,761889;-0,065539;0,218281;0,910972;0,176608;0,025499;0,771021;-0,084692;0,211579;0,908499;-0,021170;0,157553;0,450920;-0,105239;0,156184;0,401897;-0,004034;0,151182;0,389025;-0,084829;0,155625;0,400458;0,003670;0,150815;0,388080;-0,072456;0,152904;0,393455;0,002455;0,150804;0,388051;-0,077065;0,153458;0,394882;0,015601;0,149778;0,385411;-0,043354;0,151317;0,389372
00:00:13.887;304;6;6;6;5;115,552993;174,046828;170,467270;93,893302;153,007161;82,361429;-140,950893;165,128866;169,923734;169,767316;21,346882;-10,695684;42,389669;-35,766065;-0,141727;-0,242971;1,014114;-0,144123;-0,281024;1,012364;-0,140484;-0,285637;1,028978;-0,137277;-0,289691;1,042997;-0,165482;-0,269678;0,970077;-0,179143;-0,268854;0,967050;-0,194560;-0,268494;0,965915;-0,151768;-0,259953;0,976931;-0,244326;-0,249448;0,964846;-0,260933;-0,411763;1,981162;-0,161183;-0,195939;0,971966;-0,068196;-0,077676;1,095755;-0,344735;-0,032673;0,899037;0,044997;0,150392;1,004922;-0,347992;0,220383;0,819977;0,137754;0,049061;0,752349;-0,142294;0,214866;0,840946;0,180791;0,037154;0,712583;-0,072291;0,223352;0,846727;0,186610;0,018280;0,751078;-0,067213;0,217259;0,907482;0,167787;0,021621;0,759814;-0,086606;0,210986;0,908674;-0,020286;0,156620;0,447448;-0,105239;0,156198;0,401933;-0,003723;0,150907;0,388316;-0,084880;0,155835;0,400998;0,003931;0,150804;0,388052;-0,072594;0,152842;0,393296;0,003141;0,150797;0,388033;-0,077068;0,153474;0,394923;0,015440;0,150130;0,386317;-0,044448;0,152355;0,392042
00:00:13.934;305;6;6;6;5;115,402312;174,041208;170,260018;94,058918;151,187424;80,847275;-141,418566;165,156213;170,015094;171,733157;20,858840;10,384492;51,106638;38,726988;-0,141751;-0,243338;1,014074;-0,144312;-0,281053;1,011887;-0,140506;-0,285803;1,028986;-0,137310;-0,289801;1,042998;-0,165527;-0,269689;0,970050;-0,179180;-0,268861;0,967033;-0,194634;-0,268530;0,965945;-0,152027;-0,260156;0,976955;-0,244485;-0,249462;0,964900;-0,258575;-0,408238;1,963255;-0,161193;-0,195954;0,971978;-0,067321;-0,078455;1,094441;-0,345603;-0,033031;0,899724;0,044030;0,149218;0,989899;-0,348461;0,220716;0,819985;0,127308;0,046756;0,736127;-0,143285;0,214416;0,841315;0,169758;0,034986;0,701179;-0,073469;0,223176;0,846472;0,175526;0,015637;0,744751;-0,068926;0,216414;0,906613;0,156586;0,019101;0,752529;-0,088849;0,210519;0,908438;-0,019667;0,155645;0,444141;-0,104873;0,155663;0,400557;-0,003084;0,151000;0,388556;-0,084765;0,155699;0,400649;0,004322;0,150797;0,388034;-0,072748;0,152938;0,393542;0,003808;0,150792;0,388022;-0,077001;0,153349;0,394600;0,015336;0,150359;0,386906;-0,045158;0,153029;0,393777
00:00:13.981;306;6;6;6;5;115,341675;174,199031;170,104930;94,171457;148,866497;78,563691;-141,964953;165,372172;170,088061;174,132191;20,820956;10,077630;58,308967;-39,827547;-0,141717;-0,243492;1,013698;-0,144435;-0,281072;1,011576;-0,140520;-0,285911;1,028991;-0,137377;-0,289969;1,043349;-0,165556;-0,269695;0,970033;-0,179204;-0,268865;0,967021;-0,194682;-0,268553;0,965964;-0,152195;-0,260288;0,976971;-0,244588;-0,249471;0,964935;-0,256950;-0,405801;1,950916;-0,161315;-0,196104;0,972686;-0,067288;-0,078859;1,092187;-0,346032;-0,033251;0,899820;0,041936;0,147064;0,971035;-0,348617;0,220837;0,819640;0,115154;0,045227;0,718582;-0,143929;0,214124;0,841555;0,156722;0,033765;0,689566;-0,074236;0,222580;0,846307;0,161301;0,014602;0,732238;-0,070150;0,215680;0,907449;0,143166;0,018152;0,741144;-0,090379;0,209859;0,908985;-0,019294;0,155507;0,442692;-0,104634;0,155316;0,399662;-0,002888;0,150924;0,388361;-0,084919;0,155611;0,400422;0,004355;0,150792;0,388022;-0,073297;0,153000;0,393703;0,004021;0,150789;0,388014;-0,077545;0,153539;0,395090;0,014864;0,150916;0,388339;-0,046298;0,153467;0,394905
00:00:14.027;307;6;6;6;5;115,290181;174,431629;169,886051;94,227014;148,282715;78,093073;-142,637097;165,636160;170,154139;175,279815;20,690750;9,889016;62,997389;40,688581;-0,141647;-0,243508;1,013104;-0,144515;-0,281084;1,011375;-0,140481;-0,285884;1,028644;-0,137329;-0,289885;1,042877;-0,165515;-0,269602;0,969671;-0,179155;-0,268771;0,966664;-0,194642;-0,268470;0,965627;-0,152304;-0,260374;0,976981;-0,244656;-0,249477;0,964958;-0,255940;-0,404290;1,943245;-0,161278;-0,196061;0,972446;-0,067180;-0,079020;1,089321;-0,346311;-0,033393;0,899883;0,039090;0,146683;0,961923;-0,348570;0,220822;0,819066;0,104694;0,044712;0,708579;-0,144348;0,213934;0,841711;0,145021;0,033404;0,683068;-0,074702;0,222101;0,845850;0,148608;0,014354;0,725155;-0,070974;0,215286;0,908342;0,130599;0,017920;0,732693;-0,090926;0,209591;0,910040;-0,019052;0,155418;0,441750;-0,104479;0,155090;0,399080;-0,002540;0,150875;0,388235;-0,085167;0,155826;0,400974;0,004376;0,150789;0,388014;-0,073811;0,152904;0,393457;0,004159;0,150787;0,388009;-0,078107;0,154071;0,396459;0,014544;0,151141;0,388920;-0,047265;0,153752;0,395638
00:00:14.075;308;6;6;6;5;115,289562;174,409381;169,649955;94,239656;148,637118;78,121815;-143,142491;165,733827;170,192571;176,465306;20,370852;-9,451389;60,770988;-36,347646;-0,141601;-0,243519;1,012718;-0,144567;-0,281092;1,011244;-0,140456;-0,285867;1,028419;-0,137297;-0,289829;1,042570;-0,165429;-0,269444;0,969086;-0,179123;-0,268709;0,966431;-0,194617;-0,268417;0,965407;-0,152375;-0,260430;0,976988;-0,244522;-0,249300;0,964273;-0,256567;-0,403599;1,939659;-0,161749;-0,195962;0,971940;-0,067088;-0,079714;1,087109;-0,346493;-0,033486;0,899924;0,033519;0,146706;0,957750;-0,348390;0,220718;0,818343;0,096012;0,044816;0,702776;-0,144559;0,213721;0,841462;0,135245;0,033586;0,679544;-0,075455;0,221698;0,845202;0,136707;0,014049;0,713201;-0,072400;0,214617;0,907172;0,119737;0,018131;0,725451;-0,091836;0,208977;0,911076;-0,019427;0,155607;0,441837;-0,104872;0,154671;0,398002;-0,002313;0,150843;0,388153;-0,085329;0,155965;0,401333;0,004390;0,150787;0,388009;-0,074345;0,153250;0,394347;0,004249;0,150786;0,388006;-0,078542;0,154553;0,397698;0,014091;0,151016;0,388598;-0,048119;0,153937;0,396115
00:00:14.122;309;6;6;6;5;115,324365;174,598751;169,413076;94,282743;149,538167;78,573286;-143,752080;165,835451;170,339572;177,482720;19,759607;9,201819;51,297645;-26,672556;-0,141767;-0,243863;1,013866;-0,144651;-0,281195;1,011508;-0,140536;-0,286050;1,028972;-0,137323;-0,289891;1,042720;-0,165492;-0,269536;0,969406;-0,179102;-0,268669;0,966280;-0,194600;-0,268382;0,965265;-0,152476;-0,260559;0,977342;-0,245072;-0,249275;0,964177;-0,257209;-0,403514;1,939079;-0,162055;-0,195898;0,971611;-0,066985;-0,080114;1,084971;-0,347123;-0,033547;0,899951;0,026678;0,146991;0,956787;-0,348273;0,220650;0,817873;0,087758;0,045370;0,700404;-0,145237;0,213193;0,841650;0,125221;0,035537;0,675854;-0,075912;0,221344;0,844431;0,123506;0,015985;0,697730;-0,073356;0,214264;0,906762;0,107543;0,019214;0,711993;-0,092947;0,208578;0,911750;-0,020208;0,155977;0,442594;-0,105540;0,154670;0,398001;-0,002378;0,150278;0,386699;-0,085588;0,155920;0,401217;0,004175;0,150650;0,387656;-0,075210;0,153611;0,395275;0,004084;0,150649;0,387654;-0,079139;0,154594;0,397804;0,013144;0,151071;0,388739;-0,049398;0,154194;0,396775
00:00:14.168;310;6;6;6;5;115,347376;174,645462;169,070739;94,265947;150,933543;79,246910;-144,567272;166,045336;170,450181;178,371322;20,179540;8,934090;42,886292;18,516901;-0,142403;-0,244002;1,014263;-0,144655;-0,281164;1,011330;-0,140539;-0,286072;1,028982;-0,137294;-0,289833;1,042468;-0,165533;-0,269596;0,969614;-0,179573;-0,268546;0,965832;-0,195067;-0,268262;0,964822;-0,152596;-0,260737;0,977922;-0,245430;-0,249259;0,964115;-0,261327;-0,407465;1,957951;-0,162688;-0,195715;0,970697;-0,067466;-0,080295;1,082531;-0,347803;-0,033612;0,900668;0,018433;0,148484;0,957562;-0,348197;0,220606;0,817567;0,080740;0,047264;0,698163;-0,145258;0,212938;0,842123;0,116755;0,038899;0,670655;-0,076273;0,220817;0,844630;0,113533;0,019837;0,685925;-0,074181;0,214093;0,908945;0,098527;0,022292;0,703945;-0,093186;0,208399;0,912537;-0,021021;0,156588;0,444136;-0,105974;0,154670;0,398001;-0,002424;0,150183;0,386454;-0,085756;0,155890;0,401141;0,004035;0,150561;0,387426;-0,075547;0,153846;0,395879;0,004200;0,150696;0,387775;-0,079440;0,154892;0,398572;0,012739;0,150970;0,388480;-0,050001;0,153680;0,395454
00:00:14.204;311;6;6;6;5;115,343560;174,797632;168,925060;94,244645;152,821595;79,982346;-145,165892;166,216040;170,549820;178,581626;21,170287;-8,482609;45,531409;30,949095;-0,142718;-0,243924;1,013821;-0,144658;-0,281144;1,011215;-0,140934;-0,285697;1,027588;-0,137275;-0,289796;1,042304;-0,165991;-0,269440;0,969049;-0,179879;-0,268466;0,965541;-0,195371;-0,268184;0,964534;-0,152674;-0,260852;0,978300;-0,246211;-0,249797;0,964075;-0,261878;-0,406755;1,954468;-0,163531;-0,195455;0,969403;-0,068348;-0,080360;1,080245;-0,348245;-0,033654;0,901134;0,011429;0,151166;0,961915;-0,348296;0,220671;0,817719;0,072546;0,051943;0,691106;-0,144253;0,212683;0,842080;0,106820;0,045536;0,662376;-0,075995;0,220383;0,844410;0,103682;0,027255;0,684551;-0,074254;0,213625;0,911064;0,088100;0,029082;0,700115;-0,092892;0,207920;0,913749;-0,021750;0,156614;0,444089;-0,106577;0,154806;0,398351;-0,002452;0,149985;0,385945;-0,085865;0,155871;0,401091;0,004161;0,150367;0,386927;-0,075607;0,154134;0,396621;0,004268;0,150455;0,387154;-0,079478;0,155223;0,399422;0,012443;0,150497;0,387262;-0,050576;0,153891;0,395995
00:00:14.248;312;6;6;6;5;115,378840;175,390995;168,907208;94,235087;154,185479;79,367102;-145,604015;166,325445;170,628701;178,648982;22,791987;8,165439;49,563092;38,281147;-0,143121;-0,244210;1,014934;-0,144710;-0,281229;1,011490;-0,141239;-0,285550;1,027032;-0,137762;-0,289577;1,041498;-0,166229;-0,269242;0,968332;-0,180495;-0,268219;0,964652;-0,195974;-0,267939;0,963647;-0,152725;-0,260927;0,978545;-0,247539;-0,250420;0,965099;-0,262566;-0,406804;1,954654;-0,164020;-0,195216;0,968212;-0,068897;-0,080988;1,078409;-0,348397;-0,033669;0,901087;0,006876;0,152413;0,965095;-0,348361;0,220714;0,817817;0,063281;0,060766;0,679869;-0,143062;0,212430;0,841702;0,094408;0,055297;0,653144;-0,075427;0,220374;0,845316;0,091236;0,038531;0,677708;-0,073837;0,213484;0,913142;0,076312;0,040282;0,694124;-0,092214;0,207688;0,914887;-0,022223;0,156631;0,444058;-0,106969;0,154894;0,398578;-0,002255;0,150129;0,386315;-0,085936;0,155859;0,401059;0,004682;0,150241;0,386603;-0,075419;0,154322;0,397104;0,004751;0,150298;0,386750;-0,078818;0,155437;0,399974;0,012251;0,150189;0,386470;-0,050678;0,153891;0,395997
00:00:14.294;313;6;6;6;5;115,412112;175,261684;168,868566;94,109774;155,080384;78,429191;-145,914514;166,167235;170,663387;178,698589;23,809922;7,950690;58,801204;49,787388;-0,143761;-0,244059;1,014257;-0,145168;-0,280992;1,010618;-0,141534;-0,285650;1,027371;-0,138125;-0,289532;1,041324;-0,166934;-0,269113;0,967866;-0,180895;-0,268059;0,964074;-0,196365;-0,267779;0,963071;-0,152813;-0,261069;0,979054;-0,247950;-0,249822;0,964014;-0,262693;-0,405746;1,944275;-0,164337;-0,195060;0,967438;-0,069255;-0,081396;1,077216;-0,348496;-0,033678;0,901057;0,003917;0,153223;0,967162;-0,348403;0,220276;0,817881;0,053768;0,070343;0,670465;-0,142288;0,212265;0,841456;0,081147;0,065436;0,645744;-0,075057;0,220368;0,845906;0,078238;0,050549;0,678160;-0,073566;0,213392;0,914492;0,063227;0,051875;0,690581;-0,091251;0,207537;0,915627;-0,022567;0,156636;0,444737;-0,107224;0,154952;0,398726;-0,001466;0,150358;0,386904;-0,085298;0,155851;0,401039;0,006110;0,150023;0,386042;-0,073258;0,154444;0,397418;0,006349;0,149652;0,385087;-0,075859;0,155033;0,398933;0,013181;0,149581;0,384906;-0,049208;0,154028;0,396348
00:00:14.330;314;6;6;6;5;116,169678;175,316291;168,889209;93,945618;155,360196;77,274746;-147,392535;166,014983;170,817882;178,784649;23,999676;7,873852;64,559334;58,697781;-0,144127;-0,243877;1,013467;-0,145516;-0,280935;1,010402;-0,141725;-0,285714;1,027591;-0,138315;-0,289406;1,040860;-0,167453;-0,269677;0,967913;-0,181704;-0,267955;0,963698;-0,197167;-0,267675;0,962696;-0,152924;-0,261255;0,979735;-0,248764;-0,249434;0,963309;-0,265260;-0,408876;1,955729;-0,165033;-0,194888;0,966585;-0,069464;-0,081635;1,076090;-0,348937;-0,034184;0,900687;0,002546;0,153471;0,966755;-0,348430;0,219992;0,817923;0,046098;0,078798;0,664352;-0,141844;0,212246;0,841647;0,070502;0,073784;0,638133;-0,074786;0,220274;0,845939;0,067156;0,060802;0,679504;-0,073389;0,213332;0,915370;0,052551;0,062156;0,691778;-0,090625;0,207439;0,916107;-0,023938;0,164383;0,467229;-0,107579;0,155261;0,399522;-0,001173;0,150371;0,386938;-0,084800;0,156118;0,401725;0,007031;0,149745;0,385327;-0,071732;0,154251;0,396921;0,007186;0,149504;0,384707;-0,074036;0,154498;0,397557;0,013568;0,149186;0,383889;-0,048253;0,154117;0,396576
00:00:14.372;315;6;6;6;5;116,681079;175,219622;168,697481;93,882393;155,427517;76,424467;-148,647002;165,840843;170,825119;178,791231;23,044267;8,192570;61,662145;62,985463;-0,144315;-0,243674;1,012604;-0,145692;-0,280801;1,009911;-0,142141;-0,285172;1,025634;-0,138391;-0,289226;1,040209;-0,168279;-0,269946;0,967593;-0,182163;-0,267790;0,963104;-0,197616;-0,267511;0,962102;-0,152942;-0,261283;0,979828;-0,249293;-0,249181;0,962851;-0,265926;-0,409368;1,955824;-0,165546;-0,194847;0,966380;-0,069578;-0,082374;1,075009;-0,349118;-0,034553;0,901496;0,001655;0,152424;0,965791;-0,348448;0,219807;0,817950;0,039088;0,084673;0,665629;-0,141555;0,212234;0,841770;0,061366;0,080484;0,637037;-0,074935;0,219757;0,844210;0,056108;0,069106;0,681078;-0,073135;0,213405;0,914191;0,041695;0,070548;0,693605;-0,090636;0,207138;0,915370;-0,025138;0,169542;0,482199;-0,107809;0,155462;0,400039;-0,000983;0,150379;0,386960;-0,084103;0,156019;0,401471;0,007638;0,149701;0,385213;-0,070740;0,154125;0,396599;0,007739;0,149544;0,384809;-0,072688;0,154286;0,397012;0,013819;0,148929;0,383228;-0,047631;0,154174;0,396724
00:00:14.418;316;6;6;6;5;117,095580;175,369262;168,860088;93,807803;157,426842;77,732636;-149,241793;165,627761;170,939777;177,212299;23,116604;8,138889;56,536790;56,398493;-0,144759;-0,243121;1,010292;-0,146226;-0,280421;1,008542;-0,142412;-0,284820;1,024362;-0,138796;-0,288623;1,038036;-0,168755;-0,270023;0,967036;-0,183008;-0,267682;0,962717;-0,198382;-0,267306;0,961367;-0,152899;-0,260650;0,979538;-0,250185;-0,249017;0,962553;-0,269370;-0,414313;1,977936;-0,165698;-0,194609;0,965197;-0,069674;-0,083493;1,074656;-0,349341;-0,034752;0,900973;0,002213;0,152518;0,977414;-0,348609;0,219781;0,818317;0,035979;0,091451;0,673459;-0,141308;0,212138;0,841501;0,055998;0,089138;0,649974;-0,075032;0,219421;0,843087;0,048502;0,076357;0,681401;-0,073026;0,213617;0,914124;0,035396;0,077453;0,693744;-0,090678;0,207021;0,915240;-0,026208;0,173185;0,491929;-0,107959;0,155593;0,400375;-0,000859;0,150521;0,387324;-0,083650;0,155955;0,401306;0,007813;0,149672;0,385138;-0,069973;0,153772;0,395689;0,008098;0,149570;0,384876;-0,071688;0,153876;0,395958;0,013970;0,148626;0,382448;-0,046921;0,153940;0,396121
00:00:14.466;317;6;6;6;5;117,353347;175,078852;168,879639;93,744613;158,026554;77,417826;-149,716192;165,369241;171,014077;176,260940;22,972085;8,311786;47,156895;-60,972216;-0,145098;-0,242846;1,009140;-0,146574;-0,280175;1,007653;-0,142587;-0,284591;1,023536;-0,139059;-0,288231;1,036623;-0,169490;-0,269877;0,965973;-0,183491;-0,267515;0,962116;-0,198880;-0,267174;0,960888;-0,152871;-0,260239;0,979350;-0,250490;-0,248639;0,961310;-0,267581;-0,409673;1,954858;-0,165797;-0,194454;0,964428;-0,069737;-0,084220;1,074426;-0,349622;-0,034895;0,900982;0,003694;0,151023;0,982169;-0,348713;0,219763;0,818556;0,034625;0,097424;0,676098;-0,141207;0,212164;0,841675;0,053284;0,095381;0,648233;-0,075157;0,219864;0,843056;0,044391;0,083938;0,682660;-0,072927;0,213672;0,913731;0,031646;0,083722;0,692433;-0,090671;0,206867;0,914806;-0,026903;0,175553;0,498254;-0,108057;0,155678;0,400594;-0,000779;0,150613;0,387560;-0,083355;0,155913;0,401199;0,007934;0,149789;0,385440;-0,069475;0,153542;0,395098;0,008119;0,149723;0,385270;-0,071325;0,153746;0,395623;0,014093;0,148701;0,382641;-0,046459;0,153787;0,395729
00:00:14.513;318;6;6;6;5;116,660353;174,689616;168,878178;93,717537;144,109200;59,764448;-148,762101;164,981700;171,069377;-174,320419;22,437692;8,182945;48,931762;-61,931603;-0,145585;-0,242162;1,006291;-0,146800;-0,280015;1,007074;-0,143085;-0,284053;1,021598;-0,139278;-0,288073;1,036055;-0,169968;-0,269234;0,965283;-0,183804;-0,267407;0,961726;-0,199204;-0,267087;0,960577;-0,152853;-0,259971;0,979227;-0,250865;-0,248031;0,959101;-0,268112;-0,409225;1,952108;-0,166348;-0,194282;0,963578;-0,069732;-0,084637;1,073577;-0,349669;-0,034975;0,900638;0,006652;0,136851;0,899860;-0,348632;0,219658;0,818362;0,034745;0,102717;0,674664;-0,141620;0,212180;0,841789;0,053159;0,101640;0,649201;-0,075239;0,220152;0,843037;0,043194;0,090603;0,682079;-0,073325;0,213545;0,912775;0,031203;0,090257;0,692282;-0,090701;0,206845;0,914874;-0,025904;0,168078;0,476115;-0,107931;0,155461;0,400036;-0,000949;0,150809;0,388064;-0,083028;0,155206;0,399379;0,007586;0,150137;0,386336;-0,069498;0,153665;0,395414;0,007927;0,150094;0,386225;-0,071151;0,153797;0,395755;0,013750;0,148886;0,383117;-0,046425;0,153824;0,395824
00:00:14.560;319;6;6;6;5;116,190963;174,466992;168,841156;93,768273;137,210201;49,973223;-148,231959;164,761968;171,018858;-169,025017;21,702147;-8,284335;38,768562;64,341423;-0,146054;-0,241970;1,005489;-0,147312;-0,279521;1,005298;-0,143409;-0,283703;1,020339;-0,139419;-0,287971;1,035686;-0,170279;-0,268816;0,964834;-0,184488;-0,267239;0,961122;-0,199887;-0,266934;0,960025;-0,152841;-0,259797;0,979148;-0,251200;-0,247727;0,958016;-0,268747;-0,409375;1,952420;-0,166707;-0,194171;0,963026;-0,069729;-0,084908;1,073025;-0,349836;-0,035040;0,900765;0,009962;0,128416;0,851609;-0,349045;0,219590;0,818235;0,035684;0,107606;0,675482;-0,141888;0,212191;0,841863;0,053216;0,107051;0,647031;-0,075323;0,220912;0,843374;0,043080;0,096209;0,679952;-0,073442;0,213567;0,910404;0,031637;0,096256;0,690783;-0,090685;0,206752;0,914568;-0,025236;0,163342;0,461375;-0,107528;0,155184;0,399323;-0,001280;0,150800;0,388042;-0,083266;0,154746;0,398197;0,007139;0,150363;0,386918;-0,069964;0,153745;0,395619;0,007361;0,150335;0,386846;-0,071039;0,153831;0,395841;0,012881;0,149142;0,383776;-0,047573;0,153984;0,396235
00:00:14.606;320;6;6;6;5;115,939395;174,395369;168,987388;93,840613;133,575476;43,826878;-147,836039;164,623876;170,999109;-166,132569;21,453188;8,146800;34,491500;-63,858090;-0,146257;-0,241676;1,004268;-0,147697;-0,279298;1,004494;-0,143619;-0,283476;1,019520;-0,139512;-0,287904;1,035446;-0,170418;-0,268447;0,964192;-0,184864;-0,267032;0,960379;-0,200258;-0,266737;0,959316;-0,152943;-0,259870;0,979796;-0,251419;-0,247529;0,957310;-0,266258;-0,405068;1,931623;-0,166940;-0,194099;0,962667;-0,069727;-0,085084;1,072666;-0,349808;-0,035069;0,900497;0,013065;0,123012;0,823746;-0,349463;0,219640;0,818503;0,036659;0,111109;0,675663;-0,142063;0,212198;0,841911;0,054166;0,111689;0,647720;-0,075347;0,221313;0,843243;0,043300;0,100780;0,677169;-0,073575;0,213747;0,909562;0,031952;0,101049;0,690509;-0,090710;0,206770;0,914719;-0,024801;0,160510;0,451794;-0,107454;0,155276;0,399560;-0,001717;0,150930;0,388377;-0,084171;0,154992;0,398828;0,006407;0,150511;0,387297;-0,070267;0,153796;0,395752;0,006551;0,150492;0,387250;-0,070934;0,152356;0,392046;0,011879;0,149309;0,384204;-0,048997;0,154088;0,396503
00:00:14.653;321;6;6;6;5;115,811594;174,204412;169,167532;93,896932;135,842867;46,515702;-147,417723;164,340453;170,988027;-169,279158;21,675287;8,236776;35,280091;-59,858218;-0,146804;-0,241233;1,002424;-0,147895;-0,279055;1,003621;-0,143706;-0,283231;1,018638;-0,139524;-0,287764;1,034940;-0,170509;-0,268207;0,963775;-0,185108;-0,266898;0,959896;-0,200572;-0,266160;0,959206;-0,152954;-0,259824;0,979867;-0,251376;-0,247219;0,956152;-0,266010;-0,402709;1,920205;-0,167091;-0,194052;0,962433;-0,069138;-0,085837;1,072783;-0,349654;-0,035074;0,899973;0,016524;0,125635;0,844135;-0,349735;0,219672;0,818677;0,037699;0,113831;0,676131;-0,142058;0,212026;0,841242;0,055306;0,116145;0,649918;-0,075299;0,221390;0,842458;0,044231;0,104957;0,675710;-0,073144;0,213864;0,909016;0,032889;0,104779;0,689281;-0,090553;0,206905;0,913068;-0,024705;0,158785;0,444516;-0,107634;0,155336;0,399714;-0,002451;0,151287;0,389295;-0,085665;0,154743;0,398188;0,005052;0,150878;0,388243;-0,072492;0,153830;0,395839;0,005146;0,150866;0,388213;-0,073583;0,153302;0,394480;0,009714;0,149961;0,385883;-0,051680;0,154020;0,396327
00:00:14.701;322;6;6;6;5;115,729008;174,294738;169,284750;93,934259;134,891188;44,525642;-147,141810;164,232020;170,980999;-168,826927;21,695882;-8,331019;34,659640;58,909964;-0,147056;-0,240776;1,000526;-0,148024;-0,278898;1,003054;-0,143763;-0,283071;1,018065;-0,139930;-0,287283;1,033211;-0,171054;-0,267953;0,963154;-0,185267;-0,266811;0,959583;-0,200777;-0,265785;0,959134;-0,152962;-0,259795;0,979914;-0,251533;-0,247199;0,956099;-0,269618;-0,406828;1,939733;-0,167129;-0,193950;0,961932;-0,068755;-0,086327;1,072859;-0,349554;-0,035077;0,899633;0,019181;0,124337;0,837088;-0,349911;0,219693;0,818790;0,038395;0,116434;0,676785;-0,142055;0,211915;0,840807;0,056357;0,119650;0,650647;-0,075269;0,221439;0,841948;0,045220;0,108438;0,674761;-0,072836;0,213858;0,908310;0,033853;0,107870;0,687783;-0,089932;0,206992;0,911994;-0,024624;0,157782;0,439435;-0,107751;0,155375;0,399814;-0,003147;0,151383;0,389542;-0,087018;0,154853;0,398472;0,003727;0,150981;0,388508;-0,075009;0,155076;0,399045;0,003788;0,150973;0,388488;-0,076039;0,154461;0,397462;0,007859;0,150249;0,386624;-0,053978;0,154247;0,396913
00:00:14.747;323;6;6;6;5;116,517503;174,527068;169,286691;94,049957;136,481851;46,809194;-148,488652;164,259745;170,998994;-171,141389;22,323951;8,657374;34,217192;-55,015812;-0,147375;-0,240732;1,000342;-0,148056;-0,278698;1,002335;-0,143750;-0,282871;1,017342;-0,140146;-0,286873;1,031737;-0,171408;-0,267789;0,962750;-0,185438;-0,266851;0,959729;-0,200836;-0,265445;0,958737;-0,152912;-0,259683;0,979594;-0,251727;-0,247276;0,956414;-0,269908;-0,406422;1,937727;-0,167700;-0,193885;0,961606;-0,068462;-0,086588;1,072208;-0,349488;-0,035079;0,899411;0,021442;0,126186;0,850707;-0,349876;0,220078;0,818513;0,039254;0,117802;0,677560;-0,141575;0,211842;0,840525;0,057475;0,122064;0,651820;-0,075374;0,221840;0,843016;0,046195;0,110581;0,673445;-0,072636;0,213853;0,907852;0,034479;0,109879;0,686809;-0,089529;0,207049;0,911296;-0,026084;0,166775;0,462733;-0,107827;0,155400;0,399879;-0,003599;0,151445;0,389702;-0,088204;0,155061;0,399007;0,002643;0,150912;0,388330;-0,076736;0,155614;0,400430;0,002683;0,150907;0,388317;-0,077724;0,154942;0,398700;0,006434;0,150436;0,387106;-0,055368;0,154123;0,396593
00:00:14.795;324;6;6;6;5;117,011697;174,743369;169,115415;94,079293;134,098845;43,014611;-149,551356;164,343048;171,010713;-169,034041;22,357654;-8,830541;33,256222;53,031273;-0,147531;-0,240619;0,999872;-0,148129;-0,278665;1,002218;-0,143792;-0,282837;1,017222;-0,140334;-0,286704;1,031129;-0,171638;-0,267682;0,962487;-0,185550;-0,266878;0,959824;-0,200801;-0,265672;0,958129;-0,153271;-0,259332;0,978336;-0,252038;-0,247507;0,957319;-0,268481;-0,403736;1,924872;-0,168010;-0,193771;0,961044;-0,068271;-0,086758;1,071786;-0,349718;-0,035108;0,899967;0,022523;0,123141;0,830860;-0,349854;0,220328;0,818334;0,039813;0,118305;0,678064;-0,141263;0,211795;0,840341;0,058234;0,123327;0,652933;-0,075380;0,221917;0,843010;0,046829;0,111592;0,672589;-0,072479;0,213768;0,907204;0,034904;0,110852;0,686526;-0,089233;0,207006;0,910492;-0,027073;0,172874;0,478576;-0,107687;0,155145;0,399222;-0,004124;0,151758;0,390506;-0,088896;0,155060;0,399005;0,001939;0,151003;0,388565;-0,077423;0,155556;0,400279;0,001965;0,151000;0,388556;-0,078748;0,155119;0,399155;0,005510;0,150694;0,387769;-0,056272;0,154043;0,396386
00:00:14.841;325;6;6;6;5;117,414579;174,958643;169,090472;94,143710;132,601473;40,267360;-150,213555;164,401534;171,018506;-167,566802;21,309435;9,477357;31,868309;53,189797;-0,147580;-0,240462;0,999217;-0,148124;-0,279117;1,001792;-0,143769;-0,283297;1,016795;-0,140360;-0,286985;1,030034;-0,171850;-0,268257;0,962667;-0,185690;-0,267539;0,960235;-0,200852;-0,265916;0,958084;-0,153168;-0,260032;0,978918;-0,252240;-0,247657;0,957907;-0,272350;-0,409184;1,950817;-0,168211;-0,194244;0,960678;-0,068147;-0,086868;1,071511;-0,349731;-0,035113;0,899979;0,023214;0,121110;0,817609;-0,349839;0,220491;0,818217;0,040176;0,119018;0,678392;-0,141656;0,211941;0,840922;0,058663;0,124015;0,652957;-0,075799;0,221782;0,842307;0,047241;0,112249;0,672033;-0,072376;0,213713;0,906782;0,035181;0,111485;0,686342;-0,089558;0,206978;0,909970;-0,028087;0,177638;0,490275;-0,107596;0,154978;0,398794;-0,004465;0,151961;0,391029;-0,089266;0,154924;0,398653;0,001482;0,151062;0,388717;-0,077801;0,155382;0,399831;0,001499;0,151060;0,388712;-0,079273;0,154962;0,398751;0,005131;0,150861;0,388200;-0,056635;0,153990;0,396251
00:00:14.887;326;6;6;6;5;117,654425;175,241489;168,983341;94,180368;129,693831;34,531199;-150,670470;164,529026;171,019421;-164,303175;20,660671;10,264687;28,194260;-60,121012;-0,147664;-0,240444;0,999141;-0,148173;-0,279508;1,001865;-0,143804;-0,283693;1,016867;-0,140473;-0,287363;1,030022;-0,172050;-0,268730;0,963133;-0,185781;-0,267969;0,960503;-0,200885;-0,266075;0,958055;-0,153046;-0,260394;0,978947;-0,252463;-0,247846;0,958640;-0,270068;-0,405531;1,933381;-0,168404;-0,194622;0,960791;-0,068044;-0,086303;1,070982;-0,349740;-0,035116;0,899986;0,023512;0,117045;0,790446;-0,349680;0,220503;0,817791;0,040755;0,119358;0,677905;-0,142810;0,211947;0,840949;0,058719;0,123991;0,650522;-0,076996;0,221602;0,841499;0,047534;0,112736;0,672021;-0,072825;0,213677;0,906509;0,035397;0,112011;0,686922;-0,090357;0,207120;0,910331;-0,028726;0,180607;0,497529;-0,107859;0,155007;0,398866;-0,004692;0,152229;0,391719;-0,089654;0,154699;0,398074;0,001185;0,151101;0,388816;-0,078274;0,155269;0,399540;0,001196;0,151100;0,388813;-0,079911;0,154996;0,398838;0,004885;0,150970;0,388480;-0,056819;0,153820;0,395813
00:00:14.934;327;6;6;6;5;117,839986;175,424696;168,913749;94,204863;127,852365;30,010996;-150,976125;164,611182;171,020186;-162,124016;19,936611;10,176654;26,176517;69,554387;-0,147666;-0,240916;0,998742;-0,148205;-0,280332;1,001912;-0,143876;-0,284628;1,017263;-0,140594;-0,287706;1,030364;-0,172243;-0,269684;0,963787;-0,185975;-0,268444;0,961377;-0,201600;-0,266920;0,958735;-0,153021;-0,260723;0,979316;-0,252608;-0,247968;0,959116;-0,271130;-0,408085;1,940248;-0,168652;-0,195559;0,961564;-0,067978;-0,085935;1,070638;-0,349746;-0,035118;0,899991;0,023694;0,113931;0,772440;-0,349576;0,220510;0,817514;0,041110;0,119517;0,677238;-0,143560;0,211951;0,840967;0,058596;0,123276;0,647189;-0,077675;0,221209;0,839925;0,047825;0,112904;0,673414;-0,073632;0,213653;0,906331;0,035556;0,112019;0,687649;-0,090911;0,207291;0,910915;-0,029141;0,182536;0,502244;-0,108448;0,155297;0,399613;-0,004830;0,152131;0,391467;-0,089826;0,154417;0,397348;0,000991;0,151126;0,388880;-0,078581;0,155195;0,399351;0,000999;0,151125;0,388878;-0,080469;0,155290;0,399595;0,004725;0,151041;0,388662;-0,057267;0,153981;0,396228
00:00:14.981;328;6;6;6;5;117,902960;175,584385;168,962763;94,236212;125,451063;24,871409;-150,911364;164,683581;171,009761;-158,568214;20,035259;10,383929;26,821577;82,039779;-0,147565;-0,242186;0,997782;-0,148225;-0,281438;1,001943;-0,143873;-0,285716;1,017171;-0,140578;-0,288320;1,029887;-0,172494;-0,271051;0,964911;-0,186237;-0,269498;0,962645;-0,202212;-0,267664;0,959878;-0,153060;-0,261030;0,979905;-0,252703;-0,248594;0,959425;-0,269227;-0,406906;1,926161;-0,168813;-0,196715;0,962067;-0,067956;-0,085724;1,070765;-0,349613;-0,035106;0,899644;0,022938;0,109755;0,746036;-0,349509;0,220515;0,817334;0,040577;0,117005;0,670505;-0,143987;0,211866;0,840629;0,057847;0,119648;0,637673;-0,078593;0,220953;0,838901;0,047863;0,111518;0,672219;-0,074186;0,213721;0,906565;0,035586;0,111016;0,686722;-0,091272;0,207403;0,911295;-0,029001;0,182739;0,503208;-0,108926;0,155621;0,400448;-0,004468;0,151796;0,390604;-0,089645;0,154505;0,397576;0,001309;0,151142;0,388922;-0,078326;0,155147;0,399228;0,001313;0,151142;0,388921;-0,080235;0,155209;0,399387;0,005059;0,150951;0,388430;-0,057056;0,153950;0,396148
00:00:15.028;329;6;6;6;5;117,945092;175,619692;169,093756;94,274193;124,015584;23,217572;-150,728803;164,650758;170,997284;-156,007226;20,291861;10,176244;35,802891;84,942547;-0,147447;-0,243493;0,996808;-0,148290;-0,282827;1,002313;-0,143822;-0,286902;1,016761;-0,140567;-0,289304;1,029576;-0,172782;-0,272689;0,966342;-0,187025;-0,270831;0,963819;-0,202684;-0,268794;0,960971;-0,153085;-0,261229;0,980288;-0,252764;-0,249001;0,959627;-0,271905;-0,413230;1,945005;-0,168918;-0,197467;0,962393;-0,067987;-0,086253;1,071547;-0,349527;-0,035098;0,899419;0,022029;0,106938;0,728173;-0,349615;0,220612;0,817567;0,040020;0,113300;0,662628;-0,144265;0,211810;0,840409;0,057519;0,115830;0,633237;-0,079257;0,220971;0,838936;0,047483;0,108656;0,671092;-0,075003;0,213599;0,906017;0,035233;0,108468;0,686469;-0,091954;0,207316;0,910842;-0,028622;0,182870;0,503835;-0,109046;0,155560;0,400291;-0,003790;0,151577;0,390042;-0,088621;0,154563;0,397725;0,002396;0,151017;0,388600;-0,076658;0,153892;0,395998;0,002399;0,151016;0,388599;-0,078611;0,154476;0,397501;0,006166;0,151028;0,388630;-0,056194;0,153794;0,395747
00:00:15.074;330;6;6;6;5;117,959479;175,854031;169,152355;94,179065;123,174061;22,764229;-150,598045;164,704605;170,973479;-154,151913;20,550401;10,173821;44,935992;83,185970;-0,147525;-0,244601;0,997225;-0,148384;-0,284401;1,002903;-0,143838;-0,287773;1,016845;-0,140560;-0,290529;1,029375;-0,172969;-0,274306;0,967273;-0,187605;-0,272347;0,964933;-0,203139;-0,270275;0,962381;-0,153156;-0,262011;0,980887;-0,252988;-0,249447;0,960457;-0,272177;-0,415087;1,946753;-0,168986;-0,198504;0,962606;-0,068007;-0,086597;1,072056;-0,349471;-0,035093;0,899272;0,020252;0,105107;0,716563;-0,349684;0,220210;0,817719;0,038960;0,110637;0,658208;-0,144445;0,211774;0,840266;0,056625;0,111984;0,630704;-0,079755;0,221167;0,839658;0,047284;0,104613;0,671060;-0,075505;0,213438;0,905311;0,034614;0,104860;0,686305;-0,092433;0,207339;0,910897;-0,028376;0,182668;0,504243;-0,109124;0,155521;0,400189;-0,003349;0,151436;0,389678;-0,087574;0,155144;0,399221;0,003550;0,151071;0,388740;-0,075574;0,153076;0,393899;0,003552;0,151071;0,388739;-0,077556;0,154000;0,396276;0,007983;0,150943;0,388409;-0,053923;0,153965;0,396185
00:00:15.121;331;6;6;6;5;117,092216;176,003621;169,112426;94,094630;131,898027;42,773485;-149,210866;164,784449;170,947955;-165,494113;20,992248;-10,129417;47,000312;68,756939;-0,147577;-0,245890;0,997497;-0,148497;-0,286096;1,003637;-0,143849;-0,288918;1,016899;-0,140555;-0,291911;1,029244;-0,173154;-0,276008;0,968227;-0,187982;-0,273883;0,965656;-0,203287;-0,271587;0,962598;-0,153257;-0,262613;0,981627;-0,253226;-0,250377;0,961347;-0,226543;-0,346558;1,620290;-0,169030;-0,199726;0,962744;-0,068042;-0,086849;1,072736;-0,349571;-0,035103;0,899527;0,019349;0,118925;0,811566;-0,349728;0,219949;0,817817;0,038411;0,106313;0,657785;-0,144563;0,211751;0,840173;0,055839;0,106546;0,630808;-0,080113;0,220908;0,840478;0,047136;0,096701;0,665439;-0,075890;0,212982;0,905552;0,034337;0,097945;0,680948;-0,092780;0,206915;0,911283;-0,026803;0,173068;0,478958;-0,109174;0,155495;0,400123;-0,003060;0,151208;0,389090;-0,086744;0,155250;0,399494;0,004516;0,150971;0,388481;-0,073697;0,152410;0,392184;0,004517;0,150970;0,388480;-0,075584;0,152874;0,393379;0,009559;0,150343;0,386866;-0,052221;0,154075;0,396470
00:00:15.168;332;6;6;6;5;116,583722;176,317100;169,105087;94,079493;137,717719;52,337264;-148,079849;164,861765;170,898066;-170,474354;20,485317;9,768890;57,539201;-67,254501;-0,147817;-0,247646;0,999073;-0,149038;-0,286996;1,003414;-0,144384;-0,290140;1,016584;-0,140648;-0,293010;1,029858;-0,173273;-0,277115;0,968848;-0,188228;-0,274881;0,966127;-0,203457;-0,272540;0,963089;-0,153771;-0,262817;0,981407;-0,253565;-0,251164;0,962626;-0,197224;-0,302543;1,410538;-0,169182;-0,200667;0,963533;-0,068109;-0,087070;1,073879;-0,349500;-0,035096;0,899343;0,015804;0,127317;0,858268;-0,349608;0,219685;0,817531;0,038780;0,099717;0,657161;-0,146135;0,211824;0,840462;0,057382;0,097489;0,629825;-0,080791;0,220648;0,840661;0,050703;0,086779;0,669835;-0,077202;0,212252;0,906059;0,037612;0,088367;0,683766;-0,094450;0,206402;0,910484;-0,025820;0,167079;0,463223;-0,109207;0,155478;0,400080;-0,002877;0,151331;0,389409;-0,086888;0,155319;0,399671;0,005155;0,151177;0,389013;-0,073048;0,152249;0,391770;0,005155;0,151177;0,389012;-0,074654;0,152415;0,392197;0,010584;0,149953;0,385863;-0,051115;0,154148;0,396656
00:00:15.216;333;6;6;6;5;116,227726;176,278220;169,108841;94,214727;145,625812;64,771048;-147,249984;164,906593;170,855324;-176,525041;20,228657;-9,355475;48,496460;-62,709116;-0,148077;-0,248963;1,000797;-0,149442;-0,287682;1,003619;-0,144833;-0,291136;1,017080;-0,140851;-0,294025;1,031308;-0,173414;-0,277935;0,969601;-0,188455;-0,275630;0,966782;-0,203715;-0,273358;0,964108;-0,154161;-0,263043;0,981615;-0,253601;-0,251492;0,962757;-0,177971;-0,274210;1,272800;-0,169219;-0,201754;0,963697;-0,068765;-0,087213;1,074621;-0,349453;-0,035091;0,899223;0,012571;0,138511;0,911374;-0,349529;0,219514;0,817345;0,043316;0,087933;0,664104;-0,147698;0,211480;0,841000;0,064720;0,083934;0,631286;-0,081333;0,220753;0,841829;0,059156;0,072203;0,672343;-0,078571;0,211777;0,906388;0,046014;0,073123;0,685598;-0,095610;0,206226;0,910665;-0,025103;0,162684;0,451595;-0,109324;0,155603;0,400402;-0,003195;0,151140;0,388916;-0,087742;0,155500;0,400136;0,005117;0,151040;0,388658;-0,073227;0,152008;0,391150;0,005118;0,151039;0,388658;-0,075774;0,153340;0,394578;0,010813;0,149700;0,385211;-0,050622;0,154194;0,396776
00:00:15.263;334;6;6;6;5;116,024435;176,321159;169,041536;94,312561;151,395448;73,348867;-146,669150;164,988977;170,806620;179,830306;19,872397;-8,675431;50,229673;59,991744;-0,148660;-0,249556;1,000868;-0,149809;-0,288330;1,004453;-0,145274;-0,292085;1,018452;-0,141127;-0,294985;1,033300;-0,173505;-0,278468;0,970091;-0,188603;-0,276117;0,967208;-0,203809;-0,273791;0,964420;-0,154862;-0,263560;0,981050;-0,253809;-0,252438;0,963542;-0,165456;-0,255793;1,183270;-0,169243;-0,202460;0,963803;-0,069237;-0,087363;1,075804;-0,349559;-0,035102;0,899495;0,009898;0,145843;0,946243;-0,349478;0,219402;0,817224;0,048605;0,077221;0,668968;-0,150152;0,211257;0,841350;0,072615;0,072740;0,633986;-0,082201;0,220433;0,842939;0,069081;0,059890;0,678523;-0,080493;0,211469;0,906602;0,055618;0,060583;0,688889;-0,097842;0,205954;0,910082;-0,024715;0,160330;0,445437;-0,109532;0,155549;0,400261;-0,004279;0,150879;0,388245;-0,088568;0,154529;0,397638;0,003992;0,151222;0,389128;-0,075280;0,153484;0,394948;0,003770;0,151222;0,389128;-0,077922;0,154486;0,397526;0,010128;0,150215;0,386537;-0,050798;0,154361;0,397205
00:00:15.311;335;6;6;6;5;115,896124;176,316611;169,006180;94,388617;155,619056;79,389347;-146,206976;165,014115;170,764678;177,369265;19,674336;8,633247;54,677124;-56,562122;-0,149091;-0,250029;1,001264;-0,150100;-0,288851;1,005344;-0,145611;-0,292803;1,019694;-0,141800;-0,295408;1,033895;-0,173690;-0,279016;0,971109;-0,188768;-0,276534;0,967836;-0,203870;-0,274621;0,964623;-0,155373;-0,263991;0,981032;-0,253944;-0,253053;0,964052;-0,157273;-0,243746;1,124725;-0,169197;-0,202846;0,963522;-0,069567;-0,087489;1,076922;-0,349628;-0,035109;0,899672;0,008168;0,150884;0,970658;-0,349445;0,219330;0,817146;0,054157;0,068168;0,670029;-0,152226;0,211112;0,841578;0,079502;0,063799;0,637841;-0,083246;0,220224;0,843660;0,076916;0,049860;0,681140;-0,081775;0,211350;0,907092;0,063759;0,050422;0,690328;-0,099769;0,205698;0,909353;-0,024462;0,158799;0,441434;-0,109668;0,155513;0,400170;-0,005223;0,151118;0,388859;-0,089571;0,154307;0,397065;0,003036;0,151069;0,388733;-0,076982;0,154715;0,398116;0,002892;0,151069;0,388733;-0,079619;0,155366;0,399792;0,009226;0,150278;0,386699;-0,051139;0,154469;0,397483
00:00:15.360;336;6;6;6;5;115,780540;176,064392;168,766239;94,301714;159,030084;84,541174;-146,173723;165,077670;170,824191;174,747601;19,472843;8,056981;60,972033;52,721812;-0,149424;-0,250424;1,001872;-0,150394;-0,289391;1,006624;-0,145931;-0,293471;1,021201;-0,142285;-0,295784;1,034632;-0,173872;-0,279473;0,972121;-0,188875;-0,277356;0,968243;-0,204058;-0,275361;0,965455;-0,155705;-0,264271;0,981021;-0,254032;-0,253453;0,964384;-0,151953;-0,235915;1,086672;-0,169229;-0,203170;0,963689;-0,070395;-0,087571;1,077650;-0,350081;-0,035155;0,900837;0,008823;0,154879;0,991078;-0,349108;0,219376;0,817445;0,058809;0,060563;0,673519;-0,153574;0,211018;0,841726;0,086555;0,054221;0,645247;-0,083890;0,219998;0,843779;0,084505;0,038756;0,686691;-0,083092;0,211191;0,907060;0,070982;0,040057;0,697563;-0,101022;0,205532;0,908880;-0,024356;0,157933;0,439882;-0,109432;0,155354;0,399760;-0,005614;0,151273;0,389259;-0,090223;0,154162;0,396692;0,002414;0,150833;0,388127;-0,078038;0,154971;0,398775;0,002100;0,150833;0,388126;-0,081328;0,156211;0,401965;0,008640;0,150319;0,386804;-0,051587;0,154539;0,397664
00:00:15.404;337;6;6;6;5;115,698339;175,940680;168,788755;94,282825;161,166241;88,154466;-145,959403;165,097476;170,867737;172,749662;19,329997;7,685599;61,619021;51,183480;-0,149329;-0,251119;1,004017;-0,150637;-0,289843;1,007805;-0,146138;-0,293906;1,022181;-0,142601;-0,296028;1,035111;-0,174054;-0,279871;0,973129;-0,189012;-0,277439;0,968858;-0,204180;-0,275291;0,965996;-0,156366;-0,264264;0,980314;-0,254089;-0,253713;0,964600;-0,148643;-0,231054;1,062987;-0,169250;-0,203381;0,963798;-0,070957;-0,087653;1,078472;-0,350239;-0,035170;0,901244;0,011016;0,157586;1,005051;-0,349038;0,219501;0,817989;0,062607;0,055096;0,679637;-0,154451;0,210956;0,841822;0,092695;0,046136;0,650410;-0,084344;0,219942;0,844207;0,091543;0,029617;0,693799;-0,083882;0,210925;0,906339;0,076717;0,031268;0,700866;-0,101757;0,205265;0,907872;-0,024001;0,157120;0,438173;-0,109279;0,155251;0,399494;-0,005852;0,150966;0,388468;-0,090582;0,154340;0,397150;0,002007;0,150408;0,387032;-0,078953;0,155138;0,399204;0,001584;0,150408;0,387032;-0,082522;0,156487;0,402677;0,008020;0,149938;0,385823;-0,052237;0,154313;0,397082
00:00:15.450;338;6;6;6;5;115,649223;175,871405;168,906454;94,281462;159,835911;88,636576;-145,503357;164,985142;170,875807;172,391382;19,777453;7,460762;43,134070;-47,764528;-0,149422;-0,251834;1,006461;-0,150796;-0,290137;1,008574;-0,146273;-0,294188;1,022817;-0,142854;-0,296287;1,035772;-0,174171;-0,280130;0,973784;-0,188550;-0,277493;0,969258;-0,203782;-0,275346;0,966697;-0,157240;-0,264070;0,979154;-0,254126;-0,253882;0,964740;-0,146540;-0,227970;1,047941;-0,169263;-0,203518;0,963869;-0,070776;-0,087175;1,080057;-0,350206;-0,035167;0,901158;0,016239;0,157468;1,002233;-0,348992;0,219582;0,818343;0,067921;0,051310;0,699364;-0,154541;0,210916;0,841884;0,098706;0,038745;0,656917;-0,084710;0,220087;0,845184;0,098051;0,020874;0,700519;-0,084429;0,210833;0,906220;0,082147;0,023593;0,706863;-0,102275;0,205171;0,907567;-0,023523;0,156592;0,437063;-0,109275;0,155319;0,399671;-0,005989;0,150358;0,386904;-0,090815;0,154455;0,397448;0,001743;0,150131;0,386321;-0,079988;0,155654;0,400533;0,001468;0,150131;0,386321;-0,083529;0,156667;0,403140;0,007835;0,149690;0,385185;-0,052754;0,154438;0,397403
00:00:15.497;339;6;6;6;5;115,636151;175,779091;168,999036;94,266506;158,687536;89,358041;-145,056438;165,021249;170,861668;171,665870;20,044694;7,818059;36,313083;-46,486596;-0,149483;-0,252298;1,008050;-0,150898;-0,290328;1,009073;-0,146361;-0,294371;1,023231;-0,143068;-0,296555;1,036552;-0,174248;-0,280298;0,974209;-0,188249;-0,277528;0,969518;-0,203524;-0,275381;0,967153;-0,157808;-0,263944;0,978400;-0,253693;-0,254083;0,965181;-0,145173;-0,225966;1,038162;-0,168723;-0,203607;0,963915;-0,070703;-0,086920;1,081787;-0,350185;-0,035165;0,901103;0,022494;0,157503;1,001101;-0,348962;0,219634;0,818573;0,073246;0,047268;0,713937;-0,153705;0,210978;0,842275;0,104878;0,031715;0,663246;-0,084465;0,220182;0,845820;0,104694;0,013155;0,709788;-0,083817;0,210937;0,906843;0,087972;0,017002;0,715661;-0,102095;0,205110;0,907368;-0,023212;0,156000;0,436341;-0,109464;0,155636;0,400486;-0,005641;0,149963;0,385888;-0,090820;0,154666;0,397991;0,001792;0,150088;0,386209;-0,080290;0,155718;0,400696;0,001394;0,150088;0,386209;-0,084035;0,156512;0,402741;0,007729;0,149801;0,385470;-0,053090;0,154519;0,397612
00:00:15.545;340;6;6;6;5;115,655329;175,567882;169,102061;94,363962;158,951244;91,629088;-144,647331;165,113569;170,849849;170,129300;20,794469;-7,877123;28,579477;-41,819570;-0,149574;-0,252688;1,009432;-0,150965;-0,290452;1,009397;-0,146468;-0,294591;1,023850;-0,143206;-0,296730;1,037059;-0,174298;-0,280407;0,974486;-0,187986;-0,277451;0,969336;-0,202732;-0,275305;0,967100;-0,158233;-0,263957;0,978260;-0,252861;-0,254215;0,965468;-0,144284;-0,224663;1,031805;-0,168494;-0,203813;0,964645;-0,070702;-0,086811;1,083612;-0,350171;-0,035164;0,901067;0,028553;0,159264;1,007716;-0,348943;0,220134;0,818722;0,080561;0,044344;0,734259;-0,152619;0,210931;0,842179;0,114115;0,025808;0,676810;-0,084272;0,220152;0,845883;0,113042;0,006884;0,717562;-0,083451;0,211085;0,907598;0,096127;0,011479;0,728380;-0,101655;0,205466;0,908989;-0,022762;0,155616;0,435871;-0,109778;0,156114;0,401716;-0,005415;0,149706;0,385227;-0,091142;0,155348;0,399744;0,001826;0,150195;0,386486;-0,080715;0,155759;0,400803;0,001346;0,150195;0,386486;-0,084891;0,156956;0,403882;0,007667;0,150009;0,386006;-0,053487;0,154436;0,397398
00:00:15.591;341;6;6;6;5;115,629692;175,344612;169,170021;94,430616;158,229339;92,414362;-144,327619;165,321241;170,841134;169,276604;20,471443;-8,437533;27,139385;40,552908;-0,149467;-0,253642;1,013131;-0,151113;-0,290159;1,010308;-0,146688;-0,294452;1,025303;-0,143393;-0,297043;1,038088;-0,173775;-0,280478;0,974666;-0,187465;-0,277701;0,970269;-0,201812;-0,275454;0,967765;-0,158510;-0,263965;0,978169;-0,251771;-0,254300;0,965654;-0,143609;-0,223664;1,026973;-0,167795;-0,203947;0,965119;-0,070701;-0,086121;1,084798;-0,350162;-0,035163;0,901044;0,034064;0,159796;1,008165;-0,348931;0,220460;0,818820;0,087331;0,041499;0,746068;-0,151558;0,211075;0,842816;0,122447;0,021164;0,685276;-0,083596;0,219951;0,845224;0,121876;0,001927;0,727515;-0,082239;0,211344;0,908789;0,103995;0,007034;0,736647;-0,100812;0,205618;0,909693;-0,022470;0,155366;0,435566;-0,109886;0,156289;0,402165;-0,005264;0,149403;0,384448;-0,090964;0,155519;0,400184;0,001842;0,149857;0,385616;-0,081134;0,156058;0,401572;0,001313;0,149993;0,385966;-0,085299;0,156972;0,403923;0,007847;0,150144;0,386354;-0,053519;0,154382;0,397259
00:00:15.637;342;6;6;6;5;115,587416;175,071483;169,382915;94,566644;156,874621;92,439347;-143,780107;165,336299;170,729108;169,000714;20,556491;8,733169;24,472476;37,260097;-0,149346;-0,254175;1,015185;-0,150841;-0,290368;1,012300;-0,146831;-0,294361;1,026247;-0,143514;-0,297247;1,038757;-0,173004;-0,280170;0,975483;-0,186640;-0,277964;0,971225;-0,200805;-0,275751;0,968897;-0,158804;-0,264159;0,978810;-0,251062;-0,254356;0,965775;-0,188256;-0,295004;1,354233;-0,167341;-0,204034;0,965427;-0,070791;-0,085781;1,086968;-0,350156;-0,035162;0,901028;0,039232;0,159696;1,005658;-0,349538;0,220765;0,819233;0,095484;0,038990;0,758644;-0,150388;0,211169;0,843230;0,131340;0,017424;0,696030;-0,083191;0,219911;0,845146;0,131073;-0,002176;0,736435;-0,081422;0,211432;0,909213;0,113430;0,003262;0,747270;-0,099746;0,205717;0,910151;-0,021998;0,154955;0,434668;-0,109633;0,156266;0,402108;-0,005174;0,149478;0,384641;-0,090698;0,155766;0,400819;0,001856;0,149909;0,385750;-0,081548;0,156524;0,402772;0,001294;0,150134;0,386328;-0,085564;0,156982;0,403950;0,007963;0,150232;0,386580;-0,053314;0,154347;0,397168
00:00:15.684;343;6;6;6;5;115,543281;174,877728;169,346783;94,525538;155,718814;91,859750;-143,364487;165,487458;170,718466;168,567435;21,243016;9,630497;25,361803;35,309641;-0,148789;-0,254696;1,017220;-0,150664;-0,290505;1,013595;-0,146923;-0,294302;1,026860;-0,143642;-0,297480;1,039542;-0,172502;-0,279969;0,976014;-0,186170;-0,278235;0,972196;-0,200295;-0,276142;0,970333;-0,159052;-0,264380;0,979576;-0,250232;-0,254576;0,966554;-0,217373;-0,341528;1,567651;-0,167046;-0,204090;0,965628;-0,070896;-0,084993;1,089079;-0,350288;-0,035689;0,901368;0,043767;0,158600;1,004727;-0,349317;0,220870;0,819151;0,106349;0,036974;0,768219;-0,149627;0,211230;0,843500;0,142860;0,015491;0,708619;-0,082615;0,220341;0,846845;0,143782;-0,004498;0,749583;-0,079943;0,211732;0,910538;0,125733;0,001232;0,759076;-0,098683;0,206098;0,911848;-0,021230;0,154689;0,434784;-0,109372;0,156116;0,401720;-0,004889;0,149255;0,384067;-0,089839;0,155926;0,401233;0,002302;0,149807;0,385488;-0,081056;0,156691;0,403202;0,001720;0,150089;0,386213;-0,084973;0,156853;0,403618;0,008911;0,150153;0,386377;-0,052909;0,154188;0,396759
00:00:15.731;344;6;6;6;5;115,539718;174,687380;169,339521;94,498999;155,462221;91,759720;-142,995115;165,523710;170,692507;167,791663;21,078652;10,325373;23,936943;-32,059406;-0,148528;-0,254629;1,019243;-0,150497;-0,290493;1,014087;-0,146934;-0,294163;1,026909;-0,143724;-0,297631;1,040052;-0,172238;-0,279939;0,976709;-0,185865;-0,277857;0,972827;-0,199963;-0,276397;0,971267;-0,159213;-0,264524;0,980075;-0,249692;-0,254719;0,967060;-0,236299;-0,371768;1,706373;-0,166854;-0,204127;0,965758;-0,071009;-0,084535;1,091152;-0,350374;-0,036031;0,901589;0,046951;0,157442;1,008673;-0,349174;0,220938;0,819098;0,115624;0,036341;0,779692;-0,149133;0,211269;0,843675;0,153407;0,015150;0,721003;-0,081724;0,220529;0,847599;0,154324;-0,005129;0,758479;-0,078375;0,212202;0,910350;0,135813;0,000357;0,766049;-0,097954;0,206266;0,912601;-0,020779;0,154639;0,435910;-0,108975;0,156018;0,401468;-0,004499;0,149654;0,385093;-0,088974;0,155486;0,400101;0,002595;0,149877;0,385667;-0,080320;0,155984;0,401381;0,001999;0,150196;0,386488;-0,084432;0,156905;0,403751;0,009526;0,150102;0,386245;-0,052420;0,154084;0,396494
00:00:15.778;345;6;6;6;5;115,467428;174,503893;169,399502;94,494974;155,707814;91,946432;-142,506365;165,520616;170,651878;166,458400;20,730024;10,411085;25,187156;-30,685142;-0,148308;-0,254497;1,020208;-0,150388;-0,290486;1,014407;-0,146940;-0,294073;1,026941;-0,143778;-0,297730;1,040384;-0,172066;-0,279919;0,977161;-0,185666;-0,277611;0,973238;-0,199604;-0,276363;0,971173;-0,159204;-0,264428;0,979699;-0,249251;-0,254720;0,967039;-0,248601;-0,391424;1,796543;-0,166239;-0,204225;0,966193;-0,071105;-0,083640;1,092849;-0,350294;-0,035726;0,901383;0,050448;0,156266;1,016137;-0,349081;0,220982;0,819064;0,125555;0,036688;0,793800;-0,148331;0,211295;0,843789;0,165541;0,015951;0,736752;-0,080499;0,220196;0,846339;0,167656;-0,004708;0,774761;-0,076923;0,212753;0,911277;0,148517;0,000692;0,780732;-0,096512;0,206534;0,913791;-0,020518;0,154603;0,437341;-0,108339;0,155410;0,399904;-0,004246;0,149913;0,385761;-0,088257;0,154929;0,398666;0,002785;0,149922;0,385784;-0,079841;0,155524;0,400198;0,002180;0,150266;0,386668;-0,084081;0,156939;0,403838;0,009927;0,150068;0,386159;-0,052057;0,153881;0,395971
00:00:15.825;346;6;6;6;5;115,408142;174,295400;169,378401;94,461119;155,565503;91,449243;-141,907514;165,328234;170,581882;165,784551;20,499920;10,969120;27,998260;27,071431;-0,148064;-0,254238;1,020135;-0,150318;-0,290481;1,014614;-0,146945;-0,294014;1,026962;-0,143813;-0,297794;1,040600;-0,171954;-0,279907;0,977455;-0,185537;-0,278006;0,973505;-0,199370;-0,276341;0,971113;-0,159198;-0,264366;0,979454;-0,248965;-0,254721;0,967025;-0,253985;-0,400083;1,836253;-0,165840;-0,204288;0,966475;-0,070633;-0,083162;1,095352;-0,350242;-0,035529;0,901249;0,053308;0,154915;1,020989;-0,348871;0,220916;0,818692;0,134344;0,036914;0,802970;-0,146909;0,211400;0,844213;0,177558;0,017452;0,751189;-0,079222;0,219979;0,845521;0,179616;-0,003978;0,785695;-0,075023;0,213356;0,912930;0,159994;0,001369;0,790276;-0,095089;0,206787;0,914914;-0,020067;0,154334;0,437572;-0,107926;0,155015;0,398888;-0,004088;0,150354;0,386894;-0,087566;0,154566;0,397733;0,002911;0,150088;0,386209;-0,079304;0,155225;0,399428;0,002298;0,150311;0,386784;-0,083622;0,156961;0,403895;0,010406;0,150047;0,386104;-0,051775;0,153613;0,395281
00:00:15.872;347;6;6;6;5;115,355551;174,334964;169,451051;94,453346;155,850097;91,698194;-141,417051;165,273504;170,540518;165,125531;20,998478;-11,149599;24,431891;26,406009;-0,148107;-0,254418;1,021488;-0,150220;-0,290377;1,014399;-0,146898;-0,293876;1,026625;-0,143739;-0,297635;1,040040;-0,171943;-0,279998;0,977996;-0,185387;-0,278162;0,973328;-0,199147;-0,276228;0,970723;-0,159251;-0,264420;0,979645;-0,248868;-0,254813;0,967367;-0,214383;-0,337763;1,550214;-0,165699;-0,204478;0,967359;-0,070326;-0,082226;1,096979;-0,350072;-0,035386;0,900812;0,054715;0,154400;1,026593;-0,348735;0,220873;0,818450;0,141375;0,037990;0,818731;-0,145925;0,211380;0,844138;0,185550;0,019778;0,761273;-0,078069;0,220294;0,846738;0,189348;-0,002117;0,798752;-0,073733;0,213585;0,913305;0,166916;0,002727;0,796129;-0,093503;0,207155;0,914244;-0,019774;0,154159;0,437722;-0,107431;0,154758;0,398227;-0,003986;0,150640;0,387631;-0,086967;0,154466;0,397476;0,002994;0,150195;0,386486;-0,078660;0,154895;0,398579;0,002595;0,150341;0,386860;-0,082881;0,156567;0,402882;0,010718;0,150033;0,386067;-0,051503;0,153847;0,395883
00:00:15.920;348;6;6;6;5;115,328947;174,198516;169,437205;94,427085;156,194094;91,483680;-140,963967;165,136648;170,481065;164,503764;21,113687;-11,763867;25,786782;20,353143;-0,148035;-0,254360;1,021667;-0,150002;-0,290010;1,013210;-0,146717;-0,293486;1,025356;-0,143594;-0,296741;1,038976;-0,171874;-0,279958;0,977997;-0,184801;-0,278364;0,973563;-0,199145;-0,276353;0,971170;-0,159172;-0,264266;0,979069;-0,248806;-0,254874;0,967588;-0,187967;-0,297102;1,363589;-0,165728;-0,204749;0,968633;-0,070193;-0,081695;1,099086;-0,350097;-0,035307;0,900878;0,055766;0,153833;1,032686;-0,348646;0,220845;0,818292;0,149424;0,040428;0,834575;-0,145285;0,211367;0,844090;0,197701;0,024069;0,782177;-0,077319;0,220498;0,847530;0,201476;0,001970;0,813189;-0,072347;0,213652;0,913198;0,237367;0,008834;1,060334;-0,092472;0,207394;0,913809;-0,019864;0,154291;0,438519;-0,107015;0,154455;0,397448;-0,004132;0,150555;0,387410;-0,086578;0,154402;0,397310;0,002827;0,150265;0,386666;-0,078241;0,154680;0,398026;0,002344;0,150088;0,386209;-0,082399;0,156311;0,402223;0,010890;0,149615;0,384994;-0,051233;0,154407;0,397324
00:00:15.967;349;6;6;6;5;115,345899;174,079825;169,519111;94,433195;156,522236;90,863600;-140,658712;165,015756;170,452581;163,939725;20,700867;12,058983;27,369554;16,440143;-0,147633;-0,253136;1,019334;-0,149859;-0,288620;1,012436;-0,146649;-0,292167;1,024882;-0,143500;-0,295570;1,038284;-0,171273;-0,279375;0,977998;-0,184421;-0,277940;0,973716;-0,198591;-0,275881;0,971461;-0,159120;-0,264166;0,978695;-0,248765;-0,254913;0,967732;-0,170987;-0,270397;1,243683;-0,165806;-0,204446;0,969812;-0,070129;-0,081375;1,100806;-0,350114;-0,035256;0,900921;0,056526;0,153073;1,038046;-0,348737;0,220922;0,818540;0,156622;0,042996;0,844874;-0,144929;0,211446;0,844408;0,208033;0,029211;0,796115;-0,076769;0,220449;0,847345;0,212421;0,007510;0,823273;-0,071446;0,213695;0,913129;0,288175;0,017269;1,234517;-0,091317;0,207629;0,913876;-0,019987;0,154616;0,440437;-0,106745;0,154258;0,396941;-0,004228;0,150499;0,387267;-0,086325;0,154768;0,398251;0,002718;0,150311;0,386783;-0,077743;0,154540;0,397667;0,002405;0,150195;0,386486;-0,081489;0,155873;0,401095;0,011220;0,149344;0,384296;-0,051057;0,154771;0,398260
00:00:16.015;350;6;6;6;5;115,388868;173,897814;169,614137;94,492612;157,207105;90,219247;-140,465744;164,971651;170,245147;163,269946;20,304458;12,167102;28,234905;8,852777;-0,147144;-0,252364;1,020267;-0,149663;-0,287519;1,011234;-0,146505;-0,291111;1,023873;-0,143342;-0,294611;1,037135;-0,170760;-0,278242;0,977299;-0,184173;-0,277111;0,973815;-0,198301;-0,275673;0,971999;-0,158973;-0,263912;0,977752;-0,248188;-0,254387;0,967826;-0,204935;-0,323147;1,495094;-0,165244;-0,204175;0,970228;-0,070087;-0,080538;1,101924;-0,349747;-0,035236;0,901298;0,056574;0,152984;1,044330;-0,349263;0,220971;0,818701;0,164975;0,047657;0,859968;-0,144758;0,212067;0,844965;0,219986;0,035551;0,817075;-0,076412;0,220417;0,847224;0,224023;0,014704;0,837177;-0,070941;0,213969;0,914134;0,261588;0,020809;1,097136;-0,090634;0,207941;0,914619;-0,020303;0,154705;0,441334;-0,106905;0,154946;0,398712;-0,004735;0,150599;0,387523;-0,086843;0,155005;0,398863;0,001987;0,150340;0,386859;-0,077802;0,154314;0,397084;0,001563;0,150265;0,386666;-0,081196;0,155724;0,400712;0,011028;0,149576;0,384892;-0,050991;0,154464;0,397469
00:00:16.063;351;6;6;5;5;115,498721;173,788054;169,832363;94,559153;158,294452;89,452525;-140,243938;164,905410;170,101386;162,686671;20,194100;-12,026685;26,975529;1,352516;-0,146727;-0,251690;1,020174;-0,149064;-0,286425;1,011152;-0,145929;-0,290623;1,023918;-0,143143;-0,293789;1,035688;-0,170488;-0,277604;0,977194;-0,183458;-0,276572;0,973880;-0,197560;-0,274985;0,972350;-0,158877;-0,263192;0,977139;-0,247812;-0,254046;0,967887;-0,181443;-0,285844;1,324961;-0,164939;-0,203520;0,970848;-0,070105;-0,080045;1,103351;-0,349374;-0,034697;0,901194;0,055598;0,153484;1,052264;-0,349754;0,221098;0,819156;0,170464;0,054943;0,872579;-0,144527;0,212294;0,844628;0,228152;0,043175;0,832099;-0,076117;0,220214;0,846446;0,231564;0,022819;0,846215;-0,070506;0,214338;0,913387;0,243336;0,026767;1,003989;-0,090190;0,208144;0,915103;-0,020931;0,155986;0,445417;-0,106821;0,155122;0,399163;-0,005065;0,150663;0,387690;-0,087562;0,155432;0,399961;0,001512;0,150359;0,386908;-0,078501;0,154574;0,397754;0,000126;0,150855;0,388183;-0,081675;0,156035;0,401513;0,010243;0,149727;0,385280;-0,051353;0,154128;0,396605
00:00:16.111;352;6;6;6;5;115,561124;173,644532;170,054817;94,712472;159,284242;88,655870;-139,862373;164,850020;169,902145;162,109061;20,206795;12,122559;27,382971;-7,552799;-0,146221;-0,251854;1,022563;-0,148623;-0,285616;1,010749;-0,145604;-0,289822;1,024296;-0,142712;-0,293258;1,036847;-0,169694;-0,277090;0,976776;-0,182374;-0,276122;0,973572;-0,196936;-0,274340;0,971877;-0,158758;-0,262630;0,976390;-0,247018;-0,253273;0,967927;-0,212976;-0,335799;1,565425;-0,164187;-0,203094;0,971251;-0,070138;-0,079749;1,104628;-0,348618;-0,034347;0,901126;0,055069;0,154112;1,059522;-0,350074;0,221180;0,819451;0,175925;0,061152;0,880076;-0,144377;0,212441;0,844408;0,235532;0,050734;0,843964;-0,075863;0,220380;0,845240;0,237939;0,031040;0,852090;-0,069783;0,214826;0,913952;0,291366;0,045044;1,167793;-0,089280;0,208556;0,914367;-0,021800;0,156452;0,447021;-0,106767;0,155236;0,399456;-0,005280;0,150705;0,387799;-0,087875;0,155437;0,399975;0,000317;0,150780;0,387990;-0,078590;0,154472;0,397490;-0,000584;0,151102;0,388819;-0,081544;0,155829;0,400983;0,009734;0,149825;0,385532;-0,051409;0,154046;0,396393
00:00:16.158;353;6;6;6;5;115,585048;173,432291;170,263421;94,589447;160,289826;87,487200;-139,456766;164,919269;169,761962;161,543776;20,523899;12,377562;31,416589;-15,655396;-0,145645;-0,250949;1,022366;-0,148234;-0,284894;1,009787;-0,145293;-0,289104;1,023843;-0,142289;-0,292617;1,036551;-0,169179;-0,276201;0,976505;-0,181605;-0,275178;0,973022;-0,195979;-0,273921;0,971570;-0,158680;-0,262264;0,975904;-0,245862;-0,252679;0,967602;-0,186426;-0,294015;1,373126;-0,163757;-0,202336;0,971863;-0,070160;-0,078927;1,105458;-0,347992;-0,034106;0,900732;0,054217;0,154825;1,066339;-0,350281;0,220767;0,819643;0,181285;0,068652;0,883900;-0,144279;0,213018;0,844265;0,243434;0,060428;0,855527;-0,075822;0,220854;0,845856;0,245476;0,041515;0,859058;-0,069312;0,215143;0,914318;0,270308;0,050495;1,062515;-0,088621;0,208664;0,913188;-0,023114;0,156888;0,447714;-0,106412;0,155174;0,399296;-0,005419;0,150733;0,387869;-0,088455;0,155305;0,399634;-0,000684;0,151189;0,389044;-0,078786;0,154677;0,398019;-0,001492;0,151399;0,389582;-0,081758;0,155832;0,400989;0,009402;0,149888;0,385696;-0,051220;0,153992;0,396256
00:00:16.205;354;6;6;6;5;115,599790;173,557923;170,628607;94,662155;161,530775;86,592171;-138,831231;164,932594;169,563689;160,998061;21,507475;12,227437;35,099366;-15,355252;-0,144787;-0,249949;1,022938;-0,147879;-0,283654;1,008461;-0,144993;-0,287859;1,022848;-0,141966;-0,291514;1,036008;-0,168288;-0,275068;0,976328;-0,180616;-0,274109;0,973014;-0,194734;-0,272446;0,971021;-0,158573;-0,261378;0,975237;-0,245199;-0,251834;0,967741;-0,214987;-0,338041;1,587632;-0,162981;-0,201361;0,972611;-0,070196;-0,077786;1,106348;-0,346804;-0,033412;0,899776;0,052594;0,155794;1,074271;-0,350416;0,220499;0,819768;0,185503;0,076677;0,887435;-0,144156;0,213303;0,843822;0,248982;0,069863;0,864442;-0,075314;0,221162;0,846256;0,250915;0,052584;0,867088;-0,068614;0,215762;0,916307;0,258020;0,058923;0,999335;-0,087806;0,209055;0,913822;-0,024243;0,157038;0,448514;-0,106180;0,155133;0,399193;-0,005510;0,150751;0,387915;-0,088832;0,155219;0,399412;-0,001335;0,151455;0,389728;-0,078914;0,154811;0,398362;-0,002083;0,151591;0,390078;-0,081898;0,155833;0,400993;0,009407;0,149930;0,385802;-0,050291;0,153549;0,395116
00:00:16.252;355;6;6;6;5;115,582263;173,331510;170,714564;94,658319;162,729161;85,233777;-138,409013;165,034965;169,398708;160,599343;22,243628;12,582343;34,303237;-12,663670;-0,144132;-0,249129;1,022610;-0,147278;-0,282666;1,009000;-0,144314;-0,287246;1,022901;-0,141660;-0,290600;1,034955;-0,167889;-0,274625;0,977263;-0,180037;-0,272958;0,973359;-0,194064;-0,271682;0,971363;-0,158617;-0,260989;0,975504;-0,244217;-0,250733;0,967832;-0,234591;-0,367144;1,734761;-0,162477;-0,200728;0,973097;-0,070873;-0,077069;1,107276;-0,346301;-0,032986;0,899854;0,050374;0,157301;1,081176;-0,350504;0,220324;0,819849;0,189440;0,087355;0,892883;-0,143596;0,213489;0,843535;0,253988;0,080968;0,869888;-0,075107;0,221729;0,847917;0,255454;0,064799;0,872307;-0,068032;0,216272;0,915850;0,250441;0,068885;0,957918;-0,086691;0,209668;0,913535;-0,025447;0,157146;0,448334;-0,106030;0,155107;0,399125;-0,005569;0,150762;0,387945;-0,089145;0,154891;0,398568;-0,001758;0,151628;0,390174;-0,078997;0,154897;0,398585;-0,002692;0,151853;0,390751;-0,082289;0,155970;0,401345;0,009409;0,149957;0,385871;-0,049265;0,154077;0,396476
00:00:16.299;356;6;6;5;5;115,515780;173,093003;170,772772;94,525069;164,187401;84,436662;-138,022731;165,242872;169,290196;160,340474;22,453986;12,770137;33,627983;3,778058;-0,143705;-0,248014;1,022396;-0,146888;-0,282023;1,009350;-0,143971;-0,286460;1,023636;-0,141204;-0,290100;1,036721;-0,167072;-0,273779;0,977871;-0,179170;-0,272307;0,973934;-0,193144;-0,271283;0,971936;-0,158091;-0,260181;0,975678;-0,243028;-0,250018;0,967891;-0,246098;-0,385913;1,829695;-0,161653;-0,199833;0,973763;-0,071313;-0,075972;1,107879;-0,345974;-0,032709;0,899905;0,047154;0,159265;1,088114;-0,350561;0,220211;0,819902;0,191846;0,097289;0,895724;-0,143173;0,214000;0,842997;0,256479;0,090666;0,869227;-0,074911;0,222398;0,848296;0,259432;0,076445;0,877450;-0,067577;0,216873;0,914502;0,245703;0,078946;0,931697;-0,085637;0,210551;0,915447;-0,026395;0,156977;0,446817;-0,105933;0,155090;0,399081;-0,005607;0,150770;0,387964;-0,089429;0,154813;0,398369;-0,002033;0,151741;0,390463;-0,079120;0,155090;0,399081;-0,003088;0,152023;0,391188;-0,082543;0,156059;0,401575;0,009622;0,149838;0,385566;-0,047943;0,153741;0,395609
00:00:16.347;357;6;6;6;5;115,445584;172,748997;170,812486;94,444799;165,442873;83,924128;-137,727615;165,472446;169,218406;160,278317;21,776787;12,752044;35,073895;6,983306;-0,143185;-0,247880;1,024708;-0,146310;-0,282092;1,011327;-0,143358;-0,286338;1,025513;-0,140861;-0,289677;1,037519;-0,166541;-0,273230;0,978266;-0,178671;-0,271981;0,974657;-0,191992;-0,271023;0,972309;-0,157804;-0,259748;0,976141;-0,241618;-0,249463;0,967579;-0,255350;-0,400903;1,904702;-0,161117;-0,199251;0,974196;-0,071599;-0,074627;1,108272;-0,345761;-0,032529;0,899938;0,044460;0,162528;1,093324;-0,350598;0,220137;0,819936;0,193276;0,107065;0,899320;-0,142957;0,214422;0,842998;0,259280;0,101193;0,874398;-0,074660;0,222463;0,847142;0,262755;0,088357;0,883242;-0,067281;0,217264;0,913626;0,243092;0,089218;0,916403;-0,084793;0,211242;0,914941;-0,027011;0,156867;0,445831;-0,105869;0,155079;0,399053;-0,005632;0,150775;0,387977;-0,089543;0,155035;0,398940;-0,002211;0,151814;0,390651;-0,078835;0,154943;0,398702;-0,003346;0,152133;0,391472;-0,082708;0,156117;0,401723;0,010428;0,149897;0,385718;-0,046186;0,153522;0,395046
00:00:16.395;358;6;6;6;5;115,363176;172,790829;170,881786;94,294292;166,685469;83,766538;-137,623834;165,802339;169,187368;160,103090;20,776271;12,506658;32,290173;-15,128981;-0,142847;-0,247792;1,026210;-0,145884;-0,282039;1,012263;-0,142959;-0,286259;1,026734;-0,140279;-0,289889;1,039787;-0,165638;-0,272873;0,978523;-0,177791;-0,271769;0,975127;-0,191244;-0,270855;0,972551;-0,157118;-0,259560;0,976791;-0,240874;-0,249282;0,968076;-0,256978;-0,402636;1,920556;-0,160711;-0,198802;0,974127;-0,071739;-0,073078;1,107827;-0,345623;-0,032412;0,899960;0,042117;0,165439;1,097761;-0,350772;0,219716;0,820309;0,193915;0,115116;0,902708;-0,142817;0,214696;0,842999;0,259425;0,110234;0,872158;-0,074375;0,222616;0,844992;0,264389;0,098413;0,885258;-0,067038;0,217869;0,912357;0,241637;0,099295;0,909262;-0,084372;0,212016;0,916012;-0,027434;0,156919;0,445540;-0,105735;0,154936;0,398684;-0,007175;0,150506;0,387285;-0,089461;0,154907;0,398611;-0,001879;0,151453;0,389723;-0,078423;0,154847;0,398457;-0,005023;0,151253;0,389207;-0,082815;0,156155;0,401820;0,011367;0,149663;0,385117;-0,044485;0,152972;0,393630
00:00:16.442;359;6;6;6;5;115,350109;172,987514;170,939294;94,074146;167,428472;83,546210;-137,325924;166,020666;169,116807;160,263879;20,797400;-12,536757;32,330113;12,299056;-0,142628;-0,247735;1,027186;-0,145557;-0,281331;1,012521;-0,142652;-0,286110;1,027177;-0,139808;-0,289832;1,040562;-0,165052;-0,272641;0,978690;-0,177282;-0,271729;0,975783;-0,190894;-0,270940;0,973408;-0,156616;-0,258788;0,976864;-0,240650;-0,249434;0,969450;-0,259855;-0,406603;1,944511;-0,160448;-0,198510;0,974083;-0,071922;-0,072159;1,108937;-0,345533;-0,032336;0,899974;0,039988;0,168070;1,101345;-0,350885;0,218975;0,820551;0,194406;0,121435;0,905260;-0,142666;0,214785;0,842649;0,261090;0,117884;0,875953;-0,074312;0,223086;0,844995;0,265451;0,106467;0,886567;-0,066854;0,218178;0,911182;0,241200;0,106865;0,904620;-0,083875;0,212468;0,914258;-0,027709;0,156953;0,445351;-0,105833;0,155115;0,399145;-0,008179;0,150331;0,386835;-0,089258;0,154960;0,398747;-0,001443;0,151355;0,389470;-0,077501;0,154377;0,397247;-0,005036;0,151225;0,389135;-0,082885;0,156179;0,401883;0,012620;0,149375;0,384376;-0,043229;0,152886;0,393409
00:00:16.489;360;6;6;6;5;115,326284;173,039314;170,950338;93,887091;168,177032;83,186518;-137,142849;166,241927;168,966131;160,183862;21,178187;-13,212449;31,914327;11,770683;-0,142436;-0,247614;1,027471;-0,144916;-0,281161;1,013739;-0,142058;-0,285816;1,028865;-0,139502;-0,289202;1,041065;-0,164671;-0,272490;0,978799;-0,176951;-0,271702;0,976209;-0,190112;-0,270995;0,973965;-0,156290;-0,258287;0,976912;-0,239865;-0,249443;0,969992;-0,216319;-0,338303;1,619532;-0,160276;-0,198320;0,974054;-0,071995;-0,071518;1,108959;-0,344962;-0,032287;0,899983;0,038626;0,169889;1,104374;-0,350808;0,218400;0,820358;0,195318;0,127668;0,907269;-0,142450;0,215142;0,841722;0,261858;0,126205;0,877369;-0,074332;0,224059;0,845697;0,266859;0,114840;0,888119;-0,066142;0,218641;0,909368;0,241238;0,114744;0,900903;-0,083584;0,212844;0,913467;-0,027843;0,156728;0,444528;-0,105897;0,155231;0,399444;-0,008840;0,150353;0,386893;-0,088977;0,155131;0,399186;-0,000718;0,150883;0,388255;-0,077103;0,154480;0,397510;-0,004595;0,150934;0,388387;-0,083075;0,156467;0,402624;0,013624;0,148916;0,383194;-0,042377;0,152694;0,392916
00:00:16.536;361;6;6;6;5;115,328015;172,844629;170,806974;93,596211;168,521356;82,511906;-136,981740;166,245428;168,820030;160,225328;21,378985;-13,320222;27,829462;-19,154219;-0,142167;-0,247282;1,026606;-0,144549;-0,281147;1,014880;-0,141673;-0,285624;1,029962;-0,139303;-0,288793;1,041392;-0,164364;-0,272295;0,978519;-0,176055;-0,271491;0,975786;-0,189535;-0,270934;0,973977;-0,155967;-0,257777;0,976243;-0,239269;-0,249359;0,969995;-0,234874;-0,367045;1,759696;-0,160222;-0,198268;0,974385;-0,072088;-0,071145;1,109674;-0,344725;-0,032780;0,900339;0,037741;0,171072;1,106343;-0,350609;0,217468;0,819883;0,195912;0,133274;0,908575;-0,141832;0,215374;0,841119;0,260542;0,132327;0,870590;-0,073864;0,224692;0,846153;0,267642;0,121990;0,887027;-0,065679;0,218943;0,908189;0,242246;0,121653;0,900237;-0,083204;0,213112;0,910854;-0,027931;0,156582;0,443993;-0,105939;0,155307;0,399639;-0,008837;0,150504;0,387280;-0,088567;0,155241;0,399471;-0,000027;0,150576;0,387466;-0,076552;0,154410;0,397332;-0,003647;0,150746;0,387902;-0,082753;0,156246;0,402056;0,014725;0,148754;0,382776;-0,041564;0,152434;0,392245
00:00:16.582;362;6;6;6;5;115,360016;172,522765;170,798401;93,416109;168,807638;81,939116;-136,932278;166,153392;168,747354;160,208529;22,701949;12,841529;24,647099;21,772108;-0,142040;-0,247151;1,026394;-0,144361;-0,281235;1,015972;-0,141470;-0,285596;1,031025;-0,139220;-0,288624;1,041955;-0,163666;-0,272265;0,978687;-0,175535;-0,271450;0,975861;-0,189296;-0,271088;0,974685;-0,155868;-0,257630;0,976508;-0,238710;-0,249125;0,969297;-0,199848;-0,312226;1,497652;-0,160187;-0,198234;0,974600;-0,072148;-0,070903;1,110138;-0,344571;-0,033101;0,900570;0,037177;0,171895;1,107973;-0,350629;0,216954;0,819924;0,196297;0,137955;0,909424;-0,140893;0,215435;0,840378;0,259581;0,136736;0,865834;-0,073077;0,225585;0,846449;0,267832;0,126979;0,885268;-0,065009;0,219647;0,909523;0,243187;0,127328;0,900854;-0,082629;0,213781;0,911255;-0,028076;0,156727;0,445046;-0,105966;0,155356;0,399765;-0,008615;0,150602;0,387532;-0,088301;0,155721;0,400706;0,000422;0,150377;0,386953;-0,075610;0,154093;0,396516;-0,002811;0,150623;0,387586;-0,082245;0,155966;0,401336;0,015674;0,148784;0,382855;-0,041107;0,152536;0,392510
00:00:16.630;363;6;6;6;5;115,528360;172,446854;170,974574;93,149169;168,830179;81,441975;-136,981856;166,114288;168,810276;160,302438;22,829773;12,839938;23,356457;23,286585;-0,141813;-0,246813;1,025206;-0,144238;-0,281292;1,016682;-0,141338;-0,285578;1,031717;-0,139167;-0,288513;1,042321;-0,163271;-0,272343;0,979147;-0,175259;-0,271522;0,976259;-0,189141;-0,271189;0,975145;-0,155748;-0,257442;0,976330;-0,238433;-0,249062;0,969193;-0,177268;-0,276885;1,328724;-0,160164;-0,198212;0,974740;-0,072210;-0,070768;1,110790;-0,344337;-0,033296;0,900371;0,036799;0,172376;1,108682;-0,350474;0,216337;0,820650;0,196914;0,140885;0,909275;-0,140284;0,215474;0,839895;0,259062;0,139661;0,863092;-0,072566;0,226166;0,846642;0,268169;0,130330;0,884824;-0,064378;0,219942;0,907590;0,243608;0,130909;0,900555;-0,082193;0,214051;0,910816;-0,028437;0,158296;0,449930;-0,105984;0,155388;0,399847;-0,008470;0,150666;0,387696;-0,088129;0,156034;0,401509;0,000713;0,150247;0,386619;-0,074671;0,153207;0,394235;-0,002048;0,150543;0,387381;-0,081915;0,155785;0,400869;0,016260;0,148532;0,382206;-0,040810;0,152603;0,392681
00:00:16.678;364;6;6;6;5;115,581623;172,392612;170,897178;92,938808;169,087397;81,405422;-137,151899;166,149046;168,831621;160,206659;22,701339;13,042825;21,898024;-23,861601;-0,141810;-0,246846;1,025484;-0,144207;-0,281426;1,017493;-0,141348;-0,285760;1,032866;-0,139225;-0,288635;1,043259;-0,163072;-0,272491;0,979795;-0,175080;-0,271568;0,976519;-0,189040;-0,271254;0,975445;-0,155225;-0,257504;0,976915;-0,238252;-0,249022;0,969125;-0,162544;-0,253841;1,218571;-0,160149;-0,198197;0,974831;-0,072205;-0,070636;1,110513;-0,344319;-0,033436;0,900591;0,036565;0,172743;1,109494;-0,350224;0,215844;0,820773;0,197391;0,142328;0,909529;-0,139945;0,215590;0,839932;0,258619;0,141503;0,860960;-0,072263;0,226637;0,847117;0,268175;0,132400;0,883836;-0,063993;0,220218;0,906684;0,243787;0,132672;0,900011;-0,081972;0,214392;0,911230;-0,028605;0,158947;0,452054;-0,105995;0,155409;0,399901;-0,008376;0,150707;0,387802;-0,087864;0,155964;0,401331;0,001123;0,150163;0,386403;-0,073903;0,152767;0,393103;-0,001551;0,150491;0,387248;-0,081613;0,155939;0,401265;0,016672;0,148640;0,382484;-0,040581;0,152510;0,392443
00:00:16.726;365;6;6;6;5;115,592457;172,424239;170,935605;92,819973;169,318353;81,415575;-137,124459;166,180073;168,857294;160,256597;22,258307;13,357437;21,066397;-24,092051;-0,141760;-0,246783;1,025315;-0,144237;-0,281610;1,018371;-0,141402;-0,285975;1,033963;-0,139310;-0,288811;1,044218;-0,163001;-0,272684;0,980567;-0,174964;-0,271598;0,976687;-0,188906;-0,271199;0,975289;-0,154940;-0,257637;0,977644;-0,238135;-0,248995;0,969082;-0,152974;-0,238862;1,146971;-0,159642;-0,198259;0,975240;-0,072201;-0,070550;1,110334;-0,344173;-0,033514;0,900384;0,035781;0,172981;1,110021;-0,350061;0,215523;0,820852;0,197701;0,143266;0,909694;-0,139667;0,215575;0,839606;0,258437;0,142271;0,859924;-0,072037;0,226849;0,847076;0,268285;0,133297;0,883543;-0,063620;0,219971;0,904344;0,243713;0,133202;0,898957;-0,081703;0,214283;0,910100;-0,028581;0,158633;0,451335;-0,106188;0,155694;0,400636;-0,008315;0,150734;0,387872;-0,087768;0,156055;0,401565;0,001390;0,150244;0,386612;-0,073405;0,152481;0,392367;-0,001008;0,150458;0,387161;-0,081189;0,156039;0,401522;0,016924;0,148574;0,382314;-0,040396;0,152314;0,391938
00:00:16.772;366;6;6;6;5;115,552509;172,048381;170,943348;92,735874;169,653434;81,646812;-137,279399;166,076841;168,903840;160,175572;21,732057;-12,547153;20,027638;24,241380;-0,141526;-0,247416;1,028005;-0,144257;-0,281729;1,018941;-0,141437;-0,286115;1,034676;-0,139411;-0,289023;1,045192;-0,162954;-0,272810;0,981069;-0,174888;-0,271617;0,976797;-0,188820;-0,271164;0,975188;-0,154755;-0,257723;0,978119;-0,237801;-0,248708;0,968003;-0,191880;-0,299567;1,438881;-0,159255;-0,198228;0,975156;-0,072176;-0,070472;1,109867;-0,344346;-0,033591;0,900950;0,035281;0,173191;1,110714;-0,350254;0,215498;0,821604;0,197978;0,143413;0,910151;-0,139487;0,215566;0,839394;0,258107;0,142653;0,858551;-0,071291;0,226612;0,845650;0,268356;0,133377;0,883353;-0,063402;0,219896;0,903174;0,244175;0,133036;0,898272;-0,081497;0,214130;0,909015;-0,028543;0,158305;0,450518;-0,106313;0,155880;0,401113;-0,008275;0,150751;0,387917;-0,087782;0,156251;0,402067;0,001565;0,150297;0,386748;-0,073080;0,152295;0,391888;-0,000655;0,150436;0,387105;-0,080913;0,156104;0,401689;0,017104;0,148667;0,382554;-0,040169;0,151778;0,390560
00:00:16.820;367;6;6;6;5;115,552731;171,958982;171,020128;92,796896;169,913392;81,964916;-137,296862;165,989916;168,832428;160,090803;21,721859;12,659011;18,575267;23,953365;-0,141422;-0,247912;1,030103;-0,144269;-0,281807;1,019312;-0,141412;-0,286109;1,034789;-0,139431;-0,289063;1,045475;-0,162866;-0,272795;0,981045;-0,174777;-0,271533;0,976518;-0,188695;-0,271043;0,974772;-0,155192;-0,257779;0,978427;-0,237584;-0,248522;0,967302;-0,171855;-0,268293;1,288773;-0,159004;-0,198208;0,975102;-0,072137;-0,070399;1,109213;-0,343812;-0,033628;0,900967;0,034957;0,173327;1,111164;-0,350230;0,215391;0,821743;0,198159;0,142990;0,910448;-0,139369;0,215560;0,839256;0,257683;0,142298;0,856958;-0,071346;0,226645;0,845422;0,267977;0,132718;0,881830;-0,063284;0,219932;0,902763;0,244380;0,132366;0,897477;-0,081363;0,214030;0,908310;-0,028519;0,158093;0,449987;-0,106395;0,156000;0,401424;-0,008250;0,150763;0,387946;-0,087486;0,155833;0,400994;0,001678;0,150331;0,386836;-0,072870;0,152174;0,391578;-0,000207;0,150150;0,386368;-0,080453;0,155602;0,400398;0,017189;0,148456;0,382010;-0,040021;0,151430;0,389664
00:00:16.868;368;6;6;6;5;115,535875;171,771475;171,164406;92,857626;170,001963;82,187490;-137,209457;165,851413;168,801350;160,086308;21,211896;12,414782;15,787181;20,746933;-0,141259;-0,248066;1,030767;-0,144277;-0,281858;1,019553;-0,141396;-0,286105;1,034863;-0,139443;-0,289089;1,045659;-0,162867;-0,272882;0,981379;-0,174704;-0,271478;0,976337;-0,188547;-0,270868;0,974152;-0,155476;-0,257815;0,978628;-0,237357;-0,248311;0,966496;-0,203312;-0,317386;1,524752;-0,158840;-0,198195;0,975066;-0,072135;-0,070374;1,109139;-0,343464;-0,033651;0,900979;0,034746;0,173416;1,111457;-0,350363;0,215412;0,822183;0,198048;0,142552;0,909591;-0,139293;0,215555;0,839166;0,257091;0,141409;0,854873;-0,071263;0,226291;0,843874;0,265815;0,130856;0,874539;-0,063184;0,219871;0,902146;0,243338;0,131572;0,894510;-0,081276;0,213966;0,907851;-0,028458;0,157708;0,448941;-0,106448;0,156079;0,401625;-0,008240;0,150906;0,388315;-0,087294;0,155562;0,400296;0,001751;0,150354;0,386893;-0,073057;0,152776;0,393125;-0,000134;0,150235;0,386589;-0,080155;0,155276;0,399559;0,017244;0,148319;0,381657;-0,040146;0,151204;0,389081
00:00:16.916;369;6;6;5;5;115,515768;171,587807;171,192223;92,881566;169,771962;82,286444;-136,976086;165,691044;168,743885;160,270388;20,670653;12,728194;12,994249;13,479984;-0,141249;-0,248334;1,031899;-0,144332;-0,281987;1,020059;-0,141433;-0,286199;1,035261;-0,139498;-0,289203;1,046128;-0,162809;-0,272841;0,981246;-0,174594;-0,271345;0,975869;-0,188383;-0,270656;0,973399;-0,155605;-0,257747;0,978408;-0,237209;-0,248174;0,965973;-0,223806;-0,349370;1,678489;-0,158734;-0,198187;0,975043;-0,072179;-0,070402;1,109790;-0,343239;-0,033667;0,900986;0,034587;0,173364;1,110947;-0,350301;0,215334;0,822119;0,197899;0,141179;0,908684;-0,139301;0,215643;0,839458;0,257296;0,138464;0,853867;-0,071298;0,226343;0,843918;0,263239;0,126658;0,865950;-0,063094;0,219745;0,901395;0,241159;0,127510;0,885232;-0,081094;0,214107;0,906153;-0,028353;0,157343;0,447212;-0,106711;0,156130;0,401756;-0,008677;0,150999;0,388555;-0,087546;0,155250;0,399492;0,000917;0,150504;0,387281;-0,073610;0,152214;0,391682;-0,000750;0,150427;0,387083;-0,080568;0,154928;0,398663;0,016041;0,148909;0,383177;-0,041488;0,151601;0,390103
00:00:16.963;370;6;6;5;5;115,484534;171,507756;171,531970;92,990985;169,719243;82,970889;-136,823795;165,632343;168,797333;160,256429;21,124953;12,960546;11,382223;14,989368;-0,141242;-0,248509;1,032634;-0,144417;-0,282168;1,020739;-0,141553;-0,286454;1,036220;-0,139627;-0,289471;1,047133;-0,162772;-0,272815;0,981160;-0,174523;-0,271258;0,975565;-0,188276;-0,270519;0,972909;-0,155633;-0,257610;0,977915;-0,236941;-0,247905;0,964932;-0,238574;-0,372417;1,789268;-0,158608;-0,198110;0,974678;-0,072139;-0,069723;1,109164;-0,342826;-0,033651;0,900291;0,034473;0,173276;1,110265;-0,350559;0,215467;0,822777;0,197726;0,137656;0,907745;-0,139785;0,215700;0,839648;0,256477;0,132220;0,850064;-0,071921;0,226752;0,845347;0,262416;0,120415;0,863168;-0,063573;0,219749;0,901257;0,241081;0,122034;0,884100;-0,081681;0,214181;0,907150;-0,028239;0,157110;0,445388;-0,106882;0,156163;0,401842;-0,009666;0,151604;0,390110;-0,088615;0,155047;0,398970;-0,000735;0,150874;0,388232;-0,075721;0,152666;0,392843;-0,002263;0,150824;0,388104;-0,082268;0,154837;0,398431;0,013942;0,149293;0,384165;-0,043728;0,152675;0,392867
00:00:17.009;371;6;6;5;5;115,455425;171,517180;171,649193;93,040880;169,846097;84,072765;-136,851636;165,664523;168,823112;160,145241;21,192501;12,686426;10,183955;-18,841445;-0,141237;-0,248622;1,033112;-0,144473;-0,282867;1,021180;-0,141631;-0,287210;1,036843;-0,139664;-0,290144;1,047437;-0,162632;-0,272603;0,980404;-0,174414;-0,271105;0,975017;-0,188207;-0,270429;0,972591;-0,156038;-0,257245;0,976545;-0,236767;-0,247730;0,964256;-0,247940;-0,388166;1,859524;-0,158526;-0,198060;0,974441;-0,072068;-0,069238;1,108056;-0,342557;-0,033641;0,899839;0,034399;0,173219;1,109823;-0,350577;0,215462;0,822855;0,198335;0,132596;0,905734;-0,140099;0,215736;0,839771;0,255467;0,124389;0,844441;-0,072206;0,226643;0,844876;0,262477;0,112490;0,861709;-0,063959;0,220008;0,902217;0,241244;0,114839;0,882315;-0,081998;0,214063;0,907097;-0,028166;0,156958;0,444202;-0,106993;0,156184;0,401897;-0,010532;0,151997;0,391122;-0,089617;0,155051;0,398981;-0,000921;0,150978;0,388501;-0,077376;0,153503;0,394998;-0,003463;0,150946;0,388418;-0,083599;0,154779;0,398280;0,012340;0,149271;0,384107;-0,045041;0,153645;0,395364
00:00:17.057;372;6;6;5;5;115,172494;171,455891;171,556066;93,032352;169,428974;85,309193;-136,557111;165,682712;168,808110;160,027413;20,957388;12,504473;8,003099;20,480756;-0,141187;-0,249199;1,033073;-0,144509;-0,283322;1,021467;-0,141682;-0,287702;1,037248;-0,139688;-0,290582;1,047634;-0,162540;-0,272465;0,979913;-0,174343;-0,271005;0,974661;-0,188162;-0,270371;0,972384;-0,156301;-0,257007;0,975654;-0,236740;-0,247706;0,964166;-0,255988;-0,401487;1,919891;-0,158473;-0,198582;0,974286;-0,072044;-0,068945;1,107687;-0,342649;-0,033660;0,900245;0,035566;0,172334;1,108135;-0,350589;0,215458;0,822906;0,197247;0,124431;0,902327;-0,140841;0,215850;0,840201;0,252130;0,114067;0,836587;-0,072872;0,226571;0,844569;0,259575;0,102453;0,855861;-0,064750;0,219746;0,903191;0,238054;0,104990;0,874505;-0,082656;0,213822;0,906363;-0,027674;0,154378;0,436431;-0,106879;0,155926;0,401233;-0,011096;0,152252;0,391779;-0,090268;0,155054;0,398987;-0,001489;0,151318;0,389376;-0,078522;0,154184;0,396749;-0,004254;0,151297;0,389321;-0,084313;0,154877;0,398532;0,011316;0,149528;0,384770;-0,046265;0,154004;0,396286
00:00:17.103;373;6;6;5;5;115,516397;171,438166;171,399343;93,005819;168,416440;86,157554;-137,336831;165,709693;168,784207;159,981761;20,823598;12,423290;8,682649;-17,942286;-0,141154;-0,249575;1,033047;-0,144532;-0,283617;1,021654;-0,141715;-0,288021;1,037511;-0,139704;-0,290867;1,047762;-0,162539;-0,273031;0,979943;-0,174360;-0,271037;0,974780;-0,188200;-0,270431;0,972600;-0,156472;-0,256853;0,975075;-0,236722;-0,247690;0,964108;-0,256925;-0,403391;1,926929;-0,158495;-0,198993;0,974536;-0,072006;-0,069362;1,107096;-0,342709;-0,033673;0,900510;0,038087;0,170649;1,103888;-0,350448;0,215365;0,822589;0,195144;0,115361;0,898363;-0,141323;0,215924;0,840481;0,249750;0,104810;0,833932;-0,073304;0,226525;0,844370;0,256623;0,092052;0,851710;-0,065290;0,219661;0,904174;0,235655;0,094888;0,871878;-0,083214;0,213995;0,907286;-0,027885;0,158656;0,448180;-0,106805;0,155759;0,400802;-0,011462;0,152418;0,392206;-0,090465;0,155055;0,398992;-0,001858;0,151539;0,389944;-0,079055;0,154218;0,396837;-0,004768;0,151526;0,389909;-0,084777;0,154940;0,398696;0,010651;0,149696;0,385200;-0,047784;0,154373;0,397236
00:00:17.150;374;6;6;5;5;115,331663;171,615444;171,460859;93,033778;167,483509;87,518998;-137,156770;165,796598;168,811577;159,991172;21,243997;12,288974;11,973195;20,953993;-0,141132;-0,249819;1,033031;-0,144498;-0,283712;1,021425;-0,141736;-0,288229;1,037682;-0,139714;-0,291052;1,047845;-0,162538;-0,273399;0,979963;-0,174308;-0,270961;0,974507;-0,188225;-0,270470;0,972740;-0,156640;-0,257399;0,975049;-0,236797;-0,247770;0,964420;-0,214181;-0,336426;1,606354;-0,158510;-0,199260;0,974699;-0,071958;-0,070240;1,106363;-0,342614;-0,033668;0,900331;0,039672;0,167475;1,099727;-0,350505;0,215395;0,822733;0,191749;0,103012;0,886336;-0,141636;0,215972;0,840663;0,244698;0,092835;0,823456;-0,073647;0,226201;0,844940;0,252714;0,079294;0,845511;-0,065692;0,219258;0,905513;0,232768;0,081697;0,867021;-0,083641;0,213755;0,908586;-0,027138;0,156226;0,441117;-0,106756;0,155650;0,400521;-0,011262;0,152662;0,392834;-0,090513;0,154920;0,398645;-0,002317;0,151547;0,389964;-0,079402;0,154240;0,396894;-0,005102;0,151674;0,390291;-0,085079;0,154982;0,398802;0,010201;0,149532;0,384780;-0,048771;0,154613;0,397853
00:00:17.198;375;6;6;5;5;115,149772;171,720637;171,203818;92,980304;166,647249;88,352058;-137,446428;165,982378;168,816841;160,003078;21,692055;-12,062106;12,444672;20,490850;-0,141214;-0,250147;1,033720;-0,144476;-0,283773;1,021276;-0,141702;-0,288267;1,037444;-0,139721;-0,291172;1,047900;-0,162480;-0,273540;0,979626;-0,174211;-0,270814;0,973979;-0,188174;-0,270397;0,972481;-0,157133;-0,257476;0,973982;-0,236931;-0,247912;0,964973;-0,227605;-0,357724;1,707030;-0,158462;-0,199362;0,974454;-0,071859;-0,070742;1,104836;-0,342952;-0,033704;0,901265;0,041224;0,165049;1,094573;-0,350542;0,215415;0,822826;0,188304;0,093817;0,882018;-0,141840;0,216004;0,840781;0,240186;0,082930;0,818746;-0,073962;0,225788;0,846361;0,248476;0,068193;0,842182;-0,066418;0,218828;0,905684;0,227640;0,070497;0,860714;-0,084371;0,213434;0,908731;-0,026408;0,154647;0,436526;-0,106725;0,155579;0,400339;-0,011122;0,152685;0,392892;-0,090384;0,154561;0,397719;-0,002841;0,151688;0,390326;-0,080138;0,154799;0,398331;-0,005319;0,151770;0,390539;-0,085125;0,154737;0,398172;0,009690;0,149426;0,384507;-0,050094;0,154769;0,398255
00:00:17.246;376;6;6;6;5;115,147291;172,174772;171,138971;93,215101;165,235172;89,053689;-137,864928;166,093737;168,862268;160,287686;22,895769;11,600619;16,430315;-24,709460;-0,141219;-0,250275;1,033818;-0,144461;-0,283813;1,021180;-0,141728;-0,288388;1,037638;-0,139772;-0,291347;1,048285;-0,162441;-0,273631;0,979407;-0,174149;-0,270719;0,973637;-0,188140;-0,270351;0,972313;-0,157510;-0,257619;0,973638;-0,237741;-0,248184;0,966033;-0,238383;-0,374798;1,787870;-0,158488;-0,199500;0,974645;-0,071772;-0,071672;1,103493;-0,343039;-0,033714;0,901522;0,043283;0,162241;1,087022;-0,350566;0,215896;0,822887;0,183182;0,082998;0,867662;-0,142451;0,215545;0,840857;0,233804;0,072105;0,805185;-0,074681;0,225612;0,847635;0,243375;0,056488;0,835119;-0,067566;0,218535;0,907894;0,221831;0,058608;0,850664;-0,085497;0,213034;0,910225;-0,025354;0,154613;0,436342;-0,106705;0,155533;0,400220;-0,010137;0,152700;0,392930;-0,089174;0,154327;0,397117;-0,002508;0,151235;0,389162;-0,079584;0,154481;0,397515;-0,004338;0,151289;0,389300;-0,084178;0,154441;0,397412;0,009358;0,149357;0,384330;-0,050273;0,154870;0,398516
00:00:17.293;377;6;6;6;5;115,619341;172,144809;171,039047;93,251179;163,672491;88,977332;-138,914954;166,048517;168,976921;160,926890;22,832607;10,840054;18,023588;-25,001550;-0,141223;-0,250359;1,033882;-0,144501;-0,283937;1,021467;-0,142093;-0,287981;1,036015;-0,139898;-0,291656;1,049235;-0,162301;-0,273495;0,978565;-0,174045;-0,270559;0,973064;-0,188051;-0,270223;0,971853;-0,157699;-0,257619;0,973065;-0,238095;-0,248181;0,966021;-0,247162;-0,388686;1,853715;-0,158505;-0,199590;0,974769;-0,071761;-0,072951;1,103321;-0,343609;-0,033721;0,901690;0,044499;0,159399;1,079314;-0,350582;0,216209;0,822927;0,178417;0,075008;0,858330;-0,142788;0,215158;0,840557;0,228324;0,064180;0,796370;-0,074898;0,224755;0,845663;0,237873;0,047372;0,827727;-0,068258;0,218177;0,908631;0,216287;0,049404;0,842732;-0,086749;0,212774;0,911196;-0,025221;0,159776;0,451622;-0,106691;0,155503;0,400143;-0,009018;0,152029;0,391204;-0,088315;0,154447;0,397426;-0,002070;0,150941;0,388405;-0,078930;0,154139;0,396635;-0,003481;0,150976;0,388495;-0,083482;0,154521;0,397617;0,010235;0,149313;0,384214;-0,050389;0,154936;0,398685
00:00:17.341;378;6;6;6;5;116,300982;172,220603;170,861329;93,265781;162,311480;88,942851;-140,489998;166,121724;169,053512;161,428724;22,557215;-11,064036;20,615206;27,041311;-0,141225;-0,250413;1,033923;-0,144626;-0,284212;1,022353;-0,142428;-0,287911;1,035660;-0,139981;-0,291857;1,049853;-0,162267;-0,273505;0,978367;-0,174532;-0,270456;0,972692;-0,187993;-0,270140;0,971555;-0,157878;-0,257712;0,973042;-0,238324;-0,248179;0,966014;-0,207555;-0,326428;1,556665;-0,158516;-0,199648;0,974850;-0,071685;-0,073711;1,102158;-0,343979;-0,033725;0,901798;0,045767;0,157147;1,071504;-0,350443;0,216320;0,822602;0,173301;0,067865;0,844565;-0,143127;0,215085;0,841062;0,222469;0,056875;0,783991;-0,075227;0,224272;0,846481;0,231726;0,039863;0,816973;-0,068682;0,217861;0,908760;0,210568;0,041321;0,830925;-0,087494;0,212442;0,911128;-0,025533;0,167826;0,474855;-0,106270;0,155211;0,399393;-0,008064;0,151457;0,389733;-0,087303;0,154525;0,397627;-0,001567;0,150886;0,388264;-0,078505;0,153917;0,396063;-0,002703;0,150773;0,387972;-0,083174;0,154845;0,398451;0,011230;0,149147;0,383789;-0,050465;0,154979;0,398795
00:00:17.387;379;6;6;6;5;116,006881;172,301776;170,733099;93,270143;160,017373;87,648785;-140,364809;166,086405;169,114985;162,882629;22,728123;-11,233438;24,179917;-24,776901;-0,141622;-0,250109;1,032550;-0,144708;-0,284390;1,022930;-0,142645;-0,287865;1,035429;-0,140034;-0,291987;1,050254;-0,162743;-0,273413;0,977889;-0,174847;-0,270388;0,972450;-0,188507;-0,270086;0,971361;-0,157995;-0,257773;0,973027;-0,238474;-0,248178;0,966009;-0,226844;-0,356805;1,701332;-0,159021;-0,199614;0,974553;-0,071010;-0,074831;1,101403;-0,344220;-0,033728;0,901869;0,046797;0,154467;1,058028;-0,350353;0,216393;0,822392;0,167735;0,061868;0,828967;-0,143287;0,214948;0,841040;0,216403;0,050377;0,775594;-0,075472;0,224051;0,847363;0,223866;0,032570;0,804032;-0,068930;0,217571;0,908494;0,203662;0,034531;0,817652;-0,087978;0,212227;0,911083;-0,024262;0,164281;0,465805;-0,105995;0,155022;0,398905;-0,007224;0,151085;0,388776;-0,086494;0,154712;0,398108;-0,001018;0,150986;0,388521;-0,077936;0,153636;0,395341;-0,001978;0,150777;0,387982;-0,082376;0,154784;0,398293;0,011877;0,149040;0,383513;-0,049930;0,154599;0,397817
00:00:17.435;380;6;6;6;5;115,722989;172,480962;170,580573;93,365552;158,054373;86,726415;-140,240819;165,972108;169,163194;163,889325;23,428192;11,301555;27,050853;27,635179;-0,141879;-0,249912;1,031658;-0,145143;-0,284117;1,021904;-0,142786;-0,287836;1,035279;-0,140022;-0,291975;1,050165;-0,162994;-0,273255;0,977228;-0,174926;-0,270150;0,971592;-0,189257;-0,269856;0,970534;-0,158014;-0,257719;0,972668;-0,239121;-0,248177;0,966006;-0,239382;-0,376550;1,795366;-0,159349;-0,199592;0,974359;-0,070549;-0,075534;1,100562;-0,344376;-0,033730;0,901915;0,048519;0,152371;1,046818;-0,350145;0,216815;0,821904;0,163004;0,056543;0,817779;-0,143332;0,214770;0,840676;0,210382;0,044649;0,765586;-0,075662;0,223999;0,848286;0,218255;0,026110;0,798771;-0,069145;0,217033;0,909021;0,197159;0,028253;0,806224;-0,088259;0,211487;0,910704;-0,022798;0,160993;0,457124;-0,105817;0,154899;0,398589;-0,006453;0,150708;0,387805;-0,085818;0,154561;0,397720;-0,000221;0,150779;0,387989;-0,077070;0,152910;0,393471;-0,001285;0,150643;0,387638;-0,081490;0,154472;0,397491;0,012297;0,148970;0,383333;-0,049582;0,154352;0,397181
00:00:17.481;381;6;6;6;5;115,554623;172,671770;170,474805;93,458901;156,724204;86,275358;-140,634662;166,108702;169,364832;164,638938;23,435334;11,233626;30,769451;29,265345;-0,142143;-0,249953;1,031777;-0,145426;-0,283940;1,021238;-0,142878;-0,288405;1,035181;-0,140014;-0,292564;1,050107;-0,163594;-0,272957;0,976098;-0,175530;-0,270547;0,971035;-0,190226;-0,269609;0,969647;-0,158026;-0,258237;0,972434;-0,239454;-0,248636;0,965654;-0,247718;-0,389678;1,857888;-0,159562;-0,199578;0,974233;-0,070138;-0,076492;1,098265;-0,344857;-0,033718;0,901595;0,049497;0,150603;1,036732;-0,350010;0,217556;0,821588;0,156103;0,051710;0,802106;-0,143361;0,214654;0,840440;0,203129;0,039393;0,752781;-0,075692;0,223688;0,847836;0,210129;0,020450;0,786601;-0,069258;0,216600;0,909014;0,189582;0,022752;0,793895;-0,088442;0,211006;0,910458;-0,021373;0,159102;0,452180;-0,105609;0,154683;0,398033;-0,005744;0,150870;0,388223;-0,085305;0,154327;0,397118;0,000520;0,150917;0,388343;-0,076508;0,152438;0,392256;-0,000393;0,150828;0,388115;-0,080618;0,154133;0,396619;0,012571;0,148925;0,383217;-0,049356;0,154191;0,396768
00:00:17.529;382;6;6;6;5;115,420853;172,714425;170,207102;93,634736;155,724560;85,876183;-141,192936;166,075947;169,494769;165,179988;21,656084;11,897216;30,407810;28,688895;-0,142605;-0,250488;1,033955;-0,145710;-0,284600;1,021505;-0,142938;-0,288776;1,035118;-0,140009;-0,292947;1,050070;-0,164103;-0,272959;0,976064;-0,176474;-0,270805;0,970673;-0,190925;-0,270098;0,969421;-0,158148;-0,258761;0,972982;-0,240045;-0,248753;0,964725;-0,253230;-0,399483;1,899227;-0,160197;-0,199497;0,973802;-0,069805;-0,077039;1,095722;-0,345304;-0,033723;0,901737;0,050027;0,149150;1,028076;-0,349773;0,217945;0,821032;0,150235;0,048550;0,791569;-0,143678;0,214545;0,842036;0,195899;0,035495;0,742708;-0,075743;0,223096;0,847893;0,201548;0,016284;0,774141;-0,069305;0,216235;0,908659;0,181720;0,019154;0,784482;-0,088526;0,210613;0,909947;-0,020448;0,157873;0,448967;-0,105473;0,154542;0,397671;-0,005279;0,150840;0,388145;-0,085120;0,154447;0,397427;0,001002;0,151006;0,388573;-0,076007;0,151859;0,390767;0,000187;0,150949;0,388425;-0,080052;0,153913;0,396052;0,012542;0,149031;0,383491;-0,049303;0,153679;0,395449
00:00:17.575;383;6;6;6;5;115,345060;172,952541;170,194518;93,891783;154,745460;85,442151;-141,789175;166,131214;169,661036;165,758526;21,882121;-11,306984;29,025112;28,359311;-0,142954;-0,251513;1,035721;-0,145894;-0,285030;1,021678;-0,142977;-0,289016;1,035077;-0,140053;-0,293294;1,050395;-0,164374;-0,273417;0,975691;-0,177088;-0,270973;0,970437;-0,191932;-0,270415;0,969274;-0,158170;-0,259008;0,972988;-0,240429;-0,249377;0,964121;-0,256813;-0,405856;1,926098;-0,160609;-0,199998;0,973521;-0,068902;-0,077320;1,093020;-0,345460;-0,033714;0,901479;0,050784;0,147750;1,019299;-0,349768;0,218758;0,821021;0,144663;0,046495;0,784720;-0,143706;0,214207;0,842023;0,188798;0,032496;0,734760;-0,075745;0,222620;0,847581;0,193583;0,013139;0,764991;-0,069907;0,216164;0,909128;0,174133;0,016792;0,776963;-0,089098;0,210358;0,909616;-0,019608;0,157197;0,447229;-0,105385;0,154451;0,397436;-0,004756;0,150820;0,388094;-0,085227;0,154525;0,397627;0,001537;0,151064;0,388722;-0,075952;0,152027;0,391198;0,000786;0,151027;0,388626;-0,079824;0,154042;0,396384;0,012523;0,149101;0,383669;-0,049581;0,153617;0,395292
00:00:17.622;384;6;6;6;5;115,280483;173,190441;170,106831;94,042513;152,740138;83,791038;-142,175440;166,022383;169,755746;167,483911;21,636717;-10,915784;34,007866;32,729153;-0,143380;-0,251495;1,034069;-0,145964;-0,285792;1,021441;-0,142954;-0,289663;1,034700;-0,139941;-0,293822;1,049557;-0,165046;-0,273617;0,975099;-0,178039;-0,271634;0,970284;-0,192516;-0,270524;0,968828;-0,158185;-0,259722;0,972993;-0,241314;-0,249874;0,964079;-0,259282;-0,411346;1,944614;-0,160936;-0,200396;0,973689;-0,068337;-0,078147;1,091613;-0,345695;-0,033721;0,901661;0,050802;0,146635;1,004495;-0,349765;0,219287;0,821014;0,136881;0,043950;0,765918;-0,143783;0,214077;0,842365;0,179265;0,028976;0,719094;-0,075715;0,222219;0,847027;0,184310;0,009793;0,754144;-0,070325;0,215683;0,909783;0,165196;0,013851;0,762976;-0,089574;0,209915;0,910450;-0,019020;0,156389;0,445049;-0,105328;0,154392;0,397284;-0,004420;0,150944;0,388411;-0,085749;0,154984;0,398808;0,001880;0,150830;0,388120;-0,075917;0,152136;0,391479;0,001173;0,150942;0,388407;-0,080325;0,154942;0,398700;0,012292;0,149146;0,383785;-0,049851;0,153850;0,395890
00:00:17.668;385;6;6;6;5;115,229383;173,632075;169,993691;94,214895;152,175951;83,606962;-142,664919;165,960506;169,742047;168,419423;21,506627;10,809027;39,030543;35,999799;-0,143853;-0,251826;1,034395;-0,145910;-0,286091;1,020586;-0,142890;-0,289986;1,034105;-0,140181;-0,293575;1,046912;-0,165482;-0,273746;0,974715;-0,178657;-0,272064;0,970185;-0,193446;-0,270594;0,968538;-0,158194;-0,260187;0,972995;-0,242527;-0,250288;0,964401;-0,265087;-0,421625;1,988149;-0,161585;-0,200510;0,973098;-0,067905;-0,078608;1,089648;-0,345849;-0,033725;0,901780;0,049787;0,147287;0,996621;-0,350081;0,219536;0,820659;0,130289;0,041789;0,751947;-0,143833;0,213992;0,842587;0,170947;0,026274;0,708211;-0,075726;0,222049;0,847018;0,176689;0,007621;0,747444;-0,070597;0,215370;0,910209;0,157778;0,011943;0,754235;-0,089884;0,209627;0,910993;-0,018637;0,155863;0,443632;-0,105290;0,154353;0,397184;-0,003980;0,151024;0,388617;-0,085936;0,155418;0,399925;0,002756;0,150406;0,387028;-0,075447;0,152207;0,391661;0,002296;0,150478;0,387215;-0,080421;0,155527;0,400205;0,012579;0,149175;0,383860;-0,049206;0,154273;0,396978
00:00:17.703;386;6;6;6;5;115,208558;174,014809;169,892621;94,320329;151,543279;83,381996;-143,264777;166,010680;169,760653;169,631211;21,650376;-10,393371;45,259277;38,487084;-0,144161;-0,252040;1,034607;-0,146251;-0,285891;1,018631;-0,143192;-0,289703;1,031968;-0,140338;-0,293414;1,045193;-0,166260;-0,273732;0,974115;-0,179676;-0,272442;0,970470;-0,194673;-0,270738;0,968700;-0,158200;-0,260488;0,972997;-0,243316;-0,250557;0,964611;-0,268066;-0,427039;2,010497;-0,162007;-0,200584;0,972714;-0,067559;-0,078830;1,087321;-0,345948;-0,033728;0,901857;0,047819;0,148180;0,987304;-0,350286;0,219699;0,820428;0,122028;0,040704;0,741115;-0,143806;0,213848;0,842382;0,162090;0,024528;0,701487;-0,075640;0,221664;0,845962;0,167768;0,006213;0,744139;-0,070829;0,215331;0,911186;0,148818;0,010707;0,748902;-0,090120;0,209520;0,911695;-0,018417;0,155768;0,443411;-0,105266;0,154328;0,397120;-0,003694;0,151076;0,388751;-0,085757;0,155156;0,399251;0,003333;0,150402;0,387018;-0,075142;0,152253;0,391780;0,003034;0,150449;0,387139;-0,080134;0,155227;0,399433;0,012766;0,149194;0,383909;-0,048872;0,154820;0,398386
00:00:17.739;387;6;6;6;5;115,238323;174,351178;169,905386;94,404971;151,291944;83,218319;-143,714464;165,909759;169,786481;170,806907;22,098159;10,232141;56,001462;40,075273;-0,144361;-0,252180;1,034744;-0,146524;-0,285860;1,017710;-0,143388;-0,289519;1,030579;-0,140345;-0,293113;1,043375;-0,166705;-0,274178;0,973374;-0,180339;-0,272687;0,970656;-0,195470;-0,271383;0,968805;-0,157763;-0,260872;0,973698;-0,244288;-0,250641;0,964397;-0,221890;-0,353694;1,664173;-0,162340;-0,200705;0,972814;-0,067313;-0,078949;1,085459;-0,345879;-0,033717;0,901557;0,044854;0,149203;0,980548;-0,350419;0,219804;0,820278;0,112525;0,040060;0,727775;-0,143729;0,213665;0,841898;0,153127;0,023774;0,696767;-0,075646;0,221597;0,845975;0,158206;0,005705;0,739890;-0,070925;0,215141;0,911121;0,138979;0,010306;0,744037;-0,090273;0,209451;0,912152;-0,018317;0,156074;0,444317;-0,105250;0,154312;0,397078;-0,003508;0,151110;0,388838;-0,085791;0,154850;0,398463;0,003700;0,150128;0,386312;-0,074944;0,152283;0,391857;0,003506;0,150158;0,386391;-0,079807;0,154760;0,398232;0,012875;0,149070;0,383591;-0,048584;0,154223;0,396851
00:00:17.778;388;6;6;6;5;115,284425;174,655423;169,912158;94,467937;151,246180;83,162418;-144,053882;165,732909;169,804635;171,842562;21,657358;9,905876;60,895760;41,271071;-0,145080;-0,252860;1,034834;-0,146752;-0,285938;1,017462;-0,143614;-0,289596;1,030377;-0,140444;-0,293114;1,042894;-0,166994;-0,274467;0,972893;-0,181256;-0,272748;0,970426;-0,196468;-0,271704;0,968523;-0,157535;-0,261216;0,974504;-0,245469;-0,251244;0,964258;-0,235110;-0,373340;1,755112;-0,163110;-0,200783;0,972879;-0,067153;-0,079643;1,084248;-0,345834;-0,033709;0,901362;0,041813;0,149813;0,975806;-0,350506;0,219873;0,820181;0,104748;0,039642;0,719104;-0,144157;0,213547;0,841584;0,145399;0,023616;0,691948;-0,075973;0,221096;0,844234;0,149046;0,005771;0,734679;-0,071477;0,214935;0,910729;0,129858;0,010443;0,739474;-0,091033;0,209205;0,913849;-0,018251;0,156274;0,444906;-0,105240;0,154301;0,397051;-0,003387;0,151132;0,388895;-0,085965;0,154923;0,398651;0,004163;0,150085;0,386203;-0,075172;0,152574;0,392607;0,004036;0,150105;0,386254;-0,079735;0,154728;0,398151;0,012728;0,148990;0,383384;-0,049020;0,154380;0,397253
00:00:17.825;389;6;6;6;5;115,324271;174,898419;169,842792;94,403460;149,658185;81,155786;-144,349750;165,696513;169,916416;174,139813;21,353374;9,631041;66,742101;36,938880;-0,145646;-0,253473;1,035592;-0,147002;-0,286766;1,018000;-0,143760;-0,290233;1,030245;-0,140508;-0,293707;1,042581;-0,167675;-0,274556;0,972231;-0,181786;-0,273241;0,969927;-0,197045;-0,271814;0,967990;-0,157331;-0,261345;0,974677;-0,246237;-0,251636;0,964168;-0,201191;-0,319013;1,499223;-0,163669;-0,201461;0,973271;-0,067027;-0,080682;1,083111;-0,346182;-0,033692;0,900885;0,038353;0,148461;0,961524;-0,350412;0,219823;0,819768;0,095867;0,039272;0,704717;-0,144436;0,213470;0,841379;0,136059;0,024968;0,686366;-0,076281;0,221045;0,844152;0,137107;0,006512;0,720091;-0,072269;0,214554;0,909424;0,119462;0,010817;0,728458;-0,091457;0,208886;0,914252;-0,018433;0,156157;0,444589;-0,105459;0,154294;0,397033;-0,003306;0,151010;0,388582;-0,086229;0,154834;0,398423;0,004239;0,149922;0,385782;-0,075613;0,152900;0,393445;0,004157;0,149935;0,385815;-0,079687;0,154708;0,398098;0,012633;0,148938;0,383250;-0,049575;0,154617;0,397864
00:00:17.872;390;6;6;6;5;115,378168;175,136758;169,751091;94,247475;151,152537;82,173243;-144,834275;165,597111;170,001925;174,525836;21,040083;9,006683;66,478636;36,413089;-0,145903;-0,252669;1,031185;-0,147539;-0,286907;1,016950;-0,143905;-0,290745;1,030509;-0,140644;-0,294291;1,043078;-0,168300;-0,274911;0,972850;-0,182263;-0,273759;0,970303;-0,197564;-0,272082;0,968344;-0,157311;-0,261617;0,975490;-0,247284;-0,251891;0,964109;-0,222459;-0,353170;1,653845;-0,164468;-0,201755;0,972826;-0,066902;-0,081305;1,081672;-0,346543;-0,033693;0,900925;0,032674;0,149604;0,965191;-0,350501;0,219419;0,819849;0,087838;0,039663;0,699566;-0,145513;0,213331;0,840897;0,125917;0,027320;0,681338;-0,076831;0,220645;0,842699;0,125372;0,008615;0,713059;-0,073329;0,214389;0,908925;0,108676;0,012269;0,721298;-0,092217;0,208598;0,914164;-0,019120;0,156574;0,445783;-0,105602;0,154290;0,397021;-0,003256;0,151067;0,388728;-0,086324;0,154641;0,397925;0,004289;0,149815;0,385508;-0,075899;0,153111;0,393989;0,004236;0,149824;0,385530;-0,079954;0,154831;0,398414;0,012571;0,148904;0,383162;-0,049983;0,154228;0,396862
00:00:17.920;391;6;6;6;5;115,567990;175,153359;169,693997;94,157662;156,058740;86,083591;-145,281901;165,535652;170,046312;173,727058;20,779341;8,743434;60,256000;34,299518;-0,146170;-0,252902;1,029020;-0,147939;-0,287677;1,016618;-0,144387;-0,291267;1,029281;-0,141040;-0,294667;1,041301;-0,169260;-0,275696;0,973253;-0,182992;-0,273898;0,969847;-0,198308;-0,272060;0,967873;-0,157467;-0,262633;0,977069;-0,247784;-0,251873;0,963371;-0,193598;-0,306561;1,433749;-0,164987;-0,201947;0,972537;-0,067413;-0,082296;1,080387;-0,346644;-0,033681;0,900602;0,022984;0,155462;0,985424;-0,350410;0,219062;0,819552;0,079021;0,043009;0,695518;-0,146690;0,213241;0,840583;0,115000;0,032451;0,674570;-0,077384;0,220935;0,843854;0,112792;0,014101;0,701138;-0,074387;0,213868;0,906852;0,097264;0,016197;0,709643;-0,093050;0,208013;0,912356;-0,020231;0,157950;0,449709;-0,106014;0,154423;0,397364;-0,003666;0,151104;0,388823;-0,087064;0,154515;0,397601;0,004103;0,149746;0,385330;-0,076105;0,152841;0,393293;0,004068;0,149752;0,385344;-0,079845;0,154366;0,397219;0,011686;0,149290;0,384155;-0,050609;0,154382;0,397260
00:00:17.967;392;6;6;6;5;115,485947;175,587322;169,648443;94,098902;157,826150;86,723203;-145,344778;165,608729;170,084176;174,621307;20,608032;-8,379826;56,588103;30,934024;-0,146522;-0,252939;1,024813;-0,148148;-0,288655;1,016051;-0,144701;-0,291606;1,028483;-0,141345;-0,295011;1,040495;-0,169823;-0,276661;0,973164;-0,183466;-0,274540;0,969550;-0,198719;-0,272496;0,967218;-0,157455;-0,263105;0,977395;-0,248929;-0,252137;0,963941;-0,175374;-0,276772;1,290337;-0,165757;-0,202478;0,971649;-0,068313;-0,082885;1,078852;-0,346709;-0,033673;0,900391;0,014940;0,158693;0,988076;-0,350350;0,218830;0,819359;0,070382;0,048527;0,690787;-0,147456;0,213182;0,840379;0,103959;0,039817;0,668770;-0,077678;0,220940;0,843905;0,101055;0,020339;0,692690;-0,075134;0,213695;0,906203;0,086323;0,022275;0,702068;-0,093663;0,207792;0,911882;-0,020877;0,156510;0,445611;-0,106283;0,154509;0,397587;-0,004154;0,151128;0,388885;-0,087770;0,154433;0,397391;0,003981;0,149701;0,385215;-0,076239;0,152665;0,392840;0,003959;0,149705;0,385224;-0,079774;0,154065;0,396442;0,011110;0,149541;0,384801;-0,051016;0,154483;0,397519
00:00:18.015;393;6;6;6;5;115,701743;175,521375;169,441292;93,999291;159,843988;87,080031;-146,051043;165,544300;170,106237;174,774425;21,117702;-8,495398;56,382686;37,557801;-0,147815;-0,255974;1,029429;-0,148758;-0,289667;1,014983;-0,144855;-0,292895;1,027614;-0,141544;-0,295826;1,039972;-0,170743;-0,277288;0,973107;-0,184258;-0,274857;0,969008;-0,199463;-0,272681;0,966442;-0,157448;-0,263411;0,977607;-0,249492;-0,252125;0,963612;-0,163818;-0,258450;1,199219;-0,166378;-0,203523;0,971772;-0,068897;-0,083881;1,077854;-0,347021;-0,033694;0,900954;0,009139;0,161489;0,993999;-0,350311;0,218680;0,819233;0,060978;0,057432;0,683161;-0,146998;0,213144;0,840246;0,090085;0,051660;0,658001;-0,077421;0,220554;0,844288;0,089258;0,031769;0,687899;-0,074703;0,213396;0,907182;0,074278;0,033437;0,699244;-0,093025;0,207649;0,911573;-0,021721;0,158524;0,451347;-0,106551;0,154702;0,398081;-0,003804;0,151007;0,388575;-0,087933;0,154652;0,397954;0,004570;0,149944;0,385840;-0,076326;0,152550;0,392546;0,004555;0,149946;0,385846;-0,079728;0,153868;0,395937;0,011396;0,149704;0,385221;-0,050828;0,154548;0,397687
00:00:18.061;394;6;6;6;5;115,871941;175,529017;169,314225;94,083471;158,078770;83,503135;-146,468337;165,323491;170,113211;176,484940;20,927101;-8,717025;61,508310;48,209189;-0,148857;-0,258299;1,033829;-0,149103;-0,290224;1,013939;-0,144955;-0,293732;1,027049;-0,141625;-0,296847;1,039282;-0,171402;-0,278350;0,973419;-0,184841;-0,275715;0,969005;-0,200020;-0,272900;0,966287;-0,157499;-0,263705;0,978094;-0,250406;-0,252117;0,963398;-0,156307;-0,246540;1,139992;-0,166722;-0,204128;0,971502;-0,069300;-0,085169;1,077555;-0,347223;-0,033708;0,901320;0,007032;0,160091;0,981749;-0,350286;0,218582;0,819152;0,051937;0,066779;0,673305;-0,146882;0,212906;0,841210;0,077110;0,062126;0,647151;-0,077254;0,220303;0,844537;0,076620;0,044678;0,685484;-0,074536;0,213009;0,909219;0,061690;0,046186;0,697059;-0,092822;0,207512;0,913473;-0,022269;0,159832;0,455076;-0,106725;0,154826;0,398403;-0,003137;0,151065;0,388724;-0,087811;0,154794;0,398320;0,005173;0,150102;0,386246;-0,076383;0,152476;0,392355;0,005163;0,150103;0,386250;-0,079698;0,153741;0,395609;0,011801;0,149810;0,385493;-0,050705;0,154591;0,397797
00:00:18.110;395;6;6;6;5;115,892954;175,532168;169,309202;94,153741;159,354528;83,605468;-146,543392;165,154738;170,130838;175,753163;21,156844;8,766813;50,070662;55,770566;-0,149586;-0,260493;1,037039;-0,149327;-0,291162;1,013261;-0,145454;-0,293975;1,025632;-0,141773;-0,297711;1,039533;-0,171831;-0,279040;0,973623;-0,185152;-0,276172;0,968653;-0,200382;-0,273593;0,966187;-0,157976;-0,263707;0,977711;-0,250908;-0,252020;0,962909;-0,151425;-0,238799;1,101495;-0,166945;-0,204521;0,971326;-0,069540;-0,086590;1,077011;-0,347220;-0,033704;0,901208;0,006278;0,159832;0,988137;-0,350269;0,218518;0,819099;0,045283;0,074907;0,673898;-0,146747;0,212663;0,841487;0,065539;0,071216;0,641148;-0,077145;0,220140;0,844699;0,063755;0,056558;0,683915;-0,074428;0,212758;0,910542;0,050456;0,057509;0,698088;-0,092655;0,207343;0,914357;-0,022652;0,159341;0,452949;-0,106838;0,154908;0,398612;-0,002701;0,150967;0,388471;-0,087353;0,154615;0,397858;0,005559;0,150069;0,386160;-0,075405;0,153108;0,393981;0,005553;0,150070;0,386162;-0,078238;0,153930;0,396096;0,012064;0,149879;0,385671;-0,050136;0,153803;0,395768
00:00:18.155;396;6;6;6;5;115,869887;175,359513;169,248635;94,156997;159,960856;83,128053;-146,639634;164,980231;170,159275;175,373510;22,068134;-8,614229;41,909375;59,651163;-0,150160;-0,262096;1,039825;-0,149524;-0,291873;1,013169;-0,145828;-0,294815;1,025061;-0,142316;-0,297971;1,038647;-0,172110;-0,279489;0,973755;-0,185354;-0,276469;0,968425;-0,200617;-0,274042;0,966121;-0,158343;-0,263803;0,977812;-0,251143;-0,251866;0,962241;-0,148348;-0,234507;1,077172;-0,166969;-0,204629;0,970512;-0,069695;-0,087514;1,076657;-0,347353;-0,034227;0,901485;0,005783;0,158928;0,991239;-0,350259;0,218477;0,819064;0,039975;0,082655;0,678134;-0,146119;0,212417;0,841316;0,057720;0,079849;0,643546;-0,077074;0,220034;0,844805;0,053222;0,066999;0,686045;-0,074415;0,212757;0,912102;0,041067;0,066917;0,695957;-0,092617;0,207392;0,915632;-0,022882;0,158643;0,451217;-0,106724;0,154688;0,398048;-0,002418;0,150903;0,388306;-0,086980;0,154770;0,398258;0,005810;0,150047;0,386104;-0,074770;0,153519;0,395038;0,005806;0,150047;0,386105;-0,077289;0,154053;0,396412;0,012235;0,149923;0,385786;-0,049767;0,153290;0,394449
00:00:18.203;397;6;6;6;5;116,198120;175,295998;169,053112;94,037153;160,803307;82,841823;-147,360774;164,943890;170,265796;174,683292;21,731117;8,630356;45,955915;-64,035481;-0,150975;-0,262872;1,040586;-0,149653;-0,292335;1,013110;-0,146072;-0,295362;1,024689;-0,142573;-0,298528;1,037370;-0,172229;-0,279680;0,973491;-0,185419;-0,276562;0,967926;-0,200697;-0,274235;0,965729;-0,158638;-0,263959;0,978228;-0,251295;-0,251765;0,961806;-0,146155;-0,231410;1,059962;-0,166985;-0,204699;0,969983;-0,069773;-0,088697;1,076077;-0,347817;-0,034554;0,901315;0,006044;0,158156;0,995705;-0,349953;0,218263;0,818342;0,035868;0,089461;0,674587;-0,145711;0,212257;0,841206;0,051656;0,086341;0,641255;-0,076901;0,219601;0,843473;0,046357;0,074919;0,687079;-0,074349;0,212594;0,912417;0,034581;0,074653;0,694922;-0,092522;0,207266;0,915761;-0,023560;0,161754;0,460241;-0,106650;0,154546;0,397681;-0,002234;0,150861;0,388199;-0,086285;0,154463;0,397468;0,006193;0,150033;0,386067;-0,073289;0,153922;0,396074;0,006190;0,150033;0,386069;-0,075833;0,154269;0,396968;0,012346;0,149952;0,385861;-0,047945;0,152141;0,391492
00:00:18.250;398;6;6;6;5;116,426796;175,255124;168,926206;93,974774;143,049069;61,088918;-147,792893;164,822138;170,335710;-172,227652;20,923669;8,874000;39,536003;-63,545737;-0,151402;-0,263198;1,040381;-0,149788;-0,293314;1,013422;-0,146230;-0,295717;1,024448;-0,142739;-0,298889;1,036541;-0,172307;-0,280357;0,973319;-0,185461;-0,276623;0,967602;-0,200749;-0,274361;0,965474;-0,158717;-0,263872;0,977798;-0,251395;-0,251700;0,961524;-0,190878;-0,302692;1,382675;-0,166875;-0,205147;0,968939;-0,069235;-0,089496;1,076050;-0,348119;-0,034767;0,901205;0,006646;0,139286;0,885909;-0,349753;0,218124;0,817872;0,033763;0,096075;0,676482;-0,145566;0,212329;0,841834;0,048396;0,093541;0,644666;-0,076820;0,219411;0,842957;0,041454;0,082272;0,686701;-0,074307;0,212488;0,912621;0,030377;0,081306;0,694600;-0,092425;0,207104;0,915495;-0,024001;0,164048;0,466107;-0,106602;0,154453;0,397443;-0,001896;0,151106;0,388829;-0,085531;0,154535;0,397654;0,006442;0,150024;0,386044;-0,071874;0,154184;0,396748;0,006440;0,150024;0,386045;-0,074433;0,154409;0,397329;0,012419;0,149971;0,385910;-0,046558;0,152210;0,391670
00:00:18.297;399;6;6;6;5;116,633060;175,333544;168,843944;93,934680;134,158526;49,752464;-148,157040;164,781025;170,381272;-163,947453;20,485251;8,820573;32,968856;64,642343;-0,151475;-0,263645;1,038848;-0,149928;-0,294052;1,013974;-0,146333;-0,296531;1,024291;-0,142848;-0,299124;1,036002;-0,172357;-0,280798;0,973207;-0,185421;-0,277112;0,967041;-0,200710;-0,274343;0,964958;-0,158824;-0,264467;0,977869;-0,251551;-0,251749;0,961691;-0,173799;-0,276316;1,258539;-0,166743;-0,205364;0,967910;-0,068884;-0,090015;1,076033;-0,348315;-0,034905;0,901133;0,008230;0,127287;0,816291;-0,349624;0,218034;0,817567;0,033119;0,100592;0,676663;-0,145472;0,212376;0,842242;0,047634;0,098669;0,645133;-0,076863;0,219560;0,843672;0,038977;0,088020;0,685056;-0,074712;0,212175;0,911704;0,028397;0,086669;0,693340;-0,092326;0,206921;0,914972;-0,024360;0,166306;0,471319;-0,106570;0,154393;0,397288;-0,001453;0,150993;0,388539;-0,085041;0,154583;0,397775;0,007028;0,149746;0,385329;-0,071181;0,154354;0,397186;0,007027;0,149746;0,385329;-0,073524;0,154500;0,397564;0,012466;0,149984;0,385941;-0,045997;0,151167;0,388985
00:00:18.346;400;6;6;6;5;116,303347;175,668029;168,989375;94,074469;129,586970;43,076991;-147,535040;164,837151;170,442656;-159,164115;19,153534;8,666601;35,650652;61,254143;-0,151420;-0,263757;1,037151;-0,150334;-0,294597;1,012583;-0,146299;-0,296856;1,023489;-0,142821;-0,299662;1,034951;-0,172818;-0,280882;0,972435;-0,185395;-0,277429;0,966677;-0,201233;-0,274331;0,964623;-0,158894;-0,264853;0,977915;-0,251835;-0,251965;0,962499;-0,162649;-0,259093;1,177500;-0,166657;-0,205504;0,967242;-0,068657;-0,090352;1,076021;-0,348307;-0,034981;0,900737;0,010491;0,119916;0,773839;-0,349690;0,218534;0,817718;0,033489;0,103970;0,677131;-0,145891;0,212407;0,842507;0,048397;0,103553;0,652436;-0,077210;0,219680;0,842387;0,038125;0,092094;0,683636;-0,075345;0,212080;0,909357;0,027529;0,090647;0,693221;-0,092227;0,206722;0,914282;-0,023793;0,162564;0,459308;-0,106550;0,154354;0,397187;-0,001165;0,150784;0,388000;-0,085098;0,154885;0,398554;0,007409;0,149565;0,384864;-0,070853;0,154736;0,398171;0,007409;0,149565;0,384864;-0,072995;0,154696;0,398067;0,013347;0,149720;0,385262;-0,046142;0,151441;0,389690
00:00:18.392;401;6;6;6;5;116,005912;175,642054;169,013944;94,138275;127,604166;38,319430;-146,911854;164,771077;170,461678;-157,053980;18,872221;8,391841;26,403032;63,530299;-0,151384;-0,263829;1,036048;-0,150703;-0,295157;1,012379;-0,146428;-0,297373;1,024018;-0,142998;-0,300420;1,035668;-0,173181;-0,281038;0,972283;-0,185860;-0,277535;0,966090;-0,201573;-0,274323;0,964405;-0,158940;-0,265104;0,977945;-0,251929;-0,252013;0,962674;-0,200874;-0,320653;1,453825;-0,166541;-0,205521;0,966457;-0,068553;-0,090631;1,076714;-0,348438;-0,035044;0,900829;0,012540;0,116356;0,754295;-0,349732;0,218860;0,817817;0,034224;0,107675;0,679535;-0,146520;0,212250;0,841980;0,049323;0,107507;0,652984;-0,077913;0,219758;0,841552;0,038326;0,096238;0,682364;-0,076241;0,211936;0,907482;0,027359;0,094810;0,693144;-0,092610;0,206434;0,913133;-0,023260;0,159497;0,448350;-0,106537;0,154329;0,397122;-0,000978;0,150784;0,388000;-0,085212;0,154810;0,398360;0,007657;0,149447;0,384561;-0,070805;0,154849;0,398461;0,007657;0,149447;0,384561;-0,072652;0,154823;0,398393;0,013676;0,149276;0,384120;-0,046236;0,151619;0,390149
00:00:18.439;402;6;6;6;5;116,779800;175,414929;169,114132;94,196898;126,313879;33,554079;-148,052222;164,650807;170,488197;-155,684102;19,305576;8,192007;25,342892;65,992918;-0,151565;-0,264234;1,036731;-0,150996;-0,295046;1,012596;-0,146994;-0,297506;1,023662;-0,143605;-0,300708;1,035434;-0,173479;-0,281240;0,972534;-0,186162;-0,277055;0,965708;-0,201721;-0,274219;0,963913;-0,158969;-0,265268;0,977964;-0,251806;-0,251861;0,962088;-0,224704;-0,359042;1,626086;-0,166465;-0,205532;0,965947;-0,068486;-0,090812;1,077164;-0,348522;-0,035085;0,900889;0,014263;0,113934;0,740892;-0,349910;0,219165;0,818231;0,034575;0,110829;0,678648;-0,146929;0,212148;0,841637;0,049871;0,111438;0,652639;-0,078469;0,220083;0,842059;0,038397;0,099927;0,680486;-0,076854;0,211924;0,906613;0,027643;0,099093;0,693093;-0,092931;0,206406;0,913086;-0,024479;0,168613;0,471327;-0,106528;0,154312;0,397079;-0,001077;0,150784;0,388000;-0,085588;0,154897;0,398584;0,007593;0,149235;0,384015;-0,071064;0,155058;0,399000;0,007810;0,149235;0,384015;-0,072429;0,154905;0,398606;0,013467;0,149124;0,383728;-0,046298;0,151735;0,390447
00:00:18.487;403;6;6;6;5;117,302534;175,333532;169,234123;94,342749;125,183389;27,679819;-148,784085;164,325156;170,412046;-154,519757;19,433239;8,563142;28,308518;68,695169;-0,151451;-0,262085;1,027725;-0,151762;-0,294974;1,012738;-0,147564;-0,297999;1,024830;-0,144244;-0,300813;1,037032;-0,174289;-0,281473;0,973047;-0,186840;-0,276642;0,965111;-0,202291;-0,273504;0,963244;-0,159159;-0,265659;0,979027;-0,252181;-0,251124;0,961357;-0,239000;-0,380357;1,721606;-0,166966;-0,205540;0,965616;-0,068420;-0,090900;1,077107;-0,348065;-0,035111;0,900928;0,016092;0,111772;0,728330;-0,350025;0,219363;0,818500;0,035113;0,114170;0,676671;-0,146777;0,212170;0,841764;0,050709;0,116488;0,653816;-0,078831;0,220295;0,842388;0,038808;0,104579;0,678916;-0,076767;0,211998;0,906399;0,028178;0,103679;0,692011;-0,093104;0,206308;0,912706;-0,025236;0,174576;0,485563;-0,106390;0,154437;0,397401;-0,001144;0,151056;0,388700;-0,085833;0,154953;0,398730;0,007551;0,149097;0,383660;-0,071232;0,155195;0,399350;0,007692;0,149097;0,383660;-0,072284;0,154959;0,398744;0,012687;0,149161;0,383823;-0,047672;0,152490;0,392390
00:00:18.535;404;6;6;6;5;116,543977;175,229694;169,230566;94,416320;124,470388;21,082166;-147,403811;163,910637;170,335411;-153,763704;19,862324;9,361406;20,660029;77,563032;-0,152421;-0,260509;1,021172;-0,152837;-0,294927;1,012829;-0,148570;-0,298422;1,025940;-0,145251;-0,300881;1,038071;-0,175796;-0,280869;0,972681;-0,188238;-0,276174;0,964022;-0,203606;-0,272841;0,962108;-0,159454;-0,266198;0,980767;-0,252786;-0,250463;0,960182;-0,206398;-0,327958;1,484094;-0,167778;-0,205470;0,965050;-0,068377;-0,090957;1,077069;-0,347632;-0,035115;0,900603;0,017682;0,110366;0,720164;-0,349801;0,219304;0,817975;0,035669;0,118198;0,679236;-0,146199;0,212185;0,841847;0,051004;0,121007;0,651430;-0,078619;0,220524;0,842952;0,039375;0,109662;0,676496;-0,075793;0,212375;0,907659;0,028496;0,108504;0,690607;-0,092838;0,206561;0,913859;-0,024160;0,166124;0,460166;-0,106300;0,154519;0,397611;-0,001186;0,151097;0,388805;-0,086219;0,154990;0,398824;0,007324;0,149415;0,384479;-0,071506;0,155147;0,399227;0,007416;0,149415;0,384479;-0,072190;0,154994;0,398833;0,011952;0,149049;0,383535;-0,048654;0,153253;0,394354
00:00:18.581;405;6;6;6;5;116,098234;175,323923;169,237152;94,438759;123,967545;16,587692;-146,476628;163,474962;170,275754;-153,210610;21,383636;-9,954253;-23,436657;-85,249197;-0,153479;-0,259620;1,019712;-0,154112;-0,294897;1,012889;-0,149809;-0,298111;1,026661;-0,146054;-0,301230;1,039796;-0,176905;-0,280677;0,973142;-0,189625;-0,275222;0,962964;-0,204461;-0,271864;0,961370;-0,159816;-0,266272;0,982949;-0,253818;-0,249579;0,959769;-0,184513;-0,291887;1,320611;-0,168430;-0,205573;0,965383;-0,068372;-0,091024;1,077395;-0,347351;-0,035118;0,900392;0,019105;0,109399;0,714507;-0,349655;0,219266;0,817634;0,035993;0,120687;0,680204;-0,144805;0,212106;0,841550;0,051449;0,123665;0,648480;-0,077677;0,221131;0,845069;0,039807;0,112768;0,675972;-0,074178;0,212783;0,909179;0,029094;0,111640;0,689695;-0,091725;0,206963;0,915658;-0,023516;0,161012;0,444708;-0,106242;0,154572;0,397747;-0,001430;0,150715;0,387823;-0,086851;0,155286;0,399586;0,006952;0,149486;0,384661;-0,071684;0,155116;0,399148;0,007012;0,149486;0,384661;-0,072128;0,155016;0,398892;0,011038;0,148976;0,383348;-0,049654;0,153477;0,394930
00:00:18.628;406;6;6;6;5;115,804539;175,227243;169,340579;94,472472;123,724131;14,949690;-145,792803;162,908367;170,245077;-152,911651;21,886275;10,198755;-25,246229;85,691235;-0,154313;-0,258333;1,015963;-0,155462;-0,294200;1,012578;-0,150822;-0,298315;1,028530;-0,147220;-0,301557;1,041268;-0,178049;-0,279798;0,972743;-0,190932;-0,274405;0,961577;-0,205412;-0,271031;0,960191;-0,160108;-0,266415;0,984717;-0,254940;-0,248368;0,959150;-0,218165;-0,343285;1,552797;-0,169403;-0,205641;0,965599;-0,068412;-0,091127;1,078307;-0,347303;-0,035133;0,900605;0,020074;0,108985;0,712229;-0,349859;0,219429;0,818112;0,036534;0,121726;0,679782;-0,143959;0,212143;0,841708;0,051796;0,124798;0,647262;-0,077002;0,221824;0,845745;0,040429;0,114281;0,674932;-0,073102;0,212967;0,909816;0,029513;0,113405;0,689801;-0,090934;0,207066;0,916128;-0,023098;0,157689;0,434660;-0,106204;0,154606;0,397836;-0,001592;0,150739;0,387885;-0,087262;0,155479;0,400081;0,006501;0,149804;0,385480;-0,071800;0,155096;0,399096;0,006760;0,149804;0,385480;-0,072089;0,155031;0,398930;0,010250;0,149337;0,384276;-0,050576;0,153758;0,395654
00:00:18.673;407;6;6;6;5;115,604955;174,837801;169,407817;94,478798;124,257590;15,423444;-145,331867;162,368763;170,225360;-153,804888;22,445430;-10,050942;20,767920;-85,632908;-0,155429;-0,257496;1,013526;-0,156971;-0,293847;1,012726;-0,152496;-0,298143;1,028694;-0,149013;-0,301466;1,041174;-0,179702;-0,278926;0,971433;-0,192327;-0,273327;0,960675;-0,206575;-0,269945;0,959424;-0,161306;-0,266319;0,985166;-0,255388;-0,246768;0,957697;-0,237763;-0,371431;1,679918;-0,170097;-0,205759;0,966089;-0,068439;-0,091193;1,078899;-0,347272;-0,035143;0,900743;0,020985;0,110106;0,719849;-0,349992;0,219535;0,818423;0,036866;0,121566;0,679159;-0,142871;0,212079;0,841460;0,052388;0,124800;0,646470;-0,075989;0,221999;0,845134;0,040833;0,114499;0,674256;-0,071937;0,213250;0,910930;0,029802;0,113825;0,690221;-0,089931;0,207212;0,916783;-0,022808;0,155402;0,427779;-0,106179;0,154628;0,397893;-0,001697;0,150755;0,387925;-0,087529;0,155604;0,400403;0,006208;0,150011;0,386012;-0,071875;0,155083;0,399062;0,006596;0,150011;0,386012;-0,072063;0,155041;0,398954;0,009738;0,149571;0,384879;-0,051401;0,153941;0,396125
00:00:18.720;408;6;6;6;5;115,477167;174,541996;169,289193;94,436086;123,774762;13,591272;-145,048635;161,676714;170,186323;-153,225519;23,055876;-9,957104;-23,356412;-87,507237;-0,156674;-0,256863;1,011592;-0,158936;-0,293315;1,011772;-0,154485;-0,297525;1,027051;-0,150770;-0,301407;1,041113;-0,181394;-0,278460;0,970931;-0,194326;-0,272627;0,960089;-0,208421;-0,269239;0,958926;-0,162259;-0,266539;0,986508;-0,256671;-0,245639;0,956403;-0,206080;-0,321073;1,452097;-0,171099;-0,205836;0,966408;-0,068478;-0,091266;1,079635;-0,347387;-0,035163;0,901183;0,021676;0,108935;0,715002;-0,349929;0,219510;0,818275;0,037005;0,121211;0,677353;-0,142105;0,211949;0,840949;0,052599;0,124032;0,643856;-0,075330;0,222112;0,844737;0,041545;0,114434;0,674866;-0,071180;0,213434;0,911655;0,030382;0,113705;0,690494;-0,089145;0,207510;0,915809;-0,022619;0,153915;0,423306;-0,106256;0,154779;0,398281;-0,001766;0,150765;0,387951;-0,087930;0,155685;0,400612;0,006022;0,150282;0,386708;-0,071924;0,155074;0,399041;0,006496;0,150282;0,386708;-0,072046;0,155047;0,398970;0,009397;0,149587;0,384922;-0,051844;0,153788;0,395732
00:00:18.766;409;6;6;6;5;116,193291;174,535914;169,411450;94,357204;123,373564;12,877922;-146,091451;161,124923;170,285426;-152,544683;23,532388;9,572413;-24,280907;-83,103170;-0,157889;-0,256185;1,009285;-0,160788;-0,292968;1,011152;-0,156415;-0,297225;1,026333;-0,152939;-0,301065;1,040024;-0,182912;-0,277956;0,969905;-0,195553;-0,272073;0,959358;-0,210011;-0,268585;0,957902;-0,163827;-0,266400;0,986330;-0,258143;-0,244451;0,955912;-0,186780;-0,289424;1,308913;-0,171813;-0,205410;0,966965;-0,068526;-0,091343;1,080463;-0,347839;-0,035162;0,901119;0,021702;0,107668;0,711151;-0,350187;0,219681;0,818879;0,037037;0,120411;0,675129;-0,141607;0,211864;0,840617;0,052620;0,122902;0,640756;-0,074841;0,222001;0,843779;0,041964;0,114274;0,674563;-0,070715;0,213635;0,912476;0,030759;0,113233;0,690671;-0,088600;0,207625;0,914826;-0,023886;0,162104;0,446299;-0,106307;0,154877;0,398532;-0,001810;0,150771;0,387968;-0,088342;0,155602;0,400398;0,005902;0,150457;0,387160;-0,071956;0,155069;0,399026;0,006430;0,150457;0,387160;-0,072035;0,155051;0,398981;0,009176;0,149598;0,384949;-0,052132;0,153689;0,395475
00:00:18.813;410;6;6;6;5;115,987689;174,511327;169,267639;94,160833;122,922825;14,330586;-145,775083;160,697404;170,411780;-151,979048;23,962739;9,998217;-35,990305;-85,097117;-0,160434;-0,257609;1,015135;-0,163306;-0,292605;1,008299;-0,158969;-0,296219;1,023067;-0,155738;-0,300133;1,036865;-0,185206;-0,277128;0,967488;-0,197294;-0,271515;0,958183;-0,212053;-0,268061;0,956886;-0,167093;-0,266014;0,983065;-0,260091;-0,243590;0,955243;-0,223283;-0,342071;1,546943;-0,172891;-0,205207;0,967677;-0,069765;-0,091364;1,080651;-0,348646;-0,035162;0,901077;0,020898;0,105541;0,707948;-0,350056;0,219605;0,818571;0,036131;0,116996;0,663534;-0,141284;0,211809;0,840401;0,051930;0,119242;0,634542;-0,075064;0,222113;0,843857;0,041448;0,111430;0,674016;-0,070412;0,213766;0,913009;0,030565;0,110798;0,689736;-0,088280;0,207779;0,914537;-0,023788;0,159316;0,439544;-0,106526;0,155212;0,399396;-0,001839;0,150776;0,387980;-0,088765;0,155820;0,400958;0,005829;0,150708;0,387804;-0,072463;0,154657;0,397967;0,006394;0,150708;0,387804;-0,072833;0,154374;0,397237;0,009251;0,149605;0,384967;-0,052094;0,153624;0,395309
00:00:18.860;411;6;6;6;5;116,623333;174,760781;169,266602;94,058144;122,540479;16,042462;-146,736754;160,171412;170,499038;-151,108411;24,384789;9,797894;-55,251315;-84,247129;-0,162509;-0,257381;1,014388;-0,165965;-0,292165;1,005744;-0,161729;-0,296042;1,020593;-0,158564;-0,299809;1,033762;-0,187724;-0,276490;0,965568;-0,199513;-0,271152;0,957419;-0,215011;-0,267721;0,956226;-0,170139;-0,265479;0,979892;-0,262540;-0,243119;0,955158;-0,240632;-0,365069;1,650913;-0,174143;-0,205074;0,968140;-0,070594;-0,091407;1,081123;-0,349171;-0,035161;0,901050;0,019137;0,103905;0,704116;-0,350120;0,219649;0,818721;0,035598;0,114223;0,657047;-0,141132;0,211862;0,840611;0,051239;0,114974;0,631902;-0,074760;0,222279;0,844257;0,041112;0,107283;0,673660;-0,070296;0,214097;0,914406;0,030424;0,107207;0,688778;-0,088206;0,208198;0,915749;-0,025137;0,165872;0,460704;-0,106669;0,155431;0,399957;-0,001858;0,150779;0,387987;-0,088811;0,155961;0,401323;0,006224;0,150870;0,388223;-0,072793;0,154390;0,397279;0,006370;0,150870;0,388223;-0,073352;0,153933;0,396104;0,009300;0,149610;0,384979;-0,052070;0,153582;0,395201
00:00:18.908;412;6;6;6;5;116,982138;175,137863;169,179252;93,968533;122,332794;18,547314;-147,387447;159,552044;170,553770;-150,451935;24,560652;9,979178;-64,864399;81,119044;-0,164202;-0,257451;1,012502;-0,168589;-0,292039;1,002684;-0,164666;-0,295481;1,015486;-0,161172;-0,299466;1,029296;-0,190456;-0,276622;0,964319;-0,201969;-0,270817;0,956572;-0,217477;-0,267500;0,955797;-0,173034;-0,265398;0,976780;-0,265319;-0,242357;0,955453;-0,209344;-0,316120;1,426944;-0,175573;-0,205615;0,968791;-0,071133;-0,091434;1,081430;-0,349648;-0,035175;0,901383;0,017179;0,103479;0,700576;-0,350162;0,219678;0,818819;0,034322;0,111521;0,656331;-0,141034;0,211896;0,840747;0,049955;0,110567;0,633336;-0,075137;0,222180;0,845567;0,040958;0,102050;0,674479;-0,070605;0,213903;0,913564;0,030332;0,102526;0,688156;-0,088612;0,207789;0,915837;-0,025975;0,169318;0,473758;-0,106761;0,155572;0,400322;-0,001867;0,150508;0,387291;-0,088536;0,155917;0,401210;0,006481;0,150976;0,388495;-0,073007;0,154216;0,396831;0,006354;0,150976;0,388495;-0,073689;0,153647;0,395368;0,009331;0,149612;0,384986;-0,050791;0,153827;0,395831
00:00:18.954;413;6;6;6;5;117,313335;175,530346;169,075771;93,813118;129,128835;38,273799;-147,849283;158,873769;170,660566;-159,549726;24,104294;-10,242694;26,634877;71,481588;-0,165408;-0,256782;1,008476;-0,171243;-0,291650;0,999644;-0,167207;-0,295219;1,012516;-0,163564;-0,300030;1,027092;-0,193109;-0,276406;0,962457;-0,204652;-0,270599;0,956022;-0,220710;-0,267356;0,955518;-0,174916;-0,265346;0,974757;-0,268212;-0,241862;0,955644;-0,190641;-0,285862;1,288363;-0,177054;-0,205966;0,969214;-0,071530;-0,092129;1,082329;-0,350334;-0,035170;0,901249;0,015400;0,115954;0,780874;-0,350039;0,219603;0,818532;0,034534;0,107940;0,677215;-0,141028;0,212006;0,841186;0,050145;0,103903;0,638119;-0,075351;0,222024;0,846069;0,042924;0,093890;0,677112;-0,070807;0,213776;0,913017;0,032391;0,094765;0,690901;-0,088944;0,207682;0,916594;-0,026081;0,172135;0,484692;-0,106821;0,155665;0,400560;-0,001650;0,150061;0,386139;-0,088203;0,155617;0,400436;0,006648;0,151045;0,388672;-0,072057;0,153695;0,395490;0,004791;0,150773;0,387972;-0,072598;0,153053;0,393839;0,009352;0,149614;0,384991;-0,049733;0,153986;0,396240
00:00:19.002;414;6;6;6;5;122,049269;175,635805;169,008868;93,724509;137,002788;52,541997;-154,820777;158,155374;170,729084;-168,369845;24,026843;-9,697125;35,346117;66,710530;-0,167092;-0,255990;1,004460;-0,173847;-0,290987;0,996269;-0,169372;-0,294946;1,010235;-0,166048;-0,299985;1,024260;-0,195852;-0,276165;0,960897;-0,208026;-0,270458;0,955664;-0,224443;-0,267263;0,955337;-0,176627;-0,265768;0,973092;-0,270878;-0,241276;0,954719;-0,177573;-0,264012;1,188486;-0,178857;-0,205896;0,968089;-0,072381;-0,092550;1,082564;-0,350781;-0,035167;0,901162;0,013384;0,127100;0,853368;-0,349959;0,219554;0,818346;0,036091;0,098619;0,679940;-0,142341;0,211902;0,840771;0,054585;0,094292;0,640177;-0,075584;0,222198;0,847445;0,049321;0,083242;0,684073;-0,071862;0,213366;0,911261;0,037126;0,084097;0,696186;-0,089543;0,207296;0,915686;-0,032389;0,219449;0,621300;-0,106861;0,155725;0,400714;-0,001292;0,150042;0,386091;-0,087987;0,155421;0,399934;0,007836;0,150681;0,387737;-0,071439;0,153356;0,394619;0,005977;0,150641;0,387632;-0,071791;0,152939;0,393545;0,010692;0,149752;0,385344;-0,048903;0,154361;0,397206
00:00:19.048;415;6;6;6;5;119,768741;175,715729;168,984005;93,699382;143,999403;64,136073;-151,368352;157,471395;170,740086;-174,968936;23,156579;9,466252;45,829608;60,847023;-0,168633;-0,255296;1,001149;-0,175666;-0,290761;0,994775;-0,171230;-0,294564;1,008053;-0,167839;-0,300265;1,023469;-0,198106;-0,275907;0,959533;-0,210684;-0,270267;0,955082;-0,227327;-0,267104;0,954869;-0,177869;-0,266235;0,972710;-0,273051;-0,240807;0,953767;-0,169704;-0,249887;1,123916;-0,180578;-0,205850;0,967358;-0,072982;-0,092884;1,083417;-0,350934;-0,035151;0,900755;0,012711;0,135339;0,907139;-0,349758;0,219429;0,817875;0,043350;0,084788;0,686611;-0,144629;0,211834;0,840501;0,065693;0,080794;0,651315;-0,076187;0,222219;0,847989;0,061233;0,068289;0,693847;-0,073006;0,212936;0,909420;0,048030;0,068672;0,705921;-0,090902;0,206887;0,914396;-0,028833;0,196852;0,558195;-0,106886;0,155763;0,400814;-0,001061;0,150301;0,386759;-0,088074;0,155294;0,399607;0,008608;0,150445;0,387129;-0,071038;0,153136;0,394052;0,006748;0,150555;0,387411;-0,071267;0,152865;0,393355;0,011563;0,149841;0,385574;-0,048590;0,154605;0,397834
00:00:19.096;416;6;6;6;5;118,441835;175,868695;169,057593;93,588464;149,219366;72,048718;-148,879770;156,827189;170,706747;-179,184066;22,427737;9,167092;52,110473;-57,534106;-0,170141;-0,254756;0,998647;-0,177349;-0,290512;0,993454;-0,173009;-0,294315;1,006634;-0,169525;-0,300343;1,022605;-0,200191;-0,275841;0,958997;-0,212874;-0,270044;0,954353;-0,229658;-0,266903;0,954215;-0,179164;-0,266443;0,972111;-0,275107;-0,240590;0,953499;-0,165160;-0,240706;1,081945;-0,182180;-0,205746;0,966533;-0,073468;-0,093222;1,085371;-0,351034;-0,035141;0,900491;0,012294;0,140956;0,943841;-0,349777;0,218975;0,817919;0,050852;0,073809;0,690947;-0,146594;0,211789;0,840326;0,075492;0,068531;0,657855;-0,077030;0,222141;0,847993;0,072309;0,054953;0,700901;-0,074236;0,212574;0,907873;0,058749;0,055731;0,711549;-0,092267;0,206542;0,913207;-0,026628;0,182648;0,519277;-0,106903;0,155789;0,400879;-0,000690;0,150606;0,387543;-0,087975;0,154940;0,398695;0,009110;0,150292;0,386734;-0,071479;0,153537;0,395084;0,007250;0,150499;0,387267;-0,070926;0,152816;0,393230;0,012129;0,149899;0,385723;-0,048471;0,155036;0,398942
00:00:19.143;417;6;6;6;5;117,620059;176,036516;169,135600;93,435387;152,730467;77,548456;-147,115506;156,295479;170,768000;177,928224;22,861860;-9,239097;57,059125;54,295063;-0,171686;-0,254405;0,997020;-0,178878;-0,290145;0,991895;-0,174612;-0,293949;1,005012;-0,171143;-0,300291;1,021693;-0,201790;-0,274852;0,957248;-0,214600;-0,269602;0,952830;-0,231457;-0,265938;0,952740;-0,180294;-0,266193;0,970322;-0,276884;-0,240361;0,952974;-0,162668;-0,234582;1,053965;-0,183154;-0,205604;0,965646;-0,073808;-0,093471;1,086991;-0,351337;-0,035107;0,899619;0,013179;0,144660;0,968046;-0,349639;0,218587;0,817597;0,058187;0,064732;0,694466;-0,148287;0,211672;0,839862;0,085948;0,057606;0,663856;-0,078258;0,222154;0,850095;0,083623;0,043044;0,705835;-0,075551;0,212339;0,906867;0,069089;0,044466;0,715907;-0,093636;0,206238;0,912085;-0,024923;0,173293;0,493630;-0,106913;0,155805;0,400921;-0,000448;0,150668;0,387703;-0,087833;0,154573;0,397751;0,009436;0,150192;0,386477;-0,071766;0,153797;0,395755;0,008908;0,150599;0,387523;-0,070704;0,152785;0,393150;0,012497;0,149937;0,385820;-0,048394;0,155316;0,399662
00:00:19.190;418;6;6;6;5;117,097020;176,140795;169,166301;93,458210;155,266795;82,234430;-145,673346;155,649555;170,773644;175,374025;21,691301;9,778463;46,528617;50,573989;-0,173256;-0,254177;0,995963;-0,180370;-0,289804;0,990532;-0,176100;-0,293506;1,003258;-0,172654;-0,300052;1,020401;-0,203222;-0,274008;0,955411;-0,216101;-0,269116;0,951139;-0,232992;-0,265117;0,951081;-0,181029;-0,266030;0,969160;-0,278683;-0,239757;0,952983;-0,161213;-0,230836;1,036827;-0,184268;-0,204889;0,964720;-0,074148;-0,093784;1,089794;-0,351671;-0,035099;0,899402;0,016150;0,147696;0,987980;-0,349550;0,218800;0,817388;0,067642;0,057196;0,709703;-0,149576;0,211861;0,840610;0,097640;0,047594;0,671606;-0,079375;0,221708;0,849712;0,095899;0,031302;0,714293;-0,076435;0,211753;0,906564;0,080092;0,033929;0,722939;-0,094969;0,205883;0,910655;-0,023561;0,167212;0,476959;-0,106920;0,155816;0,400949;-0,000291;0,150709;0,387807;-0,087742;0,154335;0,397138;0,009648;0,150127;0,386310;-0,071953;0,153967;0,396190;0,009985;0,150663;0,387690;-0,070560;0,152765;0,393097;0,012736;0,149961;0,385883;-0,048572;0,155498;0,400131
00:00:19.236;419;6;6;6;5;116,737617;176,443393;169,186869;93,466472;156,281801;85,053568;-144,700738;155,356036;170,776103;173,550901;21,479758;-9,478178;42,309285;46,139564;-0,174592;-0,253108;0,993876;-0,182267;-0,289275;0,988596;-0,177509;-0,293013;1,001418;-0,174426;-0,299278;1,017460;-0,204617;-0,273360;0,953867;-0,218155;-0,268261;0,950041;-0,235069;-0,264582;0,950003;-0,181924;-0,265732;0,967704;-0,280060;-0,239541;0,953689;-0,160561;-0,228011;1,023938;-0,185403;-0,204276;0,963418;-0,074369;-0,093365;1,091616;-0,351888;-0,035093;0,899262;0,020356;0,149355;0,998837;-0,349492;0,218938;0,817252;0,075721;0,052196;0,725207;-0,150351;0,211895;0,840747;0,108804;0,040566;0,683294;-0,080101;0,221417;0,849463;0,107640;0,022463;0,724690;-0,077557;0,211453;0,906716;0,090680;0,025916;0,733811;-0,096466;0,205889;0,910776;-0,022675;0,163259;0,466124;-0,106925;0,155823;0,400967;0,000031;0,150735;0,387875;-0,087759;0,154316;0,397090;0,009996;0,149949;0,385851;-0,072074;0,154077;0,396474;0,010861;0,150161;0,386399;-0,070467;0,152751;0,393063;0,012868;0,149705;0,385224;-0,048645;0,155480;0,400085
00:00:19.271;420;6;6;6;5;116,501634;176,745140;169,367319;93,522288;155,951820;86,259712;-144,094868;154,980927;170,813786;172,233192;21,076149;-9,121088;43,414471;-44,993366;-0,175834;-0,252146;0,991470;-0,183860;-0,288065;0,986287;-0,178993;-0,292693;1,000222;-0,176030;-0,298569;1,014849;-0,205989;-0,272839;0,952514;-0,219491;-0,267705;0,949326;-0,236420;-0,263696;0,949302;-0,182705;-0,266378;0,967807;-0,281499;-0,238856;0,954148;-0,213177;-0,299211;1,348409;-0,186688;-0,203878;0,962572;-0,074513;-0,093092;1,092801;-0,352029;-0,035090;0,899170;0,026426;0,149857;1,002044;-0,349753;0,219216;0,817864;0,082378;0,047956;0,732834;-0,151397;0,212006;0,841185;0,117730;0,034335;0,689141;-0,081022;0,221138;0,848951;0,118198;0,015455;0,733549;-0,078802;0,211258;0,906816;0,100302;0,019893;0,744727;-0,097440;0,205893;0,910854;-0,021878;0,160935;0,459780;-0,106741;0,155555;0,400278;0,000241;0,150752;0,387918;-0,087616;0,154032;0,396358;0,010222;0,149833;0,385553;-0,072153;0,154148;0,396658;0,011431;0,149835;0,385559;-0,070406;0,152743;0,393041;0,012953;0,149538;0,384796;-0,048692;0,155469;0,400055
00:00:19.313;421;6;6;6;5;116,323933;176,794732;169,275659;93,430233;155,786338;87,813819;-143,581694;154,449088;170,880546;170,750676;20,975746;9,189440;40,562371;41,480713;-0,177444;-0,251078;0,988155;-0,185946;-0,287177;0,984437;-0,180834;-0,292075;0,998044;-0,177647;-0,298108;1,013152;-0,208040;-0,272058;0,951984;-0,221977;-0,267344;0,948862;-0,238287;-0,263022;0,948496;-0,183898;-0,266991;0,968575;-0,282873;-0,238324;0,954096;-0,194794;-0,271731;1,225766;-0,188071;-0,203619;0,962022;-0,074054;-0,092379;1,094620;-0,352258;-0,035101;0,899461;0,033367;0,151181;1,006929;-0,349308;0,219303;0,817912;0,094699;0,044591;0,751442;-0,152077;0,212078;0,841470;0,131965;0,029458;0,706242;-0,081723;0,221229;0,849668;0,133132;0,010046;0,749457;-0,079580;0,211565;0,906530;0,114659;0,014713;0,758122;-0,098149;0,206054;0,911605;-0,021120;0,159546;0,456007;-0,106622;0,155381;0,399831;0,000157;0,150763;0,387947;-0,087677;0,154119;0,396583;0,010369;0,149758;0,385360;-0,072204;0,154195;0,396778;0,011801;0,149623;0,385013;-0,070366;0,152737;0,393027;0,013009;0,149430;0,384517;-0,048723;0,155461;0,400036
00:00:19.360;422;6;6;6;5;116,168499;176,803978;169,411999;93,527493;156,082874;89,211528;-142,799962;153,800798;170,910559;169,083836;21,892694;9,133368;40,319278;39,246510;-0,179215;-0,249850;0,983901;-0,188143;-0,286192;0,981834;-0,182832;-0,291161;0,994879;-0,179465;-0,297190;1,009949;-0,210376;-0,271452;0,951290;-0,224673;-0,267109;0,948560;-0,241026;-0,262488;0,947622;-0,185090;-0,267196;0,968374;-0,284204;-0,237349;0,953713;-0,183923;-0,253791;1,145698;-0,190063;-0,203451;0,961664;-0,073848;-0,092031;1,097203;-0,352270;-0,034583;0,899299;0,039877;0,152835;1,015354;-0,349168;0,219919;0,818293;0,104889;0,042833;0,763188;-0,152040;0,212125;0,841656;0,144236;0,026297;0,717707;-0,081795;0,221561;0,851184;0,146463;0,006530;0,760147;-0,079693;0,212093;0,907745;0,127110;0,011346;0,766830;-0,098647;0,206238;0,912443;-0,020312;0,158154;0,452155;-0,106544;0,155268;0,399540;0,000102;0,150634;0,387616;-0,087640;0,154040;0,396379;0,010465;0,149709;0,385234;-0,072237;0,154225;0,396856;0,012041;0,149485;0,384659;-0,070340;0,152734;0,393017;0,013045;0,149360;0,384336;-0,048743;0,155456;0,400023
00:00:19.409;423;6;6;6;5;116,100122;176,739541;169,497682;93,678327;156,162536;90,333795;-142,187418;152,999649;170,808654;168,282305;21,923052;9,223415;33,343099;35,427213;-0,181277;-0,248786;0,980086;-0,190543;-0,285348;0,979442;-0,185055;-0,290259;0,991771;-0,181401;-0,295976;1,005767;-0,212816;-0,270858;0,950138;-0,227418;-0,266858;0,948014;-0,243345;-0,262141;0,947055;-0,186416;-0,267881;0,968243;-0,285505;-0,236629;0,953113;-0,177425;-0,242130;1,093654;-0,191976;-0,203415;0,961782;-0,073156;-0,091892;1,099932;-0,351902;-0,034259;0,899545;0,044110;0,153910;1,020830;-0,349077;0,220319;0,818540;0,113665;0,042848;0,784472;-0,152016;0,212155;0,841776;0,154306;0,025744;0,732510;-0,081640;0,221231;0,850070;0,157497;0,005154;0,773745;-0,079308;0,212600;0,909234;0,136936;0,010113;0,779139;-0,098934;0,206798;0,912638;-0,019591;0,157483;0,451051;-0,106267;0,155195;0,399351;0,000066;0,150823;0,388100;-0,087771;0,154260;0,396946;0,010527;0,149677;0,385152;-0,072228;0,153701;0,395506;0,012197;0,149396;0,384428;-0,070324;0,152731;0,393011;0,013069;0,149314;0,384218;-0,048234;0,154501;0,397565
00:00:19.455;424;6;6;6;5;116,101777;176,991395;169,512514;93,676665;156,135271;90,809082;-141,742185;152,327224;170,807941;167,627333;22,168391;-9,132048;30,322761;-33,068064;-0,183104;-0,248006;0,977256;-0,192446;-0,284494;0,976837;-0,187281;-0,289161;0,988001;-0,183465;-0,294671;1,001298;-0,215562;-0,270572;0,949740;-0,229654;-0,266597;0,947309;-0,245837;-0,261281;0,946336;-0,188171;-0,268033;0,967108;-0,287106;-0,235791;0,953424;-0,173709;-0,235040;1,059475;-0,193695;-0,203318;0,961508;-0,072751;-0,091860;1,102406;-0,351663;-0,034049;0,899704;0,047502;0,154180;1,025439;-0,348551;0,220580;0,818701;0,123063;0,043608;0,803557;-0,151521;0,212175;0,841855;0,166186;0,026462;0,748081;-0,081024;0,220925;0,848995;0,170423;0,005680;0,789585;-0,078629;0,213175;0,911252;0,148887;0,010316;0,794141;-0,098750;0,207480;0,914165;-0,018935;0,157398;0,452083;-0,106086;0,155147;0,399228;0,000264;0,150945;0,388415;-0,087783;0,154676;0,398015;0,010807;0,149928;0,385799;-0,071926;0,154176;0,396729;0,012530;0,149473;0,384628;-0,071241;0,153274;0,394407;0,013780;0,149693;0,385192;-0,046001;0,153472;0,394917
00:00:19.503;425;6;6;6;5;116,123646;177,424189;169,570760;93,801874;157,144155;91,597746;-141,273185;151,783568;170,798345;166,472603;21,894973;9,080618;32,329702;28,950840;-0,184493;-0,247765;0,976466;-0,194165;-0,283837;0,974794;-0,189217;-0,288345;0,985201;-0,185238;-0,293617;0,997694;-0,217805;-0,270287;0,949131;-0,231646;-0,266426;0,946851;-0,247456;-0,260721;0,945868;-0,189312;-0,268133;0,966370;-0,288903;-0,235418;0,954325;-0,171412;-0,230588;1,037959;-0,194884;-0,203329;0,961680;-0,072557;-0,091926;1,105064;-0,351508;-0,033912;0,899808;0,049506;0,154906;1,036136;-0,348210;0,221215;0,818806;0,131850;0,044046;0,814912;-0,151199;0,212188;0,841906;0,178149;0,027606;0,764503;-0,080557;0,220545;0,847597;0,182262;0,006496;0,800580;-0,078127;0,213385;0,911864;0,160476;0,010452;0,804241;-0,098594;0,207844;0,914807;-0,018509;0,157342;0,452754;-0,105834;0,155252;0,399498;0,000393;0,151025;0,388620;-0,087410;0,154674;0,398010;0,010979;0,149956;0,385869;-0,071441;0,154349;0,397174;0,012745;0,149524;0,384758;-0,071611;0,153626;0,395315;0,014229;0,149802;0,385475;-0,044253;0,152531;0,392496
00:00:19.550;426;6;6;6;5;116,401810;177,749940;169,621395;93,825592;157,441420;91,752077;-141,183692;151,424032;170,847407;165,968120;21,076308;9,235354;31,969398;19,637110;-0,185545;-0,247075;0,973853;-0,195763;-0,283308;0,973116;-0,190614;-0,288019;0,984081;-0,186955;-0,292932;0,995351;-0,219263;-0,270101;0,948735;-0,232941;-0,266316;0,946553;-0,248601;-0,260454;0,945914;-0,190603;-0,268197;0,965891;-0,290071;-0,235175;0,954911;-0,169684;-0,227382;1,022573;-0,195585;-0,203262;0,961442;-0,072476;-0,092027;1,107492;-0,351270;-0,033299;0,899525;0,050756;0,154623;1,042038;-0,347522;0,221628;0,818874;0,141156;0,045464;0,834193;-0,151053;0,212284;0,842289;0,191738;0,028861;0,788827;-0,079773;0,220297;0,846688;0,195413;0,007108;0,816127;-0,077253;0,213440;0,911912;0,170657;0,010999;0,810107;-0,097896;0,207922;0,914525;-0,018860;0,160185;0,462290;-0,105670;0,155320;0,399674;0,000256;0,151076;0,388753;-0,087168;0,154672;0,398006;0,011111;0,150246;0,386615;-0,070960;0,154597;0,397813;0,012886;0,149557;0,384843;-0,071852;0,153856;0,395905;0,014769;0,150146;0,386359;-0,042526;0,152192;0,391623
00:00:19.596;427;6;6;6;5;116,716704;177,969864;169,576294;93,808090;157,637041;99,240806;-141,393184;151,121450;170,862615;165,553779;20,948324;9,405415;-95,814324;-38,390819;-0,186364;-0,246805;0,972855;-0,196946;-0,283168;0,972726;-0,192011;-0,287705;0,983002;-0,188138;-0,292590;0,994178;-0,220293;-0,270080;0,948828;-0,233957;-0,265901;0,947060;-0,249346;-0,260280;0,945944;-0,191920;-0,268142;0,965229;-0,290937;-0,234559;0,955642;-0,169186;-0,225376;1,012923;-0,196113;-0,203293;0,961637;-0,072446;-0,092122;1,109420;-0,351253;-0,032913;0,899691;0,051604;0,153941;1,046575;-0,347075;0,221897;0,818918;0,194011;0,059524;1,084375;-0,150478;0,212347;0,842538;0,203777;0,030824;0,809537;-0,079328;0,220318;0,846797;0,205979;0,008953;0,826583;-0,076685;0,213476;0,911943;0,178977;0,011810;0,813220;-0,097480;0,208051;0,914691;-0,019330;0,164083;0,474439;-0,105287;0,154957;0,398738;0,000166;0,151246;0,389189;-0,086784;0,154672;0,398004;0,011197;0,150434;0,387100;-0,070299;0,154487;0,397528;0,012977;0,149578;0,384898;-0,071682;0,154277;0,396988;0,015120;0,150369;0,386933;-0,041146;0,151835;0,390705
00:00:19.644;428;6;6;6;5;116,512311;177,606461;169,704276;93,927489;158,133310;95,851612;-140,619891;150,804330;170,781722;165,076514;21,990344;-9,696449;-60,849760;-29,952150;-0,186679;-0,247073;0,973955;-0,197714;-0,283076;0,972472;-0,192919;-0,287501;0,982302;-0,188974;-0,292471;0,993766;-0,221126;-0,270265;0,949588;-0,234705;-0,265730;0,947739;-0,249923;-0,260264;0,946314;-0,193326;-0,268106;0,964799;-0,290424;-0,233732;0,954368;-0,168743;-0,223916;1,005950;-0,196528;-0,202839;0,962114;-0,072426;-0,091550;1,110673;-0,350593;-0,032649;0,899449;0,051675;0,153852;1,051974;-0,346784;0,222071;0,818947;0,184552;0,055880;1,006894;-0,150104;0,212388;0,842699;0,214380;0,033772;0,827899;-0,078780;0,220970;0,849318;0,214868;0,012568;0,833729;-0,075910;0,213826;0,913363;0,241580;0,020285;1,045543;-0,096276;0,208375;0,915849;-0,019342;0,161912;0,468685;-0,105038;0,154720;0,398130;-0,000335;0,151220;0,389123;-0,086308;0,154263;0,396953;0,011012;0,150284;0,386715;-0,069626;0,153871;0,395943;0,012829;0,149728;0,385284;-0,071735;0,154414;0,397342;0,015349;0,150514;0,387307;-0,040028;0,151603;0,390108
00:00:19.691;429;6;6;6;5;116,328427;177,274783;169,788938;93,990997;158,899294;94,423033;-139,707959;150,513605;170,678224;164,750674;22,855626;-10,460453;-122,116475;18,104249;-0,186884;-0,247247;0,974671;-0,198214;-0,283017;0,972307;-0,193509;-0,287368;0,981846;-0,189879;-0,292084;0,992448;-0,221045;-0,270286;0,949732;-0,235103;-0,265521;0,947830;-0,250205;-0,260157;0,946204;-0,194501;-0,267693;0,963119;-0,290090;-0,233194;0,953539;-0,168693;-0,223279;1,002817;-0,196797;-0,202543;0,962424;-0,072505;-0,091292;1,112887;-0,350164;-0,031966;0,899292;0,050671;0,154301;1,058983;-0,346595;0,222185;0,818965;0,225130;0,075761;1,193481;-0,148962;0,212502;0,843155;0,224195;0,042415;0,845085;-0,078001;0,221575;0,851657;0,223843;0,022445;0,844674;-0,074419;0,214218;0,914986;0,230815;0,027263;0,978153;-0,094413;0,208505;0,916252;-0,020048;0,159897;0,463195;-0,104876;0,154567;0,397734;-0,001325;0,151203;0,389080;-0,086448;0,153997;0,396269;0,010673;0,150187;0,386465;-0,069067;0,153198;0,394213;0,012293;0,149826;0,385534;-0,071517;0,153960;0,396172;0,015276;0,150609;0,387549;-0,039592;0,151724;0,390420
00:00:19.739;430;6;6;6;5;116,246158;177,039694;169,933055;93,887813;160,067373;90,894275;-139,082794;150,347026;170,617813;164,080317;24,353868;10,774754;-138,132154;8,053766;-0,186950;-0,247272;0,974786;-0,198395;-0,282775;0,971499;-0,193823;-0,287180;0,981200;-0,190400;-0,291730;0,991241;-0,220992;-0,270300;0,949826;-0,235363;-0,265384;0,947890;-0,250388;-0,260087;0,946133;-0,195594;-0,267133;0,960978;-0,289767;-0,232218;0,952650;-0,168600;-0,222787;1,000431;-0,196901;-0,202278;0,962276;-0,073168;-0,090461;1,113977;-0,349749;-0,031510;0,898840;0,048961;0,155150;1,067389;-0,346472;0,222258;0,818978;0,250897;0,093813;1,302863;-0,147140;0,212880;0,842751;0,231560;0,052165;0,858005;-0,076092;0,222151;0,853877;0,231540;0,033599;0,856688;-0,071959;0,214719;0,917091;0,281230;0,050095;1,159749;-0,091670;0,208670;0,916864;-0,021094;0,159071;0,461027;-0,104771;0,154467;0,397477;-0,002193;0,151329;0,389402;-0,086692;0,154097;0,396525;0,010005;0,149988;0,385952;-0,068703;0,152761;0,393089;0,011496;0,149753;0,385347;-0,071249;0,153392;0,394712;0,015229;0,150670;0,387707;-0,038983;0,151395;0,389573
00:00:19.786;431;6;6;6;5;116,153328;177,434167;169,941634;93,717917;161,980493;86,699432;-138,507921;150,525789;170,628068;163,387354;25,128528;-11,066509;-110,735915;16,058663;-0,187061;-0,247376;0,975211;-0,198585;-0,282719;0,971325;-0,194027;-0,287057;0,980780;-0,190739;-0,291499;0,990457;-0,220877;-0,270209;0,949537;-0,234905;-0,265198;0,947578;-0,249877;-0,259946;0,945736;-0,196631;-0,266477;0,958535;-0,289982;-0,231922;0,953473;-0,168541;-0,222467;0,998880;-0,196491;-0,202179;0,962529;-0,073599;-0,089285;1,114685;-0,349344;-0,030691;0,898196;0,045572;0,157087;1,078103;-0,345779;0,222211;0,818635;0,227866;0,095982;1,168161;-0,144997;0,213125;0,842488;0,238139;0,065817;0,869203;-0,073846;0,222434;0,854970;0,238534;0,049160;0,867997;-0,069311;0,215569;0,918459;0,261282;0,060232;1,063237;-0,088842;0,209299;0,917261;-0,022275;0,158412;0,459268;-0,104703;0,154402;0,397310;-0,002979;0,151410;0,389611;-0,087082;0,154569;0,397741;0,009571;0,149858;0,385619;-0,068771;0,153157;0,394108;0,010759;0,149706;0,385226;-0,071391;0,153703;0,395513;0,015185;0,150574;0,387460;-0,037990;0,151453;0,389723
00:00:19.833;432;6;6;6;5;116,125371;177,410168;170,047781;93,609048;163,329954;83,047304;-138,056469;150,575612;170,639430;162,868266;26,127716;10,991361;-76,341741;20,369198;-0,187132;-0,247444;0,975487;-0,198851;-0,282887;0,971911;-0,194718;-0,286977;0,980507;-0,191453;-0,291247;0,989597;-0,220964;-0,270349;0,950049;-0,234781;-0,265273;0,948076;-0,249729;-0,260046;0,946179;-0,198068;-0,266342;0,957998;-0,289909;-0,231561;0,953307;-0,168442;-0,222181;0,997522;-0,196368;-0,202262;0,963394;-0,074539;-0,088549;1,115495;-0,349080;-0,030159;0,897777;0,042780;0,158499;1,086117;-0,345475;0,222276;0,818763;0,213667;0,100585;1,076755;-0,143067;0,213196;0,841967;0,244039;0,079590;0,875082;-0,072357;0,222527;0,855331;0,244497;0,063792;0,874998;-0,067591;0,216121;0,919348;0,250367;0,071061;1,002604;-0,087004;0,209709;0,917520;-0,023341;0,158226;0,458824;-0,104658;0,154360;0,397202;-0,003490;0,151463;0,389747;-0,087183;0,155013;0,398882;0,010569;0,149366;0,384352;-0,068305;0,153279;0,394420;0,010263;0,149403;0,384447;-0,071257;0,153906;0,396033;0,015567;0,150239;0,386599;-0,036771;0,151899;0,390870
00:00:19.879;433;6;6;6;5;116,037776;177,652922;170,095228;93,480198;164,631320;81,840245;-137,785994;150,757590;170,550456;162,280089;26,849525;10,740338;-48,657325;-18,755807;-0,187111;-0,247400;0,975317;-0,198953;-0,282894;0,971942;-0,195027;-0,286721;0,979630;-0,191781;-0,290876;0,988338;-0,221184;-0,270640;0,951082;-0,234332;-0,265517;0,949099;-0,249277;-0,260304;0,947166;-0,199149;-0,266450;0,958349;-0,290075;-0,230952;0,953900;-0,168319;-0,221918;0,996289;-0,195809;-0,202389;0,964306;-0,075711;-0,087354;1,114972;-0,348533;-0,029825;0,897855;0,040373;0,160827;1,092376;-0,345278;0,222317;0,818846;0,204353;0,106948;1,019440;-0,140856;0,213720;0,841629;0,246167;0,091525;0,874703;-0,070847;0,222405;0,854865;0,248473;0,077184;0,878149;-0,065996;0,216645;0,920626;0,242856;0,081684;0,963543;-0,084857;0,210739;0,918738;-0,024274;0,158244;0,458186;-0,104353;0,153924;0,396081;-0,003822;0,151497;0,389836;-0,086792;0,154485;0,397523;0,010139;0,149182;0,383879;-0,067925;0,152677;0,392873;0,009519;0,149478;0,384640;-0,071396;0,154037;0,396372;0,015350;0,149750;0,385339;-0,036363;0,151917;0,390915
00:00:19.915;434;6;6;6;5;115,947752;177,782988;170,105286;93,406389;166,214203;82,066283;-137,521713;151,037650;170,465654;161,982777;26,363089;10,747234;-26,253616;-13,202064;-0,186676;-0,247548;0,975906;-0,198947;-0,282797;0,971612;-0,194810;-0,286759;0,979759;-0,191994;-0,290636;0,987520;-0,220784;-0,270828;0,951753;-0,233498;-0,265676;0,949765;-0,247903;-0,260471;0,947808;-0,199778;-0,266422;0,958227;-0,289745;-0,230640;0,954635;-0,168240;-0,221746;0,995488;-0,195446;-0,202471;0,964899;-0,076498;-0,086604;1,114982;-0,348178;-0,029096;0,897906;0,037001;0,164025;1,099244;-0,345150;0,222345;0,818900;0,197612;0,114968;0,983936;-0,139475;0,214150;0,841759;0,249543;0,105538;0,883207;-0,069325;0,222629;0,853862;0,251854;0,091750;0,886497;-0,064364;0,217261;0,920407;0,238693;0,094025;0,940953;-0,083461;0,211409;0,919530;-0,024602;0,158135;0,457421;-0,104154;0,153641;0,395353;-0,004038;0,151519;0,389893;-0,086614;0,154277;0,396990;0,009454;0,149607;0,384971;-0,067618;0,152151;0,391517;0,009051;0,149799;0,385466;-0,071296;0,153715;0,395542;0,014977;0,149296;0,384170;-0,037326;0,151520;0,389895
00:00:19.956;435;6;6;4;5;115,932525;178,400661;170,301450;93,355726;167,426351;82,095983;-136,936549;151,300554;170,288530;161,966033;26,386056;10,767032;-12,255520;0,316176;-0,186394;-0,247645;0,976289;-0,199015;-0,282836;0,971748;-0,194738;-0,286886;0,980194;-0,191843;-0,290891;0,988388;-0,220062;-0,271051;0,952540;-0,232585;-0,265975;0,950897;-0,247191;-0,260772;0,948925;-0,200187;-0,266404;0,958147;-0,289848;-0,230691;0,956163;-0,167622;-0,221635;0,994967;-0,194730;-0,203148;0,965634;-0,077083;-0,085561;1,116038;-0,347167;-0,028601;0,897239;0,033586;0,167007;1,105459;-0,344919;0,222267;0,818585;0,193338;0,123793;0,964009;-0,138042;0,214819;0,841493;0,249139;0,117344;0,883135;-0,067877;0,222866;0,853560;0,252728;0,105684;0,890873;-0,062802;0,217745;0,920615;0,235763;0,106590;0,929419;-0,081909;0,212043;0,918644;-0,024853;0,158046;0,457623;-0,104025;0,153457;0,394879;-0,004182;0,151670;0,390281;-0,086273;0,154143;0,396644;0,009008;0,149883;0,385681;-0,067539;0,152080;0,391336;0,008746;0,150008;0,386003;-0,071232;0,153505;0,395002;0,014735;0,149000;0,383411;-0,038023;0,151534;0,389932
00:00:20.004;436;6;6;5;5;116,017755;178,585442;170,430520;93,330065;168,489625;82,504783;-136,716559;151,299979;170,174382;162,038486;26,261802;11,302212;3,848492;-7,126014;-0,185852;-0,247974;0,977588;-0,199131;-0,282963;0,972186;-0,194761;-0,287071;0,980826;-0,191812;-0,291160;0,989302;-0,219433;-0,270996;0,952351;-0,231822;-0,265973;0,950933;-0,246097;-0,260331;0,949301;-0,200306;-0,266198;0,957396;-0,289703;-0,230010;0,956456;-0,167455;-0,221874;0,996029;-0,194264;-0,203038;0,966112;-0,077463;-0,084882;1,116725;-0,346509;-0,028279;0,896805;0,030746;0,170327;1,110198;-0,344770;0,222217;0,818380;0,190032;0,131111;0,951056;-0,137167;0,215344;0,841671;0,248276;0,126971;0,882738;-0,067070;0,223966;0,855114;0,253098;0,116170;0,893017;-0,061696;0,218249;0,919350;0,233254;0,116256;0,921573;-0,080809;0,212732;0,917019;-0,025191;0,159073;0,460905;-0,103941;0,153338;0,394572;-0,004047;0,151496;0,389832;-0,085976;0,154327;0,397118;0,008718;0,150062;0,386143;-0,067487;0,152035;0,391219;0,008548;0,150143;0,386352;-0,070680;0,153233;0,394301;0,014604;0,149080;0,383617;-0,038476;0,151544;0,389956
00:00:20.050;437;6;6;5;5;115,999979;178,703654;170,515076;93,324977;169,269456;82,789056;-136,453588;151,456320;170,100607;162,076842;25,139389;-11,740354;6,547625;14,363653;-0,185698;-0,249014;0,979482;-0,199278;-0,283147;0,972821;-0,194845;-0,287294;0,981587;-0,191859;-0,291438;0,990246;-0,219184;-0,271160;0,952928;-0,231496;-0,266168;0,951657;-0,245476;-0,260140;0,949896;-0,200603;-0,266356;0,957957;-0,289170;-0,229651;0,956996;-0,167346;-0,222030;0,996719;-0,193481;-0,203040;0,966773;-0,077710;-0,084441;1,117171;-0,346082;-0,028070;0,896523;0,028909;0,173178;1,113629;-0,344672;0,222184;0,818247;0,187675;0,137282;0,941586;-0,136711;0,215865;0,842486;0,246638;0,134083;0,878629;-0,066465;0,224405;0,855074;0,253750;0,123953;0,894061;-0,060955;0,219015;0,918177;0,231711;0,123624;0,916822;-0,080155;0,213343;0,916662;-0,025275;0,158897;0,460588;-0,103887;0,153260;0,394372;-0,003959;0,151383;0,389541;-0,085783;0,154447;0,397427;0,008530;0,150179;0,386443;-0,067454;0,152005;0,391142;0,008419;0,150231;0,386579;-0,070320;0,153056;0,393846;0,014506;0,148997;0,383401;-0,038700;0,151278;0,389271
00:00:20.097;438;6;6;5;5;115,998955;178,801923;170,562269;93,178164;170,045218;83,277027;-136,352357;151,588340;170,060436;162,060768;25,705862;11,584168;11,083808;18,469775;-0,185729;-0,249868;0,981413;-0,199517;-0,283471;0,973934;-0,195039;-0,287643;0,982781;-0,191958;-0,291722;0,991210;-0,218639;-0,271465;0,954003;-0,231284;-0,266295;0,952127;-0,245072;-0,260016;0,950282;-0,200944;-0,266653;0,959022;-0,288823;-0,229418;0,957348;-0,167217;-0,222053;0,996817;-0,192972;-0,203042;0,967203;-0,077846;-0,084129;1,117111;-0,345804;-0,027934;0,896340;0,027092;0,175142;1,116559;-0,344609;0,222163;0,818161;0,185617;0,141293;0,935431;-0,135822;0,216503;0,842316;0,245378;0,139082;0,875259;-0,065716;0,225151;0,856798;0,254273;0,129066;0,895090;-0,060495;0,219596;0,917765;0,230104;0,128876;0,913384;-0,079669;0,213576;0,915730;-0,025291;0,158541;0,459682;-0,104128;0,153617;0,395291;-0,003901;0,151309;0,389352;-0,085657;0,154525;0,397628;0,008408;0,150254;0,386638;-0,067432;0,151985;0,391092;0,008336;0,150289;0,386726;-0,070087;0,152940;0,393550;0,014442;0,148942;0,383261;-0,038881;0,151241;0,389176
00:00:20.146;439;6;6;5;5;116,046592;178,512639;170,763206;93,126652;170,502716;83,723363;-136,280217;151,488780;170,073894;162,139662;25,426181;-11,531246;14,623893;21,019433;-0,185684;-0,250334;0,982319;-0,199672;-0,283681;0,974657;-0,195165;-0,287871;0,983558;-0,192090;-0,292009;0,992187;-0,218364;-0,271763;0,955052;-0,230772;-0,266573;0,953132;-0,244809;-0,259935;0,950534;-0,201312;-0,267041;0,960414;-0,288176;-0,228932;0,956176;-0,167133;-0,222068;0,996881;-0,192571;-0,203519;0,967132;-0,077935;-0,083925;1,117072;-0,345488;-0,027835;0,895871;0,025903;0,177001;1,118113;-0,344715;0,222244;0,818454;0,184210;0,143843;0,931080;-0,134876;0,217099;0,842905;0,244755;0,142451;0,873768;-0,064714;0,225544;0,857569;0,254102;0,132389;0,895758;-0,059675;0,219974;0,917497;0,228884;0,132183;0,910450;-0,079384;0,213810;0,915475;-0,025359;0,158671;0,460144;-0,104285;0,153850;0,395889;-0,003640;0,151125;0,388879;-0,085349;0,154576;0,397758;0,008328;0,150304;0,386765;-0,066957;0,151429;0,389660;0,008502;0,150326;0,386822;-0,069650;0,152730;0,393007;0,014879;0,149315;0,384219;-0,038998;0,151217;0,389115
00:00:20.194;440;6;6;6;5;116,079368;177,967040;170,901997;93,079477;170,783155;84,031751;-136,187080;151,240584;170,075685;162,196878;25,895010;11,058972;17,124180;-22,240678;-0,185721;-0,250727;0,983257;-0,199431;-0,284123;0,976177;-0,195385;-0,288223;0,984763;-0,192311;-0,292402;0,993521;-0,218185;-0,271957;0,955734;-0,230355;-0,266656;0,953436;-0,244187;-0,259978;0,951047;-0,202025;-0,267195;0,960969;-0,287440;-0,228365;0,954364;-0,167137;-0,222156;0,997273;-0,192311;-0,203280;0,967086;-0,078017;-0,083820;1,117397;-0,345283;-0,027770;0,895566;0,025138;0,178266;1,119474;-0,344784;0,222297;0,818645;0,183296;0,145501;0,928252;-0,134095;0,217214;0,842238;0,244545;0,144263;0,873500;-0,063986;0,225522;0,857020;0,253892;0,134495;0,895843;-0,059142;0,220220;0,917323;0,228091;0,134333;0,908542;-0,078559;0,214153;0,913909;-0,025141;0,158756;0,460443;-0,104386;0,154001;0,396278;-0,003467;0,150870;0,388221;-0,085071;0,154881;0,398543;0,008489;0,150200;0,386497;-0,066841;0,152019;0,391179;0,008821;0,150214;0,386534;-0,069222;0,153273;0,394405;0,015149;0,149421;0,384493;-0,038853;0,151201;0,389074
00:00:20.229;441;6;6;6;5;116,011125;178,011179;170,889636;93,027316;171,128837;84,296767;-136,198497;151,327168;170,077235;162,126742;26,305099;10,707090;18,161639;22,915681;-0,185744;-0,250982;0,983867;-0,199275;-0,284411;0,977165;-0,195529;-0,288452;0,985546;-0,192817;-0,292348;0,993339;-0,217990;-0,271439;0,955827;-0,230084;-0,266710;0,953633;-0,243782;-0,260006;0,951380;-0,202415;-0,266652;0,960980;-0,287383;-0,228331;0,954587;-0,167023;-0,222057;0,996827;-0,192281;-0,203270;0,967756;-0,078021;-0,083698;1,116908;-0,345285;-0,027739;0,895718;0,024641;0,179088;1,120358;-0,344829;0,222331;0,818770;0,182840;0,146692;0,927114;-0,133588;0,217290;0,841805;0,244409;0,145441;0,873325;-0,063513;0,225509;0,856663;0,253756;0,135864;0,895898;-0,058817;0,220464;0,917560;0,227488;0,135677;0,906953;-0,078053;0,214458;0,913241;-0,024887;0,158087;0,458538;-0,104453;0,154099;0,396531;-0,003135;0,150704;0,387794;-0,084889;0,155079;0,399053;0,008569;0,149724;0,385273;-0,066589;0,151995;0,391116;0,009239;0,150005;0,385997;-0,068702;0,153082;0,393913;0,015268;0,148946;0,383270;-0,038759;0,151191;0,389048
00:00:20.272;442;6;6;6;5;116,007438;177,518111;170,778561;93,059937;171,388954;84,437812;-136,406541;151,054074;169,961541;162,066145;26,898065;10,776170;18,251774;22,160800;-0,185760;-0,250587;0,984264;-0,199730;-0,284598;0,977807;-0,196114;-0,288499;0,985705;-0,193282;-0,292520;0,993920;-0,217862;-0,271103;0,955888;-0,229992;-0,266299;0,954112;-0,243519;-0,260025;0,951597;-0,202668;-0,266299;0,960987;-0,286924;-0,227433;0,953331;-0,166948;-0,221993;0,996538;-0,192330;-0,203338;0,968541;-0,078000;-0,083593;1,116240;-0,345045;-0,027740;0,896517;0,024310;0,179566;1,120583;-0,344858;0,222354;0,818850;0,182153;0,147578;0,927074;-0,133258;0,217338;0,841523;0,243824;0,146207;0,873211;-0,063205;0,225500;0,856431;0,253568;0,136700;0,895584;-0,058170;0,220959;0,919114;0,226668;0,136604;0,906269;-0,077753;0,214739;0,913156;-0,024834;0,158377;0,459400;-0,104496;0,154163;0,396695;-0,002702;0,150868;0,388216;-0,084764;0,155616;0,400434;0,008848;0,149551;0,384827;-0,066096;0,152251;0,391776;0,009692;0,149326;0,384248;-0,067858;0,152821;0,393244;0,015794;0,148773;0,382826;-0,038221;0,151049;0,388681
00:00:20.319;443;6;6;6;5;116,007320;177,098224;170,748271;93,101419;171,659243;84,579124;-136,619863;150,888746;169,895383;161,899104;27,491586;10,578897;18,924623;21,211240;-0,185902;-0,250508;0,985221;-0,199811;-0,283858;0,977175;-0,196354;-0,287764;0,985108;-0,193721;-0,292837;0,994998;-0,218243;-0,270785;0,955577;-0,230391;-0,265935;0,954073;-0,243800;-0,259400;0,951388;-0,202759;-0,265972;0,960642;-0,286416;-0,226684;0,951815;-0,167407;-0,221873;0,996000;-0,192432;-0,203455;0,969402;-0,077937;-0,083473;1,115106;-0,344754;-0,027220;0,896686;0,024095;0,179239;1,120729;-0,344877;0,222368;0,818903;0,182166;0,147571;0,926698;-0,132988;0,217280;0,840990;0,244234;0,146384;0,874187;-0,062954;0,225309;0,855580;0,253955;0,137243;0,895379;-0,057772;0,221366;0,920474;0,226651;0,136691;0,905825;-0,077499;0,214756;0,912402;-0,024856;0,158663;0,461010;-0,104524;0,154204;0,396802;-0,002200;0,151110;0,388840;-0,084453;0,155965;0,401332;0,009437;0,149030;0,383488;-0,065328;0,152418;0,392204;0,010430;0,149020;0,383461;-0,066921;0,152788;0,393158;0,016537;0,148389;0,381837;-0,037430;0,150956;0,388443
00:00:20.366;444;6;6;6;5;116,001522;176,914822;170,736602;93,119892;171,761813;84,663091;-136,681532;150,645004;169,844775;161,839091;27,851407;10,690648;19,050178;21,594279;-0,186356;-0,249630;0,984794;-0,199863;-0,283377;0,976764;-0,196650;-0,287491;0,985420;-0,194075;-0,292578;0,996049;-0,218711;-0,270183;0,953975;-0,230937;-0,265406;0,952997;-0,244343;-0,258803;0,950552;-0,202743;-0,265663;0,960067;-0,286626;-0,226196;0,950830;-0,167706;-0,221229;0,995650;-0,192981;-0,202906;0,969611;-0,077920;-0,083421;1,114719;-0,344565;-0,026882;0,896796;0,023955;0,179026;1,120824;-0,344889;0,222378;0,818937;0,182036;0,147455;0,925754;-0,131911;0,217332;0,840994;0,243913;0,146147;0,872722;-0,062355;0,225370;0,855727;0,254108;0,137033;0,894897;-0,056966;0,221546;0,921008;0,226464;0,136642;0,904836;-0,076326;0,214850;0,912261;-0,024852;0,158728;0,461706;-0,104542;0,154231;0,396871;-0,001430;0,151404;0,389596;-0,083578;0,155784;0,400866;0,009820;0,148692;0,382617;-0,064606;0,152526;0,392483;0,010910;0,148821;0,382950;-0,066088;0,152767;0,393103;0,017305;0,148683;0,382594;-0,036916;0,150896;0,388288
00:00:20.412;445;6;6;6;5;115,993036;176,930881;170,720583;93,132091;171,873655;84,759823;-136,782716;150,568063;169,819389;161,712628;27,878905;10,853399;18,225659;20,631071;-0,186718;-0,249148;0,984866;-0,200381;-0,282964;0,976146;-0,197263;-0,287109;0,984923;-0,194666;-0,292103;0,995682;-0,219177;-0,269447;0,953634;-0,231919;-0,264618;0,952648;-0,245418;-0,258606;0,950709;-0,202734;-0,265462;0,959694;-0,286868;-0,225962;0,950540;-0,168347;-0,220655;0,994722;-0,193338;-0,202549;0,969747;-0,077885;-0,083360;1,114117;-0,344443;-0,026662;0,896867;0,023865;0,178250;1,120885;-0,344897;0,222384;0,818959;0,182269;0,146688;0,924090;-0,131211;0,217366;0,840996;0,243215;0,145208;0,870019;-0,061966;0,225410;0,855823;0,253914;0,136469;0,891783;-0,056400;0,221494;0,920655;0,226926;0,135835;0,902444;-0,075534;0,214829;0,911820;-0,024849;0,158771;0,462159;-0,104554;0,154249;0,396916;-0,000486;0,151459;0,389738;-0,082994;0,156074;0,401613;0,010754;0,148880;0,383101;-0,063854;0,153004;0,393714;0,011887;0,148828;0,382967;-0,065380;0,152889;0,393417;0,018205;0,148602;0,382386;-0,036234;0,151265;0,389237
00:00:20.448;446;6;6;5;5;115,987536;177,402120;170,710100;93,129841;171,596989;84,600500;-136,848815;150,485797;169,802889;161,661606;28,527406;-10,584884;14,258260;17,033641;-0,187514;-0,248834;0,984913;-0,201126;-0,282492;0,975045;-0,197661;-0,286861;0,984600;-0,195188;-0,291998;0,996143;-0,219860;-0,268771;0,952712;-0,232926;-0,263912;0,951721;-0,246475;-0,257747;0,950111;-0,202653;-0,265235;0,959101;-0,287885;-0,225517;0,951401;-0,169449;-0,220437;0,994820;-0,194121;-0,202317;0,969836;-0,077862;-0,083321;1,113726;-0,344363;-0,026519;0,896914;0,024412;0,176889;1,119526;-0,344903;0,222388;0,818973;0,183495;0,144763;0,920559;-0,130648;0,217207;0,840297;0,243043;0,142444;0,864062;-0,061662;0,225251;0,855185;0,251573;0,132702;0,880309;-0,056075;0,221629;0,921126;0,226271;0,132662;0,893188;-0,075020;0,214815;0,911533;-0,024847;0,158799;0,462453;-0,104561;0,154260;0,396946;0,000126;0,151223;0,389129;-0,082615;0,156263;0,402098;0,011361;0,149002;0,383416;-0,063647;0,153451;0,394864;0,012522;0,148832;0,382979;-0,065090;0,153376;0,394671;0,018790;0,148550;0,382251;-0,035728;0,151232;0,389154
00:00:20.490;447;6;6;5;5;116,059484;178,165066;170,643645;93,235681;171,415863;84,998837;-137,012059;150,475238;169,786743;161,627954;28,681753;-10,860361;10,886052;13,113730;-0,188592;-0,248630;0,984943;-0,201756;-0,282388;0,975029;-0,198408;-0,286598;0,984040;-0,195956;-0,291726;0,995743;-0,220844;-0,268332;0,952113;-0,234122;-0,263454;0,951119;-0,248242;-0,257189;0,949722;-0,202601;-0,265087;0,958716;-0,289409;-0,225476;0,953010;-0,170045;-0,220141;0,994183;-0,195112;-0,202093;0,969543;-0,077847;-0,083296;1,113472;-0,344311;-0,026426;0,896944;0,024767;0,176004;1,118642;-0,344759;0,222761;0,818633;0,184079;0,141275;0,917213;-0,130814;0,217194;0,840193;0,242234;0,137846;0,857741;-0,061565;0,225516;0,856170;0,249245;0,127907;0,870051;-0,055842;0,221633;0,921082;0,225305;0,128316;0,885072;-0,074657;0,214723;0,910996;-0,024959;0,159804;0,464745;-0,104566;0,154268;0,396965;0,000303;0,151205;0,389084;-0,082454;0,156113;0,401714;0,011755;0,149082;0,383620;-0,063512;0,153742;0,395612;0,012934;0,148835;0,382986;-0,065186;0,153829;0,395836;0,019170;0,148515;0,382163;-0,035525;0,150803;0,388050
00:00:20.538;448;6;6;5;5;116,087962;179,089016;170,853844;93,370780;171,304989;85,806310;-136,965590;150,563897;169,833014;161,437297;28,676059;10,944430;11,033941;-11,241629;-0,189225;-0,248410;0,984613;-0,202501;-0,282017;0,973969;-0,198894;-0,286427;0,983676;-0,196455;-0,291549;0,995483;-0,221861;-0,267850;0,951023;-0,234724;-0,262962;0,950027;-0,249298;-0,256732;0,949119;-0,202567;-0,264991;0,958465;-0,291052;-0,225531;0,954407;-0,170997;-0,219948;0,993769;-0,196164;-0,201802;0,968653;-0,078421;-0,083227;1,112607;-0,344009;-0,026345;0,896264;0,024998;0,175429;1,118067;-0,344812;0,223099;0,818761;0,184174;0,136736;0,913639;-0,130922;0,217186;0,840126;0,241907;0,132552;0,854331;-0,061477;0,225597;0,856461;0,248925;0,122691;0,865833;-0,055670;0,221551;0,920703;0,225577;0,123470;0,883297;-0,074393;0,214581;0,910298;-0,025466;0,159855;0,464484;-0,104570;0,154272;0,396977;0,000197;0,151058;0,388705;-0,082795;0,156424;0,402514;0,012436;0,148997;0,383403;-0,063369;0,153795;0,395748;0,012985;0,148837;0,382991;-0,065416;0,153987;0,396244;0,019051;0,149037;0,383506;-0,035142;0,150388;0,386983
00:00:20.584;449;6;6;5;5;116,081768;179,719853;170,991405;93,370828;170,836884;86,931254;-136,983840;150,718201;169,980512;161,159607;28,774397;-10,952100;12,958617;-18,274718;-0,190059;-0,248090;0,983699;-0,203131;-0,281978;0,973980;-0,199352;-0,286519;0,984139;-0,196988;-0,291741;0,996364;-0,222604;-0,267635;0,950665;-0,235656;-0,262642;0,949318;-0,250430;-0,256340;0,948378;-0,203165;-0,265026;0,958652;-0,292120;-0,225567;0,955314;-0,171616;-0,219823;0,993500;-0,196847;-0,201613;0,968075;-0,078769;-0,083156;1,111694;-0,344187;-0,026282;0,895471;0,026384;0,173570;1,116294;-0,344847;0,223319;0,818845;0,183533;0,128578;0,902915;-0,130992;0,217181;0,840082;0,240041;0,122647;0,843015;-0,061420;0,225649;0,856649;0,247983;0,112970;0,858891;-0,055579;0,221582;0,920807;0,225802;0,114615;0,880393;-0,074250;0,214053;0,910193;-0,025755;0,159646;0,463615;-0,104572;0,154275;0,396985;0,000128;0,150418;0,387058;-0,083161;0,156898;0,403734;0,012661;0,148942;0,383262;-0,063501;0,153829;0,395836;0,013017;0,148838;0,382994;-0,065508;0,153954;0,396158;0,019008;0,149649;0,385079;-0,035018;0,150663;0,387689
00:00:20.620;450;6;6;5;5;116,101854;179,641866;171,154732;93,403820;170,405459;87,926734;-136,997286;150,910771;170,093605;160,842702;28,717540;10,659071;13,486261;-20,933334;-0,190534;-0,247794;0,982754;-0,203761;-0,282256;0,975037;-0,200211;-0,286579;0,984441;-0,197762;-0,291661;0,996237;-0,223087;-0,267495;0,950432;-0,236261;-0,262435;0,948857;-0,251166;-0,256086;0,947895;-0,203702;-0,265241;0,959474;-0,292814;-0,225591;0,955904;-0,171958;-0,219664;0,992975;-0,197292;-0,201490;0,967698;-0,078945;-0,083058;1,110401;-0,344033;-0,026221;0,894256;0,027898;0,171622;1,114441;-0,344723;0,223366;0,818549;0,183044;0,120720;0,895595;-0,131515;0,217177;0,840053;0,238526;0,112814;0,834610;-0,061408;0,225775;0,857122;0,246862;0,103105;0,852629;-0,056044;0,221078;0,920875;0,225405;0,105657;0,876406;-0,074646;0,213628;0,909776;-0,025943;0,159510;0,463050;-0,104573;0,154278;0,396990;-0,000583;0,150818;0,388088;-0,083648;0,156390;0,402427;0,011735;0,149179;0,383870;-0,063915;0,153035;0,393793;0,012395;0,148975;0,383346;-0,065986;0,152845;0,393303;0,017847;0,149774;0,385401;-0,035470;0,150297;0,386748
00:00:20.663;451;6;6;5;5;116,249323;179,615797;171,078223;93,378872;169,939328;88,661050;-137,469655;150,774626;170,146890;160,780025;28,738726;10,796453;12,277985;19,792323;-0,190979;-0,247778;0,982840;-0,204579;-0,282235;0,975024;-0,200769;-0,286618;0,984636;-0,198335;-0,291711;0,996504;-0,223941;-0,267404;0,950281;-0,237194;-0,262300;0,948557;-0,252278;-0,256015;0,947932;-0,204052;-0,265382;0,960008;-0,293485;-0,225358;0,955238;-0,172683;-0,219483;0,992284;-0,198059;-0,201337;0,967104;-0,079034;-0,082967;1,109211;-0,344202;-0,026202;0,894167;0,028834;0,170091;1,111487;-0,344642;0,223397;0,818357;0,181644;0,113844;0,892937;-0,131856;0,217175;0,840035;0,237007;0,104242;0,830547;-0,061863;0,225278;0,857079;0,244196;0,094137;0,846809;-0,056368;0,220834;0,921269;0,221888;0,096701;0,866814;-0,074990;0,213598;0,910554;-0,026364;0,161503;0,467932;-0,104574;0,154279;0,396994;-0,001045;0,151078;0,388757;-0,084495;0,156196;0,401928;0,011134;0,149333;0,384266;-0,064581;0,152927;0,393516;0,011990;0,149064;0,383575;-0,066823;0,152803;0,393197;0,016859;0,149719;0,385261;-0,036270;0,150331;0,386836
00:00:20.711;452;6;6;5;5;116,267308;179,711930;171,028585;93,362745;168,927793;89,265864;-137,668118;150,636851;170,181755;160,705407;29,127581;10,899941;14,424615;-25,794286;-0,191758;-0,247679;0,982546;-0,205111;-0,282221;0,975016;-0,201131;-0,286644;0,984764;-0,198778;-0,291846;0,997027;-0,224414;-0,267247;0,949833;-0,237801;-0,262212;0,948362;-0,252812;-0,255780;0,947256;-0,204130;-0,265279;0,959655;-0,293813;-0,225125;0,954455;-0,173154;-0,219366;0,991834;-0,198557;-0,201238;0,966718;-0,079092;-0,082909;1,108437;-0,344312;-0,026189;0,894108;0,031251;0,168101;1,107116;-0,344589;0,223417;0,818232;0,178335;0,106107;0,884209;-0,132077;0,217173;0,840022;0,233114;0,096091;0,820905;-0,062210;0,225137;0,857752;0,240741;0,085841;0,841976;-0,056621;0,220316;0,922225;0,218197;0,088313;0,858829;-0,075330;0,213385;0,912460;-0,026231;0,161950;0,468656;-0,104575;0,154280;0,396996;-0,001345;0,151247;0,389192;-0,085198;0,155934;0,401253;0,010515;0,149296;0,384173;-0,065402;0,152721;0,392985;0,011727;0,149122;0,383724;-0,067590;0,152777;0,393128;0,015741;0,149276;0,384120;-0,037266;0,150490;0,387243
00:00:20.759;453;6;6;6;5;116,397098;179,855422;171,135685;93,497541;167,306062;89,500456;-137,728981;150,388058;170,219767;161,118586;29,777837;11,219583;16,268675;29,044977;-0,192196;-0,247527;0,982005;-0,205308;-0,282009;0,974310;-0,201711;-0,286355;0,983796;-0,199066;-0,291934;0,997368;-0,225094;-0,266948;0,948841;-0,238557;-0,261961;0,947535;-0,253604;-0,255532;0,946466;-0,204106;-0,265116;0,959076;-0,294027;-0,224973;0,953946;-0,173460;-0,219290;0,991542;-0,199431;-0,201174;0,966466;-0,079230;-0,083608;1,109334;-0,344384;-0,026181;0,894070;0,033340;0,165095;1,101126;-0,344702;0,223991;0,818501;0,173966;0,096543;0,872236;-0,132699;0,217173;0,840015;0,226640;0,086905;0,806938;-0,063055;0,225012;0,859939;0,235815;0,075396;0,834284;-0,057268;0,219814;0,922146;0,214357;0,078057;0,853639;-0,076042;0,213165;0,913349;-0,026009;0,163089;0,471576;-0,104575;0,154280;0,396997;-0,001540;0,151357;0,389475;-0,085655;0,155764;0,400814;0,010113;0,149273;0,384112;-0,065936;0,152587;0,392640;0,011556;0,149159;0,383820;-0,067581;0,152623;0,392733;0,015014;0,148987;0,383378;-0,037949;0,150729;0,387858
00:00:20.807;454;6;6;6;5;116,179779;179,850696;170,928059;93,647452;165,583117;89,390594;-137,715017;150,225077;170,218939;161,584496;29,641970;11,104513;17,680847;-32,136306;-0,192412;-0,246782;0,981303;-0,205510;-0,281973;0,974202;-0,202160;-0,286269;0,983518;-0,199323;-0,292094;0,997939;-0,225535;-0,266753;0,948197;-0,239048;-0,261798;0,946998;-0,254118;-0,255372;0,945953;-0,204165;-0,265107;0,959049;-0,294925;-0,225039;0,954315;-0,173721;-0,219318;0,991703;-0,199926;-0,201059;0,965953;-0,079270;-0,084009;1,109217;-0,344835;-0,026206;0,895096;0,035781;0,162526;1,093032;-0,344776;0,224365;0,818676;0,170508;0,087848;0,863753;-0,133581;0,216694;0,840010;0,221509;0,077686;0,796110;-0,063935;0,224385;0,859260;0,232158;0,065441;0,831035;-0,058213;0,218963;0,922095;0,209968;0,067330;0,846415;-0,077639;0,212743;0,914977;-0,024933;0,161163;0,465775;-0,104575;0,154281;0,396998;-0,001887;0,151292;0,389309;-0,085650;0,155517;0,400179;0,010308;0,149530;0,384773;-0,066178;0,152772;0,393116;0,012113;0,149320;0,384233;-0,067575;0,152523;0,392477;0,014799;0,149208;0,383946;-0,038392;0,150884;0,388258
00:00:20.855;455;6;6;6;5;116,035016;179,263015;170,999508;93,831297;163,851499;89,517702;-137,674377;150,221363;170,263810;162,202196;28,706427;10,693347;23,917944;34,482851;-0,192690;-0,246473;0,981547;-0,205494;-0,281194;0,973431;-0,202452;-0,286213;0,983337;-0,199847;-0,291890;0,997260;-0,225823;-0,266627;0,947778;-0,239279;-0,261596;0,946299;-0,254358;-0,254636;0,945270;-0,204278;-0,265197;0,959382;-0,295726;-0,224703;0,955255;-0,173890;-0,219336;0,991807;-0,200394;-0,201130;0,966320;-0,078615;-0,084216;1,108441;-0,344724;-0,025683;0,894712;0,038439;0,160293;1,083921;-0,344823;0,224608;0,818789;0,164171;0,078714;0,844240;-0,134689;0,216473;0,840356;0,214448;0,067683;0,781722;-0,065401;0,223704;0,857769;0,225662;0,054389;0,820523;-0,060279;0,217997;0,920312;0,202991;0,056608;0,832270;-0,079563;0,212065;0,914285;-0,023699;0,159790;0,461654;-0,104575;0,154281;0,396999;-0,001670;0,151386;0,389551;-0,085568;0,155628;0,400467;0,010654;0,149697;0,385202;-0,066335;0,152892;0,393426;0,012913;0,149424;0,384502;-0,067348;0,152459;0,392310;0,014659;0,149352;0,384315;-0,038645;0,150849;0,388168
00:00:20.901;456;6;6;6;5;115,885345;179,153110;170,940135;93,941460;162,420431;89,533779;-137,828148;150,068973;170,297389;162,919670;28,863910;10,565910;26,345274;36,365292;-0,193221;-0,246009;0,980656;-0,205962;-0,280586;0,972580;-0,202714;-0,286278;0,983569;-0,200328;-0,291963;0,997519;-0,226093;-0,266643;0,947856;-0,239518;-0,261022;0,946194;-0,254703;-0,254345;0,945525;-0,204501;-0,265450;0,960298;-0,296030;-0,224320;0,955165;-0,174503;-0,219270;0,991524;-0,200625;-0,201103;0,966208;-0,077536;-0,084323;1,107587;-0,344786;-0,025353;0,894813;0,040655;0,159035;1,075198;-0,344855;0,224765;0,818863;0,158801;0,071908;0,832256;-0,136309;0,216239;0,840232;0,207593;0,059339;0,770269;-0,067471;0,223227;0,858550;0,219435;0,045811;0,812990;-0,062665;0,216847;0,919153;0,196460;0,048234;0,822375;-0,082271;0,211382;0,912785;-0,022078;0,158533;0,457925;-0,104441;0,154417;0,397349;-0,000643;0,151311;0,389358;-0,085058;0,155701;0,400653;0,011746;0,149669;0,385132;-0,065931;0,152834;0,393277;0,014325;0,149628;0,385026;-0,066813;0,152552;0,392551;0,015180;0,149037;0,383505;-0,038951;0,151370;0,389509
00:00:20.950;457;6;6;6;5;115,802129;178,813825;170,885496;94,163354;160,059822;88,245507;-138,159863;150,121053;170,334498;164,287326;28,287500;10,102376;29,605819;37,835847;-0,193984;-0,245532;0,979376;-0,206819;-0,280192;0,972027;-0,203225;-0,285457;0,982670;-0,201067;-0,291805;0,996988;-0,227517;-0,266310;0,948606;-0,240929;-0,260842;0,946826;-0,256004;-0,254156;0,945691;-0,204794;-0,265807;0,961594;-0,296445;-0,224236;0,955808;-0,175403;-0,218586;0,990991;-0,201800;-0,201013;0,965785;-0,076787;-0,084340;1,106331;-0,344827;-0,025139;0,894878;0,042314;0,156334;1,060779;-0,344875;0,224868;0,818911;0,150779;0,065852;0,814316;-0,138377;0,215698;0,840501;0,197910;0,053071;0,755475;-0,069736;0,222736;0,858357;0,208706;0,038146;0,799343;-0,065700;0,215854;0,917349;0,186144;0,040650;0,806844;-0,085656;0,210581;0,912510;-0,020538;0,157959;0,456201;-0,103991;0,154642;0,397927;0,001349;0,151127;0,388883;-0,083886;0,155884;0,401125;0,014005;0,149787;0,385436;-0,065166;0,153205;0,394230;0,016780;0,149760;0,385367;-0,065908;0,152886;0,393408;0,016933;0,149648;0,385078;-0,038480;0,151709;0,390381
00:00:20.997;458;6;6;6;5;115,745274;178,816541;170,848696;94,304828;158,371310;87,390597;-138,429280;149,857882;170,360078;165,405485;27,880840;9,622134;38,487363;-39,375483;-0,194683;-0,244784;0,976795;-0,207701;-0,279633;0,970618;-0,203896;-0,284619;0,981035;-0,201476;-0,291034;0,996292;-0,228984;-0,266093;0,949094;-0,242387;-0,260725;0,947237;-0,257388;-0,253495;0,945799;-0,204911;-0,265943;0,962086;-0,296931;-0,223935;0,955175;-0,175987;-0,218142;0,990644;-0,203039;-0,200882;0,965160;-0,076300;-0,084979;1,105515;-0,344853;-0,024999;0,894921;0,043331;0,154373;1,050006;-0,344888;0,224935;0,818942;0,143048;0,060561;0,795656;-0,139662;0,215258;0,840325;0,189380;0,048225;0,746909;-0,071148;0,221749;0,857532;0,199089;0,032724;0,790473;-0,067646;0,215127;0,915827;0,176638;0,035697;0,796049;-0,087856;0,210060;0,912332;-0,019009;0,157207;0,454731;-0,103472;0,154788;0,398303;0,003079;0,150871;0,388224;-0,082330;0,154915;0,398631;0,015949;0,150136;0,386333;-0,064726;0,153582;0,395199;0,018655;0,150255;0,386639;-0,065434;0,153374;0,394665;0,018275;0,149910;0,385751;-0,038175;0,151929;0,390948
00:00:21.044;459;6;6;6;5;115,685225;178,742553;170,458639;94,254788;157,151428;86,776267;-138,916861;149,644918;170,406170;166,204432;27,706344;9,421800;40,947266;41,736519;-0,195477;-0,244035;0,974066;-0,208199;-0,279169;0,969352;-0,204332;-0,284075;0,979973;-0,202021;-0,290125;0,994440;-0,230306;-0,265757;0,948711;-0,243691;-0,259918;0,946804;-0,258632;-0,252878;0,945170;-0,204912;-0,265935;0,962056;-0,297790;-0,223739;0,954764;-0,176868;-0,217777;0,990069;-0,204393;-0,200796;0,964754;-0,075911;-0,085312;1,103935;-0,345005;-0,024918;0,895299;0,043900;0,152791;1,040904;-0,344137;0,224321;0,818262;0,136666;0,056665;0,783176;-0,140557;0,214582;0,840561;0,180150;0,045104;0,734341;-0,072095;0,220709;0,857346;0,190319;0,029158;0,783308;-0,069047;0,214541;0,916588;0,167976;0,032429;0,787632;-0,089250;0,209641;0,911866;-0,017770;0,156839;0,454125;-0,102907;0,154882;0,398547;0,004418;0,150568;0,387445;-0,081234;0,154557;0,397710;0,017194;0,150227;0,386567;-0,064213;0,153826;0,395830;0,020055;0,150304;0,386765;-0,065125;0,153692;0,395483;0,019367;0,150080;0,386188;-0,037976;0,152072;0,391316
00:00:21.091;460;6;6;6;5;115,645535;178,756529;170,181163;94,210367;155,166009;85,143720;-139,423161;149,382730;170,464716;167,881965;27,384718;9,621778;45,310892;42,944352;-0,196257;-0,243198;0,970893;-0,209073;-0,278867;0,968529;-0,205172;-0,283721;0,979282;-0,202591;-0,289840;0,994286;-0,231532;-0,265342;0,947762;-0,244894;-0,259202;0,945823;-0,259881;-0,252384;0,944410;-0,205310;-0,265736;0,961336;-0,298781;-0,223530;0,954146;-0,177748;-0,217232;0,988295;-0,205746;-0,200668;0,964140;-0,075635;-0,086128;1,102558;-0,345614;-0,024865;0,895544;0,043885;0,151051;1,026238;-0,344113;0,223922;0,817821;0,127416;0,053428;0,764215;-0,141197;0,214231;0,841065;0,169552;0,041938;0,719871;-0,072802;0,220302;0,858275;0,178308;0,025673;0,767450;-0,069903;0,213998;0,916382;0,156247;0,029559;0,772711;-0,090086;0,208691;0,910863;-0,016952;0,156480;0,453381;-0,102540;0,154944;0,398705;0,005288;0,150372;0,386940;-0,080522;0,154325;0,397112;0,018004;0,150286;0,386718;-0,063825;0,153850;0,395889;0,020744;0,150336;0,386847;-0,064868;0,153762;0,395664;0,020077;0,150190;0,386472;-0,037847;0,152165;0,391555
00:00:21.138;461;6;6;6;5;115,704221;178,599551;170,057435;94,343706;153,961976;84,253151;-140,014014;149,259693;170,537070;168,971114;27,513654;-9,923154;48,422688;44,205164;-0,196908;-0,242829;0,969531;-0,210038;-0,278470;0,967294;-0,205718;-0,283491;0,978834;-0,203310;-0,289349;0,993136;-0,232328;-0,265073;0,947145;-0,245585;-0,259178;0,944835;-0,260498;-0,251876;0,943217;-0,205719;-0,265800;0,961569;-0,299315;-0,223312;0,953395;-0,178752;-0,216724;0,986442;-0,206550;-0,200511;0,963391;-0,075360;-0,087170;1,100263;-0,345739;-0,024812;0,895004;0,043814;0,149713;1,015305;-0,343951;0,223567;0,817183;0,118965;0,051761;0,752239;-0,141673;0,213613;0,841742;0,160224;0,039862;0,710116;-0,073351;0,219814;0,859929;0,168121;0,023426;0,757842;-0,070569;0,213447;0,917648;0,146079;0,027693;0,763012;-0,090771;0,208392;0,911611;-0,016469;0,156728;0,454298;-0,102302;0,154984;0,398808;0,005854;0,150244;0,386611;-0,080426;0,154446;0,397423;0,018618;0,151004;0,388567;-0,063797;0,153865;0,395928;0,021292;0,151037;0,388651;-0,064644;0,153672;0,395431;0,020412;0,150942;0,388407;-0,037883;0,151818;0,390661
00:00:21.185;462;6;6;6;5;115,707411;178,609887;169,792217;94,288080;151,870561;82,037045;-140,918344;149,257635;170,712613;170,877258;26,812357;10,040170;55,219742;42,824458;-0,197665;-0,242326;0,967595;-0,210665;-0,278212;0,966491;-0,206555;-0,283240;0,978192;-0,203994;-0,289336;0,993438;-0,233472;-0,264996;0,947095;-0,246754;-0,259355;0,944893;-0,261532;-0,251640;0,942791;-0,206608;-0,266486;0,962070;-0,300203;-0,223170;0,952907;-0,179899;-0,216317;0,984887;-0,207543;-0,200337;0,962554;-0,075707;-0,087734;1,097371;-0,346601;-0,024796;0,895352;0,042209;0,147289;0,997698;-0,343992;0,223431;0,817119;0,109425;0,050095;0,735706;-0,141561;0,213299;0,842532;0,149304;0,039261;0,703076;-0,073588;0,219141;0,859604;0,155044;0,022582;0,743898;-0,070919;0,212846;0,917421;0,134057;0,026737;0,751808;-0,090766;0,207837;0,912797;-0,016178;0,157131;0,455594;-0,102147;0,155010;0,398876;0,006007;0,150297;0,386747;-0,080293;0,154388;0,397275;0,019018;0,151471;0,389768;-0,063779;0,153875;0,395953;0,021568;0,150948;0,388423;-0,064498;0,153613;0,395280;0,020630;0,151431;0,389665;-0,037907;0,151592;0,390080
00:00:21.232;463;6;6;6;5;115,744356;178,795092;169,619661;94,155867;151,094451;81,440876;-141,745949;149,083976;170,958150;171,929875;27,321401;9,520905;59,488023;41,078525;-0,198157;-0,241999;0,966337;-0,211389;-0,277741;0,964919;-0,207099;-0,283077;0,977775;-0,204713;-0,288919;0,992235;-0,233954;-0,264652;0,946011;-0,247867;-0,259277;0,944230;-0,262642;-0,251392;0,942164;-0,207110;-0,266835;0,962045;-0,300988;-0,222832;0,951539;-0,180709;-0,216688;0,984227;-0,208582;-0,200078;0,961310;-0,075883;-0,088664;1,094791;-0,347535;-0,024776;0,895229;0,040671;0,147024;0,987654;-0,344020;0,223344;0,817077;0,101473;0,049556;0,727059;-0,141429;0,213006;0,842696;0,139826;0,038987;0,700599;-0,073342;0,218971;0,860442;0,143512;0,022074;0,736233;-0,071257;0,212254;0,918674;0,123182;0,026494;0,743475;-0,090693;0,207317;0,912868;-0,015990;0,157654;0,456436;-0,102046;0,155027;0,398919;0,006107;0,150331;0,386836;-0,080206;0,154351;0,397179;0,019037;0,151639;0,390200;-0,063655;0,153609;0,395270;0,021527;0,150891;0,388275;-0,064513;0,153303;0,394482;0,020771;0,151748;0,390482;-0,037922;0,151445;0,389702
00:00:21.279;464;6;6;6;5;115,755537;178,845981;169,393027;94,034508;150,024395;80,360323;-142,596530;148,922666;171,135997;173,242384;28,579405;9,205730;60,481795;-39,494510;-0,198879;-0,241611;0,964819;-0,211860;-0,277436;0,963897;-0,207783;-0,282667;0,976454;-0,205326;-0,288853;0,992153;-0,234629;-0,264232;0,944607;-0,248405;-0,259035;0,943100;-0,263167;-0,251045;0,941057;-0,207755;-0,266770;0,960979;-0,301926;-0,222531;0,950301;-0,181665;-0,216775;0,983097;-0,209649;-0,199764;0,959802;-0,075900;-0,089152;1,091714;-0,348141;-0,024764;0,895149;0,038897;0,146494;0,975175;-0,343890;0,223191;0,816700;0,095009;0,049965;0,720738;-0,140806;0,212728;0,842453;0,130999;0,039892;0,697240;-0,073271;0,218634;0,862038;0,133623;0,023313;0,729152;-0,071530;0,212030;0,920188;0,114361;0,027550;0,737359;-0,090854;0,206931;0,915014;-0,015867;0,157994;0,456983;-0,101980;0,155038;0,398947;0,006172;0,150354;0,386893;-0,080362;0,154734;0,398166;0,019255;0,151611;0,390130;-0,063574;0,153436;0,394825;0,021701;0,150717;0,387829;-0,064300;0,153101;0,393963;0,020826;0,151683;0,390313;-0,037898;0,151214;0,389106
00:00:21.326;465;6;6;6;5;115,759337;178,630338;169,263083;94,006702;148,075076;77,953689;-143,164719;148,769991;171,364221;175,480985;29,027979;9,595057;59,105026;41,478422;-0,199676;-0,241096;0,962782;-0,212636;-0,277136;0,962883;-0,208555;-0,282097;0,974545;-0,206069;-0,288504;0,991049;-0,235604;-0,263960;0,943695;-0,249825;-0,258877;0,942365;-0,264577;-0,250819;0,940337;-0,208174;-0,266727;0,960287;-0,303188;-0,222417;0,949845;-0,182844;-0,216832;0,982363;-0,210965;-0,199632;0,959171;-0,075911;-0,090087;1,089714;-0,348908;-0,024746;0,894747;0,036865;0,144705;0,957614;-0,343805;0,223092;0,816455;0,086632;0,052940;0,715230;-0,140517;0,212243;0,842994;0,119154;0,044865;0,690856;-0,073224;0,218415;0,863074;0,120487;0,028930;0,723149;-0,071263;0,212126;0,922222;0,102176;0,031626;0,727433;-0,090993;0,206759;0,916759;-0,015787;0,158214;0,457339;-0,101895;0,154637;0,397916;0,006435;0,150368;0,386931;-0,080463;0,154984;0,398808;0,019396;0,151594;0,390084;-0,063409;0,153596;0,395236;0,022034;0,150604;0,387539;-0,064106;0,153378;0,394676;0,020861;0,151640;0,390204;-0,037796;0,151607;0,390119
00:00:21.373;466;6;6;6;5;115,804498;178,361253;169,172388;93,988209;147,873871;76,711605;-143,739827;148,627476;171,523034;176,338602;28,689391;9,750383;56,038485;47,260038;-0,200666;-0,240674;0,961109;-0,213451;-0,276640;0,961174;-0,209381;-0,281422;0,972254;-0,207041;-0,288737;0,989982;-0,236685;-0,263685;0,942752;-0,251190;-0,258678;0,941537;-0,266028;-0,251207;0,939869;-0,208685;-0,266311;0,958436;-0,304548;-0,222343;0,949550;-0,184036;-0,216714;0,981186;-0,212286;-0,199474;0,958411;-0,076486;-0,091253;1,087714;-0,349406;-0,024734;0,894485;0,033601;0,143862;0,951799;-0,343751;0,223027;0,816296;0,078065;0,057351;0,708149;-0,140329;0,211928;0,843346;0,106989;0,051222;0,679006;-0,073076;0,217920;0,862348;0,108766;0,036433;0,716447;-0,071036;0,212027;0,922844;0,091678;0,038079;0,723432;-0,090980;0,206411;0,916844;-0,015771;0,158459;0,458620;-0,101840;0,154377;0,397245;0,006605;0,150378;0,386955;-0,080528;0,155146;0,399225;0,019488;0,151582;0,390055;-0,062301;0,152884;0,393404;0,022429;0,150259;0,386650;-0,062754;0,152742;0,393040;0,021048;0,151204;0,389082;-0,037316;0,151999;0,391127
00:00:21.420;467;6;6;6;5;115,902264;178,214855;169,259892;93,896796;148,527037;75,369172;-144,015028;148,429442;171,623748;176,557757;28,412058;-9,617525;56,933929;-52,992559;-0,201705;-0,240768;0,959321;-0,214368;-0,276115;0,959363;-0,210468;-0,281534;0,970765;-0,207937;-0,288479;0,987888;-0,237745;-0,263845;0,941439;-0,252421;-0,258357;0,940299;-0,267404;-0,251365;0,939215;-0,209017;-0,266040;0,957234;-0,305206;-0,222131;0,948657;-0,185233;-0,216482;0,979721;-0,213611;-0,199299;0,957567;-0,076860;-0,092628;1,086414;-0,349456;-0,024707;0,893616;0,030002;0,142476;0,953269;-0,343715;0,222521;0,816192;0,068622;0,064876;0,699347;-0,140207;0,211723;0,843575;0,094736;0,059970;0,669204;-0,072890;0,217333;0,860826;0,095652;0,046259;0,709290;-0,070969;0,211676;0,924299;0,078475;0,048055;0,717331;-0,090517;0,206343;0,917598;-0,015761;0,158618;0,459453;-0,101893;0,154343;0,397159;0,006716;0,150384;0,386971;-0,080133;0,154843;0,398446;0,019548;0,151575;0,390036;-0,061282;0,153373;0,394662;0,022905;0,150035;0,386073;-0,061576;0,153281;0,394426;0,021169;0,150921;0,388354;-0,036241;0,151846;0,390733
00:00:21.468;468;6;6;6;5;115,992593;178,291061;169,360939;93,732117;149,073714;74,254994;-143,961799;148,128363;171,763977;176,842259;28,963251;-9,256957;56,643199;56,885163;-0,202850;-0,240741;0,957808;-0,215748;-0,276622;0,959236;-0,211726;-0,281607;0,969797;-0,208817;-0,288721;0,987927;-0,238968;-0,263949;0,940585;-0,253222;-0,258148;0,939494;-0,268198;-0,251374;0,938440;-0,209931;-0,266058;0,957152;-0,305407;-0,221829;0,947377;-0,186011;-0,216332;0,978769;-0,214314;-0,199582;0,956319;-0,077153;-0,094201;1,086269;-0,349351;-0,024680;0,892700;0,027142;0,141183;0,955275;-0,343227;0,222192;0,816125;0,060107;0,071624;0,692926;-0,138687;0,211590;0,843724;0,083403;0,068204;0,662483;-0,071907;0,217305;0,861237;0,083440;0,055273;0,703239;-0,070398;0,211448;0,925244;0,067860;0,056513;0,713015;-0,089694;0,206298;0,918089;-0,015730;0,158480;0,459295;-0,101928;0,154322;0,397104;0,007008;0,150388;0,386981;-0,079720;0,154783;0,398290;0,019586;0,151570;0,390023;-0,060014;0,153283;0,394431;0,023214;0,149889;0,385697;-0,059981;0,153223;0,394277;0,021429;0,150465;0,387180;-0,034920;0,150930;0,388376
00:00:21.514;469;6;6;6;5;116,005812;178,561947;169,251935;93,558394;149,467634;73,163911;-144,090338;147,747891;171,843285;176,950216;30,080624;8,510934;54,269810;-61,651126;-0,203744;-0,240900;0,957525;-0,217029;-0,276749;0,958453;-0,212543;-0,281655;0,969168;-0,209651;-0,288469;0,986553;-0,239673;-0,263918;0,939680;-0,254276;-0,258012;0,938971;-0,268715;-0,251380;0,937936;-0,210526;-0,266070;0,957099;-0,305962;-0,221551;0,946195;-0,187141;-0,216311;0,978500;-0,214771;-0,199766;0,955507;-0,077344;-0,095223;1,086175;-0,349557;-0,024681;0,892805;0,024752;0,139350;0,957279;-0,342911;0,221978;0,816081;0,053775;0,077128;0,688402;-0,137107;0,211329;0,843120;0,074003;0,075119;0,656014;-0,070833;0,217463;0,862204;0,072826;0,063219;0,700355;-0,069974;0,211140;0,925159;0,059290;0,063900;0,709160;-0,089192;0,205824;0,918758;-0,015722;0,158511;0,459542;-0,101547;0,154035;0,396367;0,007647;0,150526;0,387338;-0,078772;0,154743;0,398189;0,020619;0,150887;0,388265;-0,058195;0,152952;0,393580;0,023740;0,149114;0,383703;-0,058173;0,152913;0,393480;0,021597;0,150169;0,386417;-0,033325;0,151015;0,388595
00:00:21.563;470;6;6;6;5;115,943436;178,743328;169,182249;93,573175;152,136535;74,960619;-144,053763;147,589962;171,893435;174,266089;31,007256;-8,107186;48,558887;60,914170;-0,205110;-0,241193;0,955942;-0,218246;-0,276629;0,957245;-0,213470;-0,281482;0,968059;-0,210450;-0,287895;0,984259;-0,240665;-0,263897;0,939092;-0,255495;-0,257923;0,938631;-0,269583;-0,251383;0,937608;-0,211301;-0,265884;0,956364;-0,306322;-0,221370;0,945427;-0,188011;-0,216453;0,979025;-0,215531;-0,199812;0,954630;-0,078060;-0,095856;1,085764;-0,349691;-0,024683;0,892873;0,024160;0,137851;0,976781;-0,342705;0,221839;0,816053;0,049609;0,083405;0,691061;-0,135340;0,211027;0,844128;0,067578;0,082432;0,661259;-0,069393;0,217862;0,865983;0,064296;0,070277;0,697781;-0,069275;0,210730;0,926503;0,050941;0,070741;0,707004;-0,088375;0,205593;0,919543;-0,015866;0,157959;0,456552;-0,101298;0,153849;0,395889;0,008030;0,150072;0,386169;-0,078156;0,154718;0,398123;0,021290;0,150443;0,387122;-0,057384;0,153145;0,394077;0,024127;0,148882;0,383107;-0,057370;0,153120;0,394012;0,022650;0,150384;0,386971;-0,032287;0,151070;0,388737
00:00:21.610;471;6;6;6;5;115,869203;178,837838;169,092809;93,576592;153,736014;75,714566;-144,223400;147,669130;171,928491;172,495366;31,787320;-8,205125;49,337573;66,237339;-0,205997;-0,241383;0,954912;-0,219036;-0,276551;0,956459;-0,214465;-0,281166;0,966639;-0,211121;-0,288286;0,983469;-0,241844;-0,263884;0,938710;-0,256288;-0,257866;0,938410;-0,270681;-0,251386;0,937395;-0,211804;-0,265762;0,955887;-0,306557;-0,221252;0,944928;-0,188997;-0,216946;0,978666;-0,216568;-0,199842;0,954059;-0,079065;-0,096174;1,084446;-0,349778;-0,024175;0,892918;0,023727;0,136597;0,987358;-0,342571;0,221748;0,816034;0,046198;0,089482;0,687540;-0,134137;0,210745;0,844433;0,062733;0,087877;0,656618;-0,067959;0,218122;0,868439;0,058452;0,077017;0,697508;-0,067811;0,210622;0,928077;0,045012;0,077318;0,703502;-0,087385;0,205600;0,920753;-0,015960;0,157600;0,454609;-0,100912;0,153729;0,395578;0,008279;0,149777;0,385410;-0,077395;0,154429;0,397380;0,021685;0,149882;0,385679;-0,056730;0,153543;0,395100;0,024549;0,148460;0,382020;-0,056721;0,153527;0,395058;0,023290;0,150252;0,386631;-0,031613;0,151106;0,388829
00:00:21.658;472;6;6;6;5;115,812009;178,802067;169,218700;93,563996;153,082989;74,300493;-143,750808;147,378048;171,815741;172,512572;32,452650;7,929478;56,746690;61,684350;-0,206963;-0,241329;0,953543;-0,219931;-0,276298;0,955248;-0,215268;-0,281714;0,966415;-0,211888;-0,288231;0,981905;-0,242519;-0,263777;0,938111;-0,257143;-0,257636;0,937567;-0,271293;-0,251293;0,936907;-0,212132;-0,265683;0,955576;-0,307132;-0,221094;0,944253;-0,190057;-0,217111;0,977733;-0,217241;-0,199861;0,953689;-0,079822;-0,097124;1,084990;-0,349190;-0,023836;0,892597;0,024383;0,133588;0,986183;-0,342484;0,221690;0,816022;0,044166;0,093112;0,688401;-0,132766;0,210866;0,843932;0,061019;0,093322;0,666202;-0,066897;0,217853;0,868285;0,053397;0,082843;0,696280;-0,066836;0,210473;0,928750;0,039968;0,082784;0,701227;-0,086742;0,205604;0,921539;-0,015945;0,156636;0,451246;-0,100572;0,153514;0,395026;0,008465;0,149994;0,385967;-0,076765;0,153969;0,396197;0,021922;0,149381;0,384392;-0,056256;0,153665;0,395415;0,024630;0,148321;0,381663;-0,056250;0,153655;0,395388;0,023661;0,149894;0,385710;-0,031148;0,150993;0,388539
00:00:21.704;473;6;6;6;5;115,775254;178,512405;169,293944;93,557773;151,765163;72,233640;-143,503449;147,303267;171,752391;172,964869;32,199588;7,886141;48,036008;-59,973680;-0,208054;-0,241746;0,952303;-0,220756;-0,276981;0,955512;-0,216261;-0,281968;0,965920;-0,212538;-0,288401;0,981588;-0,243491;-0,263708;0,937722;-0,257699;-0,257487;0,937018;-0,272223;-0,251233;0,936590;-0,212423;-0,265729;0,955725;-0,307734;-0,221155;0,944514;-0,190815;-0,217297;0,977476;-0,218060;-0,199727;0,952748;-0,080289;-0,097709;1,084994;-0,348808;-0,023616;0,892388;0,025775;0,130949;0,980169;-0,342427;0,221651;0,816015;0,043321;0,096464;0,690361;-0,131502;0,211121;0,844306;0,059549;0,097374;0,668231;-0,065661;0,217996;0,867485;0,050045;0,088061;0,694432;-0,065697;0,210455;0,929538;0,036750;0,088118;0,701147;-0,084840;0,205840;0,923101;-0,016176;0,156140;0,448710;-0,100352;0,153375;0,394667;0,008585;0,150134;0,386328;-0,076491;0,153942;0,396128;0,022076;0,149056;0,383555;-0,055899;0,153609;0,395270;0,024592;0,147687;0,380031;-0,056070;0,153466;0,394902;0,023903;0,149661;0,385112;-0,031094;0,151056;0,388700
00:00:21.752;474;6;6;6;5;115,769917;178,304072;169,362988;93,665790;138,133407;52,676503;-143,454229;147,280945;171,736780;-173,489227;32,376757;8,389183;42,636161;59,608203;-0,209226;-0,241928;0,951147;-0,221837;-0,277426;0,955682;-0,217065;-0,282338;0,966298;-0,213037;-0,288615;0,981732;-0,244656;-0,263663;0,937470;-0,258593;-0,257390;0,936662;-0,272828;-0,251194;0,936383;-0,212768;-0,265954;0,956521;-0,308126;-0,221195;0,944684;-0,191656;-0,217183;0,976260;-0,219052;-0,199567;0,951786;-0,080565;-0,098058;1,084646;-0,348559;-0,023472;0,892252;0,024733;0,117830;0,882460;-0,342390;0,222091;0,816009;0,042688;0,100006;0,690234;-0,130627;0,211199;0,844199;0,058916;0,102185;0,668850;-0,064935;0,218353;0,868016;0,048191;0,093653;0,692181;-0,064379;0,210813;0,929349;0,035026;0,092682;0,700396;-0,083603;0,205994;0,924115;-0,016339;0,156194;0,447411;-0,100208;0,153284;0,394433;0,008444;0,150225;0,386563;-0,076763;0,153925;0,396083;0,021702;0,148573;0,382311;-0,056291;0,153436;0,394825;0,024419;0,147683;0,380020;-0,056402;0,153343;0,394586;0,023106;0,148966;0,383323;-0,032035;0,151505;0,389855
00:00:21.799;475;6;6;6;5;115,762170;178,398707;169,294837;93,793917;131,193655;41,094247;-143,563020;147,167353;171,619868;-164,780659;32,940555;9,274552;38,509168;-59,200330;-0,209988;-0,242046;0,950395;-0,222539;-0,277714;0,955794;-0,217667;-0,282680;0,966894;-0,213438;-0,288856;0,982176;-0,245413;-0,263633;0,937305;-0,259174;-0,257327;0,936430;-0,273221;-0,251169;0,936249;-0,212992;-0,266100;0,957039;-0,308266;-0,221138;0,944445;-0,192271;-0,217187;0,975819;-0,219615;-0,199389;0,950811;-0,080719;-0,098253;1,084070;-0,348162;-0,023398;0,892864;0,024803;0,109910;0,817549;-0,342366;0,222377;0,816006;0,042276;0,103094;0,690152;-0,129578;0,211249;0,844129;0,058564;0,106194;0,669953;-0,063571;0,218938;0,869760;0,046594;0,098071;0,690718;-0,062024;0,211365;0,930627;0,033906;0,097239;0,699907;-0,081775;0,206172;0,925125;-0,016393;0,155988;0,445167;-0,100470;0,153769;0,395682;0,008359;0,150421;0,387066;-0,076940;0,153914;0,396054;0,021299;0,148666;0,382552;-0,056596;0,153460;0,394886;0,024068;0,147544;0,379663;-0,056668;0,153400;0,394731;0,022212;0,148922;0,383210;-0,032646;0,151796;0,390606
00:00:21.847;476;6;6;6;5;115,675468;178,193994;169,234425;94,004794;127,649031;33,202043;-143,556623;147,207955;171,548510;-159,917821;32,998211;-10,557216;35,336131;60,727984;-0,210406;-0,242033;0,949557;-0,223078;-0,278004;0,956216;-0,218058;-0,282903;0,967281;-0,214027;-0,288705;0,981414;-0,245905;-0,263614;0,937198;-0,259552;-0,257286;0,936280;-0,273477;-0,251153;0,936162;-0,213137;-0,266195;0,957375;-0,308472;-0,220646;0,944639;-0,192741;-0,217268;0,975882;-0,219982;-0,199273;0,950177;-0,080767;-0,097701;1,082995;-0,347768;-0,022832;0,892912;0,025350;0,105545;0,778157;-0,342204;0,222931;0,815654;0,042380;0,105439;0,689749;-0,128949;0,211370;0,844434;0,058719;0,109182;0,670669;-0,062709;0,219406;0,871244;0,045579;0,101389;0,690116;-0,059983;0,211804;0,931808;0,033639;0,102565;0,709740;-0,080646;0,206444;0,926481;-0,016611;0,155484;0,441959;-0,100640;0,154084;0,396493;0,008083;0,150548;0,387393;-0,077055;0,153906;0,396035;0,020584;0,148591;0,382359;-0,056712;0,152659;0,392826;0,023512;0,148134;0,381181;-0,056759;0,152620;0,392725;0,021177;0,148758;0,382786;-0,033365;0,151442;0,389694
00:00:21.894;477;6;6;6;5;115,564952;178,038863;169,272471;94,141151;131,584456;41,158394;-143,485778;147,170292;171,532966;-166,424314;33,592157;11,854445;37,550190;55,327772;-0,210677;-0,242025;0,949012;-0,223346;-0,278090;0,956140;-0,218233;-0,282946;0,967183;-0,214334;-0,288503;0,980569;-0,246225;-0,263602;0,937129;-0,259895;-0,257355;0,936532;-0,273643;-0,251142;0,936105;-0,213232;-0,266256;0,957594;-0,308606;-0,220326;0,944765;-0,193046;-0,217320;0,975923;-0,220220;-0,199198;0,949765;-0,080183;-0,097342;1,082297;-0,347512;-0,022464;0,892943;0,028756;0,112604;0,820452;-0,342245;0,223387;0,815775;0,042426;0,108864;0,689137;-0,127630;0,211536;0,844982;0,059013;0,113040;0,669035;-0,061724;0,219976;0,873259;0,045610;0,105277;0,688326;-0,057672;0,212407;0,933975;0,033468;0,106675;0,707381;-0,078884;0,206698;0,927713;-0,017219;0,154909;0,439173;-0,100484;0,153881;0,395971;0,007683;0,150630;0,387605;-0,077129;0,153902;0,396023;0,019750;0,149087;0,383633;-0,057544;0,152955;0,393587;0,022732;0,148653;0,382518;-0,057350;0,152929;0,393521;0,019932;0,149331;0,384261;-0,034338;0,151484;0,389801
00:00:21.940;478;6;6;6;5;115,507330;177,970766;169,443812;94,333966;131,497941;40,250215;-143,206336;147,089260;171,428952;-166,463549;33,943824;12,206218;35,393284;55,696627;-0,210853;-0,242020;0,948658;-0,223520;-0,278146;0,956091;-0,218267;-0,282871;0,966769;-0,214456;-0,288269;0,979670;-0,246433;-0,263594;0,937084;-0,260021;-0,257304;0,936346;-0,273751;-0,251135;0,936068;-0,213138;-0,266102;0,957036;-0,308464;-0,219955;0,944148;-0,193245;-0,217355;0,975950;-0,220456;-0,199223;0,949847;-0,079803;-0,097108;1,081843;-0,347073;-0,022208;0,892263;0,030287;0,113545;0,818544;-0,342589;0,223587;0,815504;0,042869;0,112326;0,689089;-0,126669;0,211468;0,844638;0,059552;0,117377;0,667623;-0,060915;0,220223;0,872118;0,046043;0,109032;0,687512;-0,056191;0,212879;0,935734;0,033740;0,110489;0,705498;-0,077709;0,207314;0,928163;-0,017815;0,154163;0,436313;-0,100697;0,153885;0,395981;0,007423;0,150684;0,387744;-0,077178;0,153898;0,396015;0,019004;0,149545;0,384812;-0,058257;0,153011;0,393732;0,021769;0,148855;0,383036;-0,058130;0,152995;0,393689;0,018902;0,149703;0,385220;-0,035637;0,151511;0,389871
00:00:21.987;479;6;6;6;5;115,484195;177,801170;169,640719;94,460047;131,578809;39,435500;-142,992684;146,991263;171,382227;-166,533482;34,991730;12,009333;32,426772;-59,731889;-0,210968;-0,242016;0,948428;-0,223634;-0,278183;0,956059;-0,218290;-0,282822;0,966500;-0,214535;-0,288117;0,979086;-0,246568;-0,263589;0,937055;-0,260102;-0,257271;0,936225;-0,273821;-0,251130;0,936045;-0,213077;-0,266001;0,956673;-0,308486;-0,219796;0,944096;-0,193304;-0,217299;0,975618;-0,219988;-0,199165;0,949551;-0,078966;-0,096988;1,081898;-0,346788;-0,022041;0,891821;0,031761;0,115135;0,817653;-0,342960;0,223814;0,815678;0,043069;0,116674;0,687658;-0,125513;0,211337;0,844065;0,059584;0,121772;0,663205;-0,059514;0,220828;0,873127;0,046277;0,112912;0,686283;-0,054713;0,213266;0,937227;0,033848;0,114322;0,702873;-0,076445;0,207793;0,928806;-0,018464;0,153802;0,434803;-0,100836;0,153888;0,395988;0,007027;0,150583;0,387483;-0,077210;0,153896;0,396010;0,018299;0,149842;0,385578;-0,058998;0,153184;0,394176;0,021143;0,148986;0,383374;-0,058916;0,153173;0,394148;0,017764;0,149673;0,385143;-0,036772;0,151800;0,390616
00:00:22.034;480;6;6;6;5;116,232851;177,569251;169,708905;94,513117;134,496750;44,795560;-144,166582;146,971202;171,349092;-170,722008;36,018722;-12,362121;30,881625;62,627175;-0,211042;-0,242014;0,948278;-0,223625;-0,278105;0,955689;-0,218305;-0,282790;0,966325;-0,214587;-0,288018;0,978706;-0,246564;-0,263487;0,936685;-0,260155;-0,257250;0,936146;-0,273764;-0,251034;0,935679;-0,212881;-0,265741;0,955738;-0,308615;-0,219773;0,944412;-0,193343;-0,217262;0,975402;-0,219764;-0,199201;0,949708;-0,078422;-0,096910;1,081934;-0,346603;-0,021933;0,891533;0,034412;0,120730;0,845075;-0,343054;0,224328;0,815440;0,043154;0,120150;0,686028;-0,124710;0,211643;0,843342;0,059381;0,124512;0,657883;-0,058648;0,221399;0,874482;0,046770;0,115699;0,684784;-0,053254;0,213677;0,938898;0,034315;0,117211;0,701168;-0,075122;0,208183;0,929574;-0,020017;0,162376;0,458672;-0,100926;0,153890;0,395992;0,006555;0,150653;0,387664;-0,079049;0,155663;0,400556;0,017577;0,149628;0,385025;-0,059479;0,153296;0,394464;0,020482;0,148799;0,382893;-0,059426;0,153289;0,394446;0,016792;0,149518;0,384743;-0,037593;0,151445;0,389700
00:00:22.080;481;6;6;6;5;115,984864;177,369955;169,649493;94,536948;132,244554;39,810844;-143,891280;146,996666;171,339832;-167,497766;36,445314;12,290956;28,027537;67,779082;-0,211091;-0,242012;0,948181;-0,223620;-0,278054;0,955448;-0,218314;-0,282770;0,966211;-0,214621;-0,287954;0,978459;-0,246654;-0,263519;0,936796;-0,260190;-0,257236;0,936095;-0,273727;-0,250438;0,935441;-0,212909;-0,265767;0,955830;-0,308813;-0,219840;0,944968;-0,192813;-0,217239;0,975261;-0,219700;-0,199298;0,950160;-0,077428;-0,096212;1,081607;-0,346618;-0,021871;0,891697;0,033880;0,118766;0,821599;-0,343115;0,224663;0,815286;0,043254;0,122539;0,685668;-0,124668;0,211842;0,842872;0,059281;0,126363;0,654774;-0,058585;0,221770;0,875364;0,047139;0,118024;0,684509;-0,053299;0,213625;0,938583;0,034672;0,118874;0,701109;-0,075264;0,208280;0,929373;-0,019958;0,159885;0,450737;-0,101163;0,154163;0,396695;0,006027;0,150699;0,387782;-0,080423;0,156268;0,402112;0,016451;0,149488;0,384667;-0,061481;0,153641;0,395352;0,020053;0,148678;0,382580;-0,061446;0,153636;0,395340;0,015285;0,149417;0,384483;-0,040211;0,152301;0,391905
00:00:22.116;482;6;6;6;5;115,727648;177,120418;169,637489;94,666056;129,622605;33,591924;-143,540900;147,055445;171,350349;-163,565888;36,899450;-11,481773;27,193413;70,257064;-0,211044;-0,241922;0,947767;-0,223698;-0,278123;0,955641;-0,218399;-0,282859;0,966487;-0,214719;-0,288015;0,978648;-0,246712;-0,263540;0,936867;-0,260212;-0,257227;0,936062;-0,273703;-0,250052;0,935287;-0,212928;-0,265784;0,955889;-0,309056;-0,219965;0,945679;-0,192606;-0,217380;0,975870;-0,219577;-0,199288;0,950104;-0,076782;-0,095759;1,081395;-0,346628;-0,021831;0,891803;0,033347;0,116205;0,791989;-0,343154;0,225344;0,815186;0,043686;0,123637;0,685084;-0,125014;0,211795;0,841867;0,059408;0,127240;0,654853;-0,058947;0,221656;0,874536;0,047379;0,118756;0,684331;-0,054354;0,213432;0,937679;0,034922;0,119616;0,701421;-0,076414;0,208342;0,929243;-0,019761;0,157262;0,442079;-0,101317;0,154340;0,397152;0,005463;0,150729;0,387858;-0,081705;0,156525;0,402773;0,015282;0,149398;0,384433;-0,063342;0,153593;0,395229;0,018716;0,148871;0,383077;-0,063648;0,153318;0,394521;0,013879;0,149487;0,384664;-0,042363;0,152858;0,393338
00:00:22.158;483;6;6;6;5;115,532771;177,165652;169,560717;94,871227;127,932645;28,551579;-143,457092;147,059326;171,377206;-161,058048;36,369607;10,948898;26,568941;72,106724;-0,211014;-0,241863;0,947499;-0,223749;-0,278167;0,955767;-0,218455;-0,282917;0,966667;-0,214608;-0,288570;0,980521;-0,246749;-0,263554;0,936914;-0,260227;-0,257221;0,936040;-0,273688;-0,249800;0,935187;-0,213018;-0,265892;0,956278;-0,309099;-0,219965;0,945792;-0,192334;-0,217315;0,975565;-0,219659;-0,199428;0,950768;-0,076337;-0,095434;1,080906;-0,346771;-0,021813;0,892222;0,032938;0,114329;0,771343;-0,343180;0,226251;0,815121;0,043989;0,124026;0,685055;-0,126249;0,211852;0,841564;0,059585;0,127643;0,655955;-0,060076;0,221226;0,872599;0,047535;0,119233;0,684215;-0,056038;0,213598;0,936042;0,035102;0,120159;0,701974;-0,077600;0,208147;0,928108;-0,019617;0,155432;0,436101;-0,101417;0,154456;0,397449;0,005097;0,150748;0,387908;-0,082319;0,156284;0,402152;0,014547;0,149611;0,384982;-0,064551;0,153562;0,395149;0,017877;0,149268;0,384100;-0,064975;0,153383;0,394689;0,012986;0,149805;0,385482;-0,043803;0,153356;0,394620
00:00:22.204;484;6;6;6;5;115,390574;177,424370;169,343751;94,973603;126,744444;24,289645;-143,510249;147,006933;171,375150;-159,336152;35,592058;10,077481;26,823549;72,843586;-0,210994;-0,241825;0,947324;-0,223864;-0,278298;0,956198;-0,218570;-0,283057;0,967133;-0,214611;-0,289033;0,982089;-0,246774;-0,263562;0,936944;-0,260236;-0,257217;0,936026;-0,273780;-0,249730;0,935471;-0,213077;-0,265962;0,956531;-0,309128;-0,219965;0,945865;-0,192295;-0,217429;0,976067;-0,219793;-0,199592;0,951549;-0,076073;-0,095253;1,080939;-0,347136;-0,021819;0,893194;0,032612;0,112897;0,756523;-0,343197;0,226840;0,815079;0,044186;0,123889;0,685036;-0,127531;0,211890;0,841366;0,059828;0,127801;0,658070;-0,060734;0,221174;0,870289;0,047636;0,119542;0,684140;-0,057641;0,213626;0,934627;0,035201;0,120452;0,701983;-0,078836;0,207864;0,926670;-0,019555;0,154492;0,432916;-0,101393;0,154395;0,397292;0,004859;0,150760;0,387940;-0,082726;0,155719;0,400699;0,014288;0,149749;0,385338;-0,065337;0,153542;0,395097;0,017317;0,149391;0,384415;-0,065837;0,153425;0,394798;0,012625;0,150012;0,386013;-0,044594;0,153952;0,396153
00:00:22.252;485;6;6;6;5;115,316416;177,627327;169,298315;95,096043;125,859061;20,276929;-143,382045;146,921766;171,369641;-157,841260;34,355328;-9,578769;27,751849;-76,026190;-0,211137;-0,241979;0,947911;-0,223939;-0,278383;0,956479;-0,218566;-0,283046;0,967087;-0,214713;-0,288717;0,981008;-0,246790;-0,263568;0,936964;-0,260340;-0,257311;0,936367;-0,273942;-0,249778;0,936006;-0,213115;-0,266008;0,956695;-0,309032;-0,219883;0,945562;-0,192270;-0,217503;0,976394;-0,219880;-0,199699;0,952057;-0,075926;-0,095166;1,081311;-0,347237;-0,021814;0,893476;0,032322;0,111702;0,745140;-0,343207;0,227224;0,815051;0,044292;0,123737;0,684673;-0,129376;0,212002;0,841588;0,060233;0,127258;0,658046;-0,062561;0,220872;0,867738;0,047751;0,119476;0,684791;-0,060176;0,213323;0,932308;0,035213;0,120461;0,700939;-0,081120;0,207444;0,924686;-0,019515;0,153882;0,430845;-0,101377;0,154355;0,397190;0,004476;0,150497;0,387261;-0,083144;0,155216;0,399404;0,013889;0,149703;0,385220;-0,066073;0,153528;0,395063;0,016908;0,149062;0,383570;-0,066562;0,153317;0,394518;0,012161;0,150010;0,386008;-0,045254;0,154067;0,396449
00:00:22.297;486;6;6;6;5;115,261116;177,656917;169,276546;95,183233;125,226590;16,448582;-143,199683;146,884072;171,356381;-156,580328;33,221673;9,275159;27,320094;81,334835;-0,211308;-0,242169;0,948642;-0,223988;-0,278439;0,956661;-0,218642;-0,283141;0,967406;-0,214856;-0,288614;0,980655;-0,246892;-0,263670;0,937326;-0,260407;-0,257371;0,936589;-0,274048;-0,249809;0,936354;-0,213295;-0,266232;0,957502;-0,309084;-0,219911;0,945715;-0,192809;-0,217551;0,976606;-0,220479;-0,199769;0,952387;-0,075854;-0,095140;1,081902;-0,347302;-0,021811;0,893660;0,031678;0,110767;0,736691;-0,343215;0,227473;0,815033;0,044429;0,123436;0,685488;-0,130631;0,212164;0,842082;0,060058;0,126024;0,657330;-0,063721;0,220586;0,865730;0,047555;0,118558;0,686964;-0,061849;0,213207;0,931150;0,035255;0,119391;0,700960;-0,082604;0,207170;0,923396;-0,019473;0,153360;0,429149;-0,101367;0,154329;0,397123;0,004228;0,150325;0,386820;-0,083711;0,155433;0,399963;0,013629;0,149673;0,385143;-0,066491;0,153384;0,394691;0,016643;0,148849;0,383020;-0,066809;0,153246;0,394337;0,011859;0,150009;0,386005;-0,045497;0,154278;0,396992
00:00:22.344;487;6;6;6;5;115,189969;177,797396;169,347773;95,245758;124,775344;15,030945;-143,038014;146,817304;171,366018;-155,731723;32,996817;8,768506;-26,514008;85,220974;-0,211420;-0,242292;0,949117;-0,224019;-0,278475;0,956780;-0,218771;-0,283305;0,967964;-0,215103;-0,288753;0,981126;-0,246959;-0,263737;0,937562;-0,260451;-0,257411;0,936733;-0,274116;-0,250362;0,936580;-0,213413;-0,266378;0,958026;-0,309003;-0,219849;0,945465;-0,193230;-0,217660;0,977094;-0,220869;-0,199814;0,952602;-0,075808;-0,095124;1,082286;-0,347345;-0,021809;0,893779;0,031259;0,109748;0,731199;-0,343367;0,227732;0,815372;0,044449;0,121885;0,684967;-0,131336;0,212092;0,841704;0,058891;0,123092;0,653364;-0,064912;0,220222;0,863724;0,047057;0,116445;0,688727;-0,063414;0,212970;0,929697;0,034953;0,116924;0,702374;-0,083569;0,206993;0,922557;-0,019446;0,153020;0,428047;-0,101092;0,153904;0,396030;0,004290;0,150350;0,386883;-0,084302;0,155982;0,401376;0,014076;0,149246;0,384043;-0,066361;0,152882;0,393399;0,017139;0,148846;0,383013;-0,066568;0,152793;0,393169;0,012528;0,149872;0,385654;-0,045084;0,154007;0,396295
00:00:22.391;488;6;6;6;5;115,116000;178,027065;169,232069;95,058823;123,836737;12,276508;-142,792939;146,834258;171,406670;-153,958764;32,515789;-8,314211;-28,782153;-78,798160;-0,211875;-0,242193;0,948726;-0,224040;-0,278498;0,956857;-0,219167;-0,283104;0,967277;-0,215263;-0,288843;0,981432;-0,247002;-0,263780;0,937715;-0,260576;-0,257533;0,937176;-0,274694;-0,250722;0,936727;-0,213489;-0,266473;0,958367;-0,308837;-0,219726;0,944952;-0,193641;-0,218445;0,978111;-0,221203;-0,199916;0,953091;-0,076419;-0,095144;1,082886;-0,347745;-0,021799;0,893506;0,029893;0,106842;0,720629;-0,343171;0,227242;0,814892;0,044074;0,118541;0,684629;-0,132273;0,212046;0,841457;0,057947;0,117889;0,648687;-0,065740;0,220163;0,863121;0,046734;0,112314;0,689872;-0,064908;0,212656;0,928053;0,034388;0,113017;0,703993;-0,084687;0,206799;0,921662;-0,019170;0,152675;0,426981;-0,100735;0,153356;0,394620;0,004974;0,149957;0,385874;-0,084007;0,155931;0,401244;0,015471;0,149104;0,383678;-0,065277;0,152828;0,393259;0,017461;0,148844;0,383009;-0,065412;0,152770;0,393110;0,012964;0,149783;0,385425;-0,043287;0,153151;0,394092
00:00:22.438;489;6;6;6;5;115,088346;177,748308;169,345382;94,976854;123,197417;15,367300;-142,429780;147,026572;171,436220;-152,567557;32,310055;-8,144773;-35,312646;-80,315244;-0,212329;-0,242308;0,949172;-0,224053;-0,278513;0,956907;-0,219424;-0,282974;0,966830;-0,215444;-0,289005;0,981981;-0,247031;-0,263808;0,937815;-0,260658;-0,257612;0,937465;-0,275070;-0,250956;0,936823;-0,213539;-0,266534;0,958589;-0,309071;-0,219891;0,945669;-0,193909;-0,218955;0,978772;-0,221583;-0,200674;0,954109;-0,077459;-0,095187;1,083626;-0,347868;-0,021784;0,892979;0,028606;0,104555;0,713759;-0,343191;0,227021;0,814930;0,043541;0,113711;0,679859;-0,132882;0,212015;0,841297;0,057795;0,113159;0,650896;-0,067146;0,219768;0,861329;0,046524;0,107267;0,690617;-0,066432;0,212533;0,927335;0,034020;0,108064;0,705046;-0,085904;0,206595;0,920730;-0,018991;0,152450;0,426287;-0,100503;0,153000;0,393703;0,005418;0,149703;0,385218;-0,083443;0,155625;0,400459;0,016377;0,149012;0,383441;-0,063956;0,152928;0,393519;0,018859;0,148027;0,380906;-0,063873;0,153027;0,393771;0,013247;0,149725;0,385276;-0,041232;0,152595;0,392660
00:00:22.474;490;6;6;6;5;115,144032;177,257841;169,432215;94,880057;129,094881;38,071086;-142,044657;147,202334;171,508469;-161,567893;31,816575;-8,098256;63,214992;76,523157;-0,212781;-0,242561;0,950162;-0,224607;-0,278523;0,956940;-0,219751;-0,283094;0,967239;-0,215792;-0,289419;0,983387;-0,247141;-0,263925;0,938230;-0,260808;-0,257760;0,938002;-0,275417;-0,251202;0,937235;-0,213805;-0,266866;0,959783;-0,309338;-0,220079;0,946485;-0,193944;-0,219130;0,978502;-0,222129;-0,200945;0,953721;-0,078161;-0,095246;1,084457;-0,347675;-0,021757;0,891936;0,028650;0,114007;0,789443;-0,342593;0,226316;0,814604;0,043061;0,109109;0,674658;-0,133756;0,211517;0,841193;0,057512;0,108642;0,650233;-0,068489;0,219333;0,859464;0,046853;0,101761;0,692151;-0,067923;0,212372;0,926518;0,034167;0,102786;0,705380;-0,087150;0,206305;0,919425;-0,018936;0,152560;0,427237;-0,100218;0,152904;0,393457;0,005938;0,149809;0,385492;-0,082028;0,155155;0,399248;0,016966;0,148952;0,383286;-0,061854;0,153266;0,394387;0,020585;0,148584;0,382339;-0,061575;0,153330;0,394551;0,013431;0,149688;0,385180;-0,038786;0,152233;0,391729
00:00:22.517;491;6;6;6;5;115,219267;177,033372;169,491107;94,691678;137,045665;52,503552;-141,989581;147,351175;171,568195;-172,290225;31,459042;8,369274;76,383183;-71,299185;-0,213153;-0,242815;0,951155;-0,225049;-0,278631;0,957311;-0,220043;-0,283275;0,967856;-0,216096;-0,289792;0,984652;-0,247213;-0,264001;0,938499;-0,260906;-0,257856;0,938351;-0,275643;-0,251362;0,937503;-0,213978;-0,267082;0,960559;-0,309512;-0,220202;0,947015;-0,194176;-0,219479;0,979376;-0,222565;-0,201195;0,953819;-0,079208;-0,095254;1,084647;-0,347687;-0,022255;0,891609;0,029030;0,124409;0,868738;-0,342351;0,225491;0,814743;0,042861;0,103713;0,673028;-0,134325;0,211193;0,841126;0,057358;0,103540;0,650151;-0,069821;0,218960;0,857901;0,047462;0,095414;0,693148;-0,068865;0,212187;0,925636;0,035486;0,096183;0,705947;-0,087994;0,206195;0,918926;-0,018962;0,152884;0,429254;-0,100032;0,152842;0,393297;0,006276;0,149878;0,385670;-0,081108;0,154849;0,398461;0,017349;0,148913;0,383186;-0,060263;0,153485;0,394952;0,021706;0,148946;0,383270;-0,059806;0,153391;0,394708;0,013550;0,149663;0,385117;-0,037227;0,152134;0,391474
00:00:22.564;492;6;6;6;5;115,246353;177,394574;169,319692;94,454824;142,952849;61,598694;-141,903512;147,252739;171,650573;-178,546958;30,452226;8,225917;81,627422;-68,777718;-0,213395;-0,242980;0,951801;-0,225336;-0,278702;0,957552;-0,220233;-0,283392;0,968256;-0,216369;-0,290137;0,985824;-0,247260;-0,264584;0,938675;-0,260970;-0,257918;0,938578;-0,275892;-0,251560;0,938027;-0,214402;-0,266930;0,960013;-0,309396;-0,220119;0,946660;-0,194187;-0,219548;0,979245;-0,222631;-0,201653;0,955282;-0,079968;-0,095351;1,085821;-0,347967;-0,022597;0,892096;0,028030;0,131248;0,916780;-0,341730;0,224955;0,814833;0,042841;0,098913;0,673718;-0,135230;0,211070;0,841432;0,057381;0,098193;0,651498;-0,071112;0,218539;0,856186;0,049547;0,088274;0,695196;-0,070445;0,211826;0,924014;0,037592;0,089150;0,707015;-0,088995;0,205966;0,917902;-0,018762;0,152848;0,431265;-0,099912;0,152802;0,393193;0,006716;0,149923;0,385785;-0,080580;0,154786;0,398300;0,017598;0,148888;0,383121;-0,059228;0,153628;0,395319;0,022676;0,149317;0,384226;-0,058656;0,153430;0,394810;0,013628;0,149647;0,385076;-0,035931;0,151797;0,390608
00:00:22.611;493;6;6;6;5;115,319412;177,265221;169,260553;94,227521;146,092644;66,310557;-141,912817;147,317955;171,704194;179,195371;29,869824;-8,391427;64,081936;68,720105;-0,213165;-0,243266;0,952921;-0,225523;-0,278748;0,957709;-0,220436;-0,283571;0,968867;-0,216547;-0,290361;0,986585;-0,247382;-0,264528;0,939139;-0,261108;-0,258055;0,939076;-0,275623;-0,251782;0,938717;-0,214678;-0,266832;0,959659;-0,309549;-0,220227;0,947129;-0,194333;-0,219751;0,979859;-0,222674;-0,201951;0,956233;-0,080436;-0,095384;1,086233;-0,348013;-0,022811;0,892062;0,024899;0,134290;0,938207;-0,341327;0,224143;0,814891;0,043900;0,093268;0,678717;-0,136776;0,210991;0,841631;0,060567;0,090788;0,650624;-0,072133;0,218802;0,857171;0,054880;0,080849;0,696528;-0,071445;0,211511;0,922609;0,041810;0,081787;0,708060;-0,090132;0,205739;0,916886;-0,018661;0,153070;0,433272;-0,100011;0,153048;0,393825;0,007001;0,149952;0,385860;-0,080237;0,154746;0,398195;0,017760;0,148871;0,383079;-0,058556;0,153721;0,395557;0,023307;0,149558;0,384847;-0,058184;0,153592;0,395227;0,013679;0,149637;0,385049;-0,035088;0,151579;0,390045
00:00:22.658;494;6;6;6;5;115,374517;177,428594;168,948910;93,909388;148,253961;69,967141;-141,982110;147,277252;171,669786;177,709700;29,244176;8,964970;53,649969;64,576745;-0,213094;-0,243541;0,953998;-0,225644;-0,278777;0,957811;-0,220568;-0,283687;0,969263;-0,216916;-0,290095;0,985681;-0,247554;-0,264589;0,939790;-0,261296;-0,258240;0,939749;-0,275652;-0,252114;0,939866;-0,215166;-0,266476;0,958378;-0,309649;-0,220298;0,947434;-0,194359;-0,219804;0,979908;-0,222702;-0,202144;0,956852;-0,080792;-0,095466;1,087202;-0,348316;-0,022967;0,892740;0,022877;0,136368;0,952835;-0,340918;0,223056;0,814579;0,047152;0,086370;0,684766;-0,138261;0,210939;0,841760;0,065996;0,083390;0,653556;-0,073254;0,218883;0,857461;0,062211;0,071960;0,696343;-0,072122;0,211387;0,922046;0,048531;0,072905;0,708039;-0,091013;0,205905;0,917626;-0,018404;0,153706;0,435977;-0,100211;0,153071;0,393887;0,007187;0,149971;0,385909;-0,080523;0,155263;0,399527;0,018774;0,149133;0,383751;-0,058690;0,153509;0,395012;0,023497;0,149715;0,385250;-0,058449;0,153425;0,394797;0,016283;0,149222;0,383982;-0,034793;0,151572;0,390029
00:00:22.705;495;6;6;6;5;115,433850;177,293405;168,840104;93,730059;149,599086;73,431229;-142,019805;147,317706;171,655635;176,617083;28,718452;9,153521;49,095595;60,529181;-0,213126;-0,243809;0,955049;-0,225806;-0,278899;0,958227;-0,220654;-0,283762;0,969521;-0,217155;-0,289921;0,985092;-0,247666;-0,264630;0,940214;-0,261418;-0,258360;0,940187;-0,275672;-0,251794;0,940613;-0,215562;-0,266342;0,957896;-0,309943;-0,219966;0,948332;-0,194445;-0,219917;0,980290;-0,222337;-0,202418;0,957954;-0,081643;-0,095520;1,087831;-0,348512;-0,023069;0,893181;0,022113;0,138226;0,961992;-0,340799;0,222444;0,814727;0,052064;0,076748;0,693598;-0,139705;0,210905;0,841844;0,073737;0,072859;0,658961;-0,074409;0,218757;0,856950;0,071232;0,060146;0,701823;-0,073087;0,211306;0,921680;0,057091;0,060985;0,713625;-0,092144;0,206092;0,918457;-0,018266;0,154366;0,438435;-0,100341;0,153087;0,393926;0,007088;0,149984;0,385941;-0,081166;0,155600;0,400392;0,019031;0,149574;0,384888;-0,059565;0,153099;0,393958;0,023181;0,149817;0,385513;-0,059631;0,153045;0,393818;0,017975;0,148953;0,383288;-0,035013;0,151432;0,389669
00:00:22.753;496;6;6;6;5;115,537877;177,244152;168,669743;93,472997;152,326126;78,066724;-141,963430;147,293408;171,589009;174,462542;28,789530;9,481740;52,300267;56,225531;-0,212680;-0,244073;0,956082;-0,225911;-0,278977;0,958498;-0,220709;-0,283811;0,969689;-0,217311;-0,289809;0,984710;-0,247831;-0,264754;0,940839;-0,261497;-0,258439;0,940472;-0,275582;-0,251493;0,940749;-0,215819;-0,266255;0,957582;-0,310133;-0,219750;0,948916;-0,194432;-0,219912;0,980189;-0,222100;-0,202596;0,958670;-0,082250;-0,095616;1,088940;-0,348640;-0,023136;0,893468;0,021868;0,142309;0,979845;-0,340575;0,221489;0,814472;0,059995;0,068395;0,698289;-0,140644;0,210883;0,841899;0,084531;0,062770;0,665275;-0,075284;0,219033;0,858017;0,083330;0,048861;0,706435;-0,073742;0,211334;0,921792;0,068792;0,050750;0,716907;-0,092879;0,206214;0,918997;-0,018218;0,154909;0,441083;-0,100919;0,153505;0,395002;0,006810;0,150128;0,386312;-0,081584;0,155818;0,400955;0,019215;0,149998;0,385977;-0,060298;0,153241;0,394323;0,022976;0,149883;0,385683;-0,060790;0,153206;0,394232;0,018713;0,149322;0,384237;-0,035188;0,151477;0,389785
00:00:22.800;497;6;6;6;5;115,645159;176,990308;168,651997;93,320046;153,963274;81,218728;-141,895815;147,342346;171,555982;173,006099;28,625179;9,154267;58,735771;54,537758;-0,212235;-0,243522;0,956053;-0,226062;-0,279130;0,959023;-0,220905;-0,284048;0,970498;-0,217490;-0,289839;0,984812;-0,248030;-0,264934;0,941595;-0,261110;-0,258586;0,941007;-0,275626;-0,251390;0,941187;-0,216066;-0,266295;0,957728;-0,310486;-0,219772;0,949995;-0,194423;-0,219909;0,980123;-0,221945;-0,202712;0,959135;-0,082671;-0,095710;1,090011;-0,348724;-0,023179;0,893654;0,022853;0,145487;0,991099;-0,340576;0,220962;0,814657;0,068089;0,061427;0,702388;-0,141254;0,210869;0,841934;0,094923;0,053997;0,671129;-0,075333;0,219123;0,858361;0,095046;0,039268;0,715733;-0,074140;0,211272;0,921515;0,079851;0,041772;0,723239;-0,093356;0,206292;0,919348;-0,018187;0,155263;0,442804;-0,101565;0,154185;0,396751;0,006403;0,150085;0,386203;-0,082143;0,156504;0,402721;0,019131;0,150409;0,387035;-0,061224;0,153333;0,394560;0,022623;0,149926;0,385794;-0,061769;0,153310;0,394501;0,019009;0,149833;0,385554;-0,035679;0,151235;0,389160
00:00:22.848;498;6;6;6;5;115,762799;176,798882;168,785693;93,358687;154,660584;83,721779;-141,531687;147,289975;171,518144;171,711891;29,166741;8,953092;51,916649;-51,596104;-0,212023;-0,243252;0,956385;-0,225994;-0,278481;0,958665;-0,221032;-0,284202;0,971024;-0,217683;-0,289961;0,985228;-0,248252;-0,265149;0,942437;-0,260858;-0,258681;0,941354;-0,275757;-0,251417;0,941821;-0,216612;-0,266127;0,957124;-0,310716;-0,219786;0,950697;-0,194417;-0,219906;0,980080;-0,221845;-0,202787;0,959438;-0,083052;-0,095893;1,092107;-0,348641;-0,023197;0,893425;0,026407;0,147710;0,999465;-0,340576;0,221083;0,814777;0,075296;0,055866;0,714502;-0,141591;0,210772;0,841607;0,104355;0,046157;0,679134;-0,075457;0,218959;0,859635;0,104562;0,030558;0,723176;-0,074398;0,211231;0,921335;0,088219;0,033908;0,729806;-0,093703;0,206422;0,919926;-0,017954;0,155859;0,444972;-0,101895;0,154491;0,397538;0,006144;0,150194;0,386482;-0,082506;0,156951;0,403869;0,019111;0,150948;0,388423;-0,061937;0,153665;0,395414;0,022213;0,150227;0,386566;-0,062743;0,153650;0,395375;0,019236;0,150438;0,387110;-0,035999;0,151077;0,388754
00:00:22.895;499;6;6;6;5;115,841036;176,688824;168,963901;93,399865;155,000966;85,754328;-141,216686;147,140489;171,509235;170,909482;29,516490;8,681029;38,719004;46,331828;-0,211808;-0,242988;0,956250;-0,225868;-0,277957;0,958082;-0,220955;-0,284097;0,970665;-0,217654;-0,289835;0,984798;-0,247950;-0,265387;0,943334;-0,260597;-0,258647;0,941230;-0,275203;-0,251341;0,941884;-0,216967;-0,266018;0,956730;-0,310865;-0,219795;0,951153;-0,194413;-0,219905;0,980052;-0,221394;-0,202984;0,960335;-0,082728;-0,096074;1,094170;-0,348587;-0,023210;0,893276;0,029873;0,149732;1,004902;-0,340723;0,221257;0,815205;0,083741;0,052171;0,735326;-0,141811;0,210709;0,841395;0,114901;0,040146;0,690987;-0,075507;0,218763;0,860113;0,115642;0,023268;0,731865;-0,074566;0,211205;0,921218;0,098702;0,027265;0,742124;-0,093892;0,206428;0,919952;-0,017561;0,156113;0,446732;-0,102109;0,154689;0,398050;0,005961;0,149856;0,385613;-0,082511;0,157240;0,404615;0,019012;0,150619;0,387575;-0,062512;0,154153;0,396669;0,022087;0,149877;0,385668;-0,063490;0,154143;0,396644;0,019314;0,150287;0,386722;-0,036206;0,150974;0,388490
00:00:22.942;500;6;6;6;5;115,822783;176,665118;169,009457;93,548399;154,638051;86,783183;-140,781802;147,042344;171,461331;170,246557;29,295145;-8,679285;39,046747;45,178571;-0,211277;-0,242994;0,956863;-0,225406;-0,277820;0,958404;-0,220985;-0,284131;0,970782;-0,217712;-0,289856;0,984869;-0,247754;-0,265542;0,943917;-0,260525;-0,258721;0,941500;-0,274945;-0,251385;0,942275;-0,217198;-0,265947;0,956475;-0,310962;-0,219800;0,951449;-0,194060;-0,219580;0,981084;-0,221020;-0,203038;0,960568;-0,082570;-0,095627;1,096210;-0,348553;-0,023218;0,893180;0,034392;0,150888;1,007386;-0,340672;0,221275;0,815133;0,090859;0,048222;0,744662;-0,142012;0,210276;0,841607;0,123981;0,034984;0,697641;-0,075509;0,218547;0,860073;0,126406;0,017295;0,742762;-0,074675;0,211188;0,921141;0,108243;0,021651;0,750830;-0,093979;0,206353;0,919619;-0,017049;0,156279;0,447876;-0,101889;0,154274;0,396982;0,006060;0,149637;0,385049;-0,081719;0,156341;0,402299;0,019168;0,150404;0,387024;-0,062549;0,154198;0,396785;0,022005;0,149651;0,385084;-0,063749;0,154463;0,397469;0,019565;0,150053;0,386119;-0,036153;0,151044;0,388669
00:00:22.989;501;6;6;6;5;115,867427;176,658859;169,003770;93,604735;155,229231;88,736890;-140,549145;146,917894;171,423662;168,720371;29,655185;8,649507;32,396487;42,245883;-0,210933;-0,242998;0,957261;-0,225187;-0,277832;0,958962;-0,220845;-0,283397;0,970159;-0,217596;-0,289663;0,984215;-0,247627;-0,265642;0,944296;-0,260038;-0,258865;0,942025;-0,274778;-0,251414;0,942528;-0,217348;-0,265900;0,956309;-0,311253;-0,219966;0,952342;-0,193692;-0,219213;0,981054;-0,220390;-0,202673;0,961419;-0,082546;-0,095427;1,098587;-0,348803;-0,023750;0,893817;0,038831;0,152215;1,016701;-0,340785;0,221382;0,815437;0,100444;0,046519;0,766830;-0,141664;0,209995;0,841744;0,135410;0,032017;0,712817;-0,075111;0,218182;0,861098;0,138901;0,013922;0,757545;-0,074250;0,211257;0,921442;0,119550;0,018586;0,765590;-0,093548;0,206383;0,919752;-0,016791;0,156598;0,450719;-0,101836;0,154141;0,396639;0,006124;0,149494;0,384682;-0,080780;0,154940;0,398695;0,019304;0,150537;0,387365;-0,062517;0,154091;0,396510;0,022012;0,149911;0,385755;-0,063804;0,154400;0,397305;0,019765;0,150173;0,386427;-0,036151;0,151225;0,389135
00:00:23.037;502;6;6;6;5;115,919962;176,345041;169,099304;93,657323;155,713650;89,881108;-140,167699;146,807841;171,392569;167,851899;29,668227;8,562142;30,932025;-39,866934;-0,210392;-0,242720;0,958569;-0,225045;-0,277839;0,959326;-0,220675;-0,282818;0,969403;-0,217191;-0,289847;0,984840;-0,247006;-0,265170;0,944543;-0,259817;-0,258518;0,942716;-0,274771;-0,251526;0,943044;-0,217365;-0,265773;0,955851;-0,311672;-0,220235;0,953622;-0,193100;-0,219209;0,982085;-0,219980;-0,202436;0,961972;-0,081979;-0,095387;1,101181;-0,348829;-0,024087;0,893881;0,041781;0,153287;1,024156;-0,340859;0,221452;0,815634;0,108703;0,044861;0,779490;-0,141017;0,209900;0,842184;0,145177;0,030126;0,723731;-0,074302;0,217768;0,861063;0,149557;0,011295;0,768554;-0,073531;0,211543;0,922687;0,129607;0,016143;0,775183;-0,092849;0,206638;0,920889;-0,016636;0,156666;0,452918;-0,101801;0,154054;0,396415;0,006166;0,149401;0,384443;-0,080297;0,154709;0,398102;0,019358;0,150351;0,386888;-0,062497;0,154022;0,396332;0,021977;0,149809;0,385491;-0,063840;0,154358;0,397198;0,020134;0,150387;0,386978;-0,036149;0,151342;0,389438
00:00:23.083;503;6;6;6;5;116,013305;176,187607;169,261846;93,694511;155,992015;90,669081;-139,861901;146,888702;171,376729;167,109210;30,101844;8,426173;28,907924;-36,017013;-0,210041;-0,242539;0,959420;-0,224650;-0,278148;0,960612;-0,220329;-0,282850;0,970312;-0,216774;-0,289201;0,984546;-0,246694;-0,264961;0,945053;-0,259770;-0,258388;0,943516;-0,274229;-0,251598;0,943378;-0,217071;-0,265982;0,956603;-0,311513;-0,220491;0,954805;-0,192715;-0,219206;0,982756;-0,219324;-0,202428;0,963032;-0,081662;-0,094791;1,103568;-0,348846;-0,024306;0,893923;0,044355;0,154193;1,030401;-0,341053;0,221592;0,816112;0,118537;0,044804;0,798218;-0,140116;0,209837;0,842469;0,158071;0,029687;0,740625;-0,072853;0,217676;0,861741;0,163294;0,010114;0,783760;-0,072089;0,211969;0,924547;0,142080;0,014657;0,788419;-0,091937;0,206961;0,922328;-0,016585;0,156928;0,455746;-0,102138;0,154542;0,397670;0,006182;0,149069;0,383588;-0,079983;0,154560;0,397716;0,019392;0,150231;0,386577;-0,062149;0,153704;0,395516;0,021973;0,149878;0,385669;-0,063526;0,154059;0,396429;0,020355;0,150390;0,386986;-0,036148;0,151419;0,389634
00:00:23.131;504;6;6;6;5;116,051068;175,761789;169,454849;93,727801;156,452996;91,413806;-139,540861;147,106380;171,376750;166,158268;30,687908;8,389892;27,749420;-33,946220;-0,209417;-0,242050;0,960673;-0,224068;-0,277398;0,960048;-0,219552;-0,282870;0,970903;-0,216349;-0,288576;0,983655;-0,245952;-0,264825;0,945384;-0,259202;-0,258303;0,944035;-0,273877;-0,251108;0,943596;-0,216800;-0,266021;0,956742;-0,311638;-0,220819;0,956273;-0,191905;-0,218644;0,983191;-0,218740;-0,201729;0,963021;-0,081456;-0,093773;1,105119;-0,348721;-0,024438;0,893600;0,046757;0,155201;1,037261;-0,341179;0,221683;0,816423;0,126054;0,045299;0,811442;-0,139051;0,209797;0,842655;0,168209;0,029841;0,751606;-0,071476;0,217792;0,862882;0,174323;0,009821;0,794694;-0,070649;0,212326;0,926105;0,151940;0,014182;0,798772;-0,090919;0,207407;0,924313;-0,016552;0,157098;0,457585;-0,102267;0,154723;0,398135;0,006198;0,148989;0,383382;-0,079779;0,154462;0,397465;0,019362;0,149744;0,385325;-0,062032;0,153770;0,395685;0,022031;0,150331;0,386835;-0,063434;0,154137;0,396629;0,020681;0,150119;0,386291;-0,036115;0,151333;0,389412
00:00:23.178;505;6;6;6;5;116,057033;175,306974;169,766022;93,803880;157,054931;92,247443;-139,099841;147,284647;171,504771;165,381638;31,467358;8,864996;25,454307;31,124135;-0,208614;-0,241907;0,962188;-0,223225;-0,277011;0,960031;-0,218889;-0,282127;0,970587;-0,215667;-0,288374;0,983776;-0,245561;-0,264834;0,945950;-0,258833;-0,258248;0,944373;-0,273111;-0,250790;0,943737;-0,216624;-0,266046;0,956832;-0,311605;-0,220951;0,956877;-0,190751;-0,218201;0,983124;-0,217733;-0,201201;0,962664;-0,080691;-0,092481;1,106127;-0,348230;-0,023989;0,892340;0,048422;0,156171;1,043820;-0,340796;0,222207;0,816625;0,134426;0,046123;0,829137;-0,136495;0,209858;0,843126;0,179012;0,030708;0,766794;-0,069130;0,217956;0,863973;0,185714;0,010194;0,809501;-0,067715;0,212960;0,928869;0,162417;0,014483;0,813552;-0,088207;0,207853;0,926304;-0,016531;0,157209;0,458780;-0,102261;0,154704;0,398088;0,006214;0,149073;0,383598;-0,079646;0,154399;0,397303;0,019342;0,149428;0,384511;-0,061730;0,153813;0,395795;0,022029;0,150353;0,386893;-0,063148;0,154188;0,396759;0,021151;0,150216;0,386539;-0,035745;0,151685;0,390318
00:00:23.225;506;6;6;6;5;116,058801;174,980006;169,735782;93,892264;158,339779;93,394317;-138,637701;147,414433;171,493744;164,132527;33,029546;10,268418;29,785803;-28,071276;-0,208092;-0,241814;0,963172;-0,222757;-0,276860;0,960370;-0,218140;-0,281948;0,971431;-0,215300;-0,288346;0,984204;-0,244858;-0,264938;0,946667;-0,258245;-0,258404;0,945292;-0,272814;-0,250768;0,944529;-0,216201;-0,266354;0,957941;-0,311812;-0,221199;0,957970;-0,190001;-0,217913;0,983081;-0,217079;-0,200858;0,962431;-0,080295;-0,091755;1,108183;-0,348047;-0,023199;0,891871;0,049862;0,157900;1,055433;-0,340255;0,222820;0,816056;0,141152;0,047090;0,839589;-0,133872;0,209897;0,843432;0,190015;0,032005;0,783316;-0,067267;0,218592;0,866783;0,197448;0,010970;0,822976;-0,064365;0,213934;0,933115;0,172099;0,015158;0,823159;-0,085064;0,208694;0,930047;-0,016542;0,157520;0,460257;-0,102258;0,154692;0,398057;0,006224;0,149128;0,383739;-0,079334;0,154358;0,397197;0,019294;0,148950;0,383282;-0,061643;0,154113;0,396567;0,021948;0,149824;0,385530;-0,063072;0,154492;0,397543;0,021377;0,149735;0,385300;-0,035250;0,151777;0,390557
00:00:23.272;507;6;6;6;5;116,020757;174,460030;169,888081;93,997015;159,213017;94,004222;-138,166476;147,665267;171,523203;163,218006;33,591140;11,244140;31,543640;22,401535;-0,207677;-0,241667;0,963462;-0,222147;-0,277065;0,961641;-0,217654;-0,281832;0,971980;-0,214728;-0,288634;0,985533;-0,244580;-0,265202;0,947834;-0,258148;-0,258792;0,946940;-0,273024;-0,251125;0,946444;-0,215847;-0,266457;0,958312;-0,312174;-0,221521;0,959381;-0,189021;-0,217804;0,983403;-0,216653;-0,200635;0,962280;-0,080037;-0,090650;1,109519;-0,347791;-0,022677;0,891216;0,050832;0,159129;1,063681;-0,340050;0,223315;0,816037;0,148688;0,047938;0,850233;-0,131899;0,210271;0,845031;0,200782;0,033129;0,800706;-0,065709;0,219534;0,870709;0,207283;0,011973;0,832784;-0,062187;0,214566;0,935874;0,180703;0,015589;0,829053;-0,082991;0,209161;0,932131;-0,016773;0,157364;0,460167;-0,102255;0,154684;0,398037;0,006013;0,149163;0,383830;-0,079131;0,154331;0,397128;0,019316;0,149048;0,383534;-0,061640;0,154444;0,397419;0,021895;0,149480;0,384645;-0,063023;0,154691;0,398053;0,021783;0,149694;0,385195;-0,034736;0,151974;0,391062
00:00:23.320;508;6;6;6;5;115,898420;174,369592;169,812628;93,971169;159,912988;94,567978;-137,776734;147,897069;171,395575;162,422513;34,883608;12,119165;31,482196;11,998956;-0,207008;-0,241746;0,964350;-0,221282;-0,277298;0,962816;-0,216861;-0,281858;0,972687;-0,214204;-0,288617;0,985696;-0,244038;-0,265569;0,949292;-0,257638;-0,259140;0,948361;-0,272620;-0,251898;0,947689;-0,215617;-0,265979;0,958553;-0,311975;-0,221812;0,960648;-0,187955;-0,217887;0,984312;-0,215907;-0,200563;0,962532;-0,079894;-0,089327;1,110737;-0,347527;-0,022363;0,891840;0,051531;0,160137;1,070443;-0,339916;0,223637;0,816024;0,155680;0,049640;0,868351;-0,130457;0,210734;0,845020;0,211802;0,034917;0,825309;-0,064747;0,220323;0,873961;0,216308;0,013752;0,847210;-0,060257;0,215058;0,938018;0,187764;0,017406;0,837085;-0,081140;0,209543;0,933835;-0,016885;0,157163;0,459059;-0,102299;0,154407;0,397324;0,005661;0,149322;0,384240;-0,079085;0,154042;0,396383;0,018876;0,148975;0,383347;-0,061865;0,154659;0,397972;0,021462;0,149528;0,384769;-0,063445;0,154819;0,398384;0,021788;0,149395;0,384427;-0,034433;0,152237;0,391740
00:00:23.367;509;6;6;5;5;115,847778;174,603458;169,775865;94,033403;160,469502;94,519306;-137,306870;147,960893;171,175496;161,911801;35,960710;12,978709;30,677412;3,386406;-0,206098;-0,242435;0,965278;-0,220408;-0,277752;0,964631;-0,216423;-0,281976;0,973497;-0,213528;-0,288913;0,986853;-0,243232;-0,265905;0,950590;-0,256954;-0,259557;0,949985;-0,271375;-0,252494;0,948848;-0,215546;-0,265764;0,959059;-0,311184;-0,221920;0,961121;-0,186833;-0,218096;0,985603;-0,214480;-0,201211;0,963396;-0,079877;-0,088548;1,112579;-0,346982;-0,022168;0,892596;0,051452;0,160435;1,076588;-0,339830;0,223846;0,816015;0,162724;0,050725;0,879778;-0,129040;0,211035;0,845013;0,220756;0,037038;0,840601;-0,063718;0,221189;0,877474;0,223972;0,016382;0,855886;-0,058446;0,215297;0,939062;0,194294;0,019557;0,842305;-0,078815;0,209635;0,934243;-0,017491;0,157154;0,458688;-0,102327;0,154227;0,396861;0,005217;0,149562;0,384856;-0,078985;0,153717;0,395549;0,018373;0,148928;0,383225;-0,062011;0,154799;0,398332;0,020944;0,149424;0,384500;-0,063720;0,154903;0,398600;0,021811;0,149337;0,384277;-0,033730;0,152137;0,391481
00:00:23.414;510;6;6;6;5;115,842781;174,667407;169,780976;93,975310;161,097057;94,400640;-136,981274;148,175982;171,131668;161,365614;37,164046;13,770218;34,537858;-10,215108;-0,204696;-0,243236;0,967280;-0,219839;-0,278047;0,965810;-0,215660;-0,282154;0,974373;-0,213014;-0,289003;0,987254;-0,241887;-0,266418;0,952483;-0,255517;-0,259924;0,951390;-0,270222;-0,253068;0,950301;-0,215500;-0,265625;0,959388;-0,310348;-0,222152;0,962129;-0,185541;-0,218232;0,986442;-0,212605;-0,201779;0,964657;-0,079890;-0,088069;1,114127;-0,346628;-0,022041;0,893088;0,051499;0,160940;1,082682;-0,339454;0,224078;0,816360;0,168930;0,051817;0,885106;-0,127156;0,211230;0,845008;0,230023;0,039671;0,855790;-0,062547;0,221752;0,879758;0,231232;0,020110;0,862576;-0,056275;0,215774;0,941140;0,201696;0,022569;0,850598;-0,076266;0,209773;0,934858;-0,017871;0,157027;0,458097;-0,102390;0,154518;0,397609;0,004716;0,149990;0,385956;-0,078921;0,153507;0,395007;0,018093;0,149306;0,384197;-0,061825;0,154754;0,398216;0,020643;0,149628;0,385025;-0,063615;0,154821;0,398390;0,022065;0,149435;0,384530;-0,032523;0,151663;0,390263
00:00:23.450;511;6;6;6;5;115,934782;174,776408;169,876716;94,050173;161,652113;93,865920;-136,653945;148,322656;170,988582;161,057185;37,410231;13,568279;37,175149;-23,296140;-0,203305;-0,243845;0,968932;-0,218997;-0,278340;0,966926;-0,214838;-0,283131;0,975992;-0,212117;-0,289062;0,987515;-0,240469;-0,266751;0,953714;-0,253589;-0,260801;0,952654;-0,267845;-0,253441;0,951246;-0,215470;-0,265534;0,959603;-0,309255;-0,222302;0,962784;-0,184074;-0,218805;0,986637;-0,210361;-0,202222;0,965827;-0,079949;-0,087813;1,115832;-0,345889;-0,021958;0,893407;0,050971;0,161475;1,088043;-0,339210;0,224229;0,816584;0,172431;0,056268;0,891019;-0,125932;0,211357;0,845006;0,236634;0,046046;0,867764;-0,061642;0,222088;0,879143;0,236843;0,027579;0,868325;-0,055362;0,215923;0,941791;0,208140;0,029177;0,860539;-0,075169;0,209941;0,935608;-0,018423;0,157567;0,458763;-0,102611;0,154979;0,398796;0,003949;0,150267;0,386672;-0,079228;0,154050;0,396404;0,017252;0,149551;0,384828;-0,061542;0,154316;0,397090;0,019788;0,149760;0,385366;-0,063605;0,154360;0,397203;0,021991;0,149363;0,384345;-0,031739;0,151355;0,389471
00:00:23.494;512;6;6;6;5;116,007241;174,875144;170,090910;94,099500;162,691212;93,238701;-136,371576;148,698527;170,827885;160,704617;38,284779;-13,416657;36,533064;25,728627;-0,201991;-0,244971;0,970706;-0,218055;-0,279284;0,968352;-0,214151;-0,283562;0,976345;-0,211385;-0,288895;0,986985;-0,238458;-0,266967;0,954514;-0,251249;-0,261372;0,953475;-0,265311;-0,254319;0,952210;-0,215372;-0,265378;0,959392;-0,307448;-0,222400;0,963209;-0,182815;-0,219489;0,988164;-0,208351;-0,203060;0,966588;-0,079937;-0,086956;1,116241;-0,344766;-0,021896;0,893265;0,048853;0,162185;1,093978;-0,339051;0,224327;0,816730;0,175748;0,063190;0,900112;-0,125034;0,211745;0,844304;0,241420;0,053869;0,877296;-0,061125;0,222573;0,879793;0,242377;0,036222;0,876961;-0,054769;0,216020;0,942214;0,213182;0,037056;0,868400;-0,073976;0,210208;0,936795;-0,019321;0,158038;0,459546;-0,102755;0,155279;0,399568;0,003227;0,150312;0,386787;-0,079656;0,154403;0,397313;0,016486;0,149710;0,385238;-0,061583;0,154032;0,396359;0,018763;0,149574;0,384888;-0,063823;0,154061;0,396432;0,021705;0,149180;0,383874;-0,031450;0,151155;0,388956
00:00:23.542;513;6;6;6;5;116,037156;175,070665;170,268557;94,131090;163,923046;92,367995;-136,069892;149,029805;170,733852;160,278285;38,962005;13,360180;28,308478;-25,204351;-0,200725;-0,245881;0,972559;-0,216812;-0,279796;0,968929;-0,213148;-0,283842;0,976574;-0,210760;-0,288582;0,985940;-0,236980;-0,267455;0,954334;-0,249184;-0,261742;0,954009;-0,263121;-0,254891;0,952836;-0,215230;-0,265181;0,958905;-0,305724;-0,222464;0,963486;-0,182123;-0,220089;0,989857;-0,206714;-0,203828;0,968132;-0,079955;-0,085789;1,116857;-0,344036;-0,022364;0,893172;0,046336;0,163113;1,100986;-0,338948;0,224391;0,816824;0,179640;0,072167;0,914773;-0,124450;0,211996;0,843847;0,245040;0,062011;0,883493;-0,060813;0,222977;0,880565;0,246073;0,044913;0,882925;-0,054383;0,216620;0,942489;0,217429;0,046473;0,877360;-0,073147;0,210757;0,936867;-0,019857;0,157983;0,459005;-0,102938;0,155610;0,400419;0,002318;0,150205;0,386511;-0,080459;0,154768;0,398253;0,015098;0,149678;0,385155;-0,062394;0,154663;0,397983;0,017222;0,149454;0,384577;-0,064697;0,154002;0,396281;0,020681;0,149333;0,384268;-0,031895;0,150889;0,388271
00:00:23.588;514;6;6;6;5;116,081603;175,480425;170,370444;94,026888;164,847372;91,120667;-135,762628;149,280839;170,638911;160,068279;39,292637;-12,896498;29,972847;32,055091;-0,199559;-0,246739;0,974813;-0,215452;-0,280129;0,969304;-0,212345;-0,283821;0,976023;-0,210205;-0,288173;0,984561;-0,235018;-0,267871;0,954567;-0,247298;-0,262527;0,954356;-0,261249;-0,255356;0,953594;-0,215138;-0,265052;0,958588;-0,303946;-0,222424;0,963316;-0,181172;-0,220558;0,991307;-0,205315;-0,204548;0,970186;-0,080016;-0,085083;1,117957;-0,343561;-0,022160;0,893112;0,044104;0,163871;1,106591;-0,338881;0,224432;0,816886;0,183024;0,080563;0,918002;-0,124019;0,212551;0,843201;0,250124;0,070761;0,891720;-0,060491;0,223294;0,879318;0,250713;0,054179;0,887501;-0,054152;0,217090;0,943018;0,223944;0,056187;0,889834;-0,072555;0,211488;0,936213;-0,020761;0,158450;0,459353;-0,103057;0,155825;0,400972;0,001288;0,149728;0,385282;-0,080981;0,155006;0,398865;0,013768;0,149793;0,385451;-0,063092;0,154394;0,397289;0,015784;0,149375;0,384375;-0,065418;0,153284;0,394433;0,019780;0,149297;0,384174;-0,032435;0,150852;0,388176
00:00:23.623;515;6;6;6;5;116,017081;175,574019;170,370432;93,937517;165,631535;89,990408;-135,393219;149,657512;170,541656;159,948845;39,160544;12,540812;30,138601;-18,069231;-0,198383;-0,247474;0,976979;-0,214568;-0,280346;0,969548;-0,211343;-0,283908;0,976015;-0,209581;-0,288879;0,985065;-0,233827;-0,268239;0,955069;-0,245618;-0,263134;0,954931;-0,259676;-0,256390;0,954786;-0,215077;-0,264968;0,958382;-0,303118;-0,222641;0,964255;-0,180553;-0,220862;0,992249;-0,203924;-0,205090;0,971871;-0,080719;-0,084013;1,119022;-0,343387;-0,022035;0,893423;0,041415;0,165157;1,111284;-0,338837;0,224459;0,816926;0,185366;0,088728;0,920802;-0,123739;0,212911;0,842781;0,252126;0,079066;0,892518;-0,060210;0,223730;0,877456;0,254843;0,063090;0,894326;-0,053962;0,217771;0,942662;0,227274;0,064786;0,894442;-0,072170;0,211963;0,935789;-0,021627;0,158875;0,459930;-0,102595;0,155149;0,399232;0,000398;0,149825;0,385534;-0,081321;0,155160;0,399262;0,012455;0,149732;0,385293;-0,063542;0,153674;0,395438;0,014433;0,149596;0,384944;-0,066088;0,152273;0,391831;0,018758;0,149273;0,384113;-0,033068;0,151100;0,388815
00:00:23.667;516;6;6;6;5;115,954601;175,960395;170,252942;93,826430;166,511584;89,284698;-135,144154;149,866378;170,331232;159,906255;38,943844;12,342036;28,248087;-5,414449;-0,197689;-0,248599;0,978736;-0,213442;-0,280487;0,969706;-0,210542;-0,283762;0,975310;-0,209028;-0,289131;0,984692;-0,232594;-0,268577;0,955745;-0,243982;-0,263528;0,955305;-0,258110;-0,257063;0,955561;-0,215038;-0,264914;0,958248;-0,301922;-0,222701;0,964516;-0,179460;-0,221469;0,992162;-0,202876;-0,205295;0,972266;-0,081176;-0,083317;1,119714;-0,343032;-0,021972;0,894325;0,039063;0,167428;1,115385;-0,338809;0,224011;0,816952;0,186647;0,096839;0,924021;-0,123506;0,213057;0,842157;0,252420;0,087314;0,891287;-0,060003;0,223924;0,875897;0,256810;0,072426;0,898062;-0,053759;0,218421;0,941030;0,229215;0,073771;0,900587;-0,071813;0,212483;0,934113;-0,022417;0,159169;0,459604;-0,102520;0,154709;0,398101;-0,000622;0,150025;0,386047;-0,082070;0,155397;0,399870;0,011382;0,149692;0,385190;-0,064057;0,153207;0,394235;0,013336;0,149740;0,385314;-0,066928;0,152024;0,391190;0,017845;0,148986;0,383374;-0,033733;0,151398;0,389580
00:00:23.712;517;6;6;5;5;115,872843;176,478175;170,175784;93,742173;167,576715;89,094044;-135,142792;150,044411;170,244341;159,675541;39,106791;11,882813;26,662677;2,673986;-0,196887;-0,249599;0,980929;-0,212938;-0,281436;0,970859;-0,209914;-0,284835;0,976951;-0,208328;-0,289604;0,985500;-0,231247;-0,269341;0,956184;-0,242918;-0,264328;0,955548;-0,256547;-0,258045;0,956065;-0,215013;-0,264879;0,958162;-0,300818;-0,223045;0,963635;-0,178813;-0,221942;0,992455;-0,201641;-0,205982;0,972523;-0,081370;-0,082126;1,118764;-0,342802;-0,022440;0,894911;0,036915;0,169651;1,118750;-0,338790;0,223721;0,816969;0,187621;0,103256;0,926814;-0,122876;0,213151;0,841752;0,253926;0,094320;0,891536;-0,059419;0,224727;0,875583;0,258711;0,080407;0,899090;-0,053627;0,218844;0,939970;0,231424;0,081651;0,904232;-0,071581;0,212821;0,933023;-0,023154;0,159118;0,458693;-0,102471;0,154423;0,397366;-0,001285;0,150154;0,386380;-0,082858;0,155686;0,400616;0,011583;0,149938;0,385824;-0,064276;0,152631;0,392753;0,012633;0,149969;0,385904;-0,067412;0,151726;0,390424;0,017296;0,149207;0,383943;-0,034165;0,151591;0,390077
00:00:23.759;518;6;6;5;5;115,814613;176,793346;170,052551;93,474559;168,627489;89,016690;-135,200591;150,187833;170,276304;159,575184;38,818557;-11,661734;27,983410;-4,375082;-0,196081;-0,251169;0,983754;-0,212133;-0,282155;0,971958;-0,209506;-0,285533;0,978018;-0,207874;-0,289912;0,986025;-0,229910;-0,269937;0,956820;-0,241683;-0,264848;0,955706;-0,255531;-0,258683;0,956392;-0,215075;-0,264952;0,958455;-0,300100;-0,223269;0,963063;-0,178329;-0,222170;0,992296;-0,200766;-0,206353;0,972340;-0,081471;-0,081327;1,117797;-0,342652;-0,022745;0,895292;0,034898;0,172487;1,121638;-0,338313;0,223532;0,816980;0,188539;0,109731;0,930029;-0,122466;0,213691;0,841489;0,255899;0,102602;0,896949;-0,059016;0,225159;0,875029;0,261170;0,089155;0,903959;-0,053482;0,219405;0,938230;0,232860;0,089883;0,906601;-0,071323;0,213247;0,930915;-0,023633;0,159084;0,458100;-0,102439;0,154238;0,396888;-0,001719;0,150375;0,386947;-0,083360;0,156283;0,402150;0,011923;0,149962;0,385885;-0,064369;0,152664;0,392839;0,012176;0,150118;0,386287;-0,067242;0,151940;0,390975;0,016939;0,149351;0,384313;-0,034446;0,151716;0,390400
00:00:23.807;519;6;6;5;5;115,734785;177,102049;170,050047;93,318615;169,526336;88,877764;-135,227022;150,456901;170,331608;159,515801;38,840750;11,484559;27,136698;-1,353116;-0,195557;-0,252752;0,985590;-0,211534;-0,282520;0,972323;-0,209092;-0,285782;0,978012;-0,207431;-0,289906;0,985666;-0,229041;-0,270870;0,957233;-0,240336;-0,265731;0,955809;-0,254326;-0,259643;0,956605;-0,215115;-0,265000;0,958646;-0,299086;-0,223415;0,962691;-0,178140;-0,223042;0,992892;-0,199715;-0,206670;0,972571;-0,081511;-0,080149;1,116818;-0,342555;-0,022943;0,895540;0,032955;0,175028;1,123864;-0,338148;0,223504;0,817337;0,189278;0,115633;0,932819;-0,122200;0,214042;0,841318;0,256792;0,109620;0,897317;-0,058777;0,226028;0,875019;0,263287;0,096921;0,907123;-0,053387;0,219770;0,937100;0,234336;0,097565;0,910241;-0,071048;0,213726;0,928145;-0,023944;0,159062;0,457715;-0,102553;0,153981;0,396227;-0,001998;0,150382;0,386966;-0,083686;0,156670;0,403148;0,012143;0,149978;0,385926;-0,064092;0,152414;0,392195;0,012099;0,150215;0,386537;-0,066850;0,151943;0,390984;0,016911;0,149308;0,384203;-0,034915;0,152070;0,391310
00:00:23.854;520;6;6;5;5;115,660495;177,652029;169,969843;93,222282;170,055041;88,267394;-135,226093;150,560029;170,344720;159,520199;37,330204;11,830026;26,692487;-1,628403;-0,195079;-0,253600;0,986083;-0,210516;-0,282655;0,972210;-0,208266;-0,285944;0,978008;-0,206656;-0,290005;0,985783;-0,227849;-0,271376;0,957151;-0,239460;-0,266304;0,955876;-0,253358;-0,260075;0,956043;-0,215063;-0,264935;0,958420;-0,298211;-0,223893;0,961749;-0,177327;-0,223450;0,992580;-0,199032;-0,206875;0,972721;-0,081563;-0,079407;1,116532;-0,342625;-0,023081;0,896051;0,031692;0,176679;1,125312;-0,338040;0,223487;0,817569;0,189830;0,121653;0,934982;-0,122659;0,214539;0,842257;0,257562;0,117092;0,900006;-0,058976;0,226047;0,872912;0,263838;0,104947;0,908130;-0,053306;0,220456;0,936015;0,235658;0,105349;0,914006;-0,070816;0,213875;0,925644;-0,024127;0,158926;0,457115;-0,102627;0,153814;0,395798;-0,002184;0,150659;0,387678;-0,083607;0,156378;0,402396;0,012287;0,149988;0,385952;-0,063746;0,152388;0,392127;0,012049;0,150278;0,386699;-0,065927;0,151946;0,390990;0,017143;0,149553;0,384832;-0,035219;0,152300;0,391901
00:00:23.901;521;6;6;5;5;115,666470;177,590900;170,004191;93,043152;170,698200;87,852019;-135,252555;150,796997;170,367972;159,458448;37,023513;11,340280;26,782647;-2,611688;-0,194343;-0,254333;0,987104;-0,209929;-0,282846;0,972486;-0,207803;-0,286151;0,978355;-0,206444;-0,291045;0,987259;-0,226909;-0,271506;0,956398;-0,238717;-0,266481;0,955219;-0,252545;-0,260165;0,954978;-0,214872;-0,264699;0,957573;-0,297966;-0,224449;0,962187;-0,176923;-0,223874;0,993077;-0,198589;-0,207009;0,972819;-0,081596;-0,078925;1,116346;-0,342537;-0,023161;0,896033;0,030263;0,177976;1,127653;-0,337970;0,223475;0,817720;0,190188;0,127170;0,936388;-0,122804;0,215072;0,841817;0,257762;0,123850;0,900704;-0,058611;0,226553;0,871543;0,264706;0,112478;0,910535;-0,053253;0,220902;0,935310;0,236336;0,112409;0,915754;-0,070692;0,214053;0,924369;-0,024078;0,159184;0,458475;-0,102675;0,153706;0,395518;-0,002301;0,150566;0,387441;-0,083038;0,155644;0,400507;0,012368;0,149858;0,385619;-0,063297;0,152370;0,392083;0,012214;0,150047;0,386104;-0,065104;0,151947;0,390993;0,017294;0,149712;0,385241;-0,035386;0,152313;0,391936
00:00:23.947;522;6;6;6;5;115,644416;177,855384;170,018663;92,920748;171,429481;87,709615;-135,293761;150,827928;170,391252;159,425036;37,285033;11,030257;23,646474;9,004160;-0,193659;-0,254537;0,986718;-0,209547;-0,282969;0,972666;-0,207502;-0,286286;0,978581;-0,206305;-0,291720;0,988218;-0,226215;-0,271491;0,955559;-0,238147;-0,266498;0,954443;-0,251474;-0,260223;0,954286;-0,214669;-0,264448;0,956672;-0,297483;-0,224565;0,961422;-0,176722;-0,224228;0,993750;-0,198229;-0,207021;0,972532;-0,081592;-0,078587;1,115875;-0,342480;-0,023213;0,896022;0,028706;0,179576;1,129874;-0,337925;0,223468;0,817818;0,189772;0,132138;0,939403;-0,122847;0,215328;0,841181;0,256283;0,128674;0,897308;-0,058421;0,227066;0,871353;0,265066;0,118315;0,911397;-0,053218;0,221192;0,934851;0,236867;0,117570;0,917240;-0,070531;0,214448;0,922490;-0,024010;0,159109;0,458659;-0,102706;0,153635;0,395337;-0,002160;0,150778;0,387986;-0,082669;0,155167;0,399280;0,012422;0,149774;0,385402;-0,063341;0,153175;0,394154;0,012528;0,149761;0,385368;-0,064968;0,152900;0,393446;0,017392;0,149815;0,385507;-0,035430;0,152050;0,391258
00:00:23.994;523;6;6;6;5;115,629845;177,696808;170,185405;92,886091;172,043912;87,638995;-135,299912;150,991624;170,451948;159,367121;37,548139;11,396508;20,949170;14,078299;-0,193079;-0,254489;0,985767;-0,209375;-0,283705;0,973133;-0,207043;-0,287343;0,980128;-0,206143;-0,292056;0,988492;-0,225682;-0,271382;0,954663;-0,237147;-0,266412;0,953588;-0,250594;-0,260070;0,953136;-0,214459;-0,264189;0,955737;-0,297277;-0,224722;0,961274;-0,176530;-0,224379;0,993838;-0,197853;-0,207432;0,971646;-0,081539;-0,078318;1,114869;-0,342176;-0,023229;0,895314;0,027694;0,181261;1,131318;-0,337896;0,223463;0,817882;0,189572;0,136497;0,941712;-0,122875;0,215495;0,840768;0,254923;0,133613;0,893700;-0,058343;0,227582;0,871929;0,264882;0,123199;0,912308;-0,052664;0,221912;0,934553;0,237212;0,122495;0,918206;-0,070480;0,214868;0,921968;-0,023669;0,158818;0,458078;-0,102727;0,153589;0,395219;-0,001845;0,150780;0,387991;-0,082934;0,155809;0,400932;0,012663;0,149583;0,384911;-0,063425;0,153834;0,395850;0,012733;0,149575;0,384889;-0,064937;0,153655;0,395390;0,017424;0,149610;0,384979;-0,035936;0,152015;0,391168
00:00:24.042;524;6;6;6;5;115,645588;177,690638;170,375118;92,879528;172,190737;87,245298;-135,094102;151,173130;170,463363;159,479612;37,785726;11,329186;19,671485;14,340830;-0,192769;-0,254548;0,985498;-0,209262;-0,284184;0,973436;-0,206744;-0,288030;0,981133;-0,205691;-0,292585;0,989720;-0,225417;-0,271411;0,954431;-0,236584;-0,266453;0,953382;-0,250114;-0,260066;0,952738;-0,214401;-0,264117;0,955479;-0,296596;-0,224825;0,961178;-0,176405;-0,224478;0,993894;-0,197608;-0,207699;0,971070;-0,081581;-0,078217;1,115265;-0,341844;-0,022722;0,894504;0,027036;0,182356;1,132257;-0,337876;0,223460;0,817923;0,189302;0,140298;0,942513;-0,122415;0,215604;0,840499;0,254239;0,137442;0,892055;-0,058200;0,228046;0,870904;0,264977;0,126741;0,911850;-0,052343;0,222547;0,935060;0,237708;0,126372;0,919884;-0,070501;0,215305;0,922329;-0,023221;0,158872;0,458401;-0,102740;0,153559;0,395142;-0,001641;0,150782;0,387994;-0,082519;0,155547;0,400256;0,012820;0,149459;0,384592;-0,063197;0,154127;0,396602;0,013289;0,149318;0,384228;-0,064689;0,154147;0,396653;0,017663;0,149477;0,384637;-0,036074;0,152128;0,391459
00:00:24.088;525;6;6;6;5;115,637671;177,737346;170,221385;92,627581;172,402658;87,024104;-135,155796;151,326519;170,505911;159,490649;37,295517;11,707541;18,754987;14,162125;-0,192568;-0,254587;0,985324;-0,209008;-0,285008;0,975384;-0,206771;-0,288785;0,982836;-0,205614;-0,293240;0,991568;-0,225411;-0,271628;0,954980;-0,236391;-0,266676;0,953948;-0,249985;-0,260798;0,953180;-0,214441;-0,264167;0,955661;-0,296154;-0,224891;0,961116;-0,176323;-0,224541;0,993931;-0,197521;-0,207948;0,971045;-0,081557;-0,078102;1,114822;-0,341762;-0,022401;0,894328;0,026601;0,183011;1,132517;-0,337254;0,222897;0,817600;0,189126;0,142768;0,943033;-0,122167;0,215764;0,840674;0,253794;0,140437;0,890986;-0,058130;0,228440;0,870588;0,264936;0,129509;0,911203;-0,052057;0,223156;0,933989;0,238121;0,129469;0,921325;-0,070460;0,215425;0,921864;-0,022965;0,158886;0,459310;-0,102748;0,153540;0,395093;-0,001067;0,150782;0,387996;-0,081808;0,154968;0,398766;0,013347;0,149243;0,384035;-0,062542;0,154181;0,396742;0,014087;0,149151;0,383798;-0,063738;0,154194;0,396775;0,018291;0,149662;0,385114;-0,035909;0,152066;0,391298
00:00:24.135;526;6;6;6;5;115,592209;177,550404;170,200278;92,485844;172,536730;86,884767;-135,109158;151,523416;170,557068;159,498534;37,061638;11,907617;18,532205;14,357823;-0,192369;-0,254522;0,984861;-0,208842;-0,285543;0,976649;-0,206788;-0,289277;0,983944;-0,205492;-0,293562;0,992419;-0,225324;-0,271670;0,954987;-0,236093;-0,266625;0,953616;-0,249810;-0,261177;0,953117;-0,214468;-0,264200;0,955780;-0,295973;-0,225016;0,961425;-0,176271;-0,224583;0,993955;-0,197464;-0,208110;0,971030;-0,081516;-0,078003;1,114184;-0,341575;-0,022184;0,893863;0,026310;0,183380;1,132336;-0,336850;0,222531;0,817390;0,188942;0,144319;0,943022;-0,122005;0,215868;0,840788;0,253505;0,142383;0,890291;-0,058084;0,228696;0,870382;0,265012;0,131360;0,911132;-0,051890;0,223636;0,933643;0,238480;0,131533;0,922611;-0,070407;0,215422;0,921212;-0,022712;0,158293;0,458152;-0,102754;0,153527;0,395060;-0,000693;0,151055;0,388698;-0,081630;0,155136;0,399198;0,013688;0,149102;0,383673;-0,062170;0,154352;0,397182;0,014606;0,149042;0,383519;-0,063174;0,154360;0,397204;0,018717;0,149919;0,385774;-0,035802;0,152025;0,391194
00:00:24.181;527;6;6;6;5;115,607730;177,860141;170,022464;92,347199;172,772398;86,971867;-135,158053;151,453909;170,539481;159,554933;36,293987;11,772964;18,854601;14,875634;-0,192308;-0,254570;0,984909;-0,209066;-0,285583;0,976422;-0,206725;-0,289493;0,984313;-0,205413;-0,293771;0,992972;-0,225350;-0,271797;0,955342;-0,235985;-0,266690;0,953751;-0,249605;-0,261327;0,952726;-0,214485;-0,264221;0,955857;-0,295534;-0,224852;0,960576;-0,175926;-0,224214;0,992221;-0,197355;-0,208139;0,970669;-0,081514;-0,077964;1,114120;-0,341587;-0,022051;0,893911;0,025491;0,183734;1,132918;-0,336443;0,222198;0,816904;0,188682;0,145218;0,942314;-0,121850;0,215846;0,840512;0,253217;0,143591;0,889489;-0,057892;0,228217;0,867798;0,265061;0,132564;0,911086;-0,051743;0,223779;0,932718;0,238713;0,132874;0,923447;-0,070319;0,215255;0,920088;-0,022583;0,158148;0,458099;-0,103031;0,153927;0,396089;-0,000451;0,151232;0,389153;-0,081515;0,155245;0,399479;0,013937;0,149283;0,384137;-0,061874;0,154327;0,397118;0,014943;0,148972;0,383337;-0,062807;0,154469;0,397482;0,018993;0,150085;0,386203;-0,035764;0,152135;0,391476
00:00:24.229;528;6;6;6;5;115,633846;178,041616;169,814176;92,244981;173,002417;87,126226;-135,291325;151,436539;170,508731;159,544378;35,576357;11,787224;19,041648;15,571600;-0,192269;-0,254601;0,984941;-0,209362;-0,285814;0,976974;-0,206905;-0,289942;0,985604;-0,205505;-0,294114;0,994032;-0,225367;-0,271879;0,955572;-0,236458;-0,266732;0,953838;-0,249471;-0,261425;0,952472;-0,214653;-0,264428;0,956607;-0,295248;-0,224745;0,960025;-0,175888;-0,224212;0,992144;-0,197214;-0,208084;0,970085;-0,081488;-0,077913;1,113728;-0,341595;-0,021965;0,893942;0,024959;0,183963;1,133297;-0,336035;0,221887;0,816237;0,187978;0,145803;0,941854;-0,121799;0,215922;0,840683;0,252426;0,144319;0,888618;-0,057766;0,227905;0,866119;0,264575;0,133346;0,911056;-0,051686;0,224041;0,932817;0,238248;0,133695;0,923641;-0,070235;0,215587;0,919007;-0,022238;0,158054;0,458064;-0,103393;0,154459;0,397458;-0,000293;0,151347;0,389450;-0,081565;0,155996;0,401411;0,014085;0,149264;0,384089;-0,061574;0,154039;0,396377;0,015162;0,148926;0,383219;-0,062569;0,154539;0,397664;0,019085;0,149514;0,384732;-0,035772;0,152342;0,392009
00:00:24.276;529;6;6;6;5;115,630881;178,113931;169,663062;92,179285;173,306547;87,278440;-135,533888;151,326960;170,505928;159,443884;34,684323;-11,785880;18,677894;-15,846277;-0,192735;-0,254530;0,984612;-0,209555;-0,285965;0,977333;-0,207362;-0,289926;0,985392;-0,205914;-0,294026;0,993671;-0,225839;-0,271833;0,955372;-0,236678;-0,266661;0,953545;-0,249834;-0,261392;0,951957;-0,214684;-0,264466;0,956745;-0,295500;-0,224593;0,959316;-0,175615;-0,223894;0,990693;-0,197122;-0,208048;0,969705;-0,081420;-0,077831;1,112773;-0,341600;-0,021909;0,893962;0,024613;0,184113;1,133543;-0,335769;0,221685;0,815804;0,187260;0,146401;0,942955;-0,121767;0,215971;0,840794;0,252109;0,144401;0,888752;-0,057148;0,228008;0,864327;0,264461;0,133438;0,911736;-0,051099;0,224657;0,932531;0,238036;0,133753;0,924116;-0,069659;0,215803;0,918305;-0,021769;0,157853;0,458392;-0,103173;0,154805;0,398348;0,000697;0,151422;0,389642;-0,080149;0,154988;0,398817;0,014852;0,149388;0,384408;-0,060704;0,153852;0,395895;0,016209;0,149168;0,383842;-0,061576;0,154177;0,396731;0,019855;0,149550;0,384826;-0,035522;0,152341;0,392006
00:00:24.322;530;6;6;6;5;115,624483;178,272276;169,543261;92,016073;173,390657;87,342368;-135,721933;151,209374;170,490130;159,460802;33,703377;-11,467522;17,371507;15,412296;-0,193389;-0,254213;0,983348;-0,210161;-0,285960;0,977217;-0,207734;-0,290018;0,985605;-0,206326;-0,294176;0,994136;-0,226355;-0,271405;0,953842;-0,237730;-0,266419;0,952654;-0,250965;-0,260639;0,950922;-0,214626;-0,264394;0,956484;-0,295663;-0,224495;0,958855;-0,176188;-0,223925;0,990801;-0,197614;-0,208024;0,969458;-0,081401;-0,077803;1,112503;-0,341737;-0,021881;0,894326;0,024381;0,184153;1,133353;-0,335741;0,221184;0,815873;0,187262;0,146198;0,943321;-0,121745;0,216003;0,840866;0,251607;0,143779;0,887789;-0,056632;0,227612;0,861413;0,263780;0,133191;0,910079;-0,050718;0,225058;0,932345;0,237449;0,133538;0,922676;-0,069284;0,215943;0,917848;-0,021218;0,157842;0,458955;-0,103030;0,155030;0,398926;0,001563;0,151471;0,389768;-0,079228;0,154332;0,397131;0,015351;0,149468;0,384615;-0,060523;0,154138;0,396632;0,017258;0,148781;0,382848;-0,061089;0,154349;0,397175;0,020355;0,149574;0,384887;-0,035359;0,152340;0,392004
00:00:24.369;531;6;6;6;5;115,626755;178,260930;169,467405;91,780319;173,337839;87,130515;-135,767590;150,924756;170,466784;159,474833;33,448332;11,595898;15,254201;14,585036;-0,194303;-0,253917;0,982176;-0,210958;-0,285752;0,976441;-0,208312;-0,289768;0,984693;-0,206593;-0,294274;0,994438;-0,227399;-0,271326;0,953547;-0,238866;-0,266165;0,951725;-0,252241;-0,260149;0,950249;-0,214588;-0,264347;0,956315;-0,296206;-0,223804;0,958206;-0,176435;-0,223787;0,990170;-0,198485;-0,208009;0,969298;-0,081389;-0,077784;1,112327;-0,341693;-0,021854;0,894212;0,024223;0,183478;1,132879;-0,335578;0,220764;0,815567;0,187730;0,146012;0,943209;-0,121203;0,216411;0,840563;0,250884;0,143149;0,885763;-0,056297;0,227354;0,859518;0,262729;0,132723;0,906901;-0,049976;0,225488;0,932924;0,236707;0,132674;0,920339;-0,068989;0,215869;0,916851;-0,020845;0,157714;0,458971;-0,102937;0,155176;0,399302;0,002341;0,151230;0,389149;-0,078837;0,154314;0,397085;0,015863;0,149249;0,384050;-0,060299;0,154052;0,396411;0,017939;0,148530;0,382201;-0,060667;0,154190;0,396764;0,020642;0,149317;0,384226;-0,035222;0,152203;0,391653
00:00:24.416;532;6;6;5;5;115,636123;178,328678;169,361695;91,592301;173,032275;86,841249;-135,879160;150,532956;170,457150;159,464133;34,164233;11,782838;12,505644;8,390362;-0,194827;-0,253633;0,981064;-0,211476;-0,285617;0,975937;-0,208838;-0,289813;0,984801;-0,206912;-0,294545;0,995335;-0,228536;-0,271175;0,953006;-0,240056;-0,265901;0,950771;-0,254055;-0,259735;0,949462;-0,214563;-0,264317;0,956205;-0,296995;-0,223274;0,957434;-0,177348;-0,223934;0,990811;-0,199675;-0,207522;0,969544;-0,081381;-0,077772;1,112212;-0,341797;-0,022355;0,894488;0,024740;0,182228;1,131522;-0,335473;0,220491;0,815369;0,188752;0,144553;0,941386;-0,120750;0,216496;0,839666;0,250717;0,141125;0,883746;-0,056193;0,227650;0,860037;0,260725;0,130492;0,898536;-0,049458;0,225598;0,932601;0,236204;0,131294;0,916721;-0,068796;0,215821;0,916203;-0,020602;0,157632;0,458981;-0,102876;0,155271;0,399546;0,002843;0,150938;0,388397;-0,078720;0,154575;0,397755;0,016196;0,149106;0,383682;-0,060100;0,153860;0,395917;0,018400;0,148503;0,382131;-0,060340;0,153950;0,396147;0,020828;0,149150;0,383797;-0,035102;0,151978;0,391074
00:00:24.451;533;6;6;4;5;115,634199;178,223609;169,283101;91,465503;172,877331;87,213958;-136,078210;150,233089;170,473357;159,222395;34,634243;-11,855425;9,029210;4,453801;-0,195513;-0,253178;0,979292;-0,212368;-0,285529;0,975609;-0,209664;-0,289738;0,984520;-0,207541;-0,294513;0,995218;-0,229817;-0,271077;0,952654;-0,241459;-0,265287;0,950501;-0,255869;-0,259021;0,949300;-0,214547;-0,264297;0,956133;-0,298161;-0,223011;0,957282;-0,177942;-0,224030;0,991227;-0,200854;-0,207056;0,969003;-0,081350;-0,077740;1,111788;-0,341999;-0,022689;0,895017;0,025727;0,180828;1,130989;-0,335548;0,220408;0,815590;0,189559;0,140501;0,940901;-0,120456;0,216551;0,839083;0,250804;0,136395;0,879635;-0,056126;0,227842;0,860374;0,258709;0,125201;0,890648;-0,049102;0,225584;0,932041;0,234428;0,126044;0,908768;-0,068202;0,215955;0,916482;-0,020721;0,157698;0,459338;-0,102837;0,155333;0,399705;0,003173;0,150884;0,388258;-0,078781;0,155016;0,398891;0,016413;0,149013;0,383444;-0,059918;0,153600;0,395246;0,018699;0,148485;0,382085;-0,060298;0,153658;0,395395;0,020949;0,149042;0,383518;-0,035055;0,151968;0,391048
00:00:24.494;534;6;6;4;5;115,617671;178,227341;169,216410;91,509532;172,819377;88,002956;-136,298817;150,043780;170,502073;158,828827;34,872077;11,538713;7,235241;2,186961;-0,196301;-0,252056;0,977090;-0,212871;-0,284815;0,975046;-0,210127;-0,289027;0,983988;-0,208096;-0,294700;0,995842;-0,230905;-0,271312;0,953475;-0,243093;-0,265082;0,951026;-0,257144;-0,258652;0,949545;-0,214536;-0,264284;0,956086;-0,298809;-0,222758;0,956833;-0,178454;-0,224251;0,992198;-0,201621;-0,206754;0,968652;-0,081279;-0,077670;1,110812;-0,342130;-0,022907;0,895361;0,027012;0,179275;1,130643;-0,335597;0,220354;0,815733;0,189870;0,135052;0,939535;-0,120314;0,216200;0,839054;0,250357;0,129610;0,875213;-0,056082;0,227478;0,860593;0,257693;0,118686;0,884821;-0,049420;0,225130;0,932026;0,233419;0,119410;0,902199;-0,067815;0,216042;0,916663;-0,021028;0,157501;0,458869;-0,102902;0,155509;0,400158;0,003164;0,150713;0,387818;-0,078821;0,155303;0,399629;0,016553;0,148953;0,383288;-0,059800;0,153430;0,394810;0,018929;0,148746;0,382755;-0,060495;0,153468;0,394907;0,021028;0,148972;0,383337;-0,034519;0,151690;0,390331
00:00:24.540;535;6;6;5;5;115,629879;177,856238;169,199607;91,544734;172,541950;88,715337;-136,240207;150,123069;170,490456;158,492136;34,667936;11,430750;7,418090;6,095124;-0,196884;-0,251418;0,976008;-0,213352;-0,284555;0,975380;-0,210578;-0,288770;0,984342;-0,208383;-0,294151;0,995897;-0,231613;-0,270921;0,954009;-0,244155;-0,264949;0,951367;-0,257973;-0,258413;0,949704;-0,214608;-0,264372;0,956406;-0,299670;-0,222920;0,957942;-0,178787;-0,224394;0,992828;-0,202670;-0,206557;0,968424;-0,081916;-0,077673;1,110878;-0,342216;-0,023048;0,895585;0,027856;0,177676;1,130768;-0,335629;0,220319;0,815827;0,190705;0,129111;0,936548;-0,120273;0,216062;0,839385;0,250850;0,121660;0,871638;-0,056520;0,227148;0,860386;0,258147;0,110199;0,883134;-0,050118;0,224666;0,931317;0,234461;0,112048;0,902480;-0,068086;0,215576;0,916781;-0,021748;0,157373;0,458565;-0,103172;0,155623;0,400453;0,002719;0,150738;0,387881;-0,079673;0,155762;0,400809;0,016223;0,149050;0,383537;-0,060226;0,153456;0,394876;0,018625;0,148779;0,382841;-0,061241;0,153209;0,394240;0,020917;0,149334;0,384269;-0,034291;0,152053;0,391265
00:00:24.587;536;6;6;5;5;115,635624;177,680438;169,565654;91,744536;172,397008;89,971027;-136,284530;150,173697;170,516668;158,035462;34,978192;11,045156;5,312685;11,321636;-0,197335;-0,251092;0,975655;-0,213741;-0,284488;0,975947;-0,210946;-0,288706;0,984923;-0,208717;-0,294000;0,996633;-0,232530;-0,270568;0,954006;-0,244845;-0,264863;0,951588;-0,258860;-0,258067;0,949108;-0,214733;-0,264527;0,956964;-0,299900;-0,222781;0,957612;-0,179441;-0,223764;0,992539;-0,203352;-0,206429;0,968276;-0,082225;-0,077578;1,109521;-0,342004;-0,023122;0,895030;0,029030;0,175886;1,130149;-0,336403;0,220485;0,816587;0,191413;0,120812;0,932856;-0,120673;0,215882;0,839250;0,249132;0,110818;0,862315;-0,057294;0,226445;0,860251;0,257207;0,098799;0,877837;-0,051101;0,223835;0,930856;0,233214;0,100940;0,895312;-0,068784;0,215274;0,916858;-0,022128;0,156947;0,456617;-0,103528;0,155970;0,401344;0,001767;0,150754;0,387923;-0,081374;0,156060;0,401576;0,014916;0,149112;0,383699;-0,061621;0,152929;0,393520;0,017351;0,148936;0,383247;-0,062948;0,152768;0,393106;0,019278;0,149297;0,384175;-0,035162;0,151881;0,390823
00:00:24.634;537;6;6;5;5;115,519239;177,456628;169,803865;91,882611;171,732052;90,939496;-136,125643;150,255343;170,533386;157,748286;35,563073;10,862823;6,846081;-12,434839;-0,197556;-0,250236;0,975076;-0,213917;-0,284342;0,975965;-0,211185;-0,288663;0,985300;-0,208934;-0,293902;0,997112;-0,233127;-0,270338;0,954004;-0,245744;-0,264709;0,951383;-0,259437;-0,257302;0,948720;-0,214815;-0,264627;0,957327;-0,300159;-0,222771;0,957748;-0,179803;-0,223277;0,992000;-0,203795;-0,206346;0,968179;-0,082426;-0,077515;1,108638;-0,341866;-0,023170;0,894670;0,031012;0,173763;1,127647;-0,336906;0,220593;0,817082;0,191145;0,111891;0,926957;-0,121411;0,215765;0,839163;0,248627;0,100606;0,858355;-0,057893;0,225862;0,861563;0,256102;0,087930;0,874394;-0,051800;0,223015;0,931607;0,232861;0,090346;0,892403;-0,069318;0,214800;0,917958;-0,022234;0,155705;0,452551;-0,103488;0,155787;0,400874;0,000928;0,150628;0,387600;-0,082708;0,156253;0,402074;0,013639;0,149289;0,384155;-0,063149;0,152994;0,393688;0,016099;0,149175;0,383860;-0,064383;0,152209;0,391669;0,017776;0,149273;0,384114;-0,036275;0,152177;0,391585
00:00:24.681;538;6;6;5;5;115,501306;177,318921;169,965389;92,099246;170,219449;91,040876;-136,069678;150,084892;170,537109;157,460691;36,406027;-11,127021;9,460035;14,068930;-0,197842;-0,249859;0,975399;-0,214509;-0,284145;0,975628;-0,211416;-0,288739;0,985895;-0,209222;-0,294045;0,998122;-0,233514;-0,270189;0,954002;-0,246420;-0,264707;0,951599;-0,260004;-0,256995;0,949168;-0,214946;-0,264789;0,957912;-0,300762;-0,222684;0,957486;-0,179783;-0,222645;0,990250;-0,204485;-0,206143;0,967416;-0,082583;-0,078130;1,108415;-0,341776;-0,023201;0,894435;0,034740;0,169370;1,122871;-0,337233;0,220663;0,817403;0,190315;0,102151;0,919972;-0,121941;0,215301;0,839456;0,247106;0,091331;0,853331;-0,058449;0,225625;0,864866;0,255383;0,077408;0,872156;-0,052274;0,222034;0,932444;0,231763;0,079831;0,889112;-0,070243;0,214129;0,919372;-0,022427;0,155742;0,452358;-0,103101;0,155124;0,399168;0,000162;0,150683;0,387740;-0,083650;0,156515;0,402748;0,012809;0,149404;0,384450;-0,064084;0,152901;0,393447;0,015065;0,149330;0,384259;-0,065376;0,151982;0,391085;0,016799;0,149258;0,384074;-0,036998;0,152369;0,392080
00:00:24.728;539;6;6;5;5;115,563021;177,295522;169,973526;92,218826;168,693844;91,620347;-136,301149;149,936705;170,535532;157,269289;37,447825;11,354632;12,500510;-21,223200;-0,198512;-0,249524;0,975260;-0,214895;-0,284018;0,975408;-0,211565;-0,288787;0,986282;-0,209682;-0,293725;0,997380;-0,234136;-0,269894;0,953302;-0,246677;-0,264511;0,951039;-0,260816;-0,256700;0,949109;-0,214953;-0,264797;0,957943;-0,301155;-0,222627;0,957316;-0,179898;-0,222392;0,989813;-0,205008;-0,206086;0,967271;-0,082659;-0,079135;1,107920;-0,341852;-0,023230;0,894633;0,038331;0,164901;1,117316;-0,337446;0,220709;0,817612;0,188319;0,090124;0,908432;-0,122712;0,214910;0,839296;0,243280;0,079334;0,840265;-0,059380;0,225245;0,868063;0,253709;0,065015;0,868252;-0,053114;0,220865;0,932989;0,230412;0,067345;0,884523;-0,071341;0,213613;0,919942;-0,022604;0,156128;0,453283;-0,103120;0,155101;0,399109;-0,000335;0,150582;0,387481;-0,084114;0,156413;0,402486;0,012260;0,149343;0,384293;-0,064809;0,153112;0,393991;0,014394;0,149431;0,384518;-0,066202;0,152243;0,391755;0,016164;0,149248;0,384048;-0,037400;0,152222;0,391702
00:00:24.774;540;6;6;5;5;115,606514;177,326326;169,799067;92,304869;167,302105;91,823245;-136,729315;149,940010;170,624870;157,277104;37,315357;-11,684493;14,924242;22,869818;-0,198948;-0,249307;0,975169;-0,215145;-0,283935;0,975265;-0,212073;-0,288614;0,985833;-0,210129;-0,293723;0,997597;-0,234454;-0,269603;0,952496;-0,246844;-0,264383;0,950675;-0,261344;-0,256508;0,949071;-0,214879;-0,264706;0,957613;-0,301410;-0,222590;0,957205;-0,180100;-0,222385;0,990228;-0,205348;-0,206048;0,967176;-0,082656;-0,079736;1,106898;-0,342410;-0,023249;0,894761;0,041177;0,161599;1,110905;-0,337439;0,220644;0,817398;0,185720;0,081373;0,901981;-0,123796;0,214356;0,839893;0,239926;0,069430;0,835272;-0,060433;0,224819;0,869441;0,251159;0,054088;0,867464;-0,054191;0,219573;0,933343;0,226829;0,056618;0,878740;-0,072607;0,212833;0,920662;-0,022512;0,156741;0,454934;-0,103133;0,155086;0,399071;-0,000660;0,150653;0,387663;-0,084415;0,156347;0,402316;0,011923;0,149575;0,384890;-0,065221;0,153113;0,393994;0,014189;0,149632;0,385037;-0,066739;0,152412;0,392191;0,015984;0,149377;0,384381;-0,037919;0,152263;0,391806
00:00:24.820;541;6;6;6;5;115,644675;176,772528;169,532843;92,464398;165,334351;91,756658;-137,037760;149,893653;170,650487;157,650609;35,875426;-11,932531;17,828417;24,636775;-0,199231;-0,249165;0,975110;-0,215230;-0,283779;0,974822;-0,212328;-0,288399;0,985192;-0,210420;-0,293722;0,997738;-0,234660;-0,269414;0,951972;-0,247585;-0,264398;0,950789;-0,262325;-0,256478;0,949396;-0,214831;-0,264647;0,957398;-0,302453;-0,222811;0,958184;-0,180795;-0,222380;0,990498;-0,206044;-0,205949;0,966764;-0,082025;-0,080756;1,106234;-0,342639;-0,023252;0,894495;0,044672;0,157525;1,101838;-0,337002;0,220782;0,816209;0,181541;0,071383;0,885537;-0,125457;0,213996;0,840280;0,234676;0,059608;0,821177;-0,061900;0,223822;0,867537;0,244873;0,043178;0,854001;-0,055866;0,218408;0,932173;0,221234;0,045427;0,865881;-0,074975;0,211722;0,920781;-0,021640;0,156898;0,455307;-0,103141;0,155076;0,399046;-0,000208;0,150699;0,387781;-0,083997;0,156440;0,402556;0,012351;0,149590;0,384929;-0,065041;0,153114;0,393996;0,014700;0,149627;0,385024;-0,066523;0,152250;0,391774;0,016980;0,149598;0,384948;-0,037586;0,152289;0,391874
00:00:24.867;542;6;6;6;5;115,722958;176,456541;169,547002;92,741171;162,855514;90,866424;-137,152944;149,736133;170,689814;158,319688;34,727063;11,645270;19,088326;-25,372438;-0,199486;-0,249163;0,975421;-0,215440;-0,283881;0,975235;-0,212720;-0,288567;0,985825;-0,210756;-0,293928;0,998530;-0,234795;-0,269292;0,951632;-0,247975;-0,264310;0,950513;-0,262865;-0,256365;0,949258;-0,214878;-0,264705;0,957609;-0,303020;-0,222872;0,958469;-0,181183;-0,222298;0,990324;-0,206571;-0,205960;0,966847;-0,081666;-0,082102;1,106502;-0,342653;-0,023245;0,893972;0,048559;0,153638;1,091395;-0,336862;0,220966;0,815786;0,177504;0,063957;0,875549;-0,126591;0,213371;0,840882;0,229809;0,052301;0,811665;-0,062827;0,223084;0,865949;0,239275;0,035134;0,844901;-0,057461;0,217569;0,931062;0,215901;0,037167;0,856473;-0,076543;0,211080;0,921207;-0,020322;0,156981;0,456250;-0,103146;0,155070;0,399030;0,000746;0,150592;0,387507;-0,083425;0,156365;0,402361;0,013449;0,149056;0,383554;-0,064699;0,153114;0,393997;0,015876;0,149352;0,384316;-0,065995;0,152281;0,391853;0,018467;0,149469;0,384616;-0,037115;0,152170;0,391568
00:00:24.915;543;6;6;6;5;115,699501;176,199647;169,374034;92,879733;160,518416;89,977245;-137,447497;149,716874;170,699205;159,030037;34,328845;12,035372;21,857199;-23,314760;-0,199724;-0,249250;0,975974;-0,215422;-0,283744;0,974802;-0,212824;-0,288471;0,985536;-0,210827;-0,293855;0,998344;-0,234795;-0,269113;0,951061;-0,248137;-0,264155;0,949983;-0,263119;-0,256196;0,948817;-0,214752;-0,264549;0,957046;-0,303611;-0,223075;0,959355;-0,181499;-0,222324;0,990561;-0,207065;-0,206116;0,967600;-0,081408;-0,082949;1,106326;-0,342931;-0,023259;0,894332;0,052074;0,150538;1,080407;-0,336771;0,221086;0,815511;0,172266;0,057826;0,863107;-0,127328;0,212965;0,841273;0,224908;0,046135;0,804082;-0,064001;0,222381;0,865967;0,232416;0,028362;0,832336;-0,058497;0,217024;0,930341;0,209403;0,030692;0,843707;-0,078088;0,210662;0,921485;-0,018671;0,156915;0,456512;-0,102606;0,154930;0,398670;0,002247;0,150523;0,387330;-0,082856;0,157268;0,404685;0,015332;0,149389;0,384410;-0,064025;0,153659;0,395398;0,017769;0,149445;0,384555;-0,065150;0,153253;0,394355;0,020287;0,149249;0,384050;-0,036048;0,151685;0,390319
00:00:24.962;544;6;6;6;5;115,687938;176,261561;169,220446;92,971003;158,078916;88,425891;-137,972207;149,599523;170,754365;160,409306;34,120674;-11,868387;21,696136;24,188623;-0,200218;-0,249039;0,975283;-0,215809;-0,283451;0,973822;-0,212891;-0,288409;0,985348;-0,210874;-0,293808;0,998224;-0,235424;-0,269095;0,951040;-0,248334;-0,264152;0,949989;-0,263284;-0,256086;0,948531;-0,214827;-0,264642;0,957380;-0,303661;-0,222963;0,958881;-0,181576;-0,222183;0,990014;-0,207235;-0,206068;0,967390;-0,080510;-0,083393;1,104812;-0,343112;-0,023268;0,894566;0,053914;0,147423;1,065214;-0,336712;0,221164;0,815332;0,166506;0,052968;0,847670;-0,127807;0,212701;0,841528;0,216691;0,039936;0,788653;-0,064298;0,222014;0,866328;0,223364;0,021578;0,817168;-0,059194;0,216222;0,930221;0,201345;0,024027;0,827010;-0,079122;0,209945;0,922015;-0,017586;0,156752;0,456333;-0,102523;0,155247;0,399485;0,003443;0,150478;0,387214;-0,081976;0,157311;0,404795;0,016556;0,149605;0,384966;-0,063361;0,154013;0,396309;0,019000;0,149506;0,384711;-0,064601;0,153885;0,395980;0,021469;0,149106;0,383683;-0,035355;0,151370;0,389508
00:00:25.009;545;6;6;6;5;115,669531;176,343548;169,198088;93,151101;156,719840;88,129981;-138,540234;149,618540;170,865727;161,300894;34,138884;11,468361;28,454858;-27,665781;-0,200539;-0,248902;0,974834;-0,216138;-0,283363;0,973534;-0,213011;-0,288470;0,985576;-0,210978;-0,293880;0,998495;-0,235745;-0,268985;0,950676;-0,248910;-0,264053;0,949643;-0,263294;-0,255921;0,947995;-0,214875;-0,264702;0,957597;-0,303584;-0,222809;0,958223;-0,181754;-0,222249;0,990359;-0,207346;-0,206037;0,967254;-0,079851;-0,083602;1,102778;-0,343604;-0,023265;0,894368;0,055071;0,146481;1,054639;-0,337137;0,221679;0,815216;0,159547;0,048508;0,830285;-0,128118;0,212530;0,841693;0,208828;0,034563;0,777225;-0,064543;0,221954;0,867263;0,216033;0,015388;0,810459;-0,060129;0,215539;0,929444;0,194317;0,017900;0,818256;-0,079795;0,209479;0,922360;-0,016880;0,156646;0,456216;-0,102469;0,155453;0,400015;0,004000;0,150449;0,387139;-0,080760;0,156522;0,402767;0,017352;0,149745;0,385328;-0,062929;0,154243;0,396901;0,019819;0,149681;0,385162;-0,064188;0,154160;0,396687;0,022281;0,149285;0,384144;-0,034905;0,151165;0,388980
00:00:25.056;546;6;6;6;5;115,639018;176,610707;169,267840;93,415075;154,694318;87,074448;-138,895973;149,491245;170,963651;163,142809;34,728442;11,033027;32,607961;-31,505905;-0,200748;-0,248813;0,974542;-0,216352;-0,283305;0,973347;-0,213421;-0,288203;0,984675;-0,211045;-0,293927;0,998672;-0,235954;-0,268914;0,950439;-0,249193;-0,263891;0,949068;-0,263741;-0,255719;0,947297;-0,214829;-0,264644;0,957388;-0,303311;-0,222546;0,957095;-0,182240;-0,222056;0,989534;-0,207892;-0,205942;0,966815;-0,079423;-0,084363;1,101456;-0,343923;-0,023263;0,894239;0,055358;0,145845;1,039366;-0,337558;0,222109;0,815490;0,150398;0,044745;0,810585;-0,128374;0,212027;0,842151;0,196558;0,030741;0,759646;-0,064755;0,221598;0,868571;0,204098;0,010887;0,798749;-0,060877;0,215048;0,931039;0,182465;0,014288;0,803817;-0,080883;0,208965;0,923984;-0,016410;0,156457;0,455791;-0,102166;0,155179;0,399310;0,004362;0,150430;0,387091;-0,079901;0,155874;0,401098;0,017869;0,149837;0,385563;-0,062648;0,154392;0,397286;0,020351;0,149795;0,385455;-0,063919;0,154338;0,397147;0,022809;0,149402;0,384443;-0,034896;0,151303;0,389337
00:00:25.104;547;6;6;6;5;115,560063;176,947116;169,315618;93,854733;153,812942;86,926514;-139,257296;149,303325;171,074381;164,451172;34,956093;10,688203;41,070796;34,566092;-0,200955;-0,248844;0,974702;-0,216647;-0,283472;0,973926;-0,213763;-0,288132;0,984439;-0,211163;-0,294061;0,999137;-0,236089;-0,268867;0,950286;-0,249376;-0,263786;0,948694;-0,264032;-0,255587;0,946843;-0,214877;-0,265248;0,957602;-0,302912;-0,222212;0,955662;-0,182555;-0,221930;0,988997;-0,208399;-0,206029;0,967230;-0,078470;-0,084802;1,099896;-0,344131;-0,023261;0,894155;0,054970;0,146582;1,029438;-0,337833;0,222853;0,815669;0,141328;0,042025;0,792181;-0,129128;0,211394;0,843148;0,185351;0,027853;0,748570;-0,065495;0,221224;0,870821;0,192802;0,007961;0,791137;-0,062402;0,214118;0,931725;0,171802;0,011947;0,795131;-0,082580;0,208473;0,924340;-0,015823;0,156094;0,454814;-0,101790;0,154729;0,398152;0,004817;0,150418;0,387059;-0,079343;0,155453;0,400014;0,018205;0,149896;0,385716;-0,062411;0,154353;0,397186;0,020477;0,149869;0,385646;-0,063689;0,154318;0,397095;0,022911;0,149341;0,384288;-0,035143;0,151530;0,389919
00:00:25.152;548;6;6;6;5;115,474405;177,112347;169,264573;94,016471;152,285936;85,958961;-139,581065;149,103177;171,257573;166,478333;35,636781;-10,526054;49,595894;36,618752;-0,201163;-0,248954;0,975157;-0,216839;-0,283580;0,974302;-0,214062;-0,288188;0,984635;-0,211511;-0,293736;0,998039;-0,236631;-0,268738;0,949836;-0,249403;-0,263620;0,948101;-0,264221;-0,255502;0,946548;-0,214986;-0,265738;0,958091;-0,303195;-0,221995;0,954730;-0,182696;-0,221770;0,988298;-0,208653;-0,206012;0,967149;-0,077826;-0,085685;1,098533;-0,344775;-0,023260;0,894101;0,054267;0,147517;1,014585;-0,338011;0,223336;0,815785;0,130711;0,040266;0,771817;-0,129137;0,210983;0,843796;0,173486;0,026197;0,735421;-0,066057;0,220745;0,873334;0,179962;0,006465;0,778839;-0,063418;0,213061;0,932521;0,159681;0,010793;0,782835;-0,083748;0,207784;0,925271;-0,015338;0,155282;0,451029;-0,101951;0,154708;0,398098;0,005124;0,150682;0,387738;-0,079415;0,155587;0,400359;0,018204;0,149935;0,385816;-0,062428;0,154192;0,396771;0,020560;0,149917;0,385770;-0,063709;0,154169;0,396712;0,022821;0,149710;0,385237;-0,035559;0,151813;0,390647
00:00:25.199;549;6;6;6;5;115,387240;177,338868;168,944988;94,209409;152,066174;86,242899;-140,230797;149,041397;171,374514;167,373577;36,027783;10,815399;53,742424;-36,656438;-0,201635;-0,248757;0,974402;-0,216886;-0,283548;0,974196;-0,214104;-0,288020;0,984063;-0,211662;-0,293421;0,996975;-0,236982;-0,268654;0,949543;-0,249960;-0,263512;0,947716;-0,264344;-0,255446;0,946356;-0,214979;-0,265960;0,958059;-0,303379;-0,221854;0,954125;-0,182852;-0,221745;0,988194;-0,208817;-0,206000;0,967097;-0,077310;-0,086147;1,096246;-0,345464;-0,023278;0,894766;0,052792;0,149008;1,007030;-0,337981;0,223554;0,815510;0,121180;0,039649;0,760681;-0,129304;0,210494;0,845267;0,162746;0,025968;0,727923;-0,066555;0,220370;0,876717;0,168468;0,005919;0,770145;-0,064200;0,212236;0,934789;0,147852;0,010471;0,774493;-0,084702;0,207272;0,927976;-0,015001;0,154764;0,447869;-0,102236;0,154967;0,398764;0,005323;0,150854;0,388180;-0,079461;0,155674;0,400583;0,018203;0,149960;0,385880;-0,062549;0,154359;0,397201;0,020613;0,149948;0,385850;-0,063835;0,154345;0,397163;0,022542;0,149950;0,385854;-0,035987;0,151725;0,390421
00:00:25.246;550;6;6;6;5;115,355766;177,483400;168,946520;94,411084;151,766787;86,041503;-140,557311;149,036366;171,605120;168,795500;36,657640;-10,419940;58,745981;-36,167224;-0,201868;-0,248540;0,973561;-0,216838;-0,283426;0,973777;-0,214132;-0,287911;0,983691;-0,211760;-0,293217;0,996284;-0,237036;-0,268401;0,948653;-0,250136;-0,263248;0,946765;-0,264765;-0,255221;0,945532;-0,214975;-0,266104;0,958039;-0,303275;-0,221599;0,953031;-0,183018;-0,221807;0,988476;-0,209322;-0,205844;0,966363;-0,076950;-0,086419;1,094410;-0,346014;-0,023262;0,894148;0,049435;0,150055;0,998969;-0,337962;0,224160;0,815332;0,112927;0,039103;0,750643;-0,129841;0,210090;0,845874;0,153800;0,026238;0,723400;-0,066906;0,220213;0,879266;0,158098;0,006405;0,762744;-0,065268;0,211778;0,936613;0,137837;0,010679;0,768020;-0,085322;0,206939;0,929734;-0,015009;0,154434;0,445115;-0,102648;0,155135;0,399197;0,005452;0,150965;0,388467;-0,079580;0,155459;0,400029;0,017935;0,149568;0,384872;-0,063081;0,154468;0,397481;0,020464;0,150241;0,386603;-0,064370;0,154458;0,397456;0,021902;0,149970;0,385905;-0,037000;0,151939;0,390974
00:00:25.293;551;6;6;6;5;115,410373;177,246704;169,033347;94,548448;151,398242;85,227376;-140,794338;148,940375;171,763873;170,873035;37,885920;10,808032;58,747772;32,002629;-0,201875;-0,248220;0,972315;-0,217047;-0,282939;0,972105;-0,213997;-0,287635;0,982749;-0,211675;-0,292878;0,995135;-0,236983;-0,268138;0,947725;-0,250158;-0,262978;0,945797;-0,264941;-0,254980;0,944646;-0,214814;-0,266002;0,957325;-0,303861;-0,221515;0,952670;-0,183689;-0,221847;0,988659;-0,209651;-0,205742;0,965886;-0,076716;-0,087217;1,093217;-0,346236;-0,023243;0,893396;0,044302;0,151193;0,989530;-0,337950;0,224554;0,815216;0,102404;0,041989;0,742718;-0,129707;0,209828;0,846268;0,141301;0,029616;0,719410;-0,067295;0,220127;0,883023;0,143780;0,009963;0,750584;-0,065501;0,211179;0,938848;0,124454;0,014081;0,757513;-0,085757;0,206269;0,931227;-0,015038;0,154464;0,444025;-0,103007;0,155380;0,399828;0,005516;0,150494;0,387254;-0,079743;0,155046;0,398969;0,017761;0,149314;0,384217;-0,063314;0,154267;0,396962;0,020350;0,150295;0,386742;-0,064602;0,154260;0,396946;0,021284;0,150119;0,386288;-0,037658;0,152079;0,391333
00:00:25.341;552;6;6;6;5;115,449391;176,936780;169,076052;94,637304;151,014930;84,127470;-141,104767;148,972747;171,885855;172,812079;38,653423;10,718650;62,085931;-28,418932;-0,201879;-0,248012;0,971505;-0,217182;-0,282622;0,971019;-0,213833;-0,287353;0,981787;-0,211545;-0,292555;0,994038;-0,237399;-0,267868;0,946771;-0,250709;-0,262803;0,945168;-0,265592;-0,254824;0,944070;-0,214710;-0,265937;0,956861;-0,304354;-0,221542;0,952786;-0,183994;-0,221716;0,988079;-0,210336;-0,205601;0,965226;-0,076515;-0,087679;1,091741;-0,346380;-0,023230;0,892907;0,039210;0,151984;0,980245;-0,337942;0,224809;0,815140;0,091897;0,045681;0,734067;-0,129621;0,209657;0,846524;0,128564;0,034180;0,715767;-0,067119;0,219823;0,886515;0,130179;0,014728;0,741630;-0,065628;0,210175;0,939951;0,112144;0,019287;0,752084;-0,085975;0,205680;0,931498;-0,015081;0,154981;0,444016;-0,103286;0,155268;0,399538;0,005347;0,150459;0,387165;-0,080372;0,154915;0,398630;0,017445;0,149284;0,384141;-0,064146;0,154680;0,398026;0,020037;0,150194;0,386482;-0,065439;0,154676;0,398015;0,019970;0,149943;0,385838;-0,038389;0,151626;0,390166
00:00:25.387;553;6;6;6;5;115,520649;176,585880;169,020565;94,555188;151,154281;82,699334;-141,475898;148,826860;171,959364;174,351264;38,635893;10,481382;69,939597;35,663025;-0,202541;-0,247341;0,968878;-0,217585;-0,282111;0,969262;-0,214054;-0,286862;0,980112;-0,211461;-0,292345;0,993324;-0,238207;-0,267692;0,946151;-0,252142;-0,262689;0,944759;-0,267088;-0,254722;0,943695;-0,214643;-0,265894;0,956560;-0,305330;-0,221641;0,953211;-0,184688;-0,221553;0,987351;-0,211331;-0,205510;0,964797;-0,076384;-0,088599;1,090782;-0,346609;-0,023739;0,892940;0,033724;0,152610;0,974909;-0,337937;0,224512;0,815091;0,078937;0,052897;0,723193;-0,129565;0,209546;0,846691;0,112315;0,043089;0,707448;-0,067353;0,219614;0,886685;0,112828;0,024509;0,737209;-0,066171;0,209291;0,939618;0,095666;0,028562;0,748204;-0,086085;0,205220;0,931324;-0,015109;0,155065;0,444010;-0,103422;0,155466;0,400050;0,005458;0,150437;0,387107;-0,081153;0,155101;0,399109;0,017458;0,149265;0,384092;-0,064572;0,154676;0,398017;0,020198;0,149584;0,384913;-0,065638;0,154674;0,398010;0,019334;0,149829;0,385544;-0,038864;0,151331;0,389408
00:00:25.434;554;6;6;6;5;115,602803;176,709818;168,842890;94,369511;150,847122;80,121831;-141,708160;148,440686;172,070967;176,078718;38,649554;10,241266;71,702808;42,379230;-0,203297;-0,246637;0,966121;-0,217846;-0,281778;0,968120;-0,214197;-0,286543;0,979023;-0,211481;-0,292311;0,993211;-0,239718;-0,267479;0,945398;-0,253421;-0,262421;0,943794;-0,268396;-0,254467;0,942752;-0,214520;-0,265769;0,956014;-0,306167;-0,221461;0,952437;-0,185368;-0,221054;0,985128;-0,212996;-0,205376;0,964168;-0,076348;-0,089876;1,090858;-0,347267;-0,024070;0,892961;0,028993;0,152515;0,968291;-0,337788;0,224222;0,814709;0,067873;0,062779;0,712626;-0,129475;0,209387;0,846449;0,096299;0,053975;0,694691;-0,066974;0,219392;0,886445;0,098496;0,036625;0,728736;-0,066039;0,208871;0,940102;0,082015;0,039637;0,740433;-0,086156;0,204921;0,931210;-0,015127;0,155119;0,444007;-0,103829;0,155732;0,400732;0,005750;0,150422;0,387070;-0,081432;0,155222;0,399421;0,018105;0,149116;0,383710;-0,063722;0,154130;0,396611;0,020976;0,149324;0,384244;-0,064415;0,154128;0,396606;0,019089;0,149347;0,384304;-0,038545;0,151275;0,389265
00:00:25.480;555;6;6;6;5;115,592209;176,897026;168,643620;94,250910;149,198418;76,332567;-141,908621;148,261775;172,135151;178,598638;38,433217;9,715198;68,242379;50,532475;-0,204035;-0,245821;0,962928;-0,218566;-0,281562;0,967378;-0,214924;-0,286439;0,978665;-0,211792;-0,292701;0,994537;-0,240700;-0,267340;0,944909;-0,254788;-0,262246;0,943166;-0,269781;-0,254301;0,942139;-0,214209;-0,266077;0,957059;-0,306711;-0,221344;0,951934;-0,185809;-0,220729;0,983683;-0,213842;-0,205065;0,962709;-0,076921;-0,090676;1,090558;-0,347831;-0,024295;0,893325;0,024643;0,150780;0,953489;-0,337691;0,224034;0,814461;0,058377;0,072098;0,706807;-0,129952;0,209371;0,846642;0,083284;0,064050;0,682899;-0,066780;0,219420;0,886989;0,085182;0,048628;0,723928;-0,066489;0,208598;0,940416;0,069946;0,050110;0,730831;-0,086202;0,204727;0,931137;-0,015139;0,155154;0,444004;-0,103730;0,155360;0,399776;0,005946;0,150549;0,387395;-0,081614;0,155301;0,399624;0,018761;0,149156;0,383811;-0,062775;0,153911;0,396047;0,021678;0,149019;0,383458;-0,063226;0,153910;0,396044;0,019183;0,149306;0,384198;-0,037960;0,151511;0,389872
00:00:25.527;556;6;6;6;5;115,680954;177,129318;168,513321;94,152365;151,265733;77,018735;-142,180033;148,052684;172,178893;177,208951;38,898229;-9,358207;62,751486;55,227552;-0,204439;-0,245202;0,960504;-0,219262;-0,281014;0,965496;-0,215241;-0,286166;0,977732;-0,212185;-0,292440;0,993649;-0,241694;-0,267052;0,943891;-0,255581;-0,262035;0,942408;-0,270581;-0,254099;0,941390;-0,213851;-0,266082;0,957038;-0,306952;-0,221187;0,951257;-0,186587;-0,220440;0,982394;-0,214860;-0,204788;0,961411;-0,077293;-0,091817;1,090363;-0,348197;-0,024441;0,893561;0,022772;0,152040;0,965918;-0,337629;0,223912;0,814300;0,052123;0,079157;0,701624;-0,129726;0,209273;0,846417;0,074387;0,072386;0,674535;-0,066225;0,219698;0,888393;0,074092;0,058299;0,715553;-0,066270;0,208498;0,940971;0,060863;0,059315;0,724240;-0,085702;0,204600;0,931089;-0,015171;0,155422;0,444703;-0,104029;0,155663;0,400554;0,006294;0,150631;0,387607;-0,081504;0,155352;0,399755;0,019528;0,148502;0,382127;-0,061763;0,153905;0,396031;0,022569;0,148820;0,382948;-0,061883;0,154040;0,396379;0,020018;0,148599;0,382378;-0,036881;0,151529;0,389917
00:00:25.575;557;6;6;6;5;115,657587;177,623052;168,400198;94,148148;154,694830;79,967781;-142,329819;147,811258;172,116811;174,512444;38,739668;-9,674238;60,831631;58,822485;-0,204943;-0,244442;0,957527;-0,219715;-0,280658;0,964272;-0,215370;-0,285886;0,976776;-0,212366;-0,292167;0,992722;-0,242341;-0,266865;0,943229;-0,256096;-0,261363;0,941915;-0,271100;-0,253968;0,940904;-0,213540;-0,265989;0,956675;-0,306882;-0,220922;0,950117;-0,187093;-0,220252;0,981556;-0,215363;-0,204460;0,959867;-0,077535;-0,092558;1,090236;-0,348572;-0,024546;0,894065;0,021822;0,154405;0,987647;-0,338051;0,223832;0,814195;0,047308;0,084234;0,698956;-0,129151;0,209297;0,846621;0,067972;0,078745;0,670498;-0,065308;0,219706;0,888606;0,066240;0,065618;0,712210;-0,065079;0,208510;0,941681;0,053026;0,066710;0,721706;-0,084318;0,204518;0,931058;-0,015143;0,155106;0,443757;-0,104042;0,155587;0,400360;0,006727;0,150412;0,387045;-0,081205;0,155385;0,399841;0,020243;0,148076;0,381033;-0,060275;0,153492;0,394970;0,023389;0,148828;0,382966;-0,060281;0,153988;0,396246;0,020777;0,148140;0,381196;-0,035928;0,151404;0,389596
00:00:25.622;558;6;6;6;5;115,784968;177,580454;168,437095;94,165142;156,560274;80,854199;-142,628168;147,592011;172,107962;173,045922;38,357632;9,990624;66,796621;64,771893;-0,205271;-0,243948;0,955593;-0,220010;-0,280427;0,963477;-0,215775;-0,285396;0,975104;-0,212409;-0,291887;0,991769;-0,242761;-0,266743;0,942799;-0,256871;-0,260829;0,941245;-0,271337;-0,253788;0,940237;-0,213338;-0,265928;0,956439;-0,307489;-0,220831;0,949726;-0,187489;-0,220208;0,981362;-0,215690;-0,204246;0,958864;-0,077667;-0,093010;1,089803;-0,348679;-0,025113;0,894042;0,021157;0,154402;0,999320;-0,338326;0,223781;0,814127;0,042853;0,090669;0,694421;-0,128777;0,209312;0,846754;0,061728;0,087024;0,665423;-0,064230;0,219797;0,889094;0,059332;0,075611;0,713186;-0,063722;0,208899;0,941443;0,045988;0,076690;0,722159;-0,083479;0,204619;0,931738;-0,015233;0,155746;0,446292;-0,104232;0,155810;0,400934;0,007668;0,150270;0,386679;-0,079896;0,154999;0,398847;0,021138;0,147800;0,380321;-0,058786;0,153632;0,395330;0,024190;0,147880;0,380528;-0,058564;0,153955;0,396160;0,021701;0,147841;0,380427;-0,035308;0,151323;0,389387
00:00:25.669;559;6;6;6;5;115,856894;177,894176;168,374577;94,171386;141,641024;61,353902;-142,850355;147,255346;172,098485;-173,105321;37,064513;10,043010;65,083421;66,363796;-0,205484;-0,243627;0,954335;-0,220121;-0,280174;0,962610;-0,216038;-0,285078;0,974018;-0,212437;-0,291704;0,991150;-0,242944;-0,266565;0,942169;-0,257278;-0,260385;0,940459;-0,271389;-0,253576;0,939454;-0,213206;-0,265888;0,956285;-0,307657;-0,220609;0,948772;-0,187679;-0,220101;0,980885;-0,215903;-0,203562;0,958211;-0,077157;-0,093334;1,089872;-0,348885;-0,025492;0,894377;0,018961;0,137621;0,895958;-0,338504;0,223747;0,814082;0,039652;0,095508;0,693224;-0,128640;0,209495;0,847540;0,057402;0,093000;0,663525;-0,062831;0,220169;0,886611;0,054007;0,082467;0,713471;-0,062394;0,209464;0,942688;0,041033;0,082857;0,723153;-0,083026;0,204914;0,933229;-0,015548;0,156161;0,447940;-0,104356;0,155955;0,401307;0,008288;0,150314;0,386791;-0,078751;0,154612;0,397850;0,021742;0,147756;0,380209;-0,057916;0,153996;0,396265;0,024759;0,147536;0,379643;-0,057546;0,154205;0,396804;0,022367;0,148055;0,380978;-0,034905;0,151270;0,389252
00:00:25.715;560;6;6;6;5;115,828372;177,694350;168,439738;94,176905;134,076979;51,607692;-142,932803;147,108277;172,137430;-164,431744;36,220263;-9,272007;55,730732;67,454684;-0,205774;-0,243597;0,954218;-0,220416;-0,279603;0,960647;-0,216131;-0,284769;0,972962;-0,212379;-0,291483;0,990398;-0,243416;-0,266251;0,941060;-0,257446;-0,260000;0,939598;-0,271957;-0,252905;0,938945;-0,212965;-0,265668;0,955485;-0,308107;-0,220168;0,949202;-0,187736;-0,219953;0,980225;-0,216041;-0,203118;0,957787;-0,076802;-0,093514;1,089567;-0,349019;-0,025738;0,894595;0,018385;0,127032;0,830873;-0,338766;0,224285;0,814404;0,037708;0,098678;0,695246;-0,128874;0,209835;0,847001;0,054341;0,096782;0,664041;-0,061827;0,220559;0,883597;0,049327;0,087330;0,713656;-0,061932;0,209897;0,941397;0,036560;0,087232;0,723450;-0,083171;0,204876;0,933149;-0,015640;0,155587;0,445861;-0,104527;0,156185;0,401900;0,008691;0,150342;0,386864;-0,077871;0,154088;0,396503;0,022155;0,147864;0,380486;-0,057203;0,153824;0,395822;0,025006;0,147857;0,380468;-0,056738;0,153960;0,396173;0,022800;0,148194;0,381336;-0,034259;0,151508;0,389864
00:00:25.762;561;6;6;6;5;115,782486;177,419529;168,609007;94,287208;129,909244;45,689208;-143,014050;147,078566;172,103704;-159,377525;35,800717;8,451374;40,979647;64,487039;-0,205887;-0,243488;0,953792;-0,220609;-0,279231;0,959370;-0,216114;-0,284466;0,971925;-0,212267;-0,291236;0,989558;-0,243723;-0,266047;0,940339;-0,257556;-0,259750;0,939039;-0,272326;-0,252469;0,938614;-0,212730;-0,265427;0,954616;-0,308400;-0,219882;0,949481;-0,187638;-0,219700;0,979096;-0,216052;-0,202755;0,957162;-0,076522;-0,093571;1,088668;-0,348970;-0,025888;0,894387;0,019254;0,119902;0,789617;-0,339400;0,224635;0,814612;0,037107;0,102337;0,701810;-0,129399;0,209883;0,845951;0,053644;0,101892;0,671377;-0,061054;0,220869;0,879888;0,046629;0,091159;0,712727;-0,061677;0,210336;0,941258;0,034022;0,091168;0,722592;-0,083296;0,204928;0,933447;-0,015688;0,155342;0,444160;-0,104365;0,155927;0,401235;0,008953;0,150361;0,386912;-0,078023;0,154292;0,397027;0,022227;0,148070;0,381016;-0,057465;0,153848;0,395884;0,025041;0,148609;0,382404;-0,057162;0,153936;0,396112;0,022646;0,148284;0,381568;-0,034476;0,151527;0,389911
00:00:25.810;562;6;6;6;5;115,775636;177,033953;168,867439;94,289979;127,571708;40,378616;-142,894236;147,093775;172,081505;-156,392607;34,831763;8,427951;26,584875;65,277971;-0,205884;-0,243328;0,953165;-0,220350;-0,279194;0,959241;-0,216102;-0,284269;0,971251;-0,212269;-0,291178;0,989363;-0,243922;-0,265915;0,939870;-0,257627;-0,259587;0,938675;-0,272032;-0,252185;0,938399;-0,212500;-0,265174;0,953700;-0,308704;-0,219776;0,950013;-0,187776;-0,219771;0,979413;-0,216059;-0,202519;0,956755;-0,076364;-0,093638;1,088435;-0,348801;-0,025975;0,893902;0,020688;0,115529;0,764551;-0,339958;0,224495;0,815098;0,037068;0,106173;0,705026;-0,129848;0,210088;0,845968;0,052977;0,106299;0,673345;-0,061000;0,220893;0,876777;0,045133;0,095712;0,709672;-0,061465;0,210999;0,940468;0,032287;0,096288;0,719935;-0,083377;0,204962;0,933641;-0,015668;0,154940;0,441654;-0,104533;0,156167;0,401853;0,008903;0,150373;0,386943;-0,078973;0,155648;0,400517;0,022056;0,148203;0,381360;-0,058033;0,153727;0,395575;0,024844;0,149098;0,383663;-0,057837;0,153785;0,395723;0,022329;0,148343;0,381719;-0,035348;0,151811;0,390642
00:00:25.857;563;6;6;6;5;115,739074;177,137781;168,900331;94,354402;126,273220;34,056358;-142,775300;147,127214;172,047127;-154,754786;34,262208;8,413766;33,723150;63,538341;-0,205958;-0,243314;0,953107;-0,220181;-0,279169;0,959156;-0,216017;-0,284038;0,970463;-0,212120;-0,290935;0,988536;-0,243608;-0,265927;0,939916;-0,257235;-0,259578;0,938789;-0,271942;-0,252095;0,938610;-0,212350;-0,265009;0,953105;-0,308247;-0,219627;0,950008;-0,187308;-0,219817;0,979618;-0,215441;-0,201748;0,956141;-0,076286;-0,093712;1,088632;-0,348828;-0,026042;0,893936;0,022076;0,113307;0,749658;-0,340175;0,224771;0,815064;0,037353;0,110397;0,705367;-0,129605;0,210134;0,845629;0,053928;0,112057;0,682324;-0,060421;0,221225;0,874055;0,044648;0,100088;0,709087;-0,060794;0,211429;0,939954;0,031989;0,100483;0,718558;-0,083336;0,205283;0,932716;-0,015618;0,154555;0,438975;-0,104643;0,156323;0,402254;0,008650;0,150381;0,386963;-0,079753;0,156394;0,402436;0,021548;0,148562;0,382284;-0,058853;0,153649;0,395374;0,024277;0,149416;0,384481;-0,058725;0,153687;0,395470;0,021489;0,148517;0,382168;-0,036620;0,152131;0,391468
00:00:25.905;564;6;6;6;5;115,699081;176,896380;169,075071;94,525233;126,395694;31,015782;-142,450120;147,160310;171,929017;-155,121834;33,340600;8,515381;39,109933;62,002365;-0,205539;-0,242850;0,953420;-0,219991;-0,279051;0,958752;-0,215884;-0,283786;0,969601;-0,211948;-0,290674;0,987648;-0,243404;-0,265401;0,939945;-0,256980;-0,259572;0,938863;-0,271249;-0,251942;0,938396;-0,212175;-0,264263;0,952368;-0,308063;-0,219611;0,950355;-0,187004;-0,219289;0,979752;-0,215039;-0,201247;0,955742;-0,076236;-0,093760;1,088761;-0,348201;-0,026075;0,893608;0,023790;0,113986;0,751178;-0,340316;0,224951;0,815041;0,037960;0,113603;0,705939;-0,129073;0,210338;0,846109;0,054406;0,115888;0,686411;-0,059997;0,221262;0,871586;0,043950;0,103389;0,709057;-0,060357;0,211709;0,939620;0,031698;0,104321;0,725013;-0,083310;0,205492;0,932116;-0,015536;0,154054;0,435834;-0,104623;0,156289;0,402165;0,008493;0,150522;0,387326;-0,080773;0,157423;0,405084;0,020799;0,148932;0,383235;-0,060280;0,154143;0,396643;0,023229;0,149487;0,384663;-0,059916;0,154031;0,396355;0,020541;0,148902;0,383159;-0,038044;0,152068;0,391304
00:00:25.951;565;6;6;6;5;115,647685;176,863795;169,110609;94,480986;126,015788;26,343441;-142,233163;147,140262;171,836750;-154,686100;33,674796;8,456086;33,164388;63,519840;-0,204873;-0,242727;0,954323;-0,219868;-0,278975;0,958489;-0,215401;-0,283827;0,969741;-0,211837;-0,290504;0,987071;-0,242736;-0,265058;0,939964;-0,255746;-0,259568;0,938911;-0,270264;-0,251309;0,938258;-0,212061;-0,263778;0,951889;-0,307944;-0,219600;0,950581;-0,186606;-0,218712;0,978789;-0,213691;-0,200922;0,955482;-0,076227;-0,093821;1,089195;-0,347929;-0,026107;0,893746;0,025110;0,113937;0,746216;-0,340407;0,225068;0,815027;0,038431;0,116733;0,707710;-0,128620;0,210777;0,845721;0,054970;0,119244;0,687317;-0,059817;0,221644;0,871381;0,043814;0,106523;0,707637;-0,060096;0,211970;0,939753;0,031713;0,107309;0,724308;-0,083324;0,205705;0,932075;-0,015753;0,153977;0,434492;-0,104109;0,155858;0,401057;0,008170;0,150613;0,387562;-0,081598;0,157955;0,406454;0,020109;0,149308;0,384203;-0,061043;0,154055;0,396418;0,022367;0,149805;0,385481;-0,060806;0,153982;0,396231;0,019722;0,149289;0,384153;-0,038897;0,151754;0,390498
00:00:25.996;566;6;6;6;5;115,591627;176,734263;169,331189;94,595065;125,847159;21,831369;-141,845738;147,223588;171,690302;-154,361207;33,544965;-8,429259;31,081889;67,930952;-0,204365;-0,242558;0,954560;-0,219402;-0,279129;0,959018;-0,215087;-0,283853;0,969832;-0,211764;-0,290394;0,986696;-0,241678;-0,264738;0,939627;-0,254944;-0,259031;0,938942;-0,269090;-0,250898;0,938167;-0,212064;-0,263560;0,951928;-0,307325;-0,219052;0,950728;-0,186348;-0,218337;0,978163;-0,212814;-0,200710;0,955313;-0,076222;-0,093861;1,089477;-0,347480;-0,025599;0,893135;0,025995;0,114013;0,743690;-0,340931;0,225144;0,815018;0,038719;0,119516;0,708512;-0,128807;0,211063;0,845469;0,055222;0,121950;0,686506;-0,060171;0,221803;0,870898;0,043725;0,109362;0,706714;-0,060392;0,211903;0,938790;0,031738;0,110130;0,724200;-0,083395;0,205998;0,932749;-0,016085;0,153672;0,432220;-0,103776;0,155578;0,400337;0,007740;0,150673;0,387715;-0,082134;0,158302;0,407345;0,019425;0,149416;0,384482;-0,061538;0,153998;0,396272;0,021807;0,150011;0,386012;-0,061384;0,153951;0,396150;0,018938;0,149268;0,384100;-0,039488;0,151687;0,390323
00:00:26.043;567;6;6;6;5;115,506364;177,017288;169,396806;94,643357;125,634766;17,326949;-141,565567;147,145384;171,579200;-153,949145;33,514881;-8,323185;29,833172;-75,895002;-0,204110;-0,242537;0,955064;-0,219099;-0,279229;0,959361;-0,214883;-0,283870;0,969891;-0,211642;-0,290219;0,986103;-0,241079;-0,264627;0,939758;-0,254517;-0,258778;0,939312;-0,268427;-0,250723;0,938459;-0,212067;-0,263418;0,951953;-0,306697;-0,218535;0,950123;-0,186114;-0,218015;0,977406;-0,212245;-0,200573;0,955204;-0,076242;-0,093917;1,090010;-0,347325;-0,025279;0,893088;0,026504;0,114210;0,740299;-0,341271;0,225193;0,815011;0,038886;0,122070;0,708683;-0,128875;0,211161;0,844955;0,055244;0,124546;0,684229;-0,060377;0,221817;0,870233;0,043288;0,112469;0,706464;-0,060539;0,212233;0,937463;0,031724;0,112263;0,723430;-0,083411;0,206112;0,932837;-0,016301;0,153474;0,430743;-0,103062;0,154988;0,398819;0,007460;0,150712;0,387815;-0,080839;0,155806;0,400924;0,019013;0,149759;0,385363;-0,061916;0,154097;0,396527;0,021461;0,150282;0,386708;-0,061589;0,154067;0,396448;0,018461;0,149526;0,384765;-0,039908;0,151779;0,390560
00:00:26.089;568;6;6;6;5;115,482187;177,077212;169,575678;94,777972;125,625811;15,814527;-141,423417;147,136510;171,439545;-153,878618;34,530173;8,254644;29,498961;77,490319;-0,203944;-0,242523;0,955392;-0,218982;-0,279396;0,959935;-0,214828;-0,283984;0,970279;-0,211637;-0,290208;0,986067;-0,240690;-0,264556;0,939842;-0,254239;-0,258614;0,939553;-0,267996;-0,250610;0,938648;-0,212069;-0,263326;0,951970;-0,306289;-0,218199;0,949730;-0,186161;-0,218040;0,977964;-0,212029;-0,200630;0,955832;-0,076232;-0,093923;1,090006;-0,347088;-0,025061;0,892707;0,026888;0,114556;0,739494;-0,341956;0,225225;0,815007;0,039398;0,123326;0,708794;-0,128866;0,211137;0,844270;0,055344;0,126044;0,683799;-0,060658;0,222362;0,871902;0,043003;0,113686;0,706302;-0,060681;0,212607;0,937301;0,031746;0,113762;0,723630;-0,083514;0,206417;0,933944;-0,016483;0,153721;0,430833;-0,102508;0,154469;0,397483;0,007271;0,150601;0,387530;-0,080279;0,154729;0,398151;0,018762;0,150118;0,386286;-0,062044;0,154434;0,397392;0,021255;0,150593;0,387510;-0,061832;0,154414;0,397341;0,018166;0,149831;0,385547;-0,040218;0,151975;0,391064
00:00:26.137;569;6;6;6;5;115,438725;177,099522;169,716744;94,978104;125,582920;14,716463;-141,401294;147,159198;171,377937;-153,858077;35,131125;8,137731;29,181126;79,731372;-0,203836;-0,242514;0,955605;-0,218985;-0,279606;0,960658;-0,214947;-0,284263;0,971231;-0,211710;-0,290304;0,986393;-0,240437;-0,264509;0,939898;-0,254059;-0,258507;0,939710;-0,267616;-0,250443;0,938421;-0,212070;-0,263266;0,951980;-0,306137;-0,218061;0,949825;-0,186192;-0,218056;0,978326;-0,211889;-0,200667;0,956241;-0,076225;-0,093927;1,090004;-0,347069;-0,024929;0,892809;0,027124;0,114727;0,738621;-0,342548;0,225807;0,815355;0,039731;0,124143;0,708866;-0,128860;0,211122;0,843826;0,055408;0,127018;0,683519;-0,060816;0,222627;0,872636;0,043220;0,114878;0,706196;-0,060750;0,212770;0,936846;0,031775;0,114793;0,724109;-0,083488;0,206384;0,933614;-0,016587;0,153756;0,430541;-0,101923;0,154131;0,396614;0,007155;0,150665;0,387694;-0,080127;0,154436;0,397398;0,018550;0,149943;0,385836;-0,062128;0,154652;0,397955;0,021122;0,150796;0,388032;-0,061990;0,154639;0,397922;0,017709;0,149620;0,385006;-0,040456;0,152238;0,391742
00:00:26.182;570;6;6;6;5;115,399992;177,235876;169,723663;95,101962;125,608646;14,575508;-141,368524;147,128598;171,317878;-153,933908;34,505214;-7,882876;27,661253;-83,425773;-0,203915;-0,242686;0,956443;-0,218749;-0,278891;0,960078;-0,214947;-0,284342;0,971500;-0,211682;-0,290264;0,986256;-0,240273;-0,264479;0,939933;-0,253406;-0,258438;0,939811;-0,267469;-0,250428;0,938624;-0,212070;-0,263227;0,951987;-0,305925;-0,217891;0,949536;-0,186212;-0,218067;0,978562;-0,211798;-0,200692;0,956507;-0,076220;-0,093930;1,090003;-0,347058;-0,024844;0,892876;0,027304;0,114947;0,738754;-0,342786;0,226088;0,815231;0,039908;0,124550;0,708213;-0,128963;0,211287;0,844237;0,055223;0,127507;0,680538;-0,060869;0,222620;0,872414;0,043383;0,115711;0,706477;-0,061257;0,212637;0,935500;0,031794;0,115876;0,724421;-0,083314;0,206503;0,931649;-0,016641;0,153653;0,430002;-0,101543;0,153912;0,396049;0,006859;0,150707;0,387801;-0,079745;0,153702;0,395509;0,018192;0,149829;0,385543;-0,062299;0,154523;0,397621;0,020813;0,150928;0,388371;-0,062209;0,154514;0,397599;0,017411;0,149483;0,384654;-0,040647;0,152545;0,392532
00:00:26.229;571;6;6;6;5;115,417508;176,999598;169,743268;95,182379;125,395828;13,866769;-141,236695;147,193425;171,260903;-153,500476;33,571540;7,584942;-27,922032;86,526111;-0,203966;-0,242798;0,956988;-0,218754;-0,278630;0,960400;-0,215024;-0,284495;0,972025;-0,211738;-0,290341;0,986516;-0,240255;-0,264558;0,940307;-0,253076;-0,258489;0,940227;-0,267473;-0,250512;0,939106;-0,212149;-0,263298;0,952342;-0,306125;-0,218022;0,950398;-0,186091;-0,217918;0,978015;-0,211739;-0,200707;0,956679;-0,076266;-0,093992;1,090702;-0,347050;-0,024788;0,892920;0,027342;0,114345;0,736740;-0,342941;0,226271;0,815150;0,039883;0,124380;0,705338;-0,129030;0,211394;0,844504;0,054906;0,126120;0,671599;-0,060757;0,222573;0,870169;0,043467;0,115793;0,706310;-0,061587;0,212551;0,934625;0,031760;0,116409;0,723574;-0,083202;0,206581;0,930372;-0,016703;0,153837;0,430351;-0,101611;0,153905;0,396032;0,006672;0,150870;0,388221;-0,079934;0,153633;0,395331;0,017992;0,150027;0,386053;-0,062189;0,153894;0,396003;0,020631;0,151149;0,388941;-0,062131;0,153889;0,395989;0,017248;0,149666;0,385125;-0,040662;0,152337;0,391996
00:00:26.276;572;6;6;6;5;115,437241;176,641153;169,850036;95,255714;125,080897;13,711410;-140,984493;147,273082;171,222794;-152,846285;33,189349;7,828635;-24,993882;-82,044643;-0,203925;-0,242781;0,956992;-0,218758;-0,278459;0,960610;-0,215074;-0,284595;0,972366;-0,211850;-0,290493;0,987036;-0,240244;-0,264609;0,940549;-0,252768;-0,258426;0,940148;-0,267375;-0,250473;0,939069;-0,211967;-0,263732;0,953972;-0,306368;-0,218186;0,951309;-0,186147;-0,217977;0,978360;-0,211778;-0,200791;0,957142;-0,076320;-0,094063;1,091506;-0,346909;-0,024742;0,892598;0,027328;0,112961;0,734381;-0,343041;0,226389;0,815097;0,039907;0,122796;0,704170;-0,129074;0,211464;0,844678;0,054787;0,124293;0,666840;-0,061203;0,222632;0,869060;0,043500;0,115789;0,705852;-0,061802;0,213025;0,934056;0,031677;0,116527;0,721623;-0,083720;0,206787;0,930242;-0,016730;0,153832;0,430228;-0,101655;0,153901;0,396021;0,006545;0,150840;0,388144;-0,080199;0,153860;0,395915;0,017861;0,150156;0,386385;-0,062118;0,153486;0,394952;0,020697;0,151021;0,388612;-0,062080;0,153482;0,394943;0,017143;0,149785;0,385431;-0,040413;0,152065;0,391297
00:00:26.323;573;6;6;6;5;115,514307;176,894045;169,797677;95,253347;124,601120;16,587186;-140,871045;147,029792;171,174218;-151,929525;33,142241;7,869934;-24,675827;84,613125;-0,203973;-0,242860;0,957345;-0,218680;-0,278247;0,960397;-0,215029;-0,284558;0,972238;-0,211773;-0,290387;0,986673;-0,240237;-0,264642;0,940707;-0,252567;-0,258385;0,940096;-0,267312;-0,250447;0,939045;-0,211771;-0,263917;0,954682;-0,306301;-0,218133;0,951201;-0,186182;-0,218015;0,978584;-0,211881;-0,200919;0,957792;-0,076429;-0,094823;1,093079;-0,347089;-0,025240;0,893089;0,027213;0,110816;0,730048;-0,343106;0,226466;0,815063;0,039544;0,118687;0,696760;-0,129048;0,211422;0,844440;0,054738;0,120545;0,664096;-0,061467;0,222580;0,867989;0,043789;0,113452;0,703454;-0,061941;0,213334;0,933687;0,031592;0,113638;0,719655;-0,083993;0,206766;0,929457;-0,016789;0,153957;0,431198;-0,101773;0,154034;0,396363;0,006683;0,150820;0,388093;-0,079651;0,153055;0,393845;0,018217;0,150240;0,386600;-0,061624;0,153220;0,394269;0,021102;0,150394;0,386998;-0,061600;0,153218;0,394263;0,017750;0,149999;0,385980;-0,039946;0,152433;0,392243
00:00:26.371;574;6;6;6;5;115,584834;177,145561;169,777332;95,159237;124,078707;17,795349;-140,936910;146,919856;171,262967;-151,024456;33,451923;7,451726;-28,475551;82,012877;-0,204153;-0,243088;0,958274;-0,218630;-0,278110;0,960258;-0,215000;-0,284533;0,972155;-0,211798;-0,290420;0,986788;-0,240321;-0,264762;0,941160;-0,252531;-0,258455;0,940412;-0,267371;-0,250524;0,939379;-0,211644;-0,264037;0,955143;-0,306257;-0,218099;0,951131;-0,186206;-0,218040;0,978730;-0,212025;-0,201075;0,958565;-0,076500;-0,095317;1,094101;-0,347715;-0,025564;0,893408;0,026666;0,108347;0,725481;-0,343296;0,226614;0,815391;0,039408;0,115127;0,693694;-0,129032;0,211394;0,844286;0,054649;0,116118;0,661612;-0,061244;0,222411;0,868693;0,044088;0,109402;0,703645;-0,062032;0,213535;0,933446;0,031552;0,109365;0,718726;-0,084171;0,206752;0,928947;-0,016882;0,154289;0,433229;-0,102076;0,154121;0,396586;0,007215;0,150807;0,388061;-0,079180;0,153620;0,395299;0,019271;0,149886;0,385690;-0,060512;0,153319;0,394525;0,022217;0,149850;0,385598;-0,060496;0,153318;0,394521;0,019384;0,149593;0,384937;-0,037951;0,152128;0,391458
00:00:26.419;575;6;6;6;5;115,602722;177,546606;169,350607;94,819387;123,838564;21,834016;-141,089338;146,878817;171,319204;-150,648869;33,369131;7,387213;-31,718152;78,285925;-0,204196;-0,243148;0,958528;-0,218916;-0,278974;0,961568;-0,215136;-0,284722;0,972801;-0,211964;-0,290648;0,987562;-0,240376;-0,264840;0,941454;-0,253043;-0,258500;0,940618;-0,267409;-0,250574;0,939596;-0,211716;-0,264309;0,956143;-0,306229;-0,218076;0,951085;-0,186287;-0,218134;0,979174;-0,212273;-0,201324;0,959767;-0,077169;-0,095638;1,094766;-0,348396;-0,025795;0,894315;0,025539;0,106944;0,723913;-0,342662;0,226052;0,814904;0,039160;0,111483;0,695901;-0,129021;0,211376;0,844186;0,055055;0,111097;0,665598;-0,061099;0,222302;0,869150;0,044820;0,103436;0,705869;-0,062091;0,213134;0,933290;0,031982;0,103868;0,719172;-0,084223;0,206586;0,927916;-0,016955;0,154379;0,434899;-0,102273;0,154177;0,396731;0,007781;0,150799;0,388039;-0,078874;0,153988;0,396244;0,020373;0,149520;0,384749;-0,059667;0,153656;0,395391;0,023205;0,149769;0,385389;-0,059657;0,153655;0,395389;0,020947;0,149738;0,385309;-0,036431;0,151929;0,390948
00:00:26.465;576;6;6;6;5;115,710390;177,497688;169,244488;94,634585;132,609452;45,366770;-141,138610;147,020790;171,370682;-163,852658;33,435734;7,763364;48,789458;71,237855;-0,204373;-0,243364;0,959393;-0,219261;-0,279739;0,963119;-0,215379;-0,285050;0,973920;-0,212223;-0,291002;0,988765;-0,240680;-0,265187;0,942695;-0,253565;-0,258722;0,941452;-0,267633;-0,250793;0,940438;-0,212153;-0,264292;0,956093;-0,306323;-0,218683;0,951405;-0,186474;-0,218351;0,980163;-0,212435;-0,201485;0,960549;-0,077605;-0,095847;1,095198;-0,348564;-0,025925;0,894205;0,025916;0,121329;0,828593;-0,342249;0,225687;0,814588;0,039037;0,108020;0,698036;-0,128961;0,211277;0,843771;0,055406;0,105683;0,669239;-0,061500;0,222230;0,869448;0,046223;0,097345;0,709065;-0,062059;0,212635;0,932139;0,032787;0,098545;0,721912;-0,084224;0,206401;0,926895;-0,017085;0,154926;0,438084;-0,102718;0,154349;0,397175;0,008149;0,150794;0,388026;-0,078538;0,153954;0,396159;0,020891;0,149418;0,384487;-0,058841;0,153739;0,395604;0,023757;0,149172;0,383853;-0,058834;0,153738;0,395603;0,021877;0,149288;0,384151;-0,035133;0,151392;0,389566
00:00:26.511;577;6;6;6;5;115,805459;177,471267;169,318422;94,598586;138,455389;54,343942;-141,281040;147,204097;171,339954;-170,912267;34,807626;7,453173;56,000341;67,762983;-0,204487;-0,243505;0,959956;-0,219406;-0,280135;0,963777;-0,215460;-0,285160;0,974298;-0,212240;-0,291027;0,988847;-0,240877;-0,265411;0,943502;-0,253904;-0,258866;0,941994;-0,267778;-0,250935;0,940984;-0,212358;-0,264184;0,955710;-0,306384;-0,219078;0,951613;-0,186595;-0,218492;0,980806;-0,212540;-0,201590;0,961057;-0,078486;-0,095951;1,095129;-0,348674;-0,026009;0,894133;0,024110;0,128603;0,882286;-0,342592;0,225546;0,814732;0,038996;0,105070;0,700123;-0,128389;0,211125;0,843151;0,056555;0,101637;0,673355;-0,061436;0,222310;0,872091;0,048763;0,092165;0,711142;-0,062085;0,212470;0,932090;0,035437;0,093551;0,724743;-0,083793;0,206515;0,927282;-0,017252;0,155507;0,442255;-0,102691;0,154326;0,397114;0,008609;0,150790;0,388017;-0,078319;0,153933;0,396103;0,021488;0,149624;0,385016;-0,058254;0,153657;0,395393;0,024425;0,149328;0,384254;-0,058075;0,153792;0,395742;0,022743;0,149267;0,384098;-0,034289;0,151043;0,388668
00:00:26.557;578;6;6;6;5;115,879169;177,280105;169,388905;94,594914;142,952002;61,829599;-141,156284;147,181528;171,292345;-175,381140;35,358690;7,149750;60,030293;63,558796;-0,204637;-0,243685;0,960671;-0,219500;-0,280392;0,964205;-0,215512;-0,285232;0,974544;-0,212252;-0,291042;0,988901;-0,241006;-0,265558;0,944026;-0,254124;-0,258959;0,942346;-0,267973;-0,251121;0,941690;-0,212492;-0,264114;0,955462;-0,307079;-0,219416;0,952099;-0,186673;-0,218584;0,981224;-0,212608;-0,201659;0,961387;-0,079135;-0,096112;1,096134;-0,348746;-0,026064;0,894087;0,022399;0,134043;0,918236;-0,342814;0,225454;0,814826;0,041692;0,098124;0,706380;-0,128550;0,211114;0,843098;0,062790;0,094066;0,680231;-0,061794;0,222007;0,872409;0,056934;0,083077;0,716692;-0,062728;0,212148;0,933459;0,042485;0,084487;0,731133;-0,083544;0,206666;0,927883;-0,017360;0,155884;0,444966;-0,102673;0,154310;0,397074;0,008900;0,150652;0,387661;-0,078332;0,153783;0,395717;0,021875;0,149758;0,385361;-0,058651;0,153875;0,395955;0,024595;0,149158;0,383815;-0,058534;0,153963;0,396182;0,022890;0,149390;0,384414;-0,033800;0,151088;0,388784
00:00:26.604;579;6;6;6;5;115,917892;177,262614;169,371046;94,482663;146,031776;67,311710;-141,096017;147,190016;171,352265;-178,012550;35,716559;-6,957205;23,149584;-61,322169;-0,204659;-0,243713;0,960786;-0,219482;-0,280458;0,964133;-0,215469;-0,285177;0,974354;-0,212184;-0,290950;0,988586;-0,241089;-0,265653;0,944367;-0,254267;-0,259020;0,942575;-0,268636;-0,251242;0,942148;-0,212423;-0,263875;0,954600;-0,307530;-0,219635;0,952414;-0,186791;-0,218722;0,981846;-0,212730;-0,201776;0,961951;-0,079583;-0,096247;1,097137;-0,349301;-0,026100;0,894056;0,021252;0,138996;0,939853;-0,342959;0,225395;0,814887;0,047133;0,095651;0,739147;-0,128655;0,211106;0,843064;0,068541;0,087681;0,685750;-0,062027;0,221810;0,872616;0,064840;0,075929;0,725200;-0,063146;0,211939;0,934348;0,049526;0,077704;0,744736;-0,083413;0,206843;0,928624;-0,017430;0,156130;0,446728;-0,102661;0,154300;0,397048;0,008868;0,150562;0,387430;-0,078566;0,153685;0,395466;0,021649;0,149573;0,384884;-0,059307;0,153881;0,395971;0,024487;0,149047;0,383530;-0,059457;0,153939;0,396118;0,022587;0,149742;0,385319;-0,033986;0,151390;0,389560
00:00:26.651;580;6;6;6;5;115,935526;177,275126;169,288423;94,388191;150,070387;73,675415;-140,986592;147,171960;171,364563;178,435256;36,456421;6,952037;16,500762;-55,654004;-0,204674;-0,243732;0,960861;-0,219390;-0,279850;0,963737;-0,215596;-0,285345;0,974930;-0,212290;-0,291095;0,989081;-0,241233;-0,265813;0,944939;-0,254455;-0,259156;0,943074;-0,269167;-0,251414;0,942797;-0,212456;-0,263816;0,954390;-0,307937;-0,219858;0,952969;-0,186801;-0,218733;0,981900;-0,212732;-0,201780;0,961968;-0,079925;-0,096396;1,098489;-0,349799;-0,026133;0,894387;0,020786;0,144386;0,968255;-0,343053;0,225356;0,814926;0,051475;0,092525;0,759046;-0,128723;0,211102;0,843042;0,073767;0,082962;0,695288;-0,062328;0,221714;0,874850;0,071745;0,069650;0,731430;-0,063417;0,211803;0,934926;0,087539;0,099705;1,114429;-0,083422;0,206661;0,930156;-0,017476;0,156289;0,447873;-0,102653;0,154293;0,397031;0,008620;0,150368;0,386929;-0,079168;0,153622;0,395303;0,021321;0,149725;0,385275;-0,060076;0,153613;0,395281;0,024286;0,149519;0,384744;-0,060452;0,153787;0,395727;0,021931;0,149834;0,385557;-0,034488;0,151314;0,389364
00:00:26.698;581;6;6;5;5;115,965374;177,305809;169,399277;94,369779;153,333463;78,620015;-140,850640;147,178329;171,396950;175,803243;37,390521;7,410718;10,387109;48,018706;-0,204758;-0,243832;0,961260;-0,219171;-0,279253;0,962779;-0,215291;-0,284390;0,973554;-0,212209;-0,290984;0,988702;-0,241147;-0,265720;0,944610;-0,254388;-0,259052;0,942698;-0,269412;-0,251433;0,942868;-0,212399;-0,263681;0,953904;-0,307975;-0,219842;0,952630;-0,186874;-0,218819;0,982285;-0,212810;-0,201855;0,962330;-0,080122;-0,095836;1,099018;-0,349848;-0,026134;0,893901;0,020538;0,149484;0,989515;-0,343114;0,225331;0,814952;0,059496;0,090828;0,779330;-0,128767;0,211098;0,843027;0,082875;0,078579;0,704637;-0,062574;0,221828;0,877003;0,081778;0,063479;0,735830;-0,063178;0,211575;0,937052;0,086451;0,085097;0,995629;-0,083020;0,206852;0,932551;-0,017276;0,156636;0,449317;-0,102648;0,154289;0,397020;0,008459;0,150241;0,386604;-0,079843;0,154125;0,396597;0,021052;0,149415;0,384479;-0,060965;0,153847;0,395883;0,024112;0,149553;0,384834;-0,061436;0,153960;0,396173;0,021230;0,149487;0,384662;-0,035036;0,151264;0,389237
00:00:26.745;582;6;6;5;5;115,916244;177,343497;169,398433;94,323506;155,631948;82,391695;-140,551426;147,067828;171,393856;174,004665;38,338928;8,110662;10,975963;-46,607058;-0,204812;-0,243898;0,961519;-0,219108;-0,278966;0,962506;-0,215170;-0,283871;0,973010;-0,212157;-0,290912;0,988457;-0,241092;-0,265660;0,944397;-0,254344;-0,258984;0,942454;-0,269571;-0,251444;0,942914;-0,212440;-0,263690;0,953937;-0,308113;-0,219912;0,952760;-0,186788;-0,218718;0,981835;-0,212707;-0,201757;0,961864;-0,079699;-0,095563;1,100412;-0,350017;-0,026145;0,893936;0,021580;0,154189;1,004735;-0,343154;0,225315;0,814969;0,067920;0,087372;0,787614;-0,128316;0,211096;0,843018;0,093725;0,073676;0,710714;-0,062734;0,221903;0,878402;0,093919;0,057741;0,744989;-0,062555;0,211662;0,939484;0,089760;0,073187;0,915259;-0,082165;0,206821;0,933408;-0,017054;0,156263;0,447806;-0,102645;0,154286;0,397013;0,008134;0,150159;0,386393;-0,081370;0,156084;0,401638;0,020494;0,149622;0,385011;-0,061769;0,153999;0,396274;0,023622;0,149984;0,385942;-0,062301;0,154072;0,396462;0,020829;0,149669;0,385130;-0,035869;0,151368;0,389504
00:00:26.792;583;6;6;5;5;115,897039;176,935816;169,497136;94,316845;158,377554;86,430247;-140,230151;147,183168;171,394604;171,705429;39,033021;8,470413;10,734092;45,047885;-0,204848;-0,243940;0,961687;-0,218988;-0,278678;0,961979;-0,214937;-0,283330;0,971957;-0,212047;-0,290762;0,987947;-0,241145;-0,265719;0,944608;-0,254410;-0,259036;0,942645;-0,269775;-0,251546;0,943294;-0,212467;-0,263696;0,953959;-0,308656;-0,220281;0,954244;-0,186799;-0,218731;0,981893;-0,212562;-0,201620;0,961212;-0,079474;-0,094817;1,102018;-0,350127;-0,026153;0,893958;0,023067;0,159286;1,023728;-0,343327;0,225401;0,815330;0,079744;0,084426;0,799999;-0,128075;0,211183;0,843361;0,108253;0,068413;0,719564;-0,062361;0,222039;0,879661;0,110194;0,052143;0,756543;-0,061724;0,212112;0,942815;0,099892;0,064101;0,869668;-0,081136;0,207489;0,934665;-0,016949;0,156387;0,447874;-0,102643;0,154285;0,397009;0,007704;0,150106;0,386255;-0,082362;0,157357;0,404915;0,019928;0,149893;0,385707;-0,062402;0,153282;0,394428;0,023083;0,150264;0,386662;-0,062913;0,153193;0,394200;0,020146;0,149923;0,385785;-0,036923;0,151708;0,390377
00:00:26.840;584;6;6;6;5;115,861432;176,832782;169,516148;94,242573;159,756628;88,725183;-139,831853;147,158368;171,459650;170,294706;38,354336;-9,072909;15,880120;44,677263;-0,204871;-0,243968;0,961797;-0,218989;-0,278592;0,961986;-0,214863;-0,283080;0,971622;-0,212051;-0,290767;0,987965;-0,241269;-0,265856;0,945095;-0,254548;-0,259167;0,943119;-0,270007;-0,251705;0,943891;-0,212641;-0,263894;0,954674;-0,308895;-0,220440;0,954858;-0,186673;-0,218583;0,981230;-0,212468;-0,201531;0,960788;-0,079378;-0,094391;1,103761;-0,350199;-0,026157;0,893973;0,025210;0,162432;1,035023;-0,342975;0,225457;0,815564;0,089261;0,079980;0,800700;-0,128078;0,211502;0,844635;0,121535;0,063343;0,725667;-0,062119;0,222128;0,880480;0,125236;0,046848;0,766503;-0,061095;0,212628;0,943579;0,110569;0,056577;0,843184;-0,080438;0,207846;0,935133;-0,016842;0,156101;0,446868;-0,102642;0,154283;0,397006;0,007204;0,150071;0,386166;-0,082880;0,157505;0,405295;0,019340;0,150069;0,386160;-0,062813;0,152816;0,393228;0,022473;0,150174;0,386431;-0,063310;0,152622;0,392730;0,019702;0,150088;0,386210;-0,037608;0,151928;0,390945
00:00:26.886;585;6;6;6;5;115,830269;176,460192;169,543304;94,182134;161,458747;91,334992;-139,414719;147,283379;171,483016;168,545252;38,459499;-9,418959;21,717958;41,942086;-0,204486;-0,244164;0,962568;-0,218910;-0,278435;0,961641;-0,214737;-0,282816;0,971054;-0,211979;-0,290668;0,987628;-0,241350;-0,265945;0,945412;-0,254637;-0,259251;0,943427;-0,269521;-0,251715;0,943929;-0,212675;-0,263925;0,954788;-0,309391;-0,220786;0,956308;-0,186364;-0,218877;0,982550;-0,212484;-0,201547;0,960862;-0,079366;-0,093542;1,105595;-0,350245;-0,026160;0,893982;0,027399;0,165536;1,049015;-0,342747;0,225493;0,815717;0,103769;0,073706;0,804655;-0,127974;0,211534;0,844763;0,140144;0,058953;0,738383;-0,062010;0,222362;0,881712;0,145084;0,041905;0,779977;-0,060642;0,212805;0,943377;0,127970;0,049191;0,830870;-0,080044;0,208233;0,936136;-0,016785;0,156037;0,446564;-0,102641;0,154283;0,397004;0,006436;0,149912;0,385758;-0,083216;0,157601;0,405541;0,018722;0,150047;0,386104;-0,062796;0,151832;0,390698;0,021875;0,150251;0,386630;-0,063339;0,151707;0,390375;0,019194;0,150196;0,386487;-0,038054;0,152072;0,391314
00:00:26.933;586;6;6;6;5;115,756624;176,481036;169,532143;94,137363;162,709897;93,254399;-139,030921;147,512898;171,480258;166,935400;38,717891;9,597598;22,139831;-39,550448;-0,204311;-0,244380;0,963419;-0,218471;-0,278535;0,962117;-0,214334;-0,282950;0,971735;-0,211856;-0,290500;0,987058;-0,241130;-0,266298;0,946668;-0,253808;-0,259498;0,944328;-0,268767;-0,251815;0,944304;-0,212854;-0,264139;0,955562;-0,309054;-0,220929;0,956900;-0,186162;-0,219068;0,983407;-0,212024;-0,201630;0,961260;-0,079358;-0,092359;1,106787;-0,350276;-0,025653;0,893989;0,030113;0,167888;1,060210;-0,342598;0,225517;0,815816;0,115158;0,070582;0,813526;-0,127853;0,211467;0,844496;0,153351;0,056169;0,747699;-0,061939;0,222514;0,882513;0,159601;0,038734;0,789785;-0,060325;0,212841;0,942895;0,140945;0,044451;0,824265;-0,079728;0,208329;0,936089;-0,016961;0,155881;0,445317;-0,102957;0,154418;0,397352;0,005501;0,149945;0,385843;-0,083435;0,157663;0,405702;0,017661;0,150033;0,386067;-0,063235;0,151737;0,390454;0,020606;0,150302;0,386759;-0,064031;0,151656;0,390244;0,018627;0,150129;0,386316;-0,038718;0,151893;0,390854
00:00:26.979;587;6;6;6;5;115,713746;176,768542;169,538726;94,108144;163,043629;94,018982;-138,611730;147,512329;171,461077;166,129296;38,723008;9,643680;29,401481;-35,718804;-0,203867;-0,244786;0,965022;-0,218185;-0,278601;0,962426;-0,213995;-0,282935;0,971828;-0,211702;-0,290288;0,986338;-0,240359;-0,266430;0,947134;-0,252730;-0,259659;0,944913;-0,267739;-0,251879;0,944548;-0,212892;-0,264182;0,955715;-0,308610;-0,220861;0,956585;-0,185667;-0,219426;0,985015;-0,211331;-0,201831;0,962219;-0,079403;-0,091647;1,108261;-0,350295;-0,025324;0,893993;0,032433;0,169138;1,065736;-0,342501;0,225532;0,815880;0,124151;0,067476;0,817542;-0,127775;0,211424;0,844322;0,166302;0,054517;0,762854;-0,061844;0,222437;0,882333;0,172508;0,036404;0,801060;-0,060119;0,212864;0,942582;0,151985;0,040967;0,821373;-0,079523;0,208391;0,936058;-0,017021;0,155287;0,443106;-0,103664;0,154914;0,398629;0,004459;0,150239;0,386598;-0,083504;0,157568;0,405456;0,016532;0,150024;0,386044;-0,064198;0,152220;0,391695;0,019325;0,150198;0,386494;-0,065224;0,152303;0,391908;0,018039;0,150086;0,386206;-0,039372;0,151777;0,390555
00:00:27.026;588;6;6;6;5;115,691405;176,704537;169,633498;94,204880;163,096615;94,205736;-138,349175;147,728819;171,383234;165,444868;38,455087;9,762862;31,312088;30,828795;-0,203174;-0,245228;0,966765;-0,217686;-0,278947;0,963677;-0,213852;-0,283027;0,972238;-0,211264;-0,290459;0,986920;-0,239493;-0,266712;0,948137;-0,251768;-0,260052;0,946344;-0,266728;-0,252108;0,945406;-0,213073;-0,264403;0,956515;-0,308002;-0,220979;0,957080;-0,184783;-0,219659;0,986060;-0,210407;-0,202036;0,963193;-0,079382;-0,090497;1,108520;-0,349799;-0,025619;0,893995;0,034528;0,169228;1,068629;-0,342439;0,225542;0,815922;0,133736;0,066729;0,830652;-0,127777;0,211483;0,844559;0,178597;0,054916;0,781105;-0,061783;0,222386;0,882217;0,185053;0,036137;0,815739;-0,059985;0,212879;0,942378;0,163230;0,040094;0,829642;-0,079389;0,208432;0,936037;-0,017309;0,154902;0,441669;-0,104124;0,155237;0,399459;0,003564;0,150702;0,387789;-0,083489;0,156961;0,403897;0,015579;0,150018;0,386029;-0,064648;0,152125;0,391452;0,018258;0,149995;0,385971;-0,065760;0,152179;0,391590;0,017656;0,150058;0,386134;-0,039796;0,151701;0,390361
00:00:27.074;589;6;6;6;5;115,666331;176,782173;169,678277;94,381547;163,373329;94,420502;-138,204791;147,984400;171,230969;164,736992;37,432167;-9,998993;28,324601;-26,430334;-0,202316;-0,246246;0,968597;-0,217441;-0,279824;0,964840;-0,213510;-0,284051;0,973905;-0,210905;-0,290468;0,986948;-0,237850;-0,267436;0,948789;-0,249971;-0,260751;0,946923;-0,264994;-0,252796;0,945964;-0,213034;-0,264353;0,956335;-0,307061;-0,221055;0,957402;-0,184274;-0,220451;0,987089;-0,208932;-0,202939;0,964875;-0,079343;-0,089090;1,108338;-0,349104;-0,025820;0,894347;0,035940;0,169507;1,071909;-0,342398;0,225549;0,815949;0,142749;0,066591;0,843724;-0,128366;0,211697;0,845414;0,188997;0,055200;0,793319;-0,061718;0,222265;0,881791;0,195996;0,036427;0,824931;-0,059898;0,212889;0,942246;0,173345;0,039510;0,834667;-0,079273;0,208380;0,935674;-0,017791;0,155020;0,441785;-0,104331;0,155310;0,399648;0,002538;0,150730;0,387863;-0,083634;0,156431;0,402533;0,014278;0,149742;0,385319;-0,065446;0,152200;0,391644;0,016688;0,149863;0,385631;-0,066776;0,152099;0,391384;0,017159;0,149768;0,385387;-0,040073;0,151652;0,390235
00:00:27.119;590;6;6;6;5;115,671961;177,450888;169,722017;94,496411;164,606133;95,523700;-137,986744;148,162321;171,115081;163,480553;36,309493;10,552490;31,600246;12,735241;-0,201492;-0,247821;0,971188;-0,217043;-0,280801;0,966996;-0,213440;-0,284921;0,975688;-0,210747;-0,290576;0,987316;-0,236412;-0,268105;0,949913;-0,248535;-0,261495;0,948350;-0,263171;-0,254160;0,947727;-0,213632;-0,264417;0,956568;-0,305028;-0,220862;0,956561;-0,183251;-0,220809;0,987058;-0,207422;-0,204078;0,965969;-0,079368;-0,088231;1,108920;-0,348652;-0,025952;0,894576;0,037121;0,170848;1,081391;-0,342371;0,225553;0,815967;0,149425;0,067132;0,853971;-0,128749;0,211836;0,845969;0,199944;0,056730;0,813857;-0,062078;0,221834;0,880114;0,204523;0,036692;0,832655;-0,059775;0,213192;0,941110;0,180961;0,039628;0,838284;-0,079138;0,208191;0,934738;-0,018371;0,155219;0,442210;-0,104465;0,155358;0,399771;0,001208;0,150749;0,387911;-0,083807;0,155815;0,400946;0,012805;0,149970;0,385907;-0,066549;0,153064;0,393868;0,014999;0,149641;0,385060;-0,068218;0,153271;0,394399;0,016412;0,149716;0,385251;-0,040437;0,151484;0,389803
00:00:27.166;591;6;6;5;5;115,805280;178,083638;169,563778;94,626486;165,532673;96,123130;-138,269216;148,405287;170,915724;162,508721;35,889482;10,882357;35,743433;1,998272;-0,200543;-0,249024;0,973572;-0,216706;-0,281335;0,968047;-0,213242;-0,285281;0,976147;-0,210495;-0,290440;0,986855;-0,235022;-0,268638;0,950993;-0,246609;-0,262618;0,949628;-0,260903;-0,255046;0,948872;-0,214020;-0,264459;0,956719;-0,303273;-0,220818;0,956365;-0,182152;-0,221198;0,987738;-0,205963;-0,204892;0,967030;-0,079359;-0,087013;1,108948;-0,348255;-0,026068;0,895774;0,037901;0,171775;1,087904;-0,342354;0,225556;0,815979;0,155485;0,068287;0,864481;-0,129426;0,211839;0,845980;0,210266;0,058189;0,833857;-0,062361;0,221730;0,879724;0,213673;0,038126;0,843976;-0,059717;0,213469;0,940721;0,187835;0,040185;0,840634;-0,079110;0,208224;0,934830;-0,019550;0,157562;0,448787;-0,104553;0,155389;0,399851;0,000343;0,150761;0,387942;-0,084072;0,155278;0,399565;0,011375;0,149575;0,384890;-0,067596;0,153354;0,394614;0,013474;0,149633;0,385039;-0,069357;0,153488;0,394960;0,015463;0,149409;0,384463;-0,040674;0,151375;0,389522
00:00:27.213;592;6;6;6;5;115,870118;178,091066;169,632292;94,765109;166,254913;96,320372;-138,209339;148,982054;170,807050;161,883016;35,261430;11,047780;28,887124;-13,141934;-0,199581;-0,250076;0,976172;-0,216013;-0,281783;0,969081;-0,212633;-0,285618;0,976796;-0,210181;-0,290146;0,985856;-0,233660;-0,269084;0,952046;-0,244992;-0,263542;0,951158;-0,259076;-0,256354;0,950317;-0,214273;-0,264486;0,956817;-0,301915;-0,221577;0,957287;-0,180811;-0,221935;0,987829;-0,204390;-0,205898;0,967369;-0,079354;-0,085591;1,108966;-0,347727;-0,026122;0,895853;0,037806;0,172488;1,092838;-0,342343;0,225558;0,815986;0,159972;0,072016;0,882513;-0,130347;0,211841;0,845987;0,216975;0,060625;0,846857;-0,062495;0,221985;0,878771;0,219808;0,041065;0,852034;-0,059680;0,213649;0,940469;0,191342;0,042951;0,842162;-0,079121;0,208323;0,935239;-0,020510;0,158593;0,451661;-0,104701;0,155546;0,400253;-0,001318;0,150633;0,387612;-0,084999;0,155473;0,400067;0,009816;0,149862;0,385628;-0,068916;0,153951;0,396149;0,011826;0,149628;0,385025;-0,070098;0,153630;0,395324;0,014433;0,149482;0,384651;-0,040828;0,151304;0,389339
00:00:27.260;593;6;6;6;5;115,683499;177,906027;169,856575;94,917857;166,756732;95,772732;-137,235894;149,341033;170,698855;161,601909;33,992121;11,160922;29,375049;-28,726692;-0,198608;-0,251029;0,978912;-0,214933;-0,281973;0,969403;-0,212086;-0,285632;0,976517;-0,209492;-0,290058;0,985556;-0,232148;-0,269817;0,952380;-0,243310;-0,264046;0,951803;-0,257253;-0,257651;0,950906;-0,214358;-0,264407;0,956531;-0,301143;-0,222152;0,958237;-0,179940;-0,222414;0,987889;-0,202962;-0,206702;0,968290;-0,079475;-0,084797;1,110728;-0,347112;-0,025629;0,895205;0,037185;0,173282;1,098144;-0,342336;0,225559;0,815991;0,164575;0,076848;0,892133;-0,131483;0,211929;0,846341;0,224513;0,065209;0,861607;-0,062979;0,221796;0,876751;0,225940;0,046091;0,859722;-0,060122;0,214061;0,939255;0,198315;0,048761;0,852606;-0,079128;0,208920;0,935506;-0,021217;0,156313;0,445130;-0,104706;0,155511;0,400165;-0,002624;0,150686;0,387748;-0,085830;0,155600;0,400394;0,008583;0,150049;0,386108;-0,069773;0,154338;0,397147;0,010543;0,149760;0,385367;-0,071190;0,153586;0,395210;0,013555;0,149666;0,385123;-0,040928;0,151258;0,389220
00:00:27.306;594;6;6;6;5;115,564742;178,140912;170,002395;94,889375;167,683674;95,149655;-136,687326;149,737012;170,641082;161,218490;32,420584;10,990757;27,594912;22,417964;-0,197554;-0,252390;0,981393;-0,213679;-0,282096;0,969612;-0,211175;-0,285642;0,976336;-0,208822;-0,289692;0,984312;-0,230790;-0,270493;0,953297;-0,242394;-0,265111;0,952922;-0,255619;-0,258589;0,951639;-0,214958;-0,264356;0,956345;-0,299985;-0,222990;0,958504;-0,178874;-0,222805;0,988278;-0,201553;-0,207300;0,969239;-0,079554;-0,083648;1,111873;-0,346848;-0,025318;0,895133;0,035603;0,174240;1,104394;-0,342478;0,225656;0,816344;0,168756;0,083460;0,901887;-0,132221;0,212469;0,846572;0,229759;0,070495;0,868745;-0,063140;0,221633;0,873338;0,232268;0,053206;0,869619;-0,060341;0,214619;0,937416;0,204527;0,055734;0,862194;-0,079044;0,209604;0,934629;-0,021998;0,155322;0,442284;-0,104710;0,155489;0,400107;-0,003472;0,150720;0,387836;-0,086214;0,155003;0,398856;0,007113;0,149898;0,385720;-0,070331;0,154590;0,397796;0,009044;0,149710;0,385238;-0,071901;0,153557;0,395137;0,012526;0,149513;0,384730;-0,040993;0,151228;0,389143
00:00:27.352;595;6;6;6;5;115,492335;178,097242;170,108012;94,877585;168,149290;94,088845;-136,292102;150,153237;170,592931;160,840841;31,071260;-11,229401;29,510271;-24,164806;-0,196799;-0,253184;0,982655;-0,212940;-0,282278;0,970098;-0,210583;-0,285647;0,976219;-0,208386;-0,289454;0,983503;-0,229991;-0,271032;0,954243;-0,241342;-0,265901;0,953999;-0,254742;-0,259934;0,952815;-0,215427;-0,264419;0,956574;-0,299450;-0,223699;0,959378;-0,178119;-0,222980;0,988181;-0,200566;-0,207613;0,969505;-0,080239;-0,082900;1,112618;-0,346676;-0,025115;0,895086;0,034574;0,174228;1,108456;-0,342570;0,225720;0,816574;0,172562;0,089062;0,905776;-0,133127;0,212732;0,846372;0,235449;0,076212;0,876184;-0,063660;0,221751;0,870070;0,237897;0,059852;0,876053;-0,060415;0,215269;0,935170;0,210612;0,062624;0,872626;-0,079430;0,210340;0,933009;-0,022506;0,154678;0,440435;-0,104712;0,155474;0,400070;-0,004692;0,150878;0,388244;-0,086310;0,154342;0,397156;0,006165;0,150072;0,386168;-0,070693;0,154754;0,398217;0,008075;0,149814;0,385505;-0,072362;0,153539;0,395089;0,011857;0,149414;0,384475;-0,041854;0,151753;0,390493
00:00:27.399;596;6;6;6;5;115,494857;178,595063;170,003243;94,687682;168,609823;93,160315;-136,361763;150,501022;170,548633;160,560588;30,666232;-10,914683;30,573411;29,971261;-0,195955;-0,253972;0,984526;-0,212536;-0,283052;0,970763;-0,210273;-0,286310;0,976492;-0,208251;-0,290065;0,983677;-0,228928;-0,271382;0,954858;-0,240658;-0,266959;0,954699;-0,253629;-0,260808;0,953580;-0,215732;-0,264460;0,956723;-0,298448;-0,224624;0,959595;-0,177627;-0,223093;0,988117;-0,199852;-0,207742;0,969328;-0,080685;-0,082414;1,113101;-0,346971;-0,025013;0,896106;0,033915;0,174910;1,111446;-0,342777;0,225858;0,817073;0,174336;0,095506;0,910055;-0,133604;0,213206;0,845542;0,239218;0,084212;0,883120;-0,063919;0,222048;0,866895;0,241051;0,068215;0,880234;-0,060486;0,216303;0,934061;0,213294;0,070556;0,878357;-0,079681;0,210819;0,931956;-0,023239;0,155243;0,442033;-0,104805;0,155601;0,400395;-0,005286;0,151525;0,389908;-0,086526;0,154185;0,396752;0,005765;0,150049;0,386109;-0,070928;0,154861;0,398491;0,007446;0,149881;0,385678;-0,073137;0,153118;0,394008;0,011641;0,149349;0,384308;-0,042414;0,152094;0,391371
00:00:27.447;597;6;6;6;5;115,512239;178,824698;170,014354;94,584130;169,302980;92,396399;-136,415354;150,891410;170,539344;160,185199;29,872954;11,070762;28,634562;-22,771965;-0,195544;-0,254664;0,986442;-0,211796;-0,283657;0,971546;-0,209665;-0,286946;0,977370;-0,207823;-0,290773;0,984840;-0,228320;-0,272254;0,955608;-0,239757;-0,267745;0,955505;-0,252997;-0,262016;0,954427;-0,215930;-0,264487;0,956820;-0,297796;-0,225771;0,959737;-0,176808;-0,223246;0,988426;-0,198837;-0,208377;0,969213;-0,080949;-0,081440;1,113066;-0,347027;-0,024937;0,896419;0,032900;0,175630;1,115140;-0,342911;0,225947;0,817397;0,176030;0,102130;0,915636;-0,133545;0,213692;0,845702;0,240899;0,091630;0,884828;-0,063648;0,222914;0,865532;0,244193;0,076393;0,885052;-0,059957;0,217341;0,932639;0,215812;0,078788;0,887332;-0,079226;0,211418;0,930221;-0,023774;0,155979;0,444121;-0,104865;0,155683;0,400607;-0,005673;0,151946;0,390990;-0,086666;0,154083;0,396489;0,005504;0,150034;0,386071;-0,071245;0,154794;0,398319;0,007036;0,149925;0,385791;-0,073840;0,153253;0,394355;0,011729;0,149443;0,384551;-0,041516;0,151771;0,390541
00:00:27.482;598;6;6;6;5;115,501426;179,313561;170,012526;94,600448;170,079907;91,909991;-136,393199;151,084399;170,423658;159,870071;29,143092;-11,205805;28,122572;-18,351136;-0,195208;-0,255587;0,987337;-0,211315;-0,284050;0,972055;-0,209269;-0,287360;0,977940;-0,207545;-0,291233;0,985596;-0,227924;-0,272821;0,956095;-0,239171;-0,268256;0,956028;-0,252043;-0,262801;0,954978;-0,216058;-0,264504;0,956883;-0,296611;-0,226351;0,959129;-0,176399;-0,223504;0,989327;-0,198319;-0,208941;0,969839;-0,081120;-0,080806;1,113043;-0,346688;-0,024897;0,896972;0,031638;0,176318;1,118941;-0,342999;0,226006;0,817608;0,177075;0,107801;0,921713;-0,133079;0,214097;0,846156;0,243464;0,098911;0,889438;-0,063447;0,223385;0,864296;0,247019;0,084049;0,890984;-0,059614;0,218016;0,931716;0,217875;0,085872;0,894916;-0,078871;0,212174;0,928394;-0,024083;0,156212;0,444779;-0,104904;0,155736;0,400745;-0,005924;0,152219;0,391694;-0,086757;0,154016;0,396318;0,005335;0,150024;0,386046;-0,071162;0,154615;0,397858;0,006978;0,149682;0,385164;-0,073941;0,153069;0,393881;0,011787;0,149504;0,384708;-0,040933;0,151562;0,390002
00:00:27.525;599;6;6;6;5;115,429111;179,500737;169,837831;94,229902;170,728464;91,234487;-136,397238;151,289803;170,397889;159,574618;29,371717;11,451013;28,335482;18,920590;-0,194495;-0,256278;0,988269;-0,211078;-0,284962;0,972736;-0,208529;-0,287732;0,978661;-0,206876;-0,291636;0,986437;-0,227205;-0,273289;0,956762;-0,238790;-0,269133;0,956368;-0,251422;-0,263312;0,955335;-0,216142;-0,264516;0,956924;-0,296055;-0,226894;0,959434;-0,176072;-0,223592;0,989563;-0,197911;-0,209232;0,969895;-0,081232;-0,080394;1,113028;-0,346603;-0,024881;0,897682;0,030836;0,176876;1,122112;-0,342590;0,225578;0,817745;0,177955;0,113750;0,926714;-0,132132;0,214574;0,845402;0,245712;0,106993;0,894535;-0,063291;0,224090;0,863142;0,249664;0,092745;0,895890;-0,058840;0,218372;0,930765;0,220078;0,093498;0,899145;-0,077997;0,212342;0,925806;-0,023722;0,155994;0,444156;-0,104838;0,155635;0,400484;-0,005635;0,152261;0,391801;-0,086216;0,154109;0,396556;0,005225;0,150018;0,386030;-0,070820;0,154362;0,397207;0,007587;0,149387;0,384407;-0,074006;0,152949;0,393573;0,011825;0,149544;0,384810;-0,040625;0,151697;0,390351
00:00:27.571;600;6;6;6;5;115,374624;179,628229;169,564094;93,934011;171,153139;90,402623;-136,407388;151,469086;170,334258;159,384377;30,272113;11,936984;27,793973;-7,541362;-0,194031;-0,256727;0,988875;-0,210595;-0,285865;0,974228;-0,208344;-0,288946;0,980530;-0,206732;-0,292876;0,988384;-0,226820;-0,273694;0,957545;-0,238085;-0,269802;0,956939;-0,251111;-0,263741;0,955918;-0,216197;-0,264523;0,956951;-0,295802;-0,227330;0,959982;-0,175921;-0,223729;0,990066;-0,197860;-0,209648;0,970982;-0,081330;-0,079517;1,113368;-0,346682;-0,024880;0,898493;0,030324;0,177936;1,124523;-0,342178;0,225204;0,817485;0,179196;0,119846;0,930664;-0,130983;0,214795;0,844561;0,246689;0,113545;0,896098;-0,062849;0,225098;0,864493;0,252073;0,100768;0,901528;-0,057787;0,219048;0,929797;0,221683;0,100607;0,902594;-0,077019;0,212774;0,925524;-0,023541;0,156222;0,444802;-0,104795;0,155569;0,400315;-0,005443;0,152152;0,391521;-0,085638;0,154169;0,396712;0,005154;0,150014;0,386020;-0,070311;0,154062;0,396435;0,007983;0,149196;0,383914;-0,073246;0,153552;0,395122;0,011849;0,149570;0,384877;-0,040611;0,151650;0,390228
00:00:27.619;601;6;6;5;5;115,373074;179,757163;169,548724;93,856506;171,652128;89,933401;-136,257421;151,455880;170,206903;159,248967;31,041871;-11,999602;27,188979;-0,337410;-0,193662;-0,256928;0,988919;-0,210205;-0,286348;0,974848;-0,208076;-0,289528;0,981044;-0,206493;-0,293475;0,988950;-0,226570;-0,273957;0,958054;-0,237626;-0,270236;0,957311;-0,250908;-0,264019;0,956297;-0,216232;-0,264528;0,956968;-0,295422;-0,227447;0,959638;-0,175761;-0,224302;0,990043;-0,197826;-0,209919;0,971688;-0,081394;-0,078948;1,113589;-0,346087;-0,024869;0,898671;0,029374;0,178793;1,127140;-0,341910;0,224961;0,817315;0,180536;0,124343;0,933231;-0,129703;0,214849;0,843665;0,248152;0,118727;0,896413;-0,061995;0,225971;0,864320;0,254577;0,106976;0,904843;-0,056594;0,220100;0,929518;0,224984;0,106622;0,907636;-0,075304;0,213500;0,924991;-0,023424;0,156369;0,445221;-0,104995;0,155527;0,400204;-0,005318;0,152081;0,391338;-0,085332;0,154753;0,398213;0,005107;0,150011;0,386013;-0,070165;0,154275;0,396983;0,008241;0,149072;0,383594;-0,072878;0,154215;0,396829;0,011865;0,149587;0,384920;-0,040602;0,151619;0,390148
00:00:27.665;602;6;6;5;5;115,390468;179,994152;169,860160;93,620483;171,998980;89,356903;-135,932058;151,387289;170,172256;159,277110;32,487827;11,559672;26,461282;-3,956231;-0,193285;-0,256876;0,988247;-0,209953;-0,286662;0,975252;-0,207901;-0,289906;0,981379;-0,206338;-0,293863;0,989317;-0,226325;-0,274028;0,958035;-0,237241;-0,270420;0,957202;-0,250232;-0,264200;0,956543;-0,216255;-0,264531;0,956979;-0,294416;-0,226813;0,958715;-0,175155;-0,224754;0,990378;-0,197322;-0,210170;0,972497;-0,081461;-0,078602;1,114083;-0,345432;-0,024843;0,898086;0,028120;0,179406;1,129191;-0,342029;0,224529;0,817905;0,181338;0,128815;0,934550;-0,127861;0,215274;0,842732;0,248397;0,124033;0,895919;-0,060949;0,226537;0,864208;0,256006;0,112989;0,906298;-0,055371;0,221119;0,930737;0,226953;0,112525;0,910214;-0,073716;0,214135;0,925344;-0,023583;0,156089;0,445144;-0,105125;0,155499;0,400133;-0,005018;0,152171;0,391570;-0,084978;0,155268;0,399538;0,005077;0,150010;0,386008;-0,069599;0,153869;0,395939;0,008408;0,148991;0,383386;-0,072639;0,154646;0,397939;0,012686;0,148918;0,383198;-0,040188;0,151734;0,390446
00:00:27.712;603;6;6;6;5;115,500627;179,954952;170,231476;93,490106;172,286627;88,852563;-135,810398;151,494067;170,182885;159,086709;33,662126;11,403303;26,069376;5,280868;-0,193177;-0,257025;0,988511;-0,209638;-0,286660;0,974813;-0,207640;-0,289944;0,980896;-0,206018;-0,293804;0,988506;-0,225621;-0,274074;0,958023;-0,236991;-0,270539;0,957131;-0,249701;-0,264221;0,956353;-0,216270;-0,264533;0,956986;-0,293761;-0,226400;0,958115;-0,174761;-0,225048;0,990596;-0,196923;-0,210258;0,972673;-0,082087;-0,078328;1,113704;-0,344737;-0,024807;0,897006;0,027313;0,179859;1,130874;-0,342106;0,224248;0,818288;0,181929;0,132842;0,935758;-0,125228;0,215549;0,842126;0,248849;0,129172;0,896647;-0,059308;0,227490;0,864485;0,256417;0,118449;0,907244;-0,053494;0,221697;0,931179;0,228321;0,117973;0,912239;-0,071579;0,214911;0,924874;-0,023855;0,156492;0,448243;-0,105209;0,155481;0,400086;-0,004601;0,152230;0,391720;-0,083991;0,155467;0,400050;0,005058;0,150009;0,386005;-0,068559;0,153605;0,395260;0,008517;0,148938;0,383251;-0,071842;0,154519;0,397610;0,013884;0,148619;0,382429;-0,039473;0,151810;0,390640
00:00:27.759;604;6;6;6;5;115,605316;179,321655;170,491649;93,414720;172,635472;88,457087;-135,591084;151,731614;170,163134;158,987161;36,762099;12,923983;24,442036;10,558601;-0,192970;-0,256939;0,987982;-0,209509;-0,286762;0,974879;-0,207132;-0,290280;0,981633;-0,205883;-0,293869;0,988329;-0,224999;-0,273903;0,957315;-0,236656;-0,270419;0,956385;-0,249265;-0,264138;0,955879;-0,216121;-0,264341;0,956291;-0,293764;-0,226462;0,959125;-0,174443;-0,225159;0,990387;-0,196664;-0,210315;0,972788;-0,082493;-0,078150;1,113458;-0,343643;-0,024774;0,895954;0,026158;0,180266;1,132668;-0,341544;0,223970;0,818187;0,182380;0,136580;0,936893;-0,122560;0,215729;0,841732;0,248364;0,133599;0,894321;-0,057354;0,230707;0,874465;0,256684;0,123033;0,907859;-0,050701;0,222687;0,931816;0,229298;0,122607;0,913905;-0,069211;0,215661;0,925618;-0,024032;0,156753;0,450258;-0,105264;0,155469;0,400056;-0,003874;0,151724;0,390418;-0,083316;0,156412;0,402482;0,005045;0,150008;0,386003;-0,067555;0,154250;0,396919;0,008587;0,148904;0,383163;-0,070888;0,154980;0,398797;0,014662;0,148424;0,381929;-0,039009;0,151859;0,390766
00:00:27.805;605;6;6;6;5;115,690385;179,249207;170,594486;93,222588;172,694011;88,036839;-135,414216;151,679150;170,121968;159,096588;37,884054;-12,691586;23,633849;13,027099;-0,192409;-0,257066;0,988338;-0,208870;-0,286828;0,974921;-0,206729;-0,290395;0,981761;-0,205378;-0,294120;0,988914;-0,224431;-0,273592;0,956155;-0,236265;-0,270143;0,955200;-0,248799;-0,263891;0,954872;-0,215867;-0,264022;0,955139;-0,293552;-0,226337;0,959081;-0,174237;-0,225231;0,990252;-0,196354;-0,210201;0,972162;-0,082810;-0,078083;1,113997;-0,343065;-0,025271;0,895620;0,025400;0,181120;1,133484;-0,341179;0,223324;0,818122;0,182742;0,139598;0,937980;-0,120346;0,215845;0,841476;0,248146;0,137040;0,893158;-0,055330;0,231685;0,876753;0,257674;0,126684;0,909308;-0,048919;0,223500;0,932931;0,230110;0,126242;0,915688;-0,067575;0,216346;0,924702;-0,024166;0,156786;0,451918;-0,105300;0,155461;0,400037;-0,003179;0,151259;0,389222;-0,081245;0,154306;0,397064;0,005037;0,150007;0,386002;-0,066448;0,154125;0,396597;0,008633;0,148882;0,383106;-0,069681;0,154463;0,397468;0,015168;0,148298;0,381604;-0,037532;0,151618;0,390148
00:00:27.852;606;6;6;6;5;115,740977;179,072602;170,569617;92,951069;172,809986;87,783738;-135,359599;151,723970;170,076409;159,119766;37,972255;12,230576;23,674349;12,807357;-0,192044;-0,257148;0,988570;-0,208454;-0,286871;0,974949;-0,206467;-0,290470;0,981845;-0,204977;-0,294179;0,988944;-0,224143;-0,273490;0,955751;-0,235554;-0,270062;0,954780;-0,248588;-0,263826;0,954567;-0,215780;-0,263912;0,954741;-0,293521;-0,226339;0,959403;-0,173980;-0,225119;0,989464;-0,196153;-0,210127;0,971755;-0,082990;-0,078015;1,113998;-0,342689;-0,025595;0,895403;0,024907;0,181676;1,134015;-0,340796;0,222809;0,817729;0,182773;0,141931;0,937637;-0,118381;0,216309;0,840959;0,247497;0,139783;0,892403;-0,053768;0,231702;0,874039;0,258118;0,129472;0,909550;-0,047262;0,224196;0,934355;0,230638;0,128605;0,916848;-0,065985;0,216791;0,924106;-0,024253;0,156807;0,452997;-0,105323;0,155456;0,400024;-0,002505;0,150820;0,388094;-0,080179;0,153481;0,394941;0,006543;0,149599;0,384951;-0,065388;0,154316;0,397088;0,008663;0,148867;0,383069;-0,068612;0,153991;0,396254;0,016852;0,148624;0,382442;-0,036159;0,151598;0,390096
00:00:27.887;607;6;6;6;5;116,084600;179,006377;170,450364;92,754058;173,296589;88,074499;-136,062901;151,791616;170,047597;159,090717;38,266890;-11,812233;23,825544;13,932099;-0,191943;-0,257384;0,989420;-0,208184;-0,286899;0,974967;-0,206223;-0,290415;0,981549;-0,204644;-0,294113;0,988614;-0,223957;-0,273424;0,955488;-0,235178;-0,269565;0,954857;-0,248450;-0,263785;0,954368;-0,215803;-0,263937;0,954831;-0,293501;-0,226340;0,959612;-0,173690;-0,224887;0,988251;-0,196022;-0,210078;0,971491;-0,083054;-0,077922;1,113299;-0,342579;-0,025815;0,895612;0,023955;0,182797;1,135060;-0,340547;0,222474;0,817474;0,182793;0,143447;0,937414;-0,117104;0,216611;0,840623;0,247486;0,142016;0,891562;-0,052358;0,232180;0,874025;0,258506;0,131336;0,910058;-0,046168;0,224565;0,934931;0,231069;0,130715;0,917951;-0,064952;0,217080;0,923719;-0,024911;0,160681;0,464898;-0,105338;0,155453;0,400015;-0,002070;0,150808;0,388061;-0,079750;0,153897;0,396012;0,007523;0,149334;0,384268;-0,064363;0,154168;0,396707;0,008683;0,148858;0,383045;-0,067527;0,153821;0,395815;0,017947;0,148836;0,382988;-0,035045;0,151585;0,390063
00:00:27.930;608;6;6;6;5;115,977960;179,030052;170,356222;92,625443;173,768974;88,267302;-136,120411;151,842106;170,045042;158,980038;38,649644;11,670227;24,097498;-14,650090;-0,191877;-0,257537;0,989973;-0,207934;-0,286814;0,974628;-0,205992;-0,290275;0,981007;-0,204355;-0,293966;0,988049;-0,223835;-0,273381;0,955317;-0,234934;-0,269242;0,954907;-0,248361;-0,263758;0,954239;-0,215818;-0,263953;0,954890;-0,293381;-0,226258;0,959398;-0,173378;-0,224576;0,986763;-0,195937;-0,210047;0,971319;-0,083044;-0,077813;1,112144;-0,342507;-0,025958;0,895748;0,023335;0,183525;1,135739;-0,340385;0,222256;0,817308;0,182805;0,144966;0,937269;-0,115843;0,216897;0,840755;0,247575;0,143525;0,891365;-0,051482;0,232677;0,874717;0,258858;0,132600;0,910738;-0,045473;0,224888;0,935655;0,231962;0,132138;0,919018;-0,064281;0,217269;0,923467;-0,024812;0,159821;0,462834;-0,105163;0,155179;0,399310;-0,001788;0,150935;0,388390;-0,079471;0,154168;0,396708;0,008159;0,149161;0,383825;-0,063580;0,154343;0,397160;0,010026;0,149124;0,383729;-0,066822;0,153710;0,395530;0,018896;0,149110;0,383692;-0,034202;0,151033;0,388641
00:00:27.977;609;6;6;6;5;116,002759;178,996840;170,398283;92,564901;173,895770;88,228140;-136,124977;151,836642;170,041851;159,006893;39,312959;11,930238;23,529523;-15,317001;-0,191902;-0,257727;0,990683;-0,207846;-0,286862;0,974758;-0,205914;-0,290288;0,981005;-0,204240;-0,293974;0,988032;-0,223756;-0,273353;0,955206;-0,234775;-0,269032;0,954940;-0,248303;-0,263740;0,954156;-0,215828;-0,263964;0,954929;-0,293303;-0,226205;0,959258;-0,173360;-0,224614;0,986846;-0,195952;-0,210102;0,971557;-0,083089;-0,077791;1,112094;-0,342327;-0,026041;0,895486;0,022933;0,183999;1,136180;-0,340280;0,222115;0,817200;0,182950;0,146064;0,937875;-0,115023;0,217083;0,840841;0,247536;0,144448;0,890887;-0,051031;0,233560;0,877266;0,259087;0,133421;0,911179;-0,045005;0,225014;0,935776;0,232542;0,133063;0,919712;-0,063892;0,217556;0,924004;-0,024898;0,159962;0,464292;-0,104597;0,155001;0,398852;-0,001384;0,151154;0,388953;-0,079290;0,154343;0,397160;0,008573;0,149049;0,383536;-0,062845;0,154458;0,397454;0,011337;0,149297;0,384174;-0,065971;0,153774;0,395694;0,019751;0,149423;0,384500;-0,033329;0,151218;0,389116
00:00:28.025;610;6;6;6;5;116,004486;178,800052;170,378063;92,434913;173,821317;88,054825;-135,984607;151,876959;170,103817;159,116457;39,353211;11,610380;22,647916;15,942957;-0,191918;-0,257851;0,991144;-0,207715;-0,286790;0,974493;-0,205864;-0,290297;0,981003;-0,204165;-0,293980;0,988021;-0,223705;-0,273335;0,955134;-0,234671;-0,268896;0,954961;-0,248265;-0,263729;0,954101;-0,215290;-0,263971;0,954954;-0,293466;-0,226335;0,959868;-0,173472;-0,224797;0,987600;-0,195962;-0,210138;0,971712;-0,083171;-0,077825;1,112761;-0,342210;-0,026095;0,895316;0,022671;0,184306;1,136467;-0,339747;0,222023;0,817130;0,182713;0,146943;0,939319;-0,114538;0,217295;0,841247;0,247511;0,145048;0,890577;-0,050217;0,234041;0,878573;0,259336;0,134007;0,911817;-0,044718;0,225181;0,936204;0,232919;0,133664;0,920163;-0,063137;0,217825;0,924702;-0,024652;0,159813;0,464540;-0,104229;0,154885;0,398554;-0,000900;0,151297;0,389320;-0,079172;0,154458;0,397454;0,009966;0,149384;0,384398;-0,062087;0,154396;0,397295;0,012409;0,149409;0,384463;-0,065078;0,154088;0,396501;0,020788;0,149900;0,385725;-0,032567;0,151474;0,389776
00:00:28.071;611;6;6;6;5;115,970811;178,672455;170,364710;92,345359;173,831925;88,104644;-135,853421;151,903460;170,144066;159,146866;39,598350;11,658743;21,626567;-15,972319;-0,191928;-0,257932;0,991443;-0,207778;-0,286950;0,975020;-0,205978;-0,290509;0,981702;-0,204261;-0,294192;0,988713;-0,223754;-0,273423;0,955437;-0,234690;-0,268905;0,955325;-0,248332;-0,263818;0,954416;-0,214941;-0,263975;0,954970;-0,293572;-0,226420;0,960264;-0,173667;-0,225076;0,988790;-0,195968;-0,210162;0,971813;-0,083225;-0,077848;1,113195;-0,342133;-0,026130;0,895205;0,022508;0,184563;1,137004;-0,339400;0,221963;0,817085;0,182627;0,147033;0,940607;-0,114175;0,217342;0,841160;0,247494;0,144932;0,890375;-0,049746;0,234633;0,880472;0,259298;0,134284;0,911531;-0,044465;0,225483;0,935083;0,233253;0,133581;0,920806;-0,062599;0,217835;0,924457;-0,024175;0,159356;0,463651;-0,103989;0,154810;0,398360;-0,000585;0,151389;0,389558;-0,079095;0,154532;0,397645;0,011091;0,149602;0,384959;-0,061595;0,154356;0,397192;0,013118;0,149618;0,385001;-0,064498;0,154291;0,397026;0,021482;0,150345;0,386871;-0,032017;0,151368;0,389504
00:00:28.118;612;6;6;6;5;115,934978;178,350216;170,426234;92,315406;173,972241;88,300966;-135,794147;152,046853;170,200835;159,079713;39,162976;12,008145;21,043924;16,392357;-0,191868;-0,257893;0,991288;-0,207968;-0,287259;0,976063;-0,206126;-0,290751;0,982506;-0,204396;-0,294434;0,989514;-0,223867;-0,273581;0,955984;-0,234617;-0,269357;0,955211;-0,248284;-0,263779;0,954270;-0,214793;-0,264075;0,955330;-0,293748;-0,226557;0,960872;-0,173609;-0,225018;0,988514;-0,195902;-0,210101;0,971529;-0,083207;-0,077813;1,112777;-0,341950;-0,026143;0,894784;0,022402;0,184730;1,137352;-0,339175;0,221924;0,817055;0,182435;0,146982;0,940745;-0,114417;0,217373;0,841104;0,247191;0,144685;0,889194;-0,049844;0,234551;0,879957;0,259174;0,133894;0,910995;-0,044284;0,225594;0,934004;0,233293;0,133426;0,920524;-0,062249;0,217842;0,924297;-0,023829;0,158819;0,462373;-0,103834;0,154761;0,398234;0,000063;0,151313;0,389363;-0,078114;0,153628;0,395319;0,012222;0,149335;0,384273;-0,061101;0,154466;0,397475;0,014004;0,149618;0,385001;-0,063840;0,154288;0,397017;0,022091;0,150227;0,386566;-0,031464;0,151436;0,389678
00:00:28.165;613;6;6;6;5;115,908598;178,434795;170,485815;92,406507;174,080208;88,282871;-135,906611;152,078484;170,153779;158,979744;38,368864;12,330502;19,668256;-16,780787;-0,192031;-0,258141;0,992237;-0,208167;-0,287563;0,977091;-0,206295;-0,291012;0,983379;-0,204628;-0,294799;0,990734;-0,223941;-0,273683;0,956340;-0,234655;-0,269749;0,955487;-0,248253;-0,263754;0,954176;-0,214775;-0,264237;0,955915;-0,293541;-0,226399;0,960217;-0,173695;-0,225140;0,989034;-0,196000;-0,210213;0,972044;-0,083143;-0,077742;1,111805;-0,341831;-0,025642;0,894509;0,022319;0,184079;1,136879;-0,339493;0,221899;0,817036;0,182175;0,146840;0,940134;-0,115532;0,217392;0,841068;0,246411;0,144184;0,886326;-0,050781;0,233938;0,877522;0,258495;0,133334;0,908547;-0,044714;0,225752;0,933652;0,232963;0,133123;0,918940;-0,063049;0,217763;0,923843;-0,023657;0,158830;0,462592;-0,103733;0,154729;0,398152;0,000705;0,151264;0,389236;-0,077545;0,153177;0,394158;0,014299;0,149434;0,384528;-0,060781;0,154537;0,397659;0,014800;0,149618;0,385000;-0,063467;0,154422;0,397361;0,022445;0,149878;0,385668;-0,031327;0,151480;0,389791
00:00:28.213;614;6;6;6;5;115,954772;178,274387;170,524614;92,474782;174,066780;88,182868;-136,086460;152,199477;170,122960;158,910026;37,818989;12,203578;18,811092;16,811236;-0,192002;-0,258120;0,992154;-0,208296;-0,287761;0,977759;-0,206405;-0,291181;0,983946;-0,204778;-0,295037;0,991527;-0,223907;-0,273649;0,956221;-0,234593;-0,269905;0,955317;-0,248233;-0,263738;0,954114;-0,214606;-0,264148;0,955595;-0,293621;-0,226462;0,960491;-0,173627;-0,225060;0,988672;-0,196064;-0,210286;0,972378;-0,083102;-0,077696;1,111173;-0,341754;-0,025317;0,894331;0,022259;0,182953;1,136221;-0,339700;0,221883;0,817023;0,182336;0,146051;0,938687;-0,117592;0,217224;0,840344;0,245806;0,142799;0,884112;-0,052317;0,233260;0,874889;0,257756;0,132303;0,905905;-0,046037;0,225239;0,933074;0,232483;0,132254;0,916861;-0,064070;0,217630;0,923198;-0,023651;0,159558;0,464835;-0,103667;0,154708;0,398099;0,001122;0,151232;0,389153;-0,077448;0,153427;0,394802;0,015648;0,149499;0,384693;-0,060572;0,154584;0,397778;0,015316;0,149618;0,385000;-0,063224;0,154509;0,397585;0,022675;0,149651;0,385084;-0,031266;0,151644;0,390214
00:00:28.259;615;6;6;5;5;115,909495;178,120764;170,467386;92,405504;173,836315;88,274661;-136,275654;152,250520;170,211793;158,883083;37,975144;11,818705;13,138499;14,759526;-0,191848;-0,257924;0,991400;-0,208528;-0,288096;0,978894;-0,206624;-0,291499;0,985015;-0,205093;-0,295504;0,993093;-0,223967;-0,273728;0,956494;-0,235184;-0,270106;0,955556;-0,248402;-0,263921;0,954774;-0,214575;-0,264187;0,955737;-0,294327;-0,226585;0,961019;-0,173707;-0,225167;0,989137;-0,196176;-0,210409;0,972946;-0,083075;-0,077666;1,110763;-0,342346;-0,025115;0,894565;0,022843;0,182054;1,134744;-0,339980;0,221967;0,817365;0,182509;0,143459;0,938097;-0,119357;0,217025;0,839524;0,243759;0,138495;0,876723;-0,053811;0,232324;0,873178;0,254885;0,128421;0,895789;-0,047465;0,225074;0,933398;0,230063;0,128751;0,909210;-0,065756;0,217461;0,922429;-0,023577;0,159550;0,464893;-0,103624;0,154695;0,398064;0,001392;0,151075;0,388750;-0,077385;0,153590;0,395222;0,017582;0,149268;0,384100;-0,060437;0,154614;0,397856;0,015872;0,149618;0,385000;-0,061966;0,152389;0,392130;0,022783;0,149231;0,384005;-0,031227;0,151751;0,390489
00:00:28.307;616;6;6;5;5;115,824835;177,913854;170,430408;92,366777;173,572052;88,662788;-136,265047;152,332746;170,269711;158,724951;37,315949;-11,373934;10,508704;11,684983;-0,191951;-0,258070;0,991960;-0,208605;-0,288210;0,979281;-0,206766;-0,291705;0,985710;-0,205298;-0,295807;0,994110;-0,224006;-0,273779;0,956671;-0,235567;-0,270236;0,955711;-0,248964;-0,263943;0,954853;-0,215020;-0,264116;0,955479;-0,294894;-0,226747;0,961712;-0,231103;-0,298479;1,315989;-0,196319;-0,210565;0,973665;-0,083057;-0,077646;1,110496;-0,342732;-0,024983;0,894717;0,023867;0,180825;1,133784;-0,340163;0,222022;0,817587;0,182416;0,139493;0,936663;-0,120981;0,216895;0,838990;0,242525;0,133784;0,872270;-0,055137;0,231159;0,869966;0,252819;0,123311;0,888513;-0,048867;0,224714;0,932559;0,227873;0,124117;0,901786;-0,067269;0,217021;0,920529;-0,023927;0,158705;0,462480;-0,103687;0,154822;0,398392;0,001567;0,150973;0,388487;-0,077795;0,153696;0,395494;0,017816;0,149663;0,385115;-0,060349;0,154633;0,397906;0,015984;0,149346;0,384300;-0,062138;0,152915;0,393485;0,022852;0,148958;0,383303;-0,031201;0,151821;0,390668
00:00:28.353;617;6;6;5;5;115,873416;177,742981;170,472482;92,371243;173,471133;89,269720;-136,536410;152,528368;170,342434;158,302211;36,267904;-11,107728;7,093798;-10,533350;-0,192582;-0,258165;0,992324;-0,209138;-0,288182;0,979183;-0,206931;-0,291942;0,986511;-0,205286;-0,295230;0,994072;-0,224493;-0,273712;0,956436;-0,236274;-0,269678;0,955462;-0,249238;-0,263860;0,954555;-0,215309;-0,264070;0,955311;-0,295155;-0,226770;0,961813;-0,211558;-0,272959;1,204693;-0,196412;-0,210111;0,974132;-0,083570;-0,077536;1,108922;-0,342848;-0,024889;0,894466;0,024525;0,178684;1,132809;-0,340281;0,222057;0,817732;0,182612;0,134070;0,934331;-0,122513;0,216810;0,838644;0,240555;0,125750;0,865175;-0,056419;0,230123;0,866828;0,250481;0,115596;0,880283;-0,050228;0,224143;0,930613;0,226008;0,116858;0,895211;-0,068333;0,216458;0,920344;-0,024854;0,159236;0,464062;-0,103728;0,154905;0,398605;0,001019;0,151179;0,389017;-0,078724;0,154173;0,396721;0,016659;0,150055;0,386125;-0,060534;0,153558;0,395139;0,015689;0,149849;0,385595;-0,062645;0,153121;0,394015;0,022898;0,148781;0,382847;-0,031600;0,151730;0,390434
00:00:28.400;618;6;6;5;5;115,867308;177,839276;170,540295;92,385688;172,971790;89,917643;-136,287166;152,313460;170,350002;158,211995;35,433171;11,006429;8,525229;-12,312857;-0,192925;-0,257571;0,992211;-0,209334;-0,287401;0,978419;-0,207379;-0,291226;0,985982;-0,205772;-0,294752;0,993697;-0,224975;-0,273868;0,956983;-0,236733;-0,269316;0,955301;-0,249959;-0,263807;0,954361;-0,215576;-0,264136;0,955552;-0,295655;-0,226620;0,961179;-0,254232;-0,327645;1,447700;-0,197028;-0,209816;0,974436;-0,084038;-0,077586;1,109649;-0,342923;-0,024827;0,894303;0,024952;0,176648;1,132176;-0,340358;0,222081;0,817826;0,182574;0,127461;0,929315;-0,124039;0,216846;0,838768;0,240737;0,117341;0,862314;-0,057767;0,229052;0,865138;0,249658;0,106898;0,877384;-0,051661;0,223856;0,929699;0,226275;0,108519;0,894787;-0,070016;0,215929;0,919523;-0,025621;0,159244;0,463340;-0,103573;0,154687;0,398043;-0,000004;0,151313;0,389361;-0,079567;0,154075;0,396469;0,014980;0,149766;0,385381;-0,061377;0,153539;0,395090;0,015497;0,150176;0,386437;-0,063474;0,152847;0,393310;0,021559;0,149890;0,385701;-0,032303;0,151671;0,390282
00:00:28.447;619;6;6;5;5;115,797813;178,080582;170,435237;92,464997;172,601894;90,740059;-136,193914;152,135415;170,345188;158,133932;34,877354;10,955537;12,017645;-12,781462;-0,193148;-0,257185;0,992137;-0,209611;-0,287098;0,978622;-0,207819;-0,290966;0,986339;-0,206233;-0,294648;0,994153;-0,225750;-0,273870;0,956989;-0,237031;-0,269080;0,955195;-0,250427;-0,263772;0,954234;-0,215749;-0,264180;0,955709;-0,295981;-0,226523;0,960766;-0,226539;-0,291126;1,286805;-0,197357;-0,209549;0,974283;-0,084341;-0,077619;1,110122;-0,343241;-0,024806;0,894897;0,025222;0,174629;1,131414;-0,340408;0,222561;0,817887;0,181716;0,120572;0,921855;-0,125031;0,216869;0,838850;0,240172;0,108873;0,859754;-0,058643;0,228356;0,864040;0,248924;0,098201;0,874800;-0,052592;0,223142;0,929104;0,225322;0,100825;0,892062;-0,071110;0,215585;0,918990;-0,026057;0,158887;0,461821;-0,103472;0,154545;0,397678;-0,000668;0,151400;0,389585;-0,080186;0,154147;0,396655;0,013879;0,149442;0,384548;-0,062093;0,153935;0,396109;0,014639;0,149573;0,384884;-0,064246;0,153213;0,394251;0,020587;0,149795;0,385455;-0,032730;0,151496;0,389833
00:00:28.494;620;6;6;5;5;115,771074;178,178622;170,180036;92,600944;171,819739;91,192688;-136,377604;152,105423;170,318292;158,165845;34,231348;10,976858;10,362263;18,342781;-0,193429;-0,257115;0,992789;-0,209867;-0,287004;0,979104;-0,208178;-0,290900;0,986920;-0,206678;-0,294788;0,995149;-0,226254;-0,273871;0,956993;-0,237225;-0,268927;0,955127;-0,250824;-0,263303;0,954502;-0,215862;-0,264208;0,955811;-0,296301;-0,226542;0,960848;-0,208662;-0,267546;1,182923;-0,197784;-0,209601;0,975234;-0,084485;-0,077591;1,109729;-0,343582;-0,024802;0,895633;0,026602;0,172840;1,127769;-0,340295;0,222778;0,817576;0,179293;0,114145;0,918056;-0,125729;0,216497;0,839252;0,235376;0,099720;0,850740;-0,059188;0,227322;0,862976;0,244803;0,088387;0,870670;-0,053239;0,222315;0,929418;0,220642;0,091748;0,883990;-0,071905;0,215083;0,919694;-0,026423;0,159138;0,462234;-0,103632;0,154453;0,397441;-0,001547;0,151592;0,390080;-0,081120;0,153922;0,396076;0,012308;0,149504;0,384706;-0,063122;0,153920;0,396071;0,013439;0,149317;0,384225;-0,065363;0,153315;0,394513;0,019019;0,149189;0,383896;-0,033861;0,151247;0,389192
00:00:28.541;621;6;6;5;5;115,782573;178,149758;170,095822;92,717128;170,435356;91,635935;-136,437469;152,101798;170,310795;158,241717;33,886489;11,143587;11,453518;21,190165;-0,193817;-0,257341;0,994263;-0,209883;-0,286738;0,978718;-0,208338;-0,290754;0,986948;-0,206895;-0,294775;0,995447;-0,226582;-0,273872;0,956995;-0,237438;-0,268926;0,955433;-0,251082;-0,262998;0,954677;-0,216559;-0,264323;0,956227;-0,296400;-0,226472;0,960551;-0,196919;-0,252061;1,114700;-0,198062;-0,209635;0,975852;-0,084552;-0,077549;1,109124;-0,343535;-0,024780;0,895412;0,029305;0,170515;1,121900;-0,340075;0,222823;0,817025;0,177086;0,105230;0,909636;-0,126182;0,216255;0,839514;0,231498;0,090673;0,842081;-0,060057;0,226250;0,862634;0,241355;0,078862;0,865185;-0,054167;0,221695;0,929272;0,218027;0,082019;0,880494;-0,072477;0,214395;0,920851;-0,026661;0,159301;0,462502;-0,103737;0,154393;0,397286;-0,002781;0,151581;0,390052;-0,082251;0,153912;0,396049;0,011287;0,149544;0,384809;-0,064633;0,153775;0,395696;0,012658;0,149150;0,383796;-0,066927;0,153245;0,394334;0,018000;0,148795;0,382882;-0,035549;0,151357;0,389475
00:00:28.588;622;6;6;5;5;115,824450;178,281067;169,936658;92,906741;169,363401;92,499608;-136,759442;152,044865;170,311084;158,344536;33,477384;11,288751;13,239357;-24,348348;-0,194069;-0,257488;0,995221;-0,210450;-0,286565;0,978467;-0,208515;-0,290762;0,987316;-0,207182;-0,294974;0,996341;-0,226961;-0,274073;0,957697;-0,237664;-0,269023;0,955981;-0,251250;-0,262799;0,954790;-0,217092;-0,264494;0,956848;-0,296357;-0,226344;0,960008;-0,189409;-0,242155;1,071055;-0,198100;-0,209507;0,975554;-0,084542;-0,078102;1,108031;-0,343638;-0,024776;0,895617;0,031637;0,168743;1,116335;-0,339933;0,222853;0,816666;0,173434;0,096318;0,897864;-0,127009;0,215708;0,840034;0,226347;0,081929;0,830153;-0,061113;0,225063;0,862412;0,236237;0,069426;0,856371;-0,055321;0,220846;0,929527;0,212911;0,072685;0,870171;-0,073812;0,213704;0,920553;-0,026856;0,159913;0,463376;-0,103804;0,154354;0,397186;-0,003361;0,151574;0,390034;-0,083284;0,154449;0,397432;0,009986;0,149978;0,385926;-0,065555;0,153544;0,395102;0,012151;0,149042;0,383517;-0,067658;0,153064;0,393867;0,017337;0,148539;0,382224;-0,036576;0,151156;0,388959
00:00:28.635;623;6;6;6;5;115,831888;177,820222;169,998685;93,078235;168,004638;93,145526;-136,863451;152,146939;170,346099;158,483932;33,287733;-11,279597;16,620940;-24,310652;-0,193959;-0,257222;0,994444;-0,210818;-0,286453;0,978303;-0,208631;-0,290767;0,987556;-0,207642;-0,294689;0,995521;-0,227207;-0,274203;0,958153;-0,237811;-0,269087;0,956338;-0,251359;-0,262670;0,954863;-0,217438;-0,264606;0,957251;-0,296653;-0,225960;0,960705;-0,184466;-0,235636;1,042336;-0,198125;-0,209978;0,975360;-0,084509;-0,078436;1,106970;-0,343437;-0,024754;0,895051;0,034311;0,166547;1,109918;-0,339840;0,222872;0,816433;0,170795;0,086427;0,888811;-0,127970;0,215264;0,840022;0,223750;0,073223;0,825199;-0,062263;0,224201;0,861918;0,233099;0,059982;0,851341;-0,056578;0,219682;0,929342;0,209837;0,062798;0,864511;-0,075263;0,212893;0,921060;-0,026377;0,159825;0,462545;-0,103848;0,154328;0,397121;-0,003739;0,151570;0,390022;-0,083802;0,154934;0,398681;0,009141;0,150260;0,386652;-0,065931;0,153394;0,394717;0,011822;0,148971;0,383336;-0,068133;0,152946;0,393563;0,016907;0,148372;0,381795;-0,037209;0,150890;0,388273
00:00:28.680;624;6;6;6;5;115,830980;177,840255;169,874752;93,282171;166,400178;93,122506;-136,939973;152,027013;170,323203;158,862460;33,652602;11,289100;19,768794;-26,778692;-0,194384;-0,256958;0,993588;-0,211133;-0,286482;0,978547;-0,208780;-0,290874;0,988061;-0,208088;-0,294711;0,995689;-0,227368;-0,274288;0,958450;-0,237906;-0,269128;0,956570;-0,251429;-0,262587;0,954911;-0,217663;-0,264678;0,957513;-0,296629;-0,225547;0,960459;-0,181439;-0,231636;1,024718;-0,198283;-0,210436;0,975934;-0,084514;-0,079308;1,106631;-0,343441;-0,024749;0,895033;0,037176;0,164653;1,102597;-0,339634;0,222789;0,815931;0,168680;0,078848;0,880827;-0,129073;0,214497;0,840014;0,220757;0,065965;0,818830;-0,063194;0,223780;0,864047;0,231144;0,052018;0,850172;-0,057924;0,218398;0,929222;0,206937;0,054830;0,859082;-0,076701;0,212285;0,921039;-0,026026;0,159526;0,461304;-0,103877;0,154312;0,397079;-0,003984;0,151567;0,390014;-0,084361;0,155658;0,400543;0,008591;0,150443;0,387124;-0,066115;0,153160;0,394116;0,011608;0,148926;0,383219;-0,068441;0,152869;0,393366;0,016627;0,148264;0,381517;-0,037656;0,150853;0,388177
00:00:28.727;625;6;6;6;5;115,807169;177,702200;169,799486;93,478318;165,100848;93,249635;-137,112684;152,052222;170,432257;159,307481;33,905230;11,843964;25,978817;-29,073274;-0,194730;-0,256877;0,993382;-0,211338;-0,286501;0,978706;-0,209216;-0,290634;0,987340;-0,208378;-0,294725;0,995798;-0,227472;-0,274343;0,958642;-0,237968;-0,269155;0,956720;-0,251475;-0,262532;0,954942;-0,217889;-0,264822;0,958034;-0,296722;-0,225361;0,960648;-0,179472;-0,229036;1,013267;-0,198457;-0,210809;0,976657;-0,084464;-0,079823;1,105710;-0,343443;-0,024746;0,895022;0,038943;0,163060;1,095388;-0,339182;0,222830;0,815955;0,164633;0,071636;0,864088;-0,129900;0,213697;0,840709;0,216683;0,058593;0,808389;-0,064347;0,223191;0,866130;0,226867;0,044154;0,841712;-0,058844;0,217725;0,929845;0,203430;0,047127;0,852753;-0,077786;0,211764;0,922775;-0,025519;0,159211;0,460148;-0,103896;0,154301;0,397051;-0,004135;0,151293;0,389309;-0,084576;0,155856;0,401053;0,008234;0,150562;0,387430;-0,066758;0,153689;0,395475;0,011468;0,148896;0,383142;-0,069238;0,153635;0,395338;0,016445;0,148194;0,381336;-0,038202;0,150965;0,388465
00:00:28.773;626;6;6;6;5;115,870086;177,587808;169,821424;93,629265;163,727418;92,842636;-137,436950;152,092728;170,533125;159,758362;33,990892;11,732972;27,576973;-31,030155;-0,194954;-0,256825;0,993249;-0,211471;-0,286514;0,978809;-0,209500;-0,290478;0,986871;-0,208567;-0,294734;0,995869;-0,227456;-0,273734;0,958417;-0,238553;-0,268628;0,956818;-0,251505;-0,262497;0,954963;-0,217956;-0,264819;0,958022;-0,296674;-0,225158;0,960421;-0,178255;-0,227426;1,006174;-0,198641;-0,211128;0,977477;-0,084378;-0,080107;1,104411;-0,343310;-0,024734;0,894664;0,040579;0,160947;1,087552;-0,338888;0,222857;0,815971;0,160925;0,066427;0,852507;-0,130437;0,213177;0,841161;0,211413;0,053082;0,796703;-0,065070;0,222719;0,867135;0,221948;0,038010;0,833413;-0,059948;0,217207;0,929899;0,199153;0,041074;0,846190;-0,078988;0,211346;0,923554;-0,024755;0,159875;0,461146;-0,103999;0,154430;0,397383;-0,004214;0,150434;0,387101;-0,084716;0,155985;0,401384;0,008002;0,150640;0,387630;-0,067176;0,154032;0,396359;0,011378;0,148877;0,383092;-0,069756;0,154134;0,396620;0,016327;0,148148;0,381218;-0,038557;0,151037;0,388653
00:00:28.820;627;6;6;6;5;115,770003;177,692817;169,741143;93,706360;162,378708;92,269078;-137,594020;152,078269;170,595320;160,240676;34,074740;11,832348;32,938027;31,806218;-0,195100;-0,256790;0,993162;-0,211634;-0,286624;0,979226;-0,209758;-0,290480;0,986916;-0,208763;-0,294844;0,996265;-0,227529;-0,273437;0,958621;-0,238933;-0,268285;0,956882;-0,252161;-0,262570;0,955326;-0,218000;-0,264817;0,958014;-0,296535;-0,224944;0,959924;-0,232549;-0,296624;1,312363;-0,198548;-0,211107;0,976960;-0,084295;-0,080266;1,103217;-0,343358;-0,024736;0,894782;0,042135;0,159165;1,079659;-0,338697;0,222875;0,815981;0,155959;0,062610;0,838680;-0,130786;0,212839;0,841455;0,206575;0,049039;0,788757;-0,066061;0,222502;0,868138;0,216550;0,033455;0,824868;-0,061124;0,216626;0,928884;0,194632;0,037015;0,838423;-0,080233;0,210915;0,923360;-0,023808;0,158967;0,457945;-0,104067;0,154514;0,397599;-0,003840;0,150421;0,387066;-0,084358;0,155661;0,400550;0,008277;0,150418;0,387059;-0,067626;0,154663;0,397983;0,011120;0,149136;0,383760;-0,069865;0,154457;0,397453;0,015639;0,148527;0,382192;-0,038823;0,151221;0,389124
00:00:28.867;628;6;6;6;5;115,800639;177,643651;169,687752;93,756825;160,274171;90,673535;-137,895988;152,075234;170,637544;161,599184;34,510697;12,127996;34,629552;-33,863492;-0,195264;-0,256859;0,993455;-0,211739;-0,286696;0,979497;-0,209927;-0,290481;0,986945;-0,208890;-0,294915;0,996522;-0,227577;-0,273244;0,958754;-0,239268;-0,268160;0,957273;-0,252680;-0,262714;0,955912;-0,218029;-0,264816;0,958009;-0,296553;-0,224887;0,959951;-0,212879;-0,271516;1,201286;-0,198487;-0,211094;0,976624;-0,084241;-0,080996;1,102441;-0,343389;-0,024737;0,894858;0,042821;0,156879;1,066828;-0,338572;0,222886;0,815988;0,150421;0,059316;0,824442;-0,131013;0,212619;0,841646;0,199318;0,045904;0,774142;-0,066815;0,222718;0,870189;0,209894;0,029879;0,814064;-0,061888;0,216248;0,928225;0,187595;0,033177;0,825325;-0,080979;0,210475;0,922534;-0,022789;0,159230;0,458314;-0,104110;0,154569;0,397739;-0,003379;0,150548;0,387393;-0,084419;0,155994;0,401407;0,008455;0,150274;0,386689;-0,067573;0,154802;0,398339;0,010953;0,149305;0,384194;-0,069892;0,155076;0,399044;0,015424;0,148909;0,383175;-0,038739;0,151204;0,389081
00:00:28.914;629;6;6;6;5;116,337215;177,582986;169,642570;93,800908;158,962299;89,734179;-139,045122;152,008093;170,676925;162,620563;33,902291;11,911774;35,416776;35,224283;-0,195232;-0,256722;0,992946;-0,211883;-0,286845;0,980023;-0,210036;-0,290482;0,986965;-0,208973;-0,294961;0,996689;-0,227691;-0,273219;0,959190;-0,239485;-0,268079;0,957528;-0,253017;-0,262807;0,956293;-0,218047;-0,264815;0,958006;-0,296564;-0,224849;0,959968;-0,258653;-0,329871;1,459486;-0,198859;-0,210934;0,975706;-0,083580;-0,081470;1,101937;-0,343410;-0,024738;0,894908;0,043252;0,155342;1,058138;-0,338492;0,222894;0,815992;0,145519;0,057199;0,815537;-0,131639;0,212477;0,841770;0,192559;0,043886;0,764992;-0,067579;0,222143;0,868723;0,202939;0,027113;0,807392;-0,062888;0,215394;0,927446;0,180595;0,030659;0,816111;-0,081925;0,210030;0,921297;-0,022619;0,165368;0,475704;-0,104139;0,154604;0,397831;-0,002637;0,150494;0,387255;-0,083710;0,155667;0,400565;0,008571;0,150180;0,386448;-0,067311;0,154892;0,398570;0,012133;0,149142;0,383776;-0,069680;0,155478;0,400079;0,015895;0,148749;0,382764;-0,038685;0,151193;0,389052
00:00:28.960;630;6;6;6;5;116,048587;177,301786;169,521013;93,952756;158,183260;89,518454;-138,792443;152,087415;170,687147;163,392749;32,789536;-11,876622;39,273440;-38,395645;-0,195212;-0,256633;0,992615;-0,211826;-0,286737;0,979665;-0,210032;-0,290379;0,986627;-0,208953;-0,294888;0,996448;-0,227682;-0,273102;0,959124;-0,239539;-0,267929;0,957343;-0,253144;-0,262772;0,956190;-0,217979;-0,264717;0,957654;-0,296788;-0,224989;0,960679;-0,286234;-0,365034;1,615066;-0,199173;-0,210906;0,975459;-0,083124;-0,081752;1,101259;-0,343423;-0,024739;0,894940;0,043502;0,155424;1,051790;-0,338294;0,222803;0,815645;0,138146;0,055847;0,803449;-0,132157;0,212080;0,842550;0,182809;0,042728;0,754145;-0,068483;0,221502;0,866720;0,193210;0,025286;0,802005;-0,064065;0,214839;0,926940;0,169969;0,028841;0,804522;-0,083553;0,209661;0,920143;-0,021331;0,162050;0,466008;-0,104249;0,154763;0,398240;-0,001494;0,150324;0,386816;-0,083250;0,155454;0,400017;0,008647;0,150120;0,386291;-0,066801;0,155222;0,399421;0,013539;0,148901;0,383154;-0,069026;0,155603;0,400401;0,016435;0,148781;0,382846;-0,038649;0,151186;0,389034
00:00:29.007;631;6;6;6;5;115,984216;177,431170;169,516987;94,092229;157,537481;89,379840;-138,803407;151,856807;170,718434;164,346489;32,033852;12,000485;39,392840;-40,202818;-0,195336;-0,256756;0,993100;-0,211788;-0,286667;0,979432;-0,210105;-0,290415;0,986758;-0,209014;-0,294944;0,996641;-0,227510;-0,272827;0,958380;-0,239486;-0,267733;0,956873;-0,253133;-0,262652;0,955774;-0,217856;-0,264557;0,957075;-0,296501;-0,224752;0,959741;-0,247464;-0,315587;1,396293;-0,199306;-0,210812;0,974948;-0,082201;-0,082562;1,100818;-0,343297;-0,024729;0,894611;0,043576;0,155752;1,045564;-0,338165;0,222744;0,815419;0,131735;0,055040;0,796642;-0,133030;0,211910;0,843408;0,174911;0,041899;0,745694;-0,069620;0,221264;0,866118;0,184632;0,024040;0,796403;-0,065382;0,214559;0,926961;0,161214;0,027647;0,796640;-0,085133;0,209421;0,919393;-0,020642;0,161112;0,463205;-0,104137;0,154595;0,397806;-0,000752;0,150213;0,386530;-0,082951;0,155315;0,399661;0,008696;0,150080;0,386189;-0,066470;0,155437;0,399974;0,014452;0,148744;0,382750;-0,068373;0,155685;0,400611;0,016786;0,148802;0,382900;-0,038696;0,151453;0,389722
00:00:29.053;632;6;6;6;5;115,900603;177,639259;169,419120;94,064931;155,961870;87,892722;-139,092134;151,699546;170,872848;166,142266;32,064133;11,276289;44,727239;42,751330;-0,195279;-0,256656;0,992715;-0,211764;-0,286621;0,979281;-0,210152;-0,290439;0,986842;-0,209054;-0,294980;0,996767;-0,227398;-0,272649;0,957897;-0,239452;-0,267605;0,956567;-0,253127;-0,262031;0,955503;-0,217775;-0,264453;0,956699;-0,296314;-0,224598;0,959132;-0,222388;-0,283604;1,254790;-0,199463;-0,210827;0,974966;-0,080950;-0,083061;1,100182;-0,343859;-0,024733;0,894747;0,043255;0,155216;1,032766;-0,338227;0,222801;0,815622;0,123768;0,054203;0,781367;-0,133965;0,211624;0,843265;0,165817;0,040972;0,733201;-0,070330;0,221019;0,865377;0,175441;0,023105;0,788212;-0,066766;0,214377;0,926975;0,151686;0,026655;0,784866;-0,086819;0,209584;0,920306;-0,019934;0,160502;0,461383;-0,104065;0,154485;0,397524;-0,000049;0,150140;0,386345;-0,082467;0,154681;0,398030;0,010652;0,149510;0,384723;-0,066312;0,155713;0,400683;0,015046;0,148642;0,382488;-0,067948;0,155737;0,400747;0,017014;0,148815;0,382935;-0,038726;0,151627;0,390169
00:00:29.101;633;6;6;6;5;115,802985;177,663615;169,356411;94,067131;155,127139;87,227160;-139,211099;151,645245;170,973505;167,313738;31,638542;10,755057;46,663188;44,015994;-0,195174;-0,256500;0,992115;-0,211824;-0,286694;0,979533;-0,210182;-0,290454;0,986898;-0,209079;-0,295003;0,996848;-0,227408;-0,272632;0,957933;-0,239342;-0,267425;0,956019;-0,253029;-0,261532;0,954977;-0,217723;-0,264386;0,956454;-0,296301;-0,224580;0,959086;-0,260863;-0,332666;1,471864;-0,199422;-0,210685;0,974278;-0,080137;-0,083386;1,099768;-0,344224;-0,024735;0,894836;0,042500;0,154975;1,025148;-0,338267;0,222838;0,815755;0,116637;0,053757;0,772839;-0,135110;0,211526;0,843522;0,157955;0,040390;0,725431;-0,071372;0,220635;0,865945;0,166991;0,022458;0,781488;-0,068584;0,213855;0,925234;0,143003;0,026033;0,777913;-0,088336;0,208928;0,919849;-0,019430;0,159740;0,459149;-0,103926;0,154278;0,396991;0,000407;0,150094;0,386224;-0,081792;0,153589;0,395219;0,011924;0,149140;0,383770;-0,065974;0,154804;0,398344;0,015433;0,148575;0,382317;-0,067900;0,155772;0,400836;0,017162;0,148824;0,382958;-0,038898;0,151468;0,389760
00:00:29.146;634;6;6;6;5;115,729691;177,689060;169,320213;94,094420;154,516400;86,618786;-139,165957;151,289834;171,033999;168,557367;30,823426;9,999149;51,564648;44,636317;-0,194967;-0,256217;0,991025;-0,211711;-0,286537;0,978996;-0,210053;-0,290258;0,986233;-0,208949;-0,294812;0,996202;-0,227415;-0,272622;0,957957;-0,239359;-0,267405;0,956012;-0,252966;-0,261208;0,954635;-0,217769;-0,264439;0,956645;-0,296729;-0,224486;0,958706;-0,231349;-0,294310;1,302161;-0,199324;-0,210517;0,973481;-0,079032;-0,084277;1,100199;-0,344462;-0,024737;0,894893;0,041393;0,154658;1,019146;-0,338293;0,222862;0,815841;0,108505;0,053622;0,763445;-0,136815;0,211462;0,843689;0,149204;0,040011;0,720380;-0,072050;0,220386;0,866314;0,158111;0,021989;0,775367;-0,070235;0,213353;0,923402;0,133930;0,026076;0,773743;-0,089810;0,208422;0,919202;-0,019046;0,158758;0,456297;-0,103836;0,154143;0,396644;0,000704;0,150063;0,386146;-0,081352;0,152879;0,393393;0,012751;0,148899;0,383150;-0,066389;0,155165;0,399273;0,015684;0,148532;0,382206;-0,068157;0,155930;0,401243;0,017258;0,148830;0,382973;-0,039710;0,151500;0,389844
00:00:29.193;635;6;6;6;5;115,741797;177,637148;169,194116;94,099541;153,202878;84,750842;-139,463688;151,097623;171,083629;170,592012;30,176663;9,655793;60,551857;-44,156314;-0,195326;-0,255943;0,989966;-0,211563;-0,286332;0,978298;-0,209894;-0,290028;0,985452;-0,208791;-0,294583;0,995431;-0,227336;-0,272515;0,957622;-0,239369;-0,267393;0,956008;-0,252925;-0,260997;0,954413;-0,217798;-0,264473;0,956769;-0,297117;-0,224507;0,958809;-0,212165;-0,269379;1,191855;-0,199188;-0,210332;0,972613;-0,078265;-0,085427;1,099780;-0,344751;-0,024748;0,895281;0,039225;0,153727;1,006845;-0,338310;0,222878;0,815896;0,101473;0,053834;0,749989;-0,137981;0,211508;0,844148;0,141088;0,040169;0,717097;-0,072549;0,220401;0,867254;0,149116;0,022017;0,767889;-0,071308;0,213028;0,922211;0,125623;0,026377;0,766483;-0,090803;0,208172;0,919131;-0,018854;0,158606;0,455843;-0,104095;0,154191;0,396769;0,000897;0,150043;0,386095;-0,082325;0,153506;0,395005;0,013288;0,148743;0,382748;-0,067283;0,155264;0,399528;0,015439;0,148776;0,382834;-0,068660;0,155761;0,400808;0,016218;0,148698;0,382632;-0,040606;0,151250;0,389199
00:00:29.240;636;6;6;6;5;115,739806;177,721333;169,229493;94,142721;152,577220;83,563730;-139,503702;150,860150;171,143076;172,052030;29,421452;9,416054;66,697648;-44,712429;-0,195629;-0,255855;0,989628;-0,211466;-0,286199;0,977843;-0,209791;-0,289878;0,984944;-0,208615;-0,294331;0,994580;-0,227830;-0,272446;0,957404;-0,239920;-0,267384;0,956005;-0,253441;-0,260860;0,954268;-0,217352;-0,264592;0,957200;-0,297151;-0,224357;0,958176;-0,199757;-0,253253;1,120506;-0,199100;-0,210212;0,972048;-0,077767;-0,086174;1,099507;-0,344804;-0,025254;0,895182;0,036719;0,153231;0,999549;-0,338321;0,222888;0,815933;0,095953;0,054304;0,740193;-0,139278;0,211625;0,844796;0,134357;0,040997;0,713563;-0,073338;0,220322;0,867515;0,140520;0,022859;0,761978;-0,072558;0,212897;0,921787;0,118754;0,027067;0,763514;-0,091935;0,207931;0,918735;-0,018914;0,157899;0,453798;-0,104263;0,154223;0,396850;0,000583;0,150574;0,387462;-0,083109;0,153369;0,394653;0,013638;0,148641;0,382486;-0,068051;0,154240;0,396893;0,015280;0,148935;0,383242;-0,068507;0,152659;0,392825;0,015542;0,148612;0,382411;-0,041188;0,151087;0,388779
00:00:29.286;637;6;6;6;5;115,715977;178,021561;169,180183;94,143698;152,419807;82,959337;-139,432931;150,542010;171,155219;173,091186;29,043321;9,078728;66,235161;46,635373;-0,195826;-0,255798;0,989408;-0,211403;-0,286112;0,977548;-0,209724;-0,289781;0,984613;-0,208500;-0,294168;0,994027;-0,228151;-0,272401;0,957263;-0,240278;-0,267379;0,956003;-0,253870;-0,260866;0,954524;-0,216983;-0,264573;0,957130;-0,297065;-0,224177;0,957414;-0,191818;-0,242929;1,074829;-0,199596;-0,210134;0,971681;-0,077492;-0,087343;1,100029;-0,344973;-0,025594;0,895469;0,034561;0,153633;0,995857;-0,338328;0,222895;0,815956;0,090310;0,055843;0,733826;-0,140063;0,211614;0,844868;0,126543;0,043117;0,704966;-0,073790;0,220093;0,866985;0,131670;0,024623;0,756385;-0,073370;0,212812;0,921512;0,111291;0,028676;0,758434;-0,092743;0,207932;0,919178;-0,018893;0,156952;0,451069;-0,104372;0,154243;0,396902;0,001040;0,150512;0,387300;-0,083619;0,153280;0,394425;0,013865;0,148575;0,382316;-0,068612;0,153710;0,395530;0,015150;0,148766;0,382807;-0,068631;0,151595;0,390086;0,015102;0,148556;0,382267;-0,041567;0,150981;0,388506
00:00:29.332;638;6;6;6;5;115,647759;178,256632;169,060631;94,012793;151,611762;81,315349;-139,556534;150,439127;171,282686;175,012342;29,195301;8,798849;70,439484;47,803945;-0,195746;-0,255490;0,988215;-0,211286;-0,285953;0,977006;-0,209606;-0,289615;0,984049;-0,208353;-0,293958;0,993318;-0,228359;-0,272371;0,957171;-0,240511;-0,267376;0,956002;-0,254056;-0,260775;0,954341;-0,216743;-0,264560;0,957085;-0,297008;-0,224061;0,956919;-0,186595;-0,236139;1,044789;-0,199918;-0,210083;0,971443;-0,077264;-0,088045;1,099669;-0,345593;-0,025815;0,895655;0,030728;0,153298;0,986107;-0,338333;0,222899;0,815972;0,082441;0,058025;0,724437;-0,140034;0,211519;0,844564;0,116659;0,046793;0,698678;-0,074085;0,219945;0,866640;0,120351;0,028571;0,749251;-0,073869;0,212152;0,920983;0,101170;0,031783;0,753732;-0,092639;0,207696;0,918416;-0,018821;0,156101;0,447895;-0,104444;0,154257;0,396936;0,001338;0,150607;0,387545;-0,084025;0,153359;0,394626;0,014012;0,148532;0,382205;-0,069100;0,153638;0,395345;0,015065;0,148656;0,382525;-0,069184;0,151447;0,389706;0,014817;0,148520;0,382174;-0,042834;0,152136;0,391479
00:00:29.378;639;6;6;6;5;115,661319;177,970319;169,206725;94,056534;151,403487;80,500312;-139,625499;150,369750;171,309554;176,216956;29,309939;-8,455143;68,860405;50,060961;-0,195624;-0,255199;0,987090;-0,211135;-0,285748;0,976304;-0,209455;-0,289403;0,983332;-0,208183;-0,293717;0,992506;-0,228411;-0,272253;0,956761;-0,240574;-0,267275;0,955651;-0,254625;-0,260620;0,953872;-0,216429;-0,264358;0,956355;-0,297625;-0,224067;0,956948;-0,183262;-0,231805;1,025613;-0,200199;-0,210126;0,971638;-0,077091;-0,088473;1,099085;-0,345725;-0,025937;0,895075;0,027710;0,153799;0,980820;-0,338800;0,222902;0,815982;0,075747;0,060683;0,718684;-0,140015;0,211458;0,844367;0,108049;0,049978;0,690041;-0,074215;0,219670;0,865716;0,111139;0,032318;0,743213;-0,074251;0,211884;0,921339;0,093097;0,034538;0,748576;-0,092642;0,207701;0,918620;-0,018833;0,155783;0,447232;-0,104490;0,154265;0,396959;0,001753;0,150669;0,387704;-0,084290;0,153410;0,394757;0,014108;0,148504;0,382134;-0,069356;0,153455;0,394874;0,015227;0,148585;0,382341;-0,069606;0,151487;0,389809;0,014631;0,148496;0,382113;-0,043658;0,152887;0,393411
00:00:29.426;640;6;6;6;5;115,648425;178,051450;169,130655;93,933103;151,796494;80,197011;-139,899820;150,334841;171,424044;176,796970;29,180498;8,267671;64,981256;-51,487812;-0,195684;-0,255191;0,987058;-0,211036;-0,285614;0,975848;-0,209357;-0,289266;0,982866;-0,208073;-0,293561;0,991979;-0,228277;-0,271977;0,955795;-0,240438;-0,267015;0,954723;-0,254808;-0,260328;0,952867;-0,215603;-0,264130;0,955531;-0,297808;-0,223907;0,956266;-0,181159;-0,229067;1,013498;-0,200382;-0,210153;0,971765;-0,076930;-0,088695;1,098005;-0,346320;-0,026017;0,894699;0,024677;0,154959;0,979133;-0,338958;0,222808;0,815638;0,069007;0,064864;0,715294;-0,139042;0,211418;0,844238;0,098616;0,055500;0,684426;-0,073259;0,219314;0,864416;0,101043;0,038700;0,736138;-0,073477;0,211790;0,921920;0,083906;0,040412;0,743474;-0,092086;0,207624;0,918403;-0,018841;0,155577;0,446800;-0,104520;0,154271;0,396973;0,002461;0,150573;0,387458;-0,084461;0,153443;0,394842;0,014415;0,148758;0,382787;-0,069074;0,153336;0,394568;0,016001;0,148674;0,382572;-0,069461;0,152057;0,391276;0,014974;0,148753;0,382773;-0,043431;0,152287;0,391867
00:00:29.473;641;6;6;6;5;115,698084;178,134719;169,167642;93,852722;151,130284;77,910934;-139,982112;150,206936;171,495176;178,571845;29,647267;-7,299313;65,281962;-53,537750;-0,196075;-0,254914;0,985988;-0,210973;-0,285527;0,975551;-0,209293;-0,289177;0,982563;-0,208001;-0,293460;0,991637;-0,228733;-0,271797;0,955167;-0,240804;-0,266747;0,953770;-0,255278;-0,259947;0,951513;-0,215066;-0,263982;0,954995;-0,297708;-0,223639;0,955123;-0,179666;-0,227129;1,004924;-0,200981;-0,210096;0,971497;-0,076825;-0,089462;1,097303;-0,346435;-0,026049;0,893754;0,020926;0,154473;0,970336;-0,338915;0,222652;0,815065;0,062183;0,070911;0,707141;-0,137449;0,211392;0,844155;0,090473;0,061694;0,676577;-0,071248;0,219350;0,864620;0,092383;0,045791;0,727340;-0,072528;0,211969;0,923348;0,075552;0,047281;0,736658;-0,091305;0,207812;0,919312;-0,018846;0,155443;0,446520;-0,104539;0,154275;0,396983;0,003802;0,150511;0,387298;-0,084572;0,153872;0,395947;0,015473;0,148787;0,382861;-0,068277;0,153395;0,394719;0,017375;0,148732;0,382722;-0,068528;0,152563;0,392579;0,016054;0,148783;0,382853;-0,042583;0,151761;0,390514
00:00:29.521;642;6;6;6;5;115,855048;178,582297;168,801636;93,697626;151,868795;77,033920;-140,511536;149,945676;171,495160;178,916706;30,338239;6,716621;71,940197;54,292325;-0,196329;-0,254734;0,985292;-0,211486;-0,285471;0,975358;-0,209400;-0,289325;0,983066;-0,208102;-0,293601;0,992114;-0,229198;-0,271879;0,955458;-0,241673;-0,266671;0,953501;-0,255490;-0,259603;0,950284;-0,214874;-0,264080;0,955347;-0,297643;-0,223465;0,954380;-0,179069;-0,225632;0,998301;-0,201225;-0,209907;0,970623;-0,076782;-0,090614;1,097197;-0,347053;-0,026620;0,894540;0,017482;0,155284;0,971619;-0,338742;0,222454;0,814342;0,054453;0,078059;0,699392;-0,136358;0,211287;0,843751;0,080192;0,070269;0,674625;-0,069968;0,219461;0,865103;0,081374;0,054710;0,720221;-0,071939;0,211638;0,924626;0,066680;0,055659;0,730128;-0,090831;0,207489;0,920253;-0,018997;0,156573;0,449838;-0,104964;0,154549;0,397689;0,004674;0,150470;0,387193;-0,084491;0,154287;0,397016;0,016160;0,148806;0,382910;-0,067358;0,153025;0,393768;0,018269;0,148770;0,382819;-0,067804;0,152621;0,392727;0,016756;0,148803;0,382904;-0,042032;0,151419;0,389634
00:00:29.567;643;6;6;6;5;116,374002;178,623793;168,719912;93,633829;151,911183;75,669071;-141,603800;149,735423;171,545158;179,454225;30,560701;6,435415;71,734482;56,498877;-0,196842;-0,254346;0,983790;-0,211743;-0,285332;0,974883;-0,209396;-0,289318;0,983043;-0,208167;-0,293693;0,992424;-0,229705;-0,271535;0,954248;-0,242600;-0,266426;0,952625;-0,256072;-0,259285;0,949134;-0,214670;-0,264046;0,955225;-0,298143;-0,223352;0,953897;-0,178618;-0,224580;0,993645;-0,201935;-0,209784;0,970055;-0,076704;-0,091304;1,096428;-0,347319;-0,026981;0,894701;0,015208;0,154755;0,969302;-0,338775;0,222422;0,814222;0,048278;0,084313;0,694705;-0,135280;0,211394;0,844188;0,071686;0,077274;0,669856;-0,068669;0,219622;0,865767;0,072124;0,062405;0,714544;-0,071080;0,211583;0,926157;0,057504;0,064098;0,723433;-0,090133;0,207593;0,922264;-0,019939;0,161936;0,465295;-0,105239;0,154727;0,398148;0,005240;0,150444;0,387126;-0,084439;0,154557;0,397710;0,016607;0,148818;0,382941;-0,066480;0,152649;0,392799;0,018850;0,148795;0,382882;-0,067051;0,152522;0,392472;0,017213;0,148816;0,382938;-0,041453;0,151196;0,389062
00:00:29.614;644;6;6;6;5;116,698438;178,758600;168,646926;93,642660;151,714250;74,312095;-142,438876;149,677526;171,489140;179,750852;31,036165;6,214114;77,669093;60,889228;-0,197175;-0,254093;0,982814;-0,212465;-0,285241;0,974574;-0,209877;-0,289211;0,982678;-0,208209;-0,293753;0,992626;-0,230833;-0,271609;0,954511;-0,243383;-0,266462;0,952757;-0,257085;-0,259173;0,948737;-0,214774;-0,264314;0,956197;-0,298578;-0,223360;0,953933;-0,178567;-0,223501;0,988870;-0,202323;-0,209629;0,969336;-0,077277;-0,091753;1,095928;-0,347764;-0,027237;0,895506;0,013721;0,153751;0,967096;-0,339406;0,222496;0,814495;0,043448;0,089448;0,690958;-0,134098;0,211464;0,844472;0,065001;0,083282;0,666407;-0,067411;0,219994;0,867249;0,065217;0,069902;0,715053;-0,069968;0,211467;0,926802;0,049904;0,071160;0,718732;-0,088034;0,207503;0,922872;-0,020566;0,165544;0,475692;-0,105418;0,154843;0,398446;0,005609;0,150427;0,387082;-0,083957;0,154325;0,397112;0,016898;0,148826;0,382962;-0,065686;0,152404;0,392169;0,019227;0,148811;0,382924;-0,066058;0,152321;0,391957;0,017710;0,148689;0,382610;-0,041113;0,151188;0,389040
00:00:29.662;645;6;6;6;5;116,875364;178,965636;168,599286;93,638653;151,612347;73,057651;-142,936761;149,593675;171,453160;179,714312;31,398721;6,707534;80,249472;-63,112485;-0,197595;-0,253477;0,980429;-0,212934;-0,285182;0,974373;-0,210190;-0,289141;0,982441;-0,208237;-0,293791;0,992757;-0,231566;-0,271658;0,954682;-0,243891;-0,266486;0,952842;-0,257743;-0,259101;0,948479;-0,214841;-0,264489;0,956828;-0,298751;-0,223284;0,953606;-0,178661;-0,222957;0,986465;-0,202575;-0,209528;0,968868;-0,077650;-0,092044;1,095603;-0,348053;-0,027403;0,896029;0,012775;0,151172;0,967413;-0,339816;0,222544;0,814671;0,040291;0,093124;0,688173;-0,132475;0,211685;0,845357;0,060307;0,087989;0,664514;-0,066123;0,220324;0,868562;0,059314;0,075253;0,712585;-0,068311;0,211259;0,928971;0,044221;0,076730;0,717076;-0,086207;0,207075;0,923967;-0,020959;0,167767;0,482100;-0,105349;0,154647;0,397940;0,005848;0,150416;0,387053;-0,083419;0,154173;0,396723;0,017087;0,148831;0,382975;-0,064948;0,152245;0,391760;0,019473;0,148821;0,382950;-0,065354;0,152055;0,391272;0,018034;0,148606;0,382396;-0,040670;0,151183;0,389026
00:00:29.709;646;6;6;6;5;116,554800;179,222814;168,490286;93,609378;154,002372;75,388704;-142,543153;149,496198;171,413274;177,134595;32,502113;-6,915041;84,938640;-66,388482;-0,197939;-0,253166;0,979229;-0,213162;-0,285042;0,973892;-0,210318;-0,288993;0,981936;-0,208181;-0,293713;0,992492;-0,231871;-0,271490;0,954093;-0,244042;-0,266306;0,952197;-0,258076;-0,258958;0,947962;-0,214728;-0,264409;0,956538;-0,298863;-0,223234;0,953394;-0,178913;-0,222841;0,985952;-0,202739;-0,209462;0,968564;-0,077917;-0,092263;1,095742;-0,348377;-0,027522;0,896719;0,013523;0,151034;0,985468;-0,340082;0,222576;0,814786;0,038345;0,095821;0,688462;-0,131366;0,211740;0,845582;0,056582;0,091958;0,664334;-0,065337;0,220716;0,870115;0,054147;0,080099;0,715530;-0,067332;0,210907;0,931781;0,039368;0,080929;0,717399;-0,085019;0,206797;0,924678;-0,020599;0,164341;0,472265;-0,105397;0,154655;0,397961;0,006004;0,150409;0,387035;-0,083215;0,154347;0,397170;0,017273;0,149378;0,384384;-0,064639;0,152550;0,392544;0,019632;0,148828;0,382968;-0,065127;0,152426;0,392227;0,018244;0,148552;0,382258;-0,040383;0,151179;0,389017
00:00:29.755;647;6;6;6;5;116,971456;179,065824;168,588809;93,615294;140,856243;58,372431;-143,135404;149,463516;171,402387;-170,737731;33,649371;6,880640;70,377308;66,048188;-0,198162;-0,252965;0,978449;-0,213156;-0,284745;0,972880;-0,210326;-0,288793;0,981259;-0,208145;-0,293662;0,992320;-0,231899;-0,271182;0,953011;-0,244050;-0,266091;0,951428;-0,258292;-0,258865;0,947625;-0,214497;-0,264163;0,955650;-0,299046;-0,223283;0,953606;-0,179205;-0,222924;0,986319;-0,203249;-0,209268;0,967667;-0,078091;-0,093029;1,095832;-0,348316;-0,027578;0,896467;0,014154;0,135306;0,894304;-0,340256;0,222596;0,814861;0,037836;0,099002;0,695651;-0,130538;0,211601;0,845028;0,055047;0,095922;0,670867;-0,064827;0,220971;0,871125;0,049437;0,085024;0,715345;-0,066647;0,211054;0,932908;0,035437;0,085020;0,718659;-0,084806;0,206694;0,925491;-0,021165;0,168446;0,484072;-0,105428;0,154660;0,397975;0,006105;0,150404;0,387022;-0,082937;0,154188;0,396760;0,017394;0,149734;0,385300;-0,064495;0,152884;0,393404;0,019736;0,148832;0,382979;-0,065037;0,152804;0,393197;0,018380;0,148517;0,382167;-0,040124;0,150905;0,388311
00:00:29.804;648;6;6;6;5;116,994082;179,143571;168,644159;93,628615;133,851680;48,897105;-143,282989;149,324970;171,419393;-162,951930;33,790338;6,927285;67,263282;62,850954;-0,198236;-0,252743;0,977592;-0,213307;-0,284758;0,972922;-0,210407;-0,288767;0,981168;-0,208195;-0,293733;0,992558;-0,231918;-0,270982;0,952307;-0,243965;-0,265853;0,950578;-0,258241;-0,258076;0,946706;-0,214347;-0,264004;0,955072;-0,299055;-0,222691;0,953394;-0,179076;-0,222582;0,984807;-0,203358;-0,208915;0,966033;-0,078178;-0,093497;1,095541;-0,348412;-0,027625;0,896654;0,014976;0,124671;0,835048;-0,340514;0,222705;0,815260;0,036732;0,101578;0,701023;-0,130108;0,211686;0,845368;0,054158;0,100702;0,681764;-0,064469;0,221047;0,871431;0,045950;0,090211;0,714874;-0,066201;0,211149;0,933640;0,032445;0,089635;0,718779;-0,084667;0,206627;0,926019;-0,021209;0,168558;0,484397;-0,105449;0,154664;0,397984;0,005950;0,150401;0,387015;-0,082458;0,153949;0,396144;0,017473;0,149966;0,385895;-0,064626;0,153101;0,393962;0,019803;0,148835;0,382986;-0,064979;0,153049;0,393828;0,018469;0,148494;0,382109;-0,040286;0,151134;0,388902
00:00:29.839;649;6;6;6;5;117,291508;179,332396;168,843541;93,663723;129,768638;41,976040;-143,727970;149,153819;171,453864;-157,944295;33,259859;6,691856;51,323702;65,482064;-0,198213;-0,252509;0,976685;-0,213250;-0,284561;0,972249;-0,210309;-0,288543;0,980409;-0,208154;-0,293675;0,992363;-0,231673;-0,270553;0,950800;-0,243731;-0,265503;0,949326;-0,258016;-0,257373;0,945409;-0,214092;-0,263707;0,953997;-0,298731;-0,222062;0,952206;-0,178992;-0,222360;0,983825;-0,203429;-0,208685;0,964972;-0,078210;-0,093771;1,095002;-0,348202;-0,027634;0,896075;0,016309;0,117195;0,795481;-0,340683;0,222776;0,815519;0,036367;0,104303;0,703465;-0,129720;0,211566;0,844889;0,053365;0,104485;0,680796;-0,064006;0,221281;0,868480;0,044455;0,094295;0,713868;-0,065789;0,211873;0,932366;0,031305;0,093812;0,718506;-0,085007;0,206875;0,925312;-0,021592;0,171720;0,492658;-0,105369;0,154530;0,397639;0,005845;0,150263;0,386659;-0,082517;0,154065;0,396444;0,016864;0,150116;0,386282;-0,065149;0,152698;0,392926;0,019847;0,148837;0,382991;-0,065601;0,152664;0,392838;0,018527;0,148480;0,382071;-0,040391;0,151284;0,389286
00:00:29.880;650;6;6;6;5;116,649561;179,451187;169,029063;93,652479;127,365334;34,988783;-142,585181;148,948926;171,394948;-154,760643;33,071965;-6,760938;40,730731;68,378168;-0,198341;-0,252537;0,976795;-0,213137;-0,284330;0,971462;-0,210170;-0,288295;0,979566;-0,208054;-0,293534;0,991886;-0,231685;-0,270473;0,950520;-0,243668;-0,265373;0,948862;-0,257871;-0,256915;0,944566;-0,213927;-0,263513;0,953298;-0,298521;-0,221654;0,951434;-0,179001;-0,222295;0,983536;-0,203001;-0,208611;0,964632;-0,077633;-0,093979;1,095001;-0,348066;-0,027640;0,895699;0,017605;0,112023;0,770463;-0,341256;0,222822;0,815687;0,036532;0,107687;0,705052;-0,129841;0,211792;0,843878;0,053036;0,108908;0,682618;-0,064144;0,221742;0,865862;0,043783;0,099113;0,711464;-0,065497;0,212264;0,931188;0,030564;0,098979;0,718329;-0,085261;0,207115;0,925203;-0,020658;0,164600;0,471078;-0,105317;0,154443;0,397416;0,005776;0,150173;0,386429;-0,082556;0,154141;0,396638;0,016179;0,149534;0,384783;-0,065726;0,152980;0,393652;0,019876;0,148838;0,382994;-0,066244;0,152958;0,393595;0,017695;0,148470;0,382046;-0,042069;0,152333;0,391986
00:00:29.928;651;6;6;6;5;116,253059;179,448072;168,973701;93,696305;126,933842;31,048837;-141,764329;148,766302;171,197216;-154,505973;32,691723;6,916996;41,915156;-64,473351;-0,198424;-0,252556;0,976867;-0,213140;-0,284283;0,971300;-0,210155;-0,288237;0,979368;-0,207989;-0,293442;0,991576;-0,231608;-0,270322;0,949988;-0,243537;-0,265191;0,948210;-0,257776;-0,256618;0,944018;-0,213819;-0,263388;0,952844;-0,298494;-0,221469;0,951282;-0,179007;-0,222253;0,983349;-0,202722;-0,208564;0,964411;-0,077282;-0,094145;1,095351;-0,347604;-0,027654;0,895804;0,019672;0,110927;0,767151;-0,341336;0,222661;0,815097;0,036676;0,110807;0,706784;-0,129865;0,211851;0,842871;0,053170;0,113753;0,688352;-0,064207;0,221952;0,863810;0,042964;0,103105;0,710252;-0,065234;0,212805;0,929372;0,030352;0,104183;0,724864;-0,085393;0,207193;0,924782;-0,020035;0,160338;0,456701;-0,105284;0,154386;0,397270;0,005512;0,150115;0,386279;-0,082954;0,154462;0,397465;0,015490;0,148883;0,383109;-0,066550;0,153163;0,394124;0,018571;0,148703;0,382646;-0,067051;0,153013;0,393737;0,016937;0,148464;0,382030;-0,043612;0,153015;0,393741
00:00:29.975;652;6;6;6;5;115,981848;179,467912;169,029660;93,740567;127,837435;30,738072;-141,116330;148,619685;171,079964;-156,393354;32,541498;6,836805;43,087966;-61,892231;-0,198335;-0,252387;0,976213;-0,212989;-0,284047;0,970495;-0,209995;-0,287993;0,978539;-0,207873;-0,293279;0,991024;-0,231386;-0,270024;0,948942;-0,243452;-0,264533;0,947787;-0,257810;-0,256520;0,944012;-0,213435;-0,262919;0,951148;-0,298476;-0,221349;0,951183;-0,179074;-0,222304;0,983577;-0,202541;-0,208533;0,964267;-0,077079;-0,094282;1,095928;-0,347303;-0,027664;0,895873;0,022396;0,112368;0,780048;-0,341534;0,222651;0,815063;0,037117;0,114675;0,706860;-0,129881;0,211889;0,842216;0,053382;0,117856;0,688579;-0,064196;0,221907;0,861777;0,042793;0,107197;0,708764;-0,065112;0,213318;0,928892;0,030442;0,108510;0,724562;-0,085479;0,207243;0,924508;-0,019568;0,157556;0,445955;-0,105262;0,154350;0,397176;0,005120;0,150077;0,386181;-0,083366;0,154535;0,397652;0,014634;0,148732;0,382721;-0,067167;0,152467;0,392330;0,017275;0,148479;0,382070;-0,067714;0,152369;0,392079;0,015970;0,148052;0,380969;-0,045025;0,153322;0,394532
00:00:30.022;653;6;6;6;5;115,838545;179,033293;169,069769;93,779326;132,404562;40,668747;-140,549008;148,650760;170,976919;-163,665962;32,084373;7,237778;43,878212;56,204911;-0,198349;-0,252368;0,976139;-0,212890;-0,283894;0,969972;-0,209966;-0,287937;0,978350;-0,207872;-0,293276;0,991016;-0,231328;-0,269930;0,948612;-0,243577;-0,264300;0,948211;-0,257580;-0,256742;0,945058;-0,213343;-0,262808;0,950747;-0,298685;-0,221434;0,951819;-0,178991;-0,222180;0,983025;-0,202497;-0,208588;0,964524;-0,076947;-0,094372;1,096303;-0,346837;-0,027648;0,895217;0,026176;0,119515;0,831831;-0,341369;0,222454;0,814341;0,037442;0,117713;0,707609;-0,129891;0,211913;0,841790;0,053828;0,121113;0,687676;-0,065029;0,221911;0,858705;0,043105;0,110316;0,708146;-0,065560;0,213651;0,928580;0,030912;0,111735;0,724365;-0,085503;0,207723;0,923980;-0,019250;0,155865;0,438621;-0,105248;0,154326;0,397114;0,004430;0,150188;0,386468;-0,083934;0,154718;0,398124;0,013425;0,148634;0,382469;-0,067975;0,152422;0,392215;0,015577;0,148470;0,382046;-0,068903;0,152630;0,392751;0,014511;0,148192;0,381330;-0,046839;0,154202;0,396796
00:00:30.070;654;6;6;6;5;115,751287;178,760324;169,186170;93,838563;135,971798;46,602968;-140,084337;148,710168;170,924343;-168,607143;31,499482;7,619634;39,508752;53,344274;-0,198215;-0,252174;0,975390;-0,212673;-0,283590;0,968932;-0,209722;-0,287592;0,977178;-0,207650;-0,292964;0,989960;-0,231290;-0,269869;0,948398;-0,243748;-0,264247;0,948837;-0,257526;-0,256981;0,946087;-0,213282;-0,262736;0,950485;-0,298387;-0,221571;0,952583;-0,178937;-0,222099;0,982666;-0,202468;-0,208624;0,964690;-0,076284;-0,094490;1,097247;-0,346534;-0,027638;0,894791;0,028683;0,124891;0,866890;-0,341409;0,222422;0,814222;0,037727;0,120742;0,709496;-0,130431;0,212018;0,841864;0,054146;0,123686;0,687439;-0,066139;0,222187;0,857758;0,043286;0,112688;0,707395;-0,066278;0,214070;0,926977;0,031233;0,114300;0,724587;-0,086076;0,208113;0,923987;-0,019043;0,154765;0,433854;-0,105238;0,154310;0,397074;0,003762;0,150397;0,387004;-0,084304;0,154837;0,398431;0,012214;0,148706;0,382655;-0,069010;0,152528;0,392490;0,014473;0,148464;0,382030;-0,069901;0,152800;0,393188;0,013345;0,148283;0,381565;-0,048246;0,154774;0,398267
00:00:30.117;655;6;6;6;5;115,576454;178,508039;169,159805;93,850996;139,687105;52,543823;-139,931740;148,914553;170,912775;-173,652001;30,898175;-7,765200;39,179166;-54,243325;-0,197986;-0,251867;0,974204;-0,212531;-0,283392;0,968256;-0,209563;-0,287368;0,976416;-0,207433;-0,292657;0,988924;-0,230895;-0,270029;0,948959;-0,243318;-0,264211;0,949244;-0,256951;-0,257136;0,946757;-0,213243;-0,262689;0,950315;-0,298412;-0,221822;0,953779;-0,178965;-0,222125;0,982783;-0,202449;-0,208648;0,964799;-0,075806;-0,093883;1,097161;-0,346608;-0,027653;0,895214;0,030689;0,129905;0,900179;-0,341582;0,222496;0,814494;0,037857;0,122930;0,709672;-0,130782;0,212085;0,841911;0,054269;0,125551;0,686236;-0,067291;0,222184;0,856443;0,043828;0,114690;0,707257;-0,067191;0,214099;0,924885;0,031822;0,116264;0,724032;-0,086416;0,208288;0,923642;-0,018832;0,153422;0,429005;-0,105232;0,154300;0,397048;0,003108;0,150532;0,387353;-0,084471;0,154371;0,397230;0,011200;0,148617;0,382425;-0,069683;0,152598;0,392668;0,013755;0,148460;0,382019;-0,070549;0,152910;0,393472;0,012588;0,148342;0,381717;-0,049208;0,154601;0,397824
00:00:30.163;656;6;6;6;5;115,460045;178,244175;169,286690;93,963267;142,070835;56,221097;-139,712914;149,063349;170,830177;-176,529903;30,541358;8,109346;38,571637;54,022538;-0,197637;-0,252120;0,975182;-0,212362;-0,283161;0,967466;-0,209385;-0,287119;0,975570;-0,207218;-0,292354;0,987901;-0,230267;-0,270332;0,950023;-0,242587;-0,264286;0,949859;-0,256225;-0,257427;0,947892;-0,213375;-0,262852;0,950905;-0,298428;-0,221986;0,954556;-0,179047;-0,222221;0,983209;-0,202437;-0,208663;0,964869;-0,075495;-0,093488;1,097104;-0,346520;-0,027652;0,895139;0,031905;0,133353;0,919366;-0,342158;0,222544;0,814671;0,038326;0,124289;0,709437;-0,130956;0,212041;0,841592;0,054738;0,126763;0,685453;-0,068439;0,222393;0,854538;0,044158;0,115933;0,706817;-0,067759;0,214036;0,923175;0,032222;0,117599;0,724021;-0,087095;0,208244;0,922717;-0,018901;0,152297;0,425153;-0,105228;0,154293;0,397031;0,002681;0,150484;0,387229;-0,084579;0,154067;0,396449;0,010550;0,148696;0,382627;-0,069804;0,151963;0,391034;0,012864;0,148593;0,382363;-0,070937;0,152438;0,392257;0,011669;0,148517;0,382166;-0,049697;0,154761;0,398235
00:00:30.211;657;6;6;6;5;115,354148;178,625335;169,280864;93,885328;143,686672;58,648511;-139,713361;149,144325;170,781647;-178,477483;30,558258;-8,100227;38,077101;55,557420;-0,197481;-0,252375;0,976169;-0,211855;-0,283216;0,967653;-0,208938;-0,287266;0,976071;-0,207079;-0,292157;0,987236;-0,229942;-0,270628;0,951065;-0,242201;-0,264432;0,950608;-0,255306;-0,257711;0,948980;-0,213539;-0,263054;0,951638;-0,297677;-0,221929;0,954362;-0,179228;-0,222442;0,984186;-0,201953;-0,208748;0,965265;-0,075292;-0,093231;1,097068;-0,346734;-0,027673;0,895791;0,032695;0,135594;0,931838;-0,342680;0,222671;0,815136;0,038650;0,125235;0,709634;-0,131437;0,212314;0,840685;0,055043;0,127551;0,684945;-0,069185;0,222530;0,853300;0,044417;0,117261;0,707231;-0,068075;0,214354;0,921364;0,032465;0,118409;0,723663;-0,087436;0,208500;0,921066;-0,018947;0,151566;0,422650;-0,105226;0,154289;0,397020;0,002407;0,150725;0,387849;-0,084650;0,153870;0,395942;0,010127;0,148746;0,382757;-0,070072;0,151958;0,391022;0,012285;0,148680;0,382586;-0,071318;0,152403;0,392167;0,011073;0,148630;0,382458;-0,050059;0,155001;0,398853
00:00:30.257;658;6;6;6;5;115,347972;178,720459;169,052968;93,776652;136,158862;46,126485;-139,902405;149,236284;170,719028;-169,503832;30,176232;8,107169;34,782948;-60,810000;-0,197308;-0,252451;0,976460;-0,211526;-0,283251;0,967775;-0,208573;-0,287259;0,976046;-0,206988;-0,292030;0,986803;-0,229189;-0,270821;0,951742;-0,241496;-0,264624;0,951445;-0,254353;-0,258086;0,950387;-0,213646;-0,263186;0,952115;-0,297407;-0,222055;0,954935;-0,178974;-0,222823;0,985871;-0,201784;-0,208955;0,966222;-0,075161;-0,093064;1,097044;-0,347009;-0,028209;0,896564;0,030679;0,126704;0,869245;-0,342724;0,222563;0,814739;0,039245;0,125384;0,709412;-0,131749;0,212491;0,840095;0,055128;0,127799;0,683214;-0,069554;0,222733;0,851095;0,044585;0,117721;0,707500;-0,068334;0,214725;0,920887;0,032639;0,118993;0,723781;-0,087691;0,208746;0,920343;-0,018976;0,151091;0,421022;-0,105230;0,154967;0,398763;0,002230;0,151018;0,388602;-0,084846;0,154014;0,396312;0,009860;0,148915;0,383192;-0,070247;0,151955;0,391015;0,011909;0,148736;0,382731;-0,071566;0,152380;0,392109;0,010685;0,148704;0,382648;-0,050295;0,155157;0,399254
00:00:30.305;659;6;6;6;5;115,341044;178,784829;168,827296;93,691550;140,627928;53,820234;-140,052117;149,299397;170,662585;-175,205963;29,703667;-8,296383;35,766405;61,458072;-0,197061;-0,253602;0,978749;-0,211464;-0,283479;0,968553;-0,208485;-0,287460;0,976730;-0,207002;-0,292050;0,986872;-0,229034;-0,271345;0,953583;-0,241214;-0,264943;0,952690;-0,253827;-0,258425;0,951651;-0,213951;-0,263562;0,953475;-0,297340;-0,222219;0,955658;-0,178683;-0,222912;0,986266;-0,201601;-0,209014;0,966494;-0,075100;-0,092985;1,097379;-0,347323;-0,028568;0,897417;0,032212;0,132553;0,908009;-0,342753;0,222492;0,814480;0,039612;0,125418;0,708918;-0,132008;0,212695;0,840062;0,055211;0,127639;0,682439;-0,069852;0,223050;0,850362;0,044739;0,118137;0,708375;-0,068475;0,214885;0,920226;0,032720;0,119257;0,723158;-0,087823;0,208826;0,919523;-0,019043;0,151159;0,421014;-0,105050;0,155135;0,399196;0,002116;0,151208;0,389091;-0,085198;0,154516;0,397603;0,009906;0,149025;0,383475;-0,070360;0,151953;0,391009;0,011664;0,148773;0,382825;-0,071727;0,152366;0,392071;0,010433;0,148752;0,382771;-0,050448;0,155259;0,399515
00:00:30.351;660;6;6;6;5;115,336584;178,466624;168,764850;93,652542;133,630711;41,413127;-140,149746;149,480534;170,646888;-166,306428;29,152126;8,351697;34,872195;-68,624877;-0,197039;-0,254532;0,980937;-0,211272;-0,283422;0,968360;-0,208354;-0,287488;0,976824;-0,206669;-0,292374;0,987967;-0,228933;-0,271685;0,954779;-0,240488;-0,265694;0,953498;-0,253485;-0,258645;0,952473;-0,214149;-0,263806;0,954359;-0,297622;-0,222569;0,957178;-0,178620;-0,223691;0,987223;-0,201701;-0,209280;0,967721;-0,075060;-0,092934;1,097596;-0,347527;-0,028802;0,897971;0,030102;0,123235;0,846406;-0,342919;0,222542;0,814662;0,039750;0,125131;0,706847;-0,132176;0,212827;0,840040;0,055038;0,127011;0,679135;-0,070016;0,223164;0,849535;0,044794;0,118291;0,708244;-0,068515;0,214824;0,919097;0,032741;0,119312;0,722053;-0,087875;0,208799;0,918640;-0,019087;0,151204;0,421009;-0,104933;0,155244;0,399477;0,002041;0,151331;0,389409;-0,085353;0,154706;0,398092;0,009954;0,149369;0,384359;-0,070560;0,152224;0,391706;0,011536;0,149204;0,383936;-0,071832;0,152356;0,392046;0,010516;0,149191;0,383901;-0,050591;0,155461;0,400035
00:00:30.399;661;6;6;6;5;115,354851;178,215204;168,792166;93,643320;129,670290;32,909805;-140,423693;149,651960;170,676574;-160,688550;28,893872;8,424248;29,587486;-76,337642;-0,197096;-0,255789;0,982709;-0,211146;-0,283386;0,968234;-0,208268;-0,287506;0,976886;-0,206525;-0,292688;0,989028;-0,228868;-0,271906;0,955556;-0,240103;-0,266281;0,954374;-0,253355;-0,258883;0,953358;-0,214278;-0,263965;0,954933;-0,297805;-0,222797;0,958165;-0,178389;-0,223959;0,986795;-0,201141;-0,209376;0,968169;-0,074986;-0,092842;1,097038;-0,347659;-0,028954;0,898331;0,028694;0,117027;0,805314;-0,343174;0,222670;0,815130;0,039841;0,123344;0,705500;-0,132285;0,212913;0,840026;0,054669;0,124503;0,673838;-0,070181;0,223423;0,849698;0,044764;0,116610;0,707109;-0,068488;0,214621;0,917663;0,032723;0,117597;0,720634;-0,087876;0,208701;0,917716;-0,019163;0,151610;0,422056;-0,104629;0,155315;0,399660;0,001992;0,151412;0,389616;-0,085453;0,154829;0,398410;0,010224;0,149864;0,385633;-0,070467;0,152400;0,392159;0,011694;0,149757;0,385359;-0,071517;0,152486;0,392380;0,010810;0,149748;0,385336;-0,050000;0,155592;0,400373
00:00:30.445;662;6;6;6;5;115,428444;177,925941;169,007084;93,674079;127,279726;28,078701;-140,310284;149,809659;170,678113;-156,717733;29,372262;8,342892;40,179384;81,525761;-0,197132;-0,256606;0,983861;-0,211294;-0,284221;0,969202;-0,208436;-0,288385;0,977976;-0,206722;-0,293873;0,991119;-0,228909;-0,272695;0,956412;-0,239941;-0,266759;0,955293;-0,253363;-0,259677;0,954283;-0,214440;-0,264165;0,955657;-0,297925;-0,222945;0,958808;-0,178239;-0,224133;0,986517;-0,200778;-0,209991;0,968460;-0,075611;-0,092841;1,097374;-0,347475;-0,029030;0,897865;0,027340;0,112891;0,777904;-0,343340;0,222753;0,815435;0,039481;0,119763;0,697275;-0,132301;0,212880;0,839667;0,054287;0,121431;0,668645;-0,070318;0,223198;0,850154;0,044766;0,113564;0,706721;-0,068523;0,214653;0,917431;0,032695;0,114387;0,719362;-0,087977;0,208877;0,918165;-0,019260;0,152008;0,423786;-0,104432;0,155361;0,399779;0,001961;0,151464;0,389750;-0,085138;0,155045;0,398966;0,010630;0,150322;0,386812;-0,068425;0,150066;0,386153;0,011796;0,150117;0,386283;-0,070825;0,152978;0,393647;0,011884;0,150111;0,386268;-0,049616;0,155677;0,400592
00:00:30.491;663;6;6;6;5;115,477352;177,820539;169,054729;93,672447;125,822548;24,663390;-140,447371;150,016768;170,680048;-154,066402;29,429932;-7,362247;51,785199;83,315393;-0,197016;-0,256954;0,983910;-0,211542;-0,284971;0,970531;-0,208694;-0,289163;0,979384;-0,206924;-0,294747;0,992827;-0,228852;-0,273107;0,956617;-0,239835;-0,267071;0,955890;-0,253369;-0,260193;0,954884;-0,214546;-0,264295;0,956127;-0,298002;-0,223041;0,959225;-0,178268;-0,224967;0,987036;-0,200614;-0,210466;0,968999;-0,076591;-0,092781;1,096893;-0,347490;-0,029090;0,897912;0,024775;0,110050;0,759038;-0,343448;0,222807;0,815633;0,039347;0,116552;0,693679;-0,132311;0,212859;0,839434;0,054238;0,116833;0,667719;-0,069382;0,222869;0,849750;0,045215;0,108066;0,707168;-0,068599;0,214315;0,917980;0,032709;0,109132;0,719235;-0,088009;0,208912;0,918108;-0,019355;0,152518;0,425611;-0,104303;0,155391;0,399857;0,002160;0,151362;0,389488;-0,084551;0,155322;0,399678;0,011768;0,150484;0,387228;-0,067689;0,151405;0,389600;0,011863;0,150350;0,386884;-0,069475;0,153298;0,394470;0,013625;0,149802;0,385474;-0,046492;0,154373;0,397235
00:00:30.538;664;6;6;6;5;115,567784;177,966914;169,077674;93,671468;134,296308;42,951308;-140,721588;150,085082;170,690842;-166,304655;30,340648;7,370137;16,067412;75,307958;-0,197010;-0,257272;0,984291;-0,211551;-0,285252;0,970695;-0,208788;-0,289565;0,979950;-0,207055;-0,295315;0,993938;-0,228815;-0,273375;0,956751;-0,239766;-0,267273;0,956279;-0,253279;-0,260433;0,954924;-0,214614;-0,264380;0,956432;-0,297835;-0,222941;0,958796;-0,178413;-0,225670;0,988073;-0,200579;-0,210852;0,969699;-0,077204;-0,092713;1,096231;-0,347500;-0,029130;0,897943;0,024247;0,122715;0,851074;-0,343519;0,222842;0,815761;0,040784;0,119149;0,725991;-0,132318;0,212845;0,839282;0,054234;0,112003;0,667467;-0,068997;0,222901;0,852287;0,046313;0,102880;0,707459;-0,068150;0,214176;0,918687;0,033177;0,104629;0,720203;-0,087540;0,209014;0,918420;-0,019528;0,153477;0,429247;-0,104220;0,155411;0,399907;0,002736;0,151432;0,389667;-0,082996;0,154142;0,396641;0,012507;0,150589;0,387498;-0,065858;0,152276;0,391840;0,014098;0,150366;0,386925;-0,067019;0,153506;0,395006;0,014757;0,149602;0,384958;-0,043093;0,153389;0,394703
00:00:30.584;665;6;6;5;5;115,632263;178,060682;169,168315;93,695292;139,769384;50,762466;-141,000677;150,238116;170,727739;-172,717725;31,092124;6,884816;-11,485585;72,229680;-0,197077;-0,257570;0,984889;-0,211557;-0,285435;0,970802;-0,208923;-0,289930;0,980667;-0,207212;-0,295789;0,995009;-0,228875;-0,273650;0,957188;-0,239722;-0,267405;0,956531;-0,253129;-0,260493;0,954601;-0,214659;-0,264435;0,956631;-0,297727;-0,223421;0,958518;-0,178571;-0,226207;0,989098;-0,200557;-0,211102;0,970155;-0,077577;-0,092638;1,095450;-0,347507;-0,029156;0,897963;0,023033;0,129554;0,897248;-0,343712;0,222961;0,816195;0,042628;0,122483;0,763444;-0,132377;0,212925;0,839533;0,054459;0,108527;0,670104;-0,068286;0,223012;0,854287;0,047074;0,098389;0,708349;-0,067961;0,213886;0,920547;0,033481;0,100881;0,720832;-0,087302;0,208715;0,919323;-0,019689;0,153975;0,432661;-0,104166;0,155424;0,399939;0,003110;0,151477;0,389784;-0,081762;0,153374;0,394667;0,014030;0,150113;0,386274;-0,064552;0,153114;0,393996;0,015771;0,150376;0,386951;-0,065080;0,153914;0,396054;0,017080;0,149879;0,385673;-0,040916;0,152885;0,393407
00:00:30.631;666;6;6;5;5;115,706984;177,551911;169,414692;93,838096;144,092463;58,055423;-141,052537;150,580417;170,873114;-176,278912;29,779170;6,907839;-9,071742;66,809504;-0,197120;-0,257764;0,985278;-0,211561;-0,285553;0,970871;-0,209011;-0,290167;0,981134;-0,207315;-0,296097;0,995706;-0,228913;-0,273828;0,957472;-0,239693;-0,268035;0,956695;-0,253124;-0,260628;0,954741;-0,214688;-0,264470;0,956760;-0,297982;-0,223979;0,959386;-0,178547;-0,226396;0,989064;-0,200542;-0,211265;0,970451;-0,077820;-0,092590;1,094943;-0,347614;-0,029138;0,896926;0,019996;0,135573;0,926562;-0,343837;0,223038;0,816477;0,046396;0,120824;0,790939;-0,133597;0,212852;0,841097;0,059639;0,102212;0,676018;-0,068256;0,222416;0,854886;0,054265;0,091292;0,711377;-0,068338;0,213616;0,921405;0,040668;0,095220;0,732791;-0,087604;0,208363;0,919210;-0,019793;0,154298;0,434879;-0,104131;0,155432;0,399961;0,003131;0,151506;0,389859;-0,082429;0,154372;0,397233;0,014801;0,149804;0,385478;-0,063820;0,153386;0,394697;0,016841;0,150247;0,386618;-0,064163;0,153906;0,396035;0,018114;0,149788;0,385437;-0,039502;0,152558;0,392564
00:00:30.677;667;6;6;5;5;115,755705;177,224292;169,490953;93,910335;147,768292;64,689242;-141,086710;150,803181;170,947599;-179,147621;28,944929;6,310985;-7,723392;59,555543;-0,197288;-0,258073;0,986231;-0,211563;-0,285631;0,970916;-0,209068;-0,290322;0,981437;-0,207382;-0,296297;0,996159;-0,228939;-0,273944;0,957657;-0,239674;-0,268444;0,956802;-0,253120;-0,260715;0,954831;-0,214785;-0,264590;0,957194;-0,298148;-0,224341;0,959951;-0,178595;-0,226599;0,989391;-0,200605;-0,212000;0,970993;-0,077977;-0,092559;1,094613;-0,347684;-0,029127;0,896252;0,018084;0,140679;0,949815;-0,343771;0,222992;0,816310;0,051337;0,117129;0,803560;-0,134757;0,212628;0,841413;0,065939;0,096762;0,681611;-0,068126;0,221666;0,853876;0,061647;0,084904;0,711945;-0,069108;0,213441;0,921963;0,048869;0,088066;0,731814;-0,087867;0,208292;0,919836;-0,019861;0,154509;0,436322;-0,104108;0,155437;0,399974;0,002919;0,151253;0,389209;-0,082871;0,154612;0,397852;0,014907;0,150011;0,386011;-0,064475;0,154108;0,396553;0,017537;0,150163;0,386402;-0,064867;0,154310;0,397073;0,018785;0,149728;0,385284;-0,039472;0,152345;0,392017
00:00:30.724;668;6;6;5;5;115,801530;177,141287;169,479649;93,850468;151,775634;72,173226;-141,086796;150,782436;171,073860;177,662902;29,680734;-6,408595;-5,615572;-50,359866;-0,197397;-0,258274;0,986850;-0,211641;-0,285784;0,971296;-0,209254;-0,290629;0,982334;-0,207644;-0,296739;0,997503;-0,228955;-0,274019;0,957777;-0,239662;-0,268710;0,956871;-0,253118;-0,260772;0,954890;-0,214848;-0,264668;0,957476;-0,298585;-0,224413;0,959618;-0,178562;-0,226650;0,989254;-0,200718;-0,212555;0,971695;-0,078105;-0,092568;1,094748;-0,348102;-0,029108;0,895464;0,017565;0,146642;0,974730;-0,343581;0,222867;0,815851;0,059677;0,109827;0,806164;-0,135875;0,212305;0,840918;0,077414;0,089011;0,690147;-0,069214;0,221323;0,855670;0,074777;0,075433;0,716864;-0,070106;0,213246;0,921976;0,061463;0,078576;0,732929;-0,088562;0,208246;0,920244;-0,019671;0,154769;0,437609;-0,104093;0,155441;0,399983;0,002780;0,151089;0,388786;-0,083538;0,154632;0,397904;0,014755;0,150145;0,386357;-0,065632;0,154168;0,396710;0,017111;0,150108;0,386261;-0,066278;0,154164;0,396697;0,017922;0,149826;0,385535;-0,039899;0,151390;0,389561
00:00:30.771;669;6;6;5;5;116,540568;177,137823;169,485291;93,818507;154,533467;77,470029;-142,234990;150,824724;171,150870;175,510952;29,939381;6,468684;-2,868622;47,803494;-0,197468;-0,258405;0,987253;-0,211691;-0,285883;0,971542;-0,209375;-0,290829;0,982917;-0,207887;-0,297131;0,998727;-0,228966;-0,274068;0,957855;-0,240110;-0,268785;0,956566;-0,253116;-0,260809;0,954929;-0,214889;-0,265264;0,957660;-0,298978;-0,225088;0,959752;-0,178352;-0,226443;0,988115;-0,200647;-0,212762;0,971452;-0,078238;-0,092633;1,095536;-0,348510;-0,029107;0,895301;0,017828;0,151263;0,991974;-0,343605;0,222881;0,815903;0,069223;0,100056;0,795257;-0,137080;0,212096;0,840597;0,090153;0,080338;0,691146;-0,069950;0,221190;0,857185;0,089263;0,065626;0,721112;-0,070701;0,212958;0,921285;0,074764;0,068690;0,734354;-0,088946;0,208058;0,919808;-0,020576;0,163212;0,461896;-0,104083;0,155443;0,399989;0,002690;0,150982;0,388511;-0,084424;0,155054;0,398987;0,014656;0,150233;0,386582;-0,067123;0,154344;0,397161;0,016657;0,150481;0,387220;-0,067933;0,154205;0,396803;0,016962;0,150297;0,386748;-0,040176;0,150770;0,387965
00:00:30.819;670;6;6;5;5;116,304935;177,510513;169,501985;93,800044;156,350213;81,151785;-141,708055;150,687766;171,195805;174,003668;29,552617;6,832731;4,941047;-47,058223;-0,197724;-0,259328;0,988564;-0,211877;-0,286154;0,972402;-0,209603;-0,291166;0,983996;-0,208190;-0,297594;1,000223;-0,228722;-0,273800;0,956856;-0,240049;-0,268440;0,954968;-0,253379;-0,260547;0,953904;-0,214759;-0,265457;0,957079;-0,299015;-0,225362;0,959139;-0,230268;-0,292430;1,275775;-0,200529;-0,212820;0,970944;-0,078374;-0,092735;1,096749;-0,348912;-0,029118;0,895546;0,018602;0,154430;1,004233;-0,343768;0,222986;0,816287;0,078126;0,090321;0,785017;-0,137921;0,212048;0,840738;0,102756;0,071712;0,693895;-0,070799;0,220744;0,856770;0,104722;0,056243;0,729823;-0,071087;0,212771;0,920835;0,088239;0,059994;0,739480;-0,089788;0,208094;0,920226;-0,020151;0,160550;0,454582;-0,104077;0,155444;0,399993;0,002632;0,150913;0,388332;-0,084924;0,155191;0,399342;0,014397;0,150562;0,387428;-0,068092;0,154458;0,397455;0,016361;0,150723;0,387843;-0,069072;0,154368;0,397222;0,016339;0,150603;0,387536;-0,040356;0,150367;0,386927
00:00:30.866;671;6;6;5;5;116,190169;177,914381;169,469683;93,734951;158,473655;85,245848;-141,292445;150,497530;171,289517;172,006248;27,957615;7,177047;7,935210;45,725013;-0,197751;-0,259744;0,988717;-0,211921;-0,286227;0,972612;-0,209676;-0,291281;0,984348;-0,208518;-0,297270;0,999095;-0,228647;-0,273725;0,956556;-0,240185;-0,268412;0,954629;-0,253550;-0,260376;0,953237;-0,215218;-0,265582;0,956701;-0,298929;-0,225457;0,958390;-0,212024;-0,269280;1,174704;-0,200524;-0,212934;0,970964;-0,078513;-0,092860;1,098237;-0,349173;-0,029125;0,895705;0,020441;0,157636;1,019552;-0,343408;0,223054;0,816537;0,087789;0,081725;0,787811;-0,139543;0,212194;0,841530;0,115958;0,063273;0,700932;-0,072203;0,220094;0,855101;0,119675;0,047399;0,741085;-0,072329;0,212487;0,919843;0,101902;0,051346;0,751912;-0,091347;0,208038;0,920147;-0,019668;0,159189;0,450879;-0,104073;0,155445;0,399995;0,002594;0,150868;0,388216;-0,085325;0,155417;0,399922;0,014228;0,150775;0,387978;-0,068192;0,153852;0,395896;0,016361;0,150608;0,387548;-0,069812;0,154473;0,397494;0,016155;0,150803;0,388048;-0,040474;0,150105;0,386253
00:00:30.903;672;6;6;5;5;116,090889;178,119734;169,506727;93,732214;159,527962;87,863986;-140,775029;150,443098;171,327491;170,556965;26,707753;7,549644;12,895500;-44,680743;-0,197768;-0,260015;0,988816;-0,212102;-0,286481;0,973448;-0,209873;-0,291564;0,985276;-0,208805;-0,297164;0,998712;-0,228598;-0,273677;0,956362;-0,240362;-0,268493;0,954759;-0,253847;-0,260999;0,953504;-0,215596;-0,265761;0,956806;-0,298764;-0,225437;0,957554;-0,200102;-0,254152;1,108657;-0,200521;-0,213008;0,970976;-0,078603;-0,092315;1,099204;-0,349070;-0,028598;0,895108;0,023406;0,160206;1,028809;-0,343028;0,223003;0,816349;0,097424;0,074198;0,787877;-0,141077;0,212288;0,842044;0,128715;0,056309;0,707956;-0,073146;0,219762;0,854366;0,134171;0,040060;0,752605;-0,073136;0,212303;0,919198;0,114941;0,043906;0,758593;-0,092325;0,207923;0,919745;-0,019339;0,158182;0,448121;-0,104525;0,155446;0,399997;0,002569;0,150838;0,388140;-0,085203;0,155700;0,400649;0,014119;0,150914;0,388336;-0,068334;0,154138;0,396632;0,016361;0,150534;0,387356;-0,070129;0,154678;0,398021;0,016699;0,150932;0,388381;-0,040403;0,150206;0,386514
00:00:30.943;673;6;6;6;5;116,021778;178,343228;169,359304;93,681189;160,047810;89,375577;-140,505867;150,296829;171,324376;169,590713;26,093908;7,787174;22,787275;-43,648640;-0,197919;-0,260375;0,989580;-0,212144;-0,286542;0,973641;-0,210001;-0,291747;0,985879;-0,208991;-0,297094;0,998463;-0,228650;-0,274290;0,956585;-0,240477;-0,268545;0,954843;-0,254041;-0,261404;0,953678;-0,215763;-0,265780;0,956524;-0,298657;-0,225423;0,957010;-0,192542;-0,244560;1,066777;-0,200591;-0,213133;0,971335;-0,078060;-0,091990;1,100183;-0,349139;-0,028266;0,895070;0,026514;0,161821;1,034476;-0,342634;0,222874;0,815877;0,104873;0,068779;0,786870;-0,141595;0,212349;0,842379;0,140442;0,051742;0,718821;-0,073728;0,219456;0,853538;0,147385;0,034635;0,767443;-0,073717;0,212345;0,919479;0,127062;0,038467;0,770635;-0,092997;0,207927;0,919834;-0,019155;0,157521;0,447029;-0,104819;0,155446;0,399998;0,002327;0,150411;0,387041;-0,085352;0,155883;0,401122;0,014048;0,151005;0,388568;-0,068941;0,154460;0,397461;0,016361;0,150485;0,387231;-0,070789;0,154811;0,398364;0,017053;0,151016;0,388598;-0,040942;0,150000;0,385984
00:00:30.990;674;6;6;6;5;115,690260;178,519604;169,193658;93,646982;160,945919;91,258137;-139,784674;150,223626;171,293693;168,254512;25,407428;7,851647;22,791823;-38,112873;-0,197737;-0,260240;0,988677;-0,212171;-0,286582;0,973767;-0,210010;-0,291763;0,985922;-0,209038;-0,296945;0,997951;-0,228684;-0,274689;0,956730;-0,240640;-0,268678;0,955248;-0,254260;-0,261763;0,954141;-0,215871;-0,265792;0,956340;-0,298697;-0,225497;0,957006;-0,236585;-0,300514;1,310805;-0,200637;-0,213215;0,971568;-0,077755;-0,091208;1,101519;-0,349321;-0,028062;0,895396;0,029299;0,163096;1,043409;-0,342378;0,222790;0,815570;0,113820;0,065415;0,800916;-0,142471;0,212478;0,842946;0,152398;0,048910;0,735684;-0,074261;0,219707;0,854749;0,159006;0,030243;0,778488;-0,074502;0,212570;0,918261;0,138438;0,034235;0,784763;-0,093290;0,208135;0,918492;-0,018680;0,154141;0,437919;-0,105011;0,155447;0,399999;0,002172;0,150270;0,386677;-0,085449;0,156003;0,401429;0,014001;0,151063;0,388719;-0,069028;0,153990;0,396250;0,016169;0,150726;0,387850;-0,071218;0,154898;0,398587;0,016826;0,150935;0,388389;-0,041293;0,149867;0,385640
00:00:31.035;675;6;6;6;5;115,891534;178,445939;169,100487;93,618557;161,335616;92,188754;-139,887829;150,215931;171,254959;167,405988;25,642244;7,820317;25,553003;-36,009251;-0,197829;-0,260429;0,989140;-0,211786;-0,286815;0,974548;-0,209941;-0,291669;0,985599;-0,208996;-0,296744;0,997268;-0,228622;-0,274847;0,956475;-0,240658;-0,268665;0,955161;-0,254309;-0,261901;0,954091;-0,215941;-0,265800;0,956221;-0,298941;-0,225710;0,957704;-0,216383;-0,274856;1,198873;-0,200667;-0,213268;0,971719;-0,077607;-0,090757;1,103087;-0,349439;-0,027929;0,895607;0,031713;0,163925;1,049216;-0,342212;0,222735;0,815370;0,121699;0,062636;0,808295;-0,142980;0,212473;0,842965;0,162788;0,046632;0,746644;-0,074668;0,220050;0,856237;0,170195;0,027495;0,789517;-0,075042;0,212798;0,917820;0,148601;0,031483;0,793946;-0,093552;0,208429;0,918320;-0,018963;0,156598;0,445997;-0,105135;0,155447;0,399999;0,002071;0,150177;0,386440;-0,085214;0,155536;0,400229;0,013971;0,151101;0,388818;-0,069085;0,153684;0,395462;0,016045;0,150882;0,388253;-0,071082;0,154546;0,397681;0,016678;0,150882;0,388253;-0,041520;0,149779;0,385416
00:00:31.082;676;6;6;6;5;115,936002;178,012021;169,304700;93,637422;161,523313;93,001131;-139,572115;150,451490;171,257072;166,552849;26,450251;-7,913136;24,292491;31,173618;-0,197889;-0,260552;0,989441;-0,211384;-0,286759;0,974356;-0,209822;-0,291505;0,985039;-0,208895;-0,296509;0,996474;-0,228582;-0,274950;0,956309;-0,240670;-0,268657;0,955105;-0,254434;-0,262086;0,954409;-0,215987;-0,265805;0,956144;-0,299319;-0,226014;0,958858;-0,203314;-0,258258;1,126468;-0,200831;-0,213456;0,972517;-0,078139;-0,089834;1,104107;-0,349243;-0,027820;0,895045;0,033922;0,164627;1,054040;-0,342250;0,222796;0,815591;0,129718;0,060958;0,821842;-0,142773;0,212381;0,842627;0,173701;0,045148;0,761819;-0,074871;0,220093;0,856504;0,180286;0,025766;0,798786;-0,074956;0,213190;0,918583;0,158716;0,029407;0,805515;-0,093758;0,208700;0,918558;-0,019014;0,157095;0,448098;-0,105216;0,155447;0,399999;0,001785;0,150118;0,386286;-0,084835;0,155233;0,399449;0,013952;0,151126;0,388881;-0,068776;0,153213;0,394250;0,015964;0,150984;0,388514;-0,070644;0,154045;0,396393;0,016582;0,150848;0,388164;-0,041487;0,149859;0,385620
00:00:31.129;677;6;6;6;5;116,001054;177,474682;169,699176;93,708621;162,502086;94,260118;-139,169226;150,740160;171,294066;165,126184;27,302859;7,936819;27,304819;-26,733663;-0,197788;-0,260448;0,988937;-0,211123;-0,286723;0,974232;-0,209670;-0,291295;0,984326;-0,208756;-0,296253;0,995608;-0,228639;-0,275118;0,956551;-0,240221;-0,268750;0,955418;-0,254065;-0,262303;0,954966;-0,216095;-0,265906;0,956444;-0,299673;-0,226841;0,959958;-0,194820;-0,247470;1,079404;-0,201009;-0,213655;0,973386;-0,078510;-0,089262;1,105119;-0,348842;-0,027728;0,893979;0,036212;0,165506;1,063826;-0,342422;0,222930;0,816084;0,138154;0,060179;0,835197;-0,142638;0,212322;0,842408;0,185528;0,044708;0,781482;-0,075065;0,220300;0,857378;0,192028;0,024904;0,814261;-0,074900;0,213445;0,919079;0,169608;0,028262;0,819685;-0,094000;0,209115;0,919763;-0,019047;0,157417;0,449464;-0,105268;0,155447;0,400000;0,001380;0,150079;0,386186;-0,084588;0,155036;0,398942;0,013658;0,150462;0,387173;-0,068412;0,153043;0,393813;0,015897;0,150914;0,388334;-0,070135;0,153720;0,395555;0,016740;0,150825;0,388107;-0,041245;0,149911;0,385753
00:00:31.175;678;6;6;6;5;116,206037;177,192807;170,055454;93,759993;163,098065;94,818350;-138,950432;150,845232;171,315321;164,241269;27,962111;8,428501;28,670559;23,899374;-0,197582;-0,260195;0,987909;-0,210877;-0,286597;0,973801;-0,209496;-0,291054;0,983512;-0,208519;-0,295877;0,994345;-0,228760;-0,275328;0,957058;-0,240018;-0,268909;0,955972;-0,253825;-0,262444;0,955328;-0,216166;-0,265971;0,956638;-0,299794;-0,227296;0,960322;-0,188671;-0,240377;1,048463;-0,201053;-0,213707;0,973601;-0,078802;-0,088946;1,106478;-0,348445;-0,027658;0,892936;0,037727;0,166185;1,070887;-0,342534;0,223018;0,816405;0,145299;0,060235;0,844928;-0,142012;0,212195;0,841915;0,194416;0,044479;0,795314;-0,075191;0,220435;0,857946;0,200889;0,024854;0,825370;-0,074257;0,213367;0,918351;0,233660;0,036751;1,071095;-0,093527;0,209146;0,919496;-0,019261;0,159218;0,454901;-0,105302;0,155447;0,400000;0,000897;0,150189;0,386471;-0,084428;0,154908;0,398612;0,013467;0,150031;0,386062;-0,068115;0,152796;0,393178;0,015578;0,150324;0,386817;-0,069804;0,153508;0,395011;0,016563;0,150267;0,386669;-0,040941;0,150216;0,386540
00:00:31.222;679;6;6;6;5;116,296728;177,365828;170,058480;93,756622;163,257888;94,753043;-138,741384;150,863675;171,263473;163,609332;27,817941;8,796842;32,404127;-17,138596;-0,196957;-0,260124;0,987591;-0,210793;-0,286618;0,973870;-0,209383;-0,290898;0,982983;-0,208364;-0,295633;0,993525;-0,228294;-0,275464;0,957388;-0,239885;-0,269013;0,956332;-0,253669;-0,262536;0,955563;-0,216212;-0,266014;0,956765;-0,299326;-0,227591;0,960560;-0,184549;-0,235606;1,027651;-0,201082;-0,213741;0,973741;-0,079041;-0,088797;1,108060;-0,348088;-0,027644;0,893309;0,039328;0,166010;1,075477;-0,342142;0,223075;0,816613;0,151548;0,060321;0,851953;-0,141664;0,212201;0,841945;0,203337;0,045165;0,810954;-0,075211;0,220343;0,857615;0,209036;0,025357;0,834340;-0,073839;0,213316;0,917878;0,220728;0,034481;0,992312;-0,092696;0,209166;0,919322;-0,019634;0,160143;0,457736;-0,105325;0,155447;0,400000;0,000362;0,150533;0,387356;-0,084619;0,155369;0,399798;0,012906;0,149750;0,385341;-0,067922;0,152636;0,392766;0,015370;0,149941;0,385831;-0,069528;0,153235;0,394307;0,016478;0,150176;0,386435;-0,040451;0,150143;0,386351
00:00:31.268;680;6;6;6;5;116,247944;177,206510;170,067481;93,831602;163,433720;94,626026;-138,278176;150,992265;171,100847;162,915330;28,287956;9,642502;31,485638;-7,937137;-0,196481;-0,259985;0,987034;-0,210663;-0,286529;0,973566;-0,209161;-0,290590;0,981939;-0,208117;-0,295267;0,992291;-0,228074;-0,275653;0,957952;-0,239887;-0,269724;0,956916;-0,253115;-0,263236;0,956066;-0,216400;-0,266236;0,957547;-0,299348;-0,228032;0,961764;-0,181933;-0,232586;1,014473;-0,201100;-0,214318;0,973831;-0,079855;-0,088727;1,109439;-0,347482;-0,027647;0,893901;0,040438;0,165544;1,080210;-0,341887;0,223112;0,816748;0,159390;0,061208;0,868420;-0,140959;0,212204;0,841964;0,213770;0,046667;0,831270;-0,074857;0,220643;0,858800;0,218536;0,026441;0,848571;-0,072576;0,213445;0,918271;0,215151;0,033067;0,942853;-0,091633;0,209179;0,919209;-0,019949;0,159276;0,455378;-0,105203;0,155583;0,400350;-0,000205;0,150485;0,387231;-0,084300;0,154852;0,398469;0,012530;0,149432;0,384521;-0,067634;0,152668;0,392848;0,014799;0,149692;0,385190;-0,069225;0,152785;0,393150;0,016611;0,149844;0,385583;-0,039355;0,150503;0,387278
00:00:31.315;681;6;6;5;5;116,345844;177,278731;169,978929;93,801094;163,554926;94,393079;-138,039478;150,999671;170,827502;162,301283;28,876230;9,957946;29,603684;-0,198566;-0,196241;-0,259987;0,987022;-0,210578;-0,286471;0,973368;-0,209016;-0,290389;0,981260;-0,207883;-0,294924;0,991139;-0,227931;-0,275776;0,958319;-0,239888;-0,270186;0,957295;-0,252756;-0,263691;0,956393;-0,216989;-0,266283;0,957706;-0,299362;-0,228319;0,962546;-0,180232;-0,230622;1,005907;-0,200558;-0,214693;0,973890;-0,081069;-0,088738;1,111036;-0,346849;-0,027670;0,894985;0,041213;0,165453;1,084686;-0,341721;0,222671;0,816837;0,165067;0,062322;0,879473;-0,139542;0,212207;0,841977;0,221351;0,048590;0,843775;-0,074078;0,220658;0,858870;0,224639;0,028562;0,855721;-0,071312;0,213774;0,919576;0,211925;0,033103;0,910354;-0,089995;0,209427;0,920186;-0,020872;0,160181;0,458046;-0,105124;0,155672;0,400577;-0,000796;0,150590;0,387500;-0,084315;0,154924;0,398655;0,012068;0,149225;0,383989;-0,067518;0,153368;0,394651;0,014184;0,149258;0,384074;-0,069398;0,153309;0,394497;0,016698;0,149629;0,385029;-0,038232;0,150873;0,388231
00:00:31.362;682;6;6;6;5;116,365195;177,258108;169,860698;93,788373;163,907555;94,185552;-137,713281;151,160434;170,609328;161,613412;28,815692;10,170418;33,853546;7,874575;-0,196085;-0,259988;0,987014;-0,210675;-0,287194;0,973939;-0,208848;-0,290155;0,980469;-0,207314;-0,294910;0,991090;-0,227921;-0,275957;0,958907;-0,239976;-0,270585;0,957892;-0,252614;-0,264629;0,956955;-0,217451;-0,266411;0,958159;-0,299039;-0,228672;0,963755;-0,179189;-0,229426;1,000690;-0,200277;-0,215014;0,974279;-0,081884;-0,088138;1,112423;-0,346061;-0,027695;0,896041;0,041813;0,165764;1,090046;-0,341148;0,222384;0,816894;0,168177;0,065067;0,886307;-0,138678;0,212297;0,842335;0,228301;0,053694;0,857504;-0,073054;0,220578;0,858565;0,230247;0,034609;0,864569;-0,070016;0,214150;0,921124;0,267660;0,049417;1,127930;-0,088930;0,209587;0,920821;-0,021735;0,160769;0,459780;-0,104889;0,155457;0,400025;-0,001401;0,150658;0,387675;-0,084176;0,154699;0,398076;0,011588;0,149635;0,385043;-0,067443;0,153824;0,395823;0,013625;0,149656;0,385098;-0,069509;0,153649;0,395373;0,016754;0,149489;0,384669;-0,037280;0,151114;0,388850
00:00:31.409;683;6;6;5;5;116,370863;177,076082;169,788337;93,794973;164,247134;93,556005;-137,384298;151,452845;170,452679;160,926676;27,887403;11,012786;31,650506;0,863051;-0,195628;-0,260265;0,988059;-0,210737;-0,287664;0,974310;-0,208625;-0,291185;0,982055;-0,206944;-0,294900;0,991059;-0,227914;-0,276075;0,959290;-0,239487;-0,270845;0,958280;-0,252614;-0,265336;0,957671;-0,217751;-0,266494;0,958453;-0,298937;-0,229535;0,964891;-0,178448;-0,228568;0,996948;-0,199952;-0,215068;0,973831;-0,082414;-0,087114;1,113325;-0,345415;-0,027701;0,896376;0,042257;0,165549;1,094930;-0,340630;0,222103;0,816581;0,172914;0,068880;0,896700;-0,137805;0,212620;0,843618;0,233948;0,059274;0,863278;-0,072359;0,220436;0,858017;0,237073;0,041300;0,874520;-0,068698;0,214557;0,922831;0,250429;0,050609;1,040455;-0,087252;0,209851;0,921934;-0,022560;0,161152;0,460907;-0,104737;0,155318;0,399666;-0,002014;0,150702;0,387789;-0,084086;0,154553;0,397699;0,010819;0,149629;0,385028;-0,067454;0,154256;0,396935;0,012820;0,149915;0,385764;-0,069644;0,154006;0,396293;0,016760;0,149126;0,383735;-0,036439;0,151270;0,389252
00:00:31.456;684;6;6;5;5;116,235765;177,034329;169,852321;93,679732;165,195056;92,842664;-137,116160;151,789612;170,401025;160,163171;28,412971;11,244079;26,316389;3,947367;-0,195332;-0,260446;0,988739;-0,210373;-0,288176;0,975252;-0,208406;-0,291750;0,982736;-0,206704;-0,294894;0,991038;-0,227446;-0,276799;0,959888;-0,239257;-0,271659;0,958882;-0,252707;-0,265893;0,958486;-0,217480;-0,266646;0,958995;-0,298655;-0,229928;0,964929;-0,177528;-0,228171;0,995217;-0,199186;-0,215103;0,973540;-0,082654;-0,085076;1,112511;-0,344861;-0,027184;0,896245;0,041365;0,166356;1,100205;-0,340439;0,222015;0,816728;0,177242;0,076133;0,909755;-0,136590;0,213045;0,843402;0,239185;0,066386;0,872630;-0,070987;0,220524;0,858361;0,241412;0,049181;0,880638;-0,066811;0,214904;0,924290;0,240361;0,055714;0,988146;-0,085110;0,210023;0,922657;-0,023507;0,160666;0,459540;-0,104638;0,155227;0,399433;-0,002634;0,150730;0,387863;-0,084101;0,154594;0,397804;0,010529;0,149489;0,384668;-0,067401;0,154401;0,397308;0,012048;0,149675;0,385146;-0,069669;0,154103;0,396540;0,016764;0,148890;0,383128;-0,035893;0,151372;0,389514
00:00:31.503;685;6;6;5;5;116,101507;177,363309;169,893977;93,696317;166,123257;92,114481;-136,756651;151,920119;170,248299;159,597641;29,385878;11,676811;26,812567;-2,785834;-0,194644;-0,260655;0,989530;-0,210137;-0,288510;0,975864;-0,208264;-0,292118;0,983178;-0,206693;-0,295664;0,991725;-0,227225;-0,277370;0,960627;-0,239107;-0,272188;0,959273;-0,252220;-0,266255;0,959016;-0,217382;-0,266841;0,959696;-0,297707;-0,230016;0,964254;-0,176867;-0,227833;0,993741;-0,198760;-0,215203;0,973701;-0,082836;-0,083778;1,112332;-0,344124;-0,026859;0,896509;0,040213;0,167145;1,105383;-0,340315;0,221958;0,816823;0,180797;0,082544;0,914041;-0,135799;0,213321;0,843261;0,243107;0,072363;0,876960;-0,070263;0,221120;0,860685;0,246751;0,056094;0,888115;-0,065585;0,215129;0,925239;0,236471;0,060745;0,956595;-0,083779;0,210294;0,923827;-0,024282;0,159739;0,456901;-0,104573;0,155168;0,399282;-0,003474;0,150613;0,387561;-0,084487;0,154893;0,398573;0,009266;0,149806;0,385484;-0,067338;0,153407;0,394750;0,010672;0,149519;0,384745;-0,070653;0,154301;0,397051;0,016155;0,149145;0,383783;-0,035792;0,151574;0,390034
00:00:31.549;686;6;6;5;5;116,018643;177,518013;169,940825;93,707623;166,910426;91,330921;-136,428681;152,090081;170,128884;159,174491;30,345183;12,014232;32,723904;3,059320;-0,193991;-0,260515;0,988995;-0,209908;-0,288623;0,975911;-0,208098;-0,292252;0,983116;-0,206613;-0,296059;0,991821;-0,226998;-0,277641;0,960758;-0,238550;-0,272632;0,959878;-0,251904;-0,266490;0,959360;-0,217319;-0,266969;0,960153;-0,297198;-0,230157;0,964165;-0,176562;-0,228339;0,993481;-0,198625;-0,215423;0,974506;-0,083614;-0,082959;1,112566;-0,343645;-0,026647;0,896681;0,038238;0,167232;1,110149;-0,340234;0,221921;0,816885;0,183506;0,087947;0,913676;-0,135286;0,213501;0,843170;0,248052;0,078419;0,886424;-0,069849;0,221688;0,862895;0,250935;0,062699;0,893675;-0,064812;0,215884;0,926205;0,235172;0,066296;0,938887;-0,082883;0,210917;0,924238;-0,025126;0,159625;0,456585;-0,103940;0,154586;0,397783;-0,004020;0,150537;0,387365;-0,084812;0,155223;0,399422;0,008226;0,150012;0,386015;-0,067518;0,152761;0,393088;0,009360;0,149826;0,385534;-0,071455;0,154294;0,397033;0,015759;0,149310;0,384209;-0,035726;0,151706;0,390372
00:00:31.596;687;6;6;6;5;116,028225;177,837767;169,815421;93,533302;167,724740;90,297234;-136,307157;152,106612;170,007300;158,998186;31,128242;11,937594;30,975078;8,755283;-0,193636;-0,260515;0,988996;-0,209834;-0,288800;0,976292;-0,207650;-0,292652;0,984125;-0,206561;-0,296316;0,991884;-0,226386;-0,277918;0,961193;-0,238188;-0,272920;0,960270;-0,251152;-0,266643;0,959584;-0,217278;-0,267051;0,960449;-0,296868;-0,230249;0,964107;-0,175676;-0,228506;0,992613;-0,197911;-0,215488;0,974679;-0,084173;-0,082478;1,113418;-0,343602;-0,026530;0,897493;0,035720;0,167499;1,114647;-0,340182;0,221897;0,816925;0,186930;0,094453;0,921490;-0,134840;0,213918;0,842410;0,252482;0,085190;0,895026;-0,069495;0,222278;0,863282;0,254774;0,069756;0,899388;-0,064285;0,216294;0,926483;0,234753;0,071935;0,927026;-0,082239;0,211161;0,923804;-0,025674;0,159552;0,456381;-0,104395;0,155159;0,399259;-0,004816;0,150487;0,387237;-0,085396;0,156117;0,401725;0,007113;0,150282;0,386710;-0,068288;0,153293;0,394457;0,008071;0,150161;0,386397;-0,072203;0,154290;0,397022;0,015089;0,149690;0,385186;-0,035938;0,151927;0,390942
00:00:31.643;688;6;6;6;5;116,041210;177,986039;169,908372;93,455646;168,270498;89,431651;-136,064542;152,302635;169,953841;158,863131;32,438611;11,959331;32,132837;-9,656151;-0,193113;-0,260885;0,990398;-0,209380;-0,289122;0,977240;-0,207360;-0,292912;0,984781;-0,206252;-0,296902;0,993324;-0,226070;-0,278199;0,961825;-0,237492;-0,273207;0,960876;-0,250208;-0,266840;0,960080;-0,217251;-0,267105;0,960642;-0,296104;-0,230309;0,964070;-0,175161;-0,228695;0,992398;-0,197588;-0,215685;0,975491;-0,084536;-0,081531;1,113972;-0,343306;-0,026433;0,897320;0,034092;0,168364;1,117920;-0,340148;0,221881;0,816951;0,188505;0,100962;0,923418;-0,134495;0,214101;0,841567;0,253928;0,091506;0,899217;-0,069377;0,223024;0,864933;0,256751;0,076933;0,903103;-0,063967;0,216642;0,927014;0,234345;0,079043;0,922817;-0,081883;0,211480;0,924223;-0,026031;0,159504;0,456247;-0,104690;0,155532;0,400218;-0,005333;0,150455;0,387154;-0,086082;0,156835;0,403571;0,006161;0,150186;0,386461;-0,068850;0,153775;0,395697;0,007004;0,150107;0,386258;-0,073241;0,154967;0,398764;0,014385;0,149393;0,384421;-0,036299;0,152071;0,391312
00:00:31.690;689;6;6;6;5;116,672858;178,082450;169,968984;93,409582;168,870999;88,679003;-136,925840;152,429299;169,919344;158,830232;31,849055;11,679567;31,835959;-13,798402;-0,192705;-0,261597;0,990959;-0,209009;-0,289228;0,977506;-0,207097;-0,292977;0,984858;-0,205979;-0,297178;0,993911;-0,225316;-0,278382;0,962236;-0,237039;-0,273393;0,961269;-0,249594;-0,267514;0,960402;-0,217234;-0,267140;0,960767;-0,295608;-0,230348;0,964045;-0,174703;-0,228657;0,991559;-0,197237;-0,215659;0,975319;-0,084773;-0,080916;1,114332;-0,343113;-0,026370;0,897208;0,032413;0,169673;1,120748;-0,340126;0,221871;0,816968;0,189574;0,107662;0,927472;-0,133903;0,214398;0,841718;0,255982;0,099488;0,904041;-0,068670;0,223548;0,864257;0,258755;0,085300;0,906217;-0,063640;0,216983;0,925609;0,234959;0,086942;0,921481;-0,081497;0,211810;0,922745;-0,027451;0,166569;0,476461;-0,104882;0,155774;0,400842;-0,005669;0,150434;0,387100;-0,086303;0,156893;0,403721;0,006421;0,150123;0,386300;-0,069215;0,154088;0,396503;0,004774;0,150616;0,387568;-0,073851;0,155271;0,399547;0,013928;0,149200;0,383924;-0,036434;0,151756;0,390503
00:00:31.736;690;6;6;6;5;116,411596;178,083026;169,873717;93,246060;169,615714;88,290258;-136,594817;152,594259;169,875727;158,569834;31,065791;11,385880;29,682211;11,010480;-0,192508;-0,262153;0,991673;-0,208769;-0,289297;0,977679;-0,206927;-0,293019;0,984908;-0,205801;-0,297358;0,994292;-0,224745;-0,278400;0,962154;-0,236659;-0,273415;0,961175;-0,249104;-0,267855;0,960261;-0,217223;-0,267163;0,960849;-0,295285;-0,230373;0,964030;-0,174529;-0,228793;0,991713;-0,197009;-0,215642;0,975208;-0,084846;-0,080440;1,113516;-0,342988;-0,026329;0,897135;0,031340;0,170631;1,123286;-0,339966;0,221305;0,816629;0,189880;0,113174;0,930807;-0,133941;0,214502;0,841467;0,256421;0,106339;0,904027;-0,068128;0,223615;0,862767;0,259756;0,092692;0,907191;-0,063404;0,217648;0,924346;0,234925;0,093687;0,920963;-0,081277;0,212105;0,922134;-0,027124;0,163698;0,468250;-0,105007;0,155932;0,401247;-0,005887;0,150420;0,387065;-0,086596;0,157203;0,404519;0,006783;0,149538;0,384795;-0,069741;0,154428;0,397377;0,002883;0,150539;0,387369;-0,074248;0,155469;0,400055;0,013630;0,149074;0,383600;-0,036897;0,151280;0,389277
00:00:31.784;691;6;6;5;5;116,832511;178,104024;169,903860;93,015512;170,142064;87,861833;-137,272683;152,673838;169,865613;158,367699;30,989724;11,259559;27,783907;-1,044337;-0,192447;-0,262607;0,992487;-0,208612;-0,289341;0,977791;-0,206742;-0,292943;0,984590;-0,205541;-0,297265;0,993840;-0,224374;-0,278411;0,962100;-0,236412;-0,273429;0,961114;-0,248786;-0,268077;0,960170;-0,217215;-0,267177;0,960902;-0,295076;-0,230389;0,964019;-0,174415;-0,228882;0,991814;-0,196861;-0,215631;0,975135;-0,084920;-0,080156;1,113335;-0,342907;-0,026303;0,897088;0,030660;0,171360;1,125636;-0,340007;0,221031;0,816759;0,190221;0,117917;0,933674;-0,133433;0,214958;0,840954;0,256109;0,112049;0,901917;-0,067721;0,223477;0,861098;0,261011;0,099305;0,909924;-0,062773;0,218246;0,924225;0,235067;0,099473;0,919226;-0,080549;0,212659;0,921037;-0,028018;0,168439;0,481812;-0,105088;0,156034;0,401511;-0,006035;0,150548;0,387392;-0,086631;0,157541;0,405387;0,007460;0,149294;0,384167;-0,070082;0,154649;0,397945;0,002317;0,150760;0,387940;-0,074505;0,155597;0,400386;0,013655;0,148992;0,383390;-0,037300;0,151378;0,389530
00:00:31.831;692;6;6;5;5;116,529940;178,117654;170,007455;92,883447;170,632596;87,350204;-136,776026;152,725542;169,885741;158,289637;30,560046;10,933278;27,535567;0,420921;-0,192273;-0,262717;0,992317;-0,208028;-0,289474;0,978214;-0,206281;-0,293205;0,985434;-0,205094;-0,297624;0,994946;-0,224133;-0,278419;0,962065;-0,235704;-0,273438;0,961074;-0,248579;-0,268220;0,960110;-0,217210;-0,267187;0,960936;-0,294939;-0,230400;0,964012;-0,173777;-0,228940;0,991879;-0,196764;-0,215623;0,975088;-0,084969;-0,079972;1,113218;-0,342854;-0,026286;0,897057;0,029584;0,171888;1,127514;-0,340180;0,220948;0,817193;0,190442;0,122604;0,935538;-0,133102;0,215254;0,840620;0,256802;0,118256;0,903696;-0,067348;0,223508;0,858614;0,261625;0,106115;0,911001;-0,062339;0,218551;0,923796;0,234727;0,105363;0,918447;-0,080046;0,212937;0,919974;-0,027513;0,165036;0,472078;-0,105141;0,156101;0,401682;-0,005905;0,150494;0,387255;-0,086355;0,157216;0,404552;0,007909;0,149271;0,384108;-0,070180;0,154520;0,397614;0,002168;0,150769;0,387961;-0,074673;0,155681;0,400601;0,013684;0,149075;0,383604;-0,037680;0,151034;0,388645
00:00:31.877;693;6;6;5;5;116,335162;178,033844;170,134616;92,690177;170,976015;86,707970;-136,478075;153,005360;169,904496;158,150661;30,603537;-10,749407;26,644152;0,596736;-0,191662;-0,262881;0,992556;-0,207722;-0,289664;0,978839;-0,206054;-0,293480;0,986332;-0,204875;-0,297961;0,996015;-0,223509;-0,278525;0,962392;-0,235244;-0,273444;0,961048;-0,247988;-0,268412;0,960422;-0,217207;-0,267193;0,960958;-0,294515;-0,230574;0,964708;-0,173301;-0,228897;0,991571;-0,196287;-0,215773;0,975757;-0,085000;-0,079219;1,113142;-0,342820;-0,026274;0,897037;0,028893;0,172285;1,129084;-0,340438;0,220522;0,817826;0,190657;0,127304;0,937100;-0,132832;0,215357;0,840053;0,257153;0,123787;0,904503;-0,067159;0,223712;0,857699;0,261823;0,112007;0,911000;-0,061987;0,219024;0,922468;0,235388;0,110942;0,919340;-0,079689;0,213036;0,918933;-0,027006;0,163052;0,467151;-0,105175;0,156144;0,401793;-0,005836;0,150868;0,388216;-0,086324;0,157277;0,404709;0,008216;0,149529;0,384770;-0,070018;0,154436;0,397399;0,001189;0,150774;0,387975;-0,074782;0,155735;0,400741;0,013727;0,149401;0,384442;-0,037927;0,150811;0,388069
00:00:31.924;694;6;6;6;5;116,233262;177,934542;170,237437;92,569947;171,049465;86,007171;-136,116964;153,151320;169,888104;158,215264;31,248870;10,890088;24,697474;-9,752042;-0,191063;-0,262709;0,991661;-0,207113;-0,289994;0,979946;-0,205489;-0,293867;0,987616;-0,204378;-0,298495;0,997760;-0,223185;-0,278695;0,962955;-0,234568;-0,273647;0,961731;-0,247694;-0,268634;0,960974;-0,216737;-0,267295;0,961323;-0,294239;-0,230687;0,965160;-0,172609;-0,229111;0,992421;-0,196046;-0,215948;0,976542;-0,085074;-0,078778;1,113792;-0,342664;-0,026257;0,896674;0,028444;0,173187;1,130105;-0,340460;0,220152;0,817887;0,190797;0,131964;0,938115;-0,132656;0,215424;0,839684;0,256186;0,128287;0,900827;-0,067174;0,224303;0,858854;0,262153;0,118009;0,911700;-0,061805;0,219499;0,922304;0,236087;0,116810;0,920971;-0,079427;0,213541;0,917907;-0,026416;0,161763;0,463948;-0,105198;0,156172;0,401866;-0,005569;0,151110;0,388840;-0,086148;0,157453;0,405161;0,008400;0,149424;0,384501;-0,069913;0,154382;0,397260;0,001877;0,150777;0,387984;-0,074852;0,155770;0,400831;0,013936;0,149205;0,383938;-0,038087;0,150665;0,387695
00:00:31.971;695;6;6;6;5;116,142808;177,766042;170,304405;92,492072;171,097260;85,412925;-135,860326;153,296301;169,877781;158,256894;31,494642;10,692594;22,963037;-12,685180;-0,190741;-0,262126;0,991430;-0,206716;-0,290209;0,980665;-0,205121;-0,294118;0,988450;-0,203984;-0,298737;0,998544;-0,222893;-0,278705;0,962971;-0,234044;-0,273680;0,961825;-0,246956;-0,268231;0,961333;-0,216431;-0,267361;0,961560;-0,294166;-0,230845;0,965804;-0,172159;-0,228685;0,992974;-0,195750;-0,215907;0,976352;-0,085122;-0,078491;1,114215;-0,342562;-0,026246;0,896438;0,028152;0,173773;1,130768;-0,340474;0,219911;0,817926;0,190959;0,135581;0,939125;-0,132542;0,215467;0,839445;0,255049;0,132738;0,898437;-0,066720;0,225269;0,859955;0,262267;0,122899;0,911805;-0,061640;0,219640;0,921498;0,236362;0,121577;0,921331;-0,079166;0,213623;0,916189;-0,025734;0,160682;0,461166;-0,105212;0,156190;0,401913;-0,004732;0,151404;0,389596;-0,085509;0,157023;0,404054;0,008519;0,149356;0,384326;-0,069453;0,154483;0,397519;0,002324;0,150780;0,387989;-0,073959;0,155249;0,399490;0,014536;0,149350;0,384309;-0,038192;0,150571;0,387452
00:00:32.018;696;6;6;6;5;116,047942;177,657182;170,347991;92,441569;171,101439;85,004583;-135,656120;153,390667;169,871213;158,373774;31,243954;10,887607;21,393197;-14,113590;-0,190599;-0,261840;0,991629;-0,206459;-0,290349;0,981132;-0,204810;-0,294178;0,988643;-0,203657;-0,298790;0,998703;-0,222236;-0,278812;0,963331;-0,233703;-0,273701;0,961887;-0,246475;-0,267969;0,961567;-0,215685;-0,267403;0,961714;-0,294119;-0,230947;0,966223;-0,171987;-0,228568;0,994033;-0,195628;-0,215958;0,976579;-0,085153;-0,078305;1,114490;-0,342496;-0,026238;0,896285;0,027954;0,174744;1,130849;-0,340484;0,219754;0,817952;0,190204;0,138628;0,940831;-0,132468;0,215496;0,839289;0,254309;0,136140;0,896884;-0,066344;0,225621;0,859621;0,262341;0,126597;0,911873;-0,061009;0,219732;0,920973;0,236015;0,125200;0,921565;-0,078936;0,213513;0,914373;-0,024995;0,159477;0,458658;-0,105222;0,156202;0,401943;-0,003966;0,151595;0,390088;-0,084573;0,156199;0,401935;0,008613;0,149584;0,384912;-0,069033;0,154276;0,396987;0,004586;0,150509;0,387293;-0,073152;0,154910;0,398619;0,015145;0,149443;0,384551;-0,038259;0,150509;0,387294
00:00:32.065;697;6;6;6;5;116,012190;177,729887;170,491008;92,346537;171,239621;84,707325;-135,442530;153,343871;169,982132;158,653310;30,995890;10,676819;19,502972;-13,730663;-0,190275;-0,262682;0,993509;-0,206291;-0,290440;0,981436;-0,204260;-0,294529;0,989818;-0,203444;-0,298824;0,998807;-0,221808;-0,278882;0,963565;-0,233481;-0,273714;0,961926;-0,246163;-0,268347;0,961718;-0,215200;-0,267431;0,961814;-0,293875;-0,230846;0,965795;-0,171815;-0,228978;0,994372;-0,195548;-0,215991;0,976726;-0,085200;-0,078209;1,115018;-0,342320;-0,026223;0,895835;0,026545;0,175429;1,131252;-0,340169;0,219746;0,818319;0,188844;0,141308;0,942990;-0,131519;0,215604;0,839538;0,253222;0,138804;0,895525;-0,065148;0,225941;0,859754;0,262288;0,129467;0,911568;-0,060053;0,220231;0,920283;0,235790;0,128080;0,921718;-0,077779;0,213523;0,913543;-0,024588;0,158657;0,458428;-0,104908;0,156074;0,401613;-0,002578;0,151719;0,390407;-0,082989;0,155528;0,400208;0,010651;0,149732;0,385293;-0,068760;0,154142;0,396642;0,007352;0,150061;0,386140;-0,070928;0,154418;0,397352;0,016947;0,150185;0,386458;-0,037045;0,150741;0,387891
00:00:32.112;698;6;6;6;5;116,005652;178,225292;170,313777;92,204160;171,476833;84,467619;-135,659333;153,181357;170,016373;158,761485;31,641742;10,997701;18,014122;15,300695;-0,190264;-0,263507;0,995781;-0,205697;-0,290602;0,981983;-0,203903;-0,294757;0,990582;-0,203019;-0,299265;1,000275;-0,221530;-0,278927;0,963717;-0,233337;-0,273723;0,961952;-0,245960;-0,268592;0,961817;-0,214885;-0,267449;0,961879;-0,293504;-0,230613;0,964817;-0,171704;-0,229245;0,994592;-0,195566;-0,216090;0,977172;-0,085204;-0,078121;1,115012;-0,342606;-0,026244;0,896593;0,025629;0,175875;1,131514;-0,339965;0,219741;0,818557;0,187490;0,143643;0,944744;-0,129946;0,215674;0,839700;0,252121;0,140816;0,893241;-0,063956;0,226426;0,860890;0,262455;0,131437;0,912069;-0,058470;0,220892;0,921234;0,235644;0,130476;0,921816;-0,076507;0,214048;0,913003;-0,024450;0,158965;0,460728;-0,104704;0,155991;0,401399;-0,001676;0,151800;0,390614;-0,081593;0,154820;0,398385;0,011976;0,149828;0,385540;-0,067005;0,154055;0,396417;0,009149;0,149770;0,385391;-0,069541;0,154234;0,396879;0,018081;0,150394;0,386998;-0,036286;0,151028;0,388629
00:00:32.159;699;6;6;6;5;115,981007;178,738887;170,125593;92,008713;171,709628;84,365988;-135,851018;153,004435;170,127654;158,783170;32,351052;-11,156476;16,916340;16,405504;-0,190124;-0,263858;0,996558;-0,205237;-0,290604;0,981989;-0,203671;-0,294905;0,991078;-0,202814;-0,299657;1,001579;-0,221270;-0,278855;0,963466;-0,233244;-0,273729;0,961969;-0,245829;-0,268751;0,961881;-0,214680;-0,267461;0,961922;-0,293050;-0,230294;0,963481;-0,171631;-0,229418;0,994734;-0,195578;-0,216154;0,977462;-0,085180;-0,078040;1,114658;-0,342792;-0,026258;0,897085;0,025034;0,176165;1,131684;-0,339366;0,219738;0,818712;0,186610;0,145161;0,945883;-0,128445;0,215720;0,839805;0,250802;0,142572;0,891407;-0,063182;0,226741;0,861628;0,262145;0,132769;0,912745;-0,057462;0,221406;0,922202;0,235638;0,132085;0,922231;-0,075190;0,214472;0,913002;-0,024397;0,159139;0,462923;-0,104389;0,155664;0,400559;-0,000868;0,151580;0,390049;-0,080475;0,153951;0,396150;0,012837;0,149890;0,385701;-0,065977;0,154270;0,396971;0,010318;0,149581;0,384904;-0,068758;0,154387;0,397271;0,018892;0,151075;0,388749;-0,035793;0,151215;0,389109
00:00:32.207;700;6;6;6;5;115,912675;179,074545;169,919524;91,728790;171,951522;84,559565;-135,888700;152,890257;170,173254;158,802292;32,561820;10,859785;16,526360;16,506828;-0,190533;-0,263994;0,996712;-0,205011;-0,290709;0,982343;-0,203591;-0,295106;0,991751;-0,202751;-0,300016;1,002776;-0,221020;-0,278707;0,962953;-0,233098;-0,273633;0,961630;-0,245654;-0,268757;0,961573;-0,214469;-0,267371;0,961599;-0,292755;-0,230087;0,962613;-0,171584;-0,229531;0,994827;-0,195656;-0,216273;0,978000;-0,085164;-0,077987;1,114428;-0,342913;-0,026266;0,897406;0,024654;0,177052;1,132145;-0,338832;0,219642;0,818463;0,185566;0,146203;0,946974;-0,126940;0,216137;0,839523;0,250140;0,143829;0,890914;-0,062040;0,226881;0,860009;0,261943;0,133634;0,913184;-0,056322;0,221909;0,923531;0,235635;0,133131;0,922500;-0,074389;0,214913;0,913701;-0,024272;0,158655;0,462600;-0,104185;0,155452;0,400013;-0,000343;0,151437;0,389682;-0,082089;0,157467;0,405198;0,013396;0,149931;0,385806;-0,065140;0,154002;0,396281;0,011066;0,149322;0,384238;-0,067953;0,153806;0,395776;0,019382;0,151245;0,389187;-0,035473;0,151336;0,389421
00:00:32.254;701;6;6;6;5;115,902417;178,799664;169,875261;91,574272;172,122014;84,792502;-135,794987;153,003442;170,204604;158,787654;32,998728;10,970136;16,625528;16,672362;-0,190598;-0,263804;0,995763;-0,205424;-0,290777;0,982573;-0,203755;-0,295548;0,993238;-0,203140;-0,300040;1,002854;-0,221324;-0,278510;0,962270;-0,233003;-0,273571;0,961409;-0,246087;-0,268761;0,961372;-0,214331;-0,267313;0,961389;-0,292882;-0,230203;0,963098;-0,171613;-0,229685;0,995238;-0,195776;-0,216428;0,978700;-0,085154;-0,077953;1,114278;-0,342725;-0,026252;0,896914;0,024415;0,177684;1,132794;-0,338341;0,219485;0,817951;0,184820;0,146825;0,947333;-0,125962;0,216408;0,839340;0,249709;0,144646;0,890594;-0,061396;0,227343;0,860356;0,261811;0,134197;0,913470;-0,055581;0,222236;0,924395;0,235632;0,133811;0,922675;-0,073925;0,215365;0,914856;-0,024190;0,158341;0,462390;-0,104052;0,155315;0,399659;-0,000001;0,151345;0,389443;-0,083138;0,159752;0,411079;0,013760;0,149957;0,385874;-0,064709;0,154100;0,396533;0,011552;0,149153;0,383805;-0,067548;0,153700;0,395505;0,019701;0,151356;0,389471;-0,035455;0,151279;0,389274
00:00:32.300;702;6;6;6;5;115,896904;178,878382;169,743416;91,451724;172,354138;85,034260;-135,979422;153,014672;170,227609;158,716283;32,886507;-10,939745;17,457392;16,837152;-0,190842;-0,263958;0,996196;-0,205839;-0,291029;0,983422;-0,204428;-0,295836;0,994205;-0,203677;-0,300474;1,004305;-0,221522;-0,278381;0,961825;-0,233489;-0,273530;0,961266;-0,246458;-0,268861;0,961592;-0,214789;-0,267275;0,961253;-0,292752;-0,230112;0,962714;-0,228399;-0,305830;1,324855;-0,195855;-0,216529;0,979155;-0,085094;-0,077882;1,113481;-0,342736;-0,026252;0,896944;0,024252;0,178040;1,132866;-0,338021;0,219384;0,817618;0,184200;0,147120;0,946867;-0,125326;0,216585;0,839221;0,249528;0,145234;0,890736;-0,060904;0,227364;0,859531;0,261826;0,134615;0,914005;-0,055079;0,222364;0,924607;0,235541;0,134201;0,922439;-0,073567;0,215493;0,914906;-0,023927;0,158495;0,463304;-0,103965;0,155225;0,399428;0,000442;0,151284;0,389288;-0,083820;0,161238;0,414901;0,013777;0,149975;0,385918;-0,064316;0,153891;0,395996;0,012122;0,149452;0,384573;-0,067226;0,153496;0,394978;0,019908;0,151427;0,389656;-0,035539;0,151650;0,390228
00:00:32.347;703;6;6;6;5;115,852214;178,699412;169,570955;91,350040;172,676395;85,329977;-136,129920;153,152720;170,229018;158,716555;32,813712;-10,921314;18,567466;16,943555;-0,191067;-0,264152;0,996827;-0,206402;-0,291607;0,985375;-0,205155;-0,296440;0,996233;-0,204382;-0,301280;1,006999;-0,221812;-0,278501;0,962236;-0,233890;-0,273604;0,961523;-0,246700;-0,268926;0,961735;-0,215165;-0,267348;0,961515;-0,292987;-0,230303;0,963514;-0,209232;-0,279441;1,210456;-0,195905;-0,216594;0,979451;-0,085055;-0,077836;1,112962;-0,342877;-0,026263;0,897314;0,023508;0,178327;1,133263;-0,337813;0,219318;0,817402;0,183728;0,147257;0,946213;-0,124912;0,216699;0,839144;0,249605;0,145223;0,891529;-0,060584;0,227379;0,858995;0,261936;0,134938;0,914703;-0,054753;0,222447;0,924745;0,235661;0,134032;0,922985;-0,073279;0,215412;0,914239;-0,023757;0,158595;0,463897;-0,103727;0,154895;0,398578;0,000730;0,151245;0,389187;-0,084263;0,162204;0,417386;0,013788;0,149986;0,385947;-0,064229;0,154164;0,396698;0,012712;0,149646;0,385072;-0,067027;0,153907;0,396036;0,020043;0,151474;0,389777;-0,035657;0,152163;0,391548
00:00:32.394;704;6;6;6;5;115,834726;178,387542;169,440047;91,166940;172,746362;85,385469;-136,156783;153,157092;170,202348;158,806269;32,443257;10,850743;18,996588;16,971603;-0,191483;-0,264648;0,998638;-0,207257;-0,291879;0,986293;-0,205771;-0,297041;0,998252;-0,205273;-0,301595;1,008049;-0,222630;-0,278679;0,962854;-0,234150;-0,273651;0,961690;-0,247404;-0,268968;0,961828;-0,215957;-0,267395;0,961684;-0,293796;-0,230511;0,964384;-0,247985;-0,330252;1,430446;-0,196009;-0,216714;0,979993;-0,085056;-0,077830;1,112976;-0,342968;-0,026270;0,897554;0,023018;0,178458;1,133171;-0,337678;0,218810;0,817261;0,183422;0,147347;0,945789;-0,124644;0,216774;0,839093;0,249558;0,145159;0,891694;-0,060327;0,227202;0,857947;0,261907;0,135096;0,914807;-0,054520;0,222417;0,924484;0,235035;0,133820;0,922640;-0,073091;0,215359;0,913805;-0,023575;0,158182;0,462883;-0,103936;0,155224;0,399426;0,000918;0,151356;0,389472;-0,082281;0,158887;0,408851;0,013795;0,149993;0,385965;-0,064060;0,154069;0,396453;0,013096;0,149772;0,385397;-0,066555;0,153902;0,396023;0,020315;0,151233;0,389155;-0,035702;0,152360;0,392056
00:00:32.441;705;6;6;6;5;115,843301;178,483780;169,267825;91,020990;172,814788;85,393834;-136,313143;153,042251;170,171656;158,857988;32,812631;10,799866;18,650713;-16,105529;-0,192187;-0,264786;0,999115;-0,208109;-0,292470;0,988291;-0,206816;-0,297535;0,999913;-0,206138;-0,302218;1,010132;-0,223162;-0,278796;0,963255;-0,234867;-0,273682;0,961799;-0,247862;-0,268996;0,961888;-0,216472;-0,267426;0,961795;-0,294107;-0,230479;0,964250;-0,279386;-0,371522;1,609140;-0,196634;-0,216792;0,980346;-0,085057;-0,077826;1,112984;-0,343161;-0,026285;0,898060;0,022699;0,178543;1,133111;-0,337591;0,218480;0,817170;0,183291;0,147459;0,945863;-0,123992;0,216822;0,839061;0,248922;0,145061;0,891451;-0,060209;0,227273;0,857966;0,261788;0,135147;0,914525;-0,054410;0,222566;0,925015;0,234628;0,133683;0,922416;-0,072504;0,215489;0,914224;-0,023580;0,158483;0,464674;-0,103890;0,155166;0,399277;0,001041;0,151428;0,389657;-0,080993;0,156731;0,403303;0,013800;0,149998;0,385977;-0,064063;0,154279;0,396995;0,013345;0,149854;0,385608;-0,066248;0,153899;0,396015;0,020529;0,151347;0,389451;-0,035731;0,152488;0,392387
00:00:32.487;706;6;6;6;5;115,871570;178,732127;169,076305;90,813288;172,819978;85,264635;-136,583342;152,967120;170,251596;158,926991;33,252595;10,770625;17,066989;15,405474;-0,192848;-0,265153;1,000475;-0,209004;-0,292543;0,988539;-0,207494;-0,297857;1,000994;-0,206845;-0,302833;1,012186;-0,223508;-0,278871;0,963516;-0,235333;-0,273702;0,961869;-0,248707;-0,269014;0,961927;-0,216806;-0,267446;0,961867;-0,294203;-0,230375;0,963812;-0,295800;-0,390582;1,696241;-0,196899;-0,216688;0,979875;-0,085057;-0,077824;1,112990;-0,343799;-0,026294;0,898389;0,022485;0,178543;1,132722;-0,337534;0,218265;0,817110;0,183341;0,147642;0,946611;-0,123568;0,216854;0,839039;0,248217;0,144826;0,890243;-0,060157;0,227412;0,858328;0,261411;0,135025;0,913291;-0,054358;0,222747;0,925710;0,234187;0,133492;0,921571;-0,072123;0,215574;0,914495;-0,023386;0,159155;0,467238;-0,103860;0,155128;0,399180;0,001119;0,151338;0,389427;-0,080155;0,155329;0,399697;0,013803;0,150001;0,385985;-0,063950;0,154688;0,398047;0,013507;0,149908;0,385745;-0,066281;0,154441;0,397410;0,020631;0,151150;0,388943;-0,035814;0,152844;0,393301
00:00:32.534;707;6;6;6;5;115,850195;178,650428;168,858144;90,652046;172,729414;85,011710;-136,760960;152,848641;170,288313;158,822698;33,812253;-10,861594;15,527295;-16,594164;-0,193414;-0,265578;1,002058;-0,209734;-0,292798;0,989400;-0,208359;-0,297857;1,000996;-0,207737;-0,303023;1,012821;-0,224199;-0,278819;0,963335;-0,236183;-0,273716;0,961915;-0,249256;-0,268478;0,961953;-0,217571;-0,267459;0,961913;-0,294921;-0,230390;0,963878;-0,254102;-0,334604;1,454657;-0,197283;-0,216852;0,980619;-0,085031;-0,078431;1,112643;-0,344213;-0,026301;0,898603;0,022983;0,177200;1,132119;-0,337352;0,218032;0,816722;0,183913;0,146681;0,947097;-0,123666;0,216693;0,838326;0,248572;0,143551;0,888758;-0,060537;0,226737;0,857513;0,260965;0,133808;0,911789;-0,054366;0,223033;0,926861;0,234155;0,132695;0,919971;-0,072424;0,215712;0,915022;-0,023157;0,158878;0,466805;-0,103841;0,155104;0,399117;0,001170;0,151280;0,389277;-0,079611;0,154418;0,397353;0,012486;0,150003;0,385990;-0,064104;0,154954;0,398730;0,013613;0,149942;0,385834;-0,066302;0,154793;0,398316;0,020494;0,151158;0,388963;-0,035804;0,152803;0,393196
00:00:32.580;708;6;6;5;5;115,778073;178,561281;168,629732;90,539776;172,693646;85,018684;-136,868132;152,731692;170,300588;158,747707;33,665164;11,325795;14,862080;15,832598;-0,194012;-0,264821;1,001338;-0,210284;-0,293067;0,990310;-0,208995;-0,297962;1,001347;-0,208462;-0,303356;1,013934;-0,224730;-0,278886;0,963568;-0,236736;-0,273724;0,961945;-0,250161;-0,268130;0,961969;-0,218148;-0,267565;0,962294;-0,295495;-0,229935;0,964271;-0,277583;-0,364259;1,585677;-0,197462;-0,216882;0,980752;-0,085014;-0,078825;1,112418;-0,344616;-0,026315;0,899092;0,023306;0,176328;1,131728;-0,337234;0,217881;0,816469;0,185017;0,145253;0,945663;-0,123834;0,216770;0,838562;0,248705;0,141660;0,887443;-0,060859;0,226575;0,858033;0,260789;0,131783;0,909413;-0,054330;0,223050;0,926910;0,233956;0,131034;0,918231;-0,072508;0,215471;0,913964;-0,022940;0,158223;0,465123;-0,103828;0,155088;0,399076;0,000982;0,151242;0,389180;-0,079834;0,154506;0,397579;0,011176;0,149732;0,385294;-0,064092;0,154854;0,398475;0,013461;0,149965;0,385892;-0,066426;0,154750;0,398206;0,020369;0,150891;0,388276;-0,035924;0,152368;0,392077
00:00:32.626;709;6;6;5;5;115,752792;178,377931;168,479215;90,453927;172,604046;85,390597;-137,034469;152,734043;170,323636;158,686306;34,161775;11,086858;11,263976;-14,914661;-0,194742;-0,265361;1,002620;-0,210715;-0,293346;0,991252;-0,209555;-0,298238;1,002276;-0,209078;-0,303782;1,015357;-0,225076;-0,278930;0,963719;-0,237095;-0,273730;0,961964;-0,250749;-0,267903;0,961980;-0,218523;-0,267633;0,962541;-0,296083;-0,229805;0,965226;-0,241954;-0,317092;1,381040;-0,197579;-0,216901;0,980839;-0,085003;-0,079082;1,112272;-0,345013;-0,026334;0,899760;0,023509;0,175063;1,131123;-0,337302;0,217876;0,816655;0,186061;0,141491;0,943681;-0,123891;0,216729;0,838365;0,247710;0,137083;0,880988;-0,060628;0,226653;0,859072;0,259367;0,127557;0,901568;-0,054327;0,223146;0,927291;0,234167;0,127259;0,916400;-0,072098;0,215480;0,913977;-0,023343;0,157915;0,464380;-0,103774;0,155350;0,399749;0,000859;0,151082;0,388767;-0,079978;0,154564;0,397727;0,010551;0,149692;0,385191;-0,063745;0,154518;0,397609;0,013351;0,149843;0,385580;-0,066164;0,154450;0,397434;0,020452;0,150309;0,386779;-0,035367;0,152222;0,391700
00:00:32.674;710;6;6;5;5;115,827046;177,961385;168,578147;90,559552;172,487844;85,886320;-137,199850;152,938743;170,387190;158,519251;34,695188;11,031058;9,567138;11,579354;-0,195626;-0,266270;1,005553;-0,211411;-0,293320;0,991164;-0,210066;-0,298626;1,003579;-0,209693;-0,303535;1,014532;-0,225382;-0,279060;0,964167;-0,237329;-0,273733;0,961977;-0,251131;-0,267756;0,961987;-0,218767;-0,267678;0,962702;-0,296573;-0,229804;0,966197;-0,274850;-0,359617;1,567226;-0,198142;-0,216836;0,980545;-0,085574;-0,079198;1,111477;-0,345002;-0,026327;0,899494;0,023634;0,174188;1,130380;-0,337346;0,218338;0,816776;0,186530;0,137829;0,941343;-0,123928;0,216703;0,838237;0,247361;0,132279;0,877842;-0,060527;0,226889;0,860447;0,258037;0,122109;0,895070;-0,054325;0,223208;0,927539;0,232776;0,121982;0,909260;-0,071886;0,215651;0,914685;-0,024018;0,158667;0,466697;-0,103558;0,155248;0,399487;0,000779;0,150978;0,388499;-0,080072;0,154601;0,397822;0,010153;0,149802;0,385474;-0,063632;0,154571;0,397746;0,013303;0,150036;0,386077;-0,066110;0,154527;0,397632;0,020505;0,149931;0,385807;-0,035004;0,152126;0,391455
00:00:32.720;711;6;6;5;5;115,899552;177,797262;168,642314;90,628434;172,350993;86,559690;-137,329743;153,023451;170,428387;158,451649;34,845438;10,719499;8,201839;-8,867978;-0,195996;-0,266008;1,006409;-0,211863;-0,293303;0,991106;-0,210398;-0,298878;1,004427;-0,210166;-0,303479;1,014346;-0,225581;-0,279144;0,964459;-0,237481;-0,273188;0,961985;-0,251379;-0,267661;0,961992;-0,218925;-0,267707;0,962806;-0,296784;-0,229720;0,966478;-0,239870;-0,313674;1,367297;-0,198365;-0,216639;0,979654;-0,085945;-0,079274;1,110960;-0,344995;-0,026322;0,899321;0,023707;0,173566;1,129547;-0,337374;0,218638;0,816854;0,186554;0,133660;0,938423;-0,123952;0,216686;0,838154;0,246540;0,126887;0,873697;-0,060364;0,226674;0,859940;0,256565;0,116305;0,888745;-0,054365;0,223417;0,928401;0,231332;0,116770;0,902519;-0,071803;0,215404;0,915845;-0,024764;0,159394;0,468903;-0,103417;0,155182;0,399317;0,000507;0,151046;0,388674;-0,080134;0,154625;0,397885;0,009895;0,149874;0,385658;-0,063447;0,154334;0,397135;0,013272;0,150162;0,386400;-0,065843;0,154033;0,396361;0,020521;0,149550;0,384824;-0,034769;0,152065;0,391296
00:00:32.767;712;6;6;5;5;115,828687;177,711693;168,691965;90,685868;171,818393;87,608190;-137,124253;153,051638;170,445496;158,478262;34,403272;10,591439;10,799089;-15,056632;-0,196100;-0,265653;1,006266;-0,212307;-0,293499;0,991769;-0,210964;-0,298730;1,003927;-0,210400;-0,302762;1,013875;-0,225711;-0,279199;0,964648;-0,237579;-0,272834;0,961990;-0,251541;-0,267598;0,961995;-0,219028;-0,267726;0,962874;-0,296921;-0,229666;0,966661;-0,272880;-0,356592;1,554793;-0,198582;-0,216588;0,979425;-0,086213;-0,079348;1,110974;-0,344991;-0,026318;0,899209;0,024365;0,172307;1,127606;-0,337393;0,218833;0,816905;0,186067;0,126281;0,928825;-0,124497;0,216765;0,838450;0,245389;0,118273;0,865403;-0,060721;0,225953;0,859261;0,255507;0,107504;0,884284;-0,054899;0,222940;0,928610;0,231714;0,108644;0,901287;-0,072244;0,215162;0,916249;-0,025279;0,158701;0,466137;-0,103235;0,155003;0,398856;-0,000335;0,151090;0,388788;-0,080173;0,154641;0,397925;0,009507;0,149920;0,385778;-0,063834;0,154315;0,397088;0,012581;0,150108;0,386260;-0,066342;0,153712;0,395534;0,019676;0,149437;0,384536;-0,034745;0,151616;0,390142
00:00:32.813;713;6;6;5;5;115,764472;177,690345;168,763143;90,831663;171,237844;88,290335;-136,902898;153,075328;170,346096;158,580488;33,717597;10,133245;13,755871;14,971713;-0,196031;-0,265239;1,005473;-0,212596;-0,293627;0,992200;-0,211333;-0,298633;1,003603;-0,210626;-0,302399;1,013919;-0,226344;-0,279235;0,964771;-0,237730;-0,272702;0,962344;-0,251737;-0,267107;0,962346;-0,219175;-0,267836;0,963268;-0,297010;-0,229630;0,966780;-0,239157;-0,311708;1,359216;-0,198722;-0,216555;0,979277;-0,086415;-0,079422;1,111333;-0,344988;-0,025805;0,899136;0,024777;0,170745;1,125644;-0,337870;0,218960;0,816938;0,186498;0,119248;0,921186;-0,125806;0,216816;0,838643;0,245931;0,110082;0,862812;-0,060954;0,225485;0,858820;0,255114;0,098727;0,880685;-0,055753;0,222546;0,928397;0,231329;0,100570;0,898037;-0,073109;0,215168;0,917212;-0,025594;0,158393;0,463989;-0,103117;0,154886;0,398556;-0,001325;0,151119;0,388862;-0,080199;0,154651;0,397951;0,009035;0,149950;0,385856;-0,064363;0,153895;0,396007;0,011893;0,149800;0,385469;-0,067115;0,153503;0,394997;0,018472;0,149365;0,384348;-0,034918;0,151189;0,389043
00:00:32.848;714;6;6;6;5;116,194429;177,740482;168,821501;91,044984;170,810565;89,024989;-137,678813;153,095949;170,319454;158,537116;33,392515;10,078423;16,288306;-21,349325;-0,196419;-0,264785;1,004257;-0,212783;-0,293710;0,992480;-0,211572;-0,298570;1,003392;-0,210772;-0,302164;1,013947;-0,226756;-0,278709;0,964851;-0,237914;-0,272716;0,962923;-0,251865;-0,266788;0,962575;-0,219270;-0,267907;0,963524;-0,296960;-0,229524;0,966507;-0,217422;-0,282774;1,233140;-0,198956;-0,216689;0,979880;-0,086492;-0,079419;1,110867;-0,344986;-0,025471;0,899088;0,025666;0,169625;1,123668;-0,338180;0,219507;0,816960;0,186490;0,112970;0,914821;-0,126657;0,216850;0,838768;0,244772;0,102257;0,855878;-0,061542;0,224997;0,857833;0,255877;0,090836;0,881845;-0,056352;0,222457;0,928958;0,230808;0,092691;0,894874;-0,073813;0,215057;0,919588;-0,026635;0,163522;0,477293;-0,103221;0,155082;0,399062;-0,001968;0,151138;0,388911;-0,080903;0,154250;0,396918;0,008714;0,149698;0,385206;-0,064580;0,152806;0,393204;0,011227;0,149600;0,384955;-0,067472;0,152551;0,392548;0,017427;0,148909;0,383176;-0,035218;0,150775;0,387978
00:00:32.890;715;6;6;5;5;115,995575;177,727757;168,921738;91,349245;170,087377;89,480436;-137,516914;153,160580;170,342387;158,513594;32,391735;10,294755;13,892851;23,163226;-0,196466;-0,264213;1,002417;-0,212905;-0,293763;0,992662;-0,211727;-0,298529;1,003255;-0,210794;-0,301907;1,013616;-0,227188;-0,278568;0,965603;-0,238121;-0,272824;0,963650;-0,251948;-0,266581;0,962724;-0,219332;-0,267953;0,963691;-0,296821;-0,229372;0,965979;-0,203357;-0,264047;1,151541;-0,199108;-0,216217;0,980272;-0,086460;-0,079342;1,109513;-0,344850;-0,025244;0,898707;0,027441;0,168478;1,119584;-0,338382;0,219863;0,816974;0,184872;0,107311;0,910334;-0,127796;0,216574;0,839549;0,241391;0,094370;0,847171;-0,062411;0,224193;0,857191;0,251970;0,083026;0,874199;-0,057226;0,221704;0,928623;0,228241;0,085318;0,890018;-0,074710;0,214740;0,920082;-0,026456;0,161668;0,470890;-0,103108;0,154938;0,398690;-0,002607;0,151150;0,388942;-0,081434;0,154125;0,396597;0,008286;0,149534;0,384784;-0,065178;0,152642;0,392783;0,010794;0,149470;0,384621;-0,068174;0,152477;0,392356;0,016532;0,148613;0,382415;-0,035752;0,150098;0,386235
00:00:32.937;716;6;6;6;5;115,876994;177,376549;169,057531;91,562412;168,947091;89,950788;-137,472372;153,371742;170,387675;158,499870;32,537857;10,471981;18,725102;24,174188;-0,196358;-0,263657;1,000521;-0,212984;-0,293798;0,992780;-0,211828;-0,298503;1,003166;-0,210809;-0,301740;1,013400;-0,227305;-0,278275;0,965392;-0,238168;-0,272795;0,963773;-0,251911;-0,266349;0,962471;-0,219293;-0,267886;0,963449;-0,296945;-0,229439;0,966337;-0,194215;-0,251874;1,098502;-0,199136;-0,215834;0,980177;-0,086384;-0,079242;1,107934;-0,344628;-0,025087;0,898110;0,030391;0,167261;1,113780;-0,338513;0,220094;0,816983;0,182126;0,100732;0,899017;-0,128482;0,216305;0,839707;0,239193;0,087824;0,841511;-0,063081;0,224034;0,858174;0,249132;0,075914;0,868180;-0,057816;0,221298;0,928755;0,225684;0,078259;0,883362;-0,075293;0,214534;0,920403;-0,026299;0,160481;0,466029;-0,103125;0,154980;0,398799;-0,003016;0,150886;0,388262;-0,082298;0,154588;0,397788;0,008002;0,149291;0,384160;-0,066029;0,153080;0,393909;0,010277;0,149114;0,383703;-0,069455;0,153244;0,394332;0,015949;0,148421;0,381920;-0,036419;0,150066;0,386153
00:00:32.984;717;6;6;6;5;115,761489;177,200738;169,247807;91,723368;167,416212;89,700104;-137,173764;153,386462;170,411879;158,804934;32,408477;-10,425405;18,634974;25,364712;-0,196288;-0,263296;0,999289;-0,212886;-0,293614;0,992157;-0,211598;-0,297501;1,001708;-0,210673;-0,301423;1,012560;-0,227380;-0,278085;0,965255;-0,238199;-0,272776;0,963852;-0,251886;-0,266198;0,962306;-0,219267;-0,267842;0,963292;-0,296918;-0,229400;0,966219;-0,187962;-0,243561;1,062276;-0,198869;-0,215277;0,978715;-0,086390;-0,079858;1,107607;-0,344349;-0,024975;0,897371;0,032841;0,164805;1,107207;-0,338598;0,220244;0,816989;0,179772;0,094424;0,891311;-0,128928;0,216130;0,839809;0,235253;0,081668;0,832232;-0,063438;0,223658;0,857763;0,245328;0,069108;0,860767;-0,058222;0,220588;0,929191;0,222418;0,071520;0,876585;-0,075730;0,214037;0,921312;-0,025840;0,159104;0,461119;-0,102864;0,154600;0,397819;-0,003510;0,150986;0,388520;-0,083080;0,155296;0,399612;0,007830;0,149406;0,384454;-0,067049;0,153909;0,396041;0,009740;0,149154;0,383807;-0,070477;0,154151;0,396666;0,015354;0,148296;0,381598;-0,036853;0,150045;0,386099
00:00:33.020;718;6;6;6;5;115,710316;177,262120;169,282061;91,794554;166,104368;89,405074;-137,183035;153,357406;170,429220;159,244215;32,733047;-10,203897;20,269004;27,550543;-0,196380;-0,263245;0,999188;-0,212746;-0,293391;0,991402;-0,211375;-0,296745;1,000410;-0,210511;-0,301113;1,011664;-0,227347;-0,277861;0,964816;-0,238133;-0,272665;0,963554;-0,251870;-0,266100;0,962199;-0,219250;-0,267814;0,963190;-0,296901;-0,229374;0,966142;-0,183960;-0,238238;1,039079;-0,198696;-0,214916;0,977765;-0,086393;-0,080257;1,107394;-0,344436;-0,024922;0,897591;0,034361;0,162901;1,100835;-0,338798;0,220437;0,817343;0,177175;0,089294;0,885952;-0,129164;0,215926;0,839526;0,232422;0,076332;0,826901;-0,063670;0,223413;0,857496;0,242766;0,063432;0,859098;-0,058486;0,220126;0,929474;0,218705;0,065509;0,869730;-0,075985;0,213634;0,921553;-0,025620;0,158694;0,459327;-0,103011;0,154488;0,397532;-0,003831;0,151051;0,388688;-0,083441;0,155485;0,400098;0,007531;0,150160;0,386395;-0,067410;0,153767;0,395677;0,009390;0,149181;0,383875;-0,071142;0,154741;0,398183;0,015033;0,148894;0,383139;-0,037169;0,150168;0,386415
00:00:33.062;719;6;6;6;5;115,614110;177,302125;169,247025;91,949586;163,792975;88,418786;-137,082609;153,338540;170,433553;160,458733;32,827477;10,272284;23,130541;-29,798656;-0,196371;-0,263120;0,998772;-0,212506;-0,293038;0,990211;-0,211081;-0,296047;0,998866;-0,210261;-0,300703;1,010382;-0,227325;-0,277715;0,964530;-0,238090;-0,272593;0,963360;-0,251860;-0,266037;0,962129;-0,219240;-0,267795;0,963123;-0,296889;-0,229358;0,966092;-0,181358;-0,234777;1,024002;-0,198725;-0,214834;0,977847;-0,086396;-0,080517;1,107256;-0,344493;-0,024887;0,897734;0,035682;0,160486;1,088643;-0,338784;0,220932;0,817223;0,172729;0,082712;0,873369;-0,129371;0,215884;0,839692;0,227276;0,070027;0,816436;-0,063512;0,223400;0,859773;0,237347;0,056950;0,851364;-0,058591;0,219578;0,928608;0,213981;0,058970;0,861775;-0,076093;0,213210;0,921009;-0,025360;0,157700;0,456063;-0,103107;0,154416;0,397346;-0,004040;0,151094;0,388797;-0,083676;0,155608;0,400414;0,007525;0,149970;0,385907;-0,067585;0,153539;0,395090;0,009382;0,149198;0,383919;-0,071384;0,154716;0,398119;0,014824;0,149284;0,384140;-0,037375;0,150247;0,386620
00:00:33.110;720;6;6;6;5;115,527048;177,311985;169,220124;92,036139;162,211510;88,004477;-136,953453;153,194247;170,441176;161,581812;33,578421;10,617615;24,529974;31,183000;-0,196228;-0,262854;0,997802;-0,212349;-0,292809;0,989437;-0,210817;-0,295490;0,997513;-0,210025;-0,300332;1,009198;-0,227311;-0,277620;0,964345;-0,238062;-0,272546;0,963234;-0,251945;-0,266092;0,962434;-0,219233;-0,267783;0,963080;-0,296882;-0,229347;0,966060;-0,179667;-0,232528;1,014201;-0,198745;-0,214781;0,977901;-0,085794;-0,081342;1,107517;-0,344530;-0,024865;0,897827;0,036502;0,158762;1,079668;-0,338774;0,221254;0,817145;0,169635;0,076418;0,864140;-0,128974;0,215766;0,839450;0,222173;0,064353;0,806483;-0,063435;0,223482;0,861602;0,233443;0,050848;0,846687;-0,058174;0,219387;0,928745;0,209110;0,052621;0,853104;-0,076163;0,212934;0,920656;-0,025095;0,156448;0,452191;-0,103169;0,154369;0,397225;-0,004176;0,151121;0,388868;-0,083755;0,155552;0,400269;0,007739;0,149847;0,385589;-0,067698;0,153391;0,394708;0,009376;0,149209;0,383947;-0,071190;0,154428;0,397377;0,014688;0,149537;0,384791;-0,037508;0,150299;0,386753
00:00:33.156;721;6;6;6;5;115,493121;177,407148;169,178249;92,164747;160,897811;87,819285;-137,017509;153,081220;170,352797;162,470938;34,181579;-10,357503;30,926316;-31,831334;-0,195636;-0,262774;0,997521;-0,212247;-0,292660;0,988934;-0,210719;-0,295232;0,996984;-0,209872;-0,300091;1,008429;-0,227302;-0,277558;0,964224;-0,238044;-0,272515;0,963152;-0,252000;-0,266128;0,962632;-0,219228;-0,267775;0,963052;-0,296877;-0,229340;0,966039;-0,178124;-0,231227;1,008531;-0,198828;-0,214824;0,978285;-0,085403;-0,081879;1,107686;-0,344688;-0,024860;0,898238;0,037575;0,157988;1,072084;-0,339233;0,221463;0,817094;0,165329;0,071322;0,851141;-0,128716;0,215690;0,839292;0,217696;0,059813;0,800714;-0,063852;0,223445;0,862441;0,228732;0,045805;0,840846;-0,058939;0,218652;0,928484;0,204578;0,047461;0,845717;-0,076791;0,212917;0,921127;-0,024744;0,156118;0,451074;-0,103210;0,154338;0,397146;-0,004264;0,151139;0,388914;-0,083807;0,155515;0,400175;0,007879;0,149767;0,385383;-0,067772;0,153294;0,394460;0,009600;0,149352;0,384316;-0,071064;0,154241;0,396895;0,014547;0,149157;0,383814;-0,038141;0,150741;0,387889
00:00:33.202;722;6;6;6;5;115,531698;177,198761;169,289184;92,430181;160,143629;88,196793;-137,290398;153,060644;170,358383;163,294574;34,199804;10,526251;35,378164;-33,575472;-0,195183;-0,262629;0,996989;-0,212031;-0,292356;0,987907;-0,210235;-0,295271;0,997339;-0,209416;-0,300247;1,008979;-0,227213;-0,277418;0,963796;-0,238032;-0,272495;0,963099;-0,252036;-0,266152;0,962761;-0,218677;-0,267770;0,963034;-0,296874;-0,229335;0,966025;-0,177121;-0,230381;1,004845;-0,198883;-0,214851;0,978536;-0,084439;-0,082149;1,106746;-0,344522;-0,024837;0,897805;0,038207;0,158424;1,065405;-0,339531;0,221599;0,817061;0,158316;0,067433;0,834992;-0,129080;0,215252;0,839540;0,210200;0,055401;0,787864;-0,064201;0,223199;0,864037;0,220602;0,040768;0,828300;-0,059390;0,218011;0,927615;0,197210;0,042865;0,833916;-0,077754;0,212461;0,921782;-0,023801;0,156268;0,451398;-0,103418;0,154590;0,397795;-0,003876;0,151015;0,388594;-0,083840;0,155491;0,400114;0,008391;0,149443;0,384549;-0,067476;0,152960;0,393599;0,010174;0,149309;0,384205;-0,070285;0,153575;0,395182;0,014701;0,149182;0,383879;-0,038659;0,151436;0,389678
00:00:33.250;723;6;6;6;5;115,528368;177,195113;169,165147;92,563022;158,673444;87,381196;-137,729008;153,059097;170,353397;164,595734;34,754042;11,005184;37,344313;33,039524;-0,194820;-0,262443;0,996293;-0,211478;-0,292366;0,987940;-0,209921;-0,295864;0,997571;-0,208903;-0,300036;1,008286;-0,226853;-0,277628;0,964567;-0,238197;-0,272681;0,963764;-0,252151;-0,266812;0,963195;-0,218398;-0,267864;0,963372;-0,296764;-0,229249;0,965667;-0,176408;-0,229751;1,002099;-0,198918;-0,214869;0,978698;-0,083735;-0,082246;1,105085;-0,344549;-0,024832;0,897873;0,038343;0,157596;1,053713;-0,339579;0,221593;0,816690;0,152780;0,064422;0,824145;-0,129317;0,214968;0,839701;0,203677;0,052119;0,779862;-0,064948;0,223129;0,865424;0,213593;0,036984;0,818745;-0,059797;0,217474;0,928800;0,190725;0,039443;0,826946;-0,078410;0,212245;0,922558;-0,023170;0,156244;0,451259;-0,103644;0,154890;0,398567;-0,003183;0,151070;0,388736;-0,083416;0,155068;0,399024;0,009377;0,149232;0,384007;-0,067002;0,152606;0,392690;0,011190;0,149145;0,383783;-0,069272;0,153006;0,393718;0,015223;0,149063;0,383571;-0,039030;0,152024;0,391191
00:00:33.289;724;6;6;6;5;115,485520;177,023778;169,076637;92,560779;157,932960;87,240282;-138,108851;153,133337;170,483527;165,493931;34,932598;-10,854694;41,798025;35,720264;-0,194448;-0,262138;0,995140;-0,210821;-0,291958;0,986561;-0,209002;-0,296041;0,997021;-0,207781;-0,299586;1,006786;-0,226538;-0,277664;0,964719;-0,238305;-0,272801;0,964197;-0,252317;-0,267339;0,963827;-0,217668;-0,267926;0,963592;-0,296801;-0,229276;0,965783;-0,175194;-0,229100;0,999265;-0,198243;-0,214727;0,978104;-0,082624;-0,082283;1,103655;-0,344942;-0,024819;0,897567;0,038431;0,157645;1,046113;-0,339610;0,221588;0,816448;0,146215;0,061978;0,810444;-0,129894;0,214693;0,839456;0,195987;0,049565;0,767660;-0,065406;0,222993;0,865976;0,206418;0,034018;0,811134;-0,060521;0,216881;0,928520;0,183837;0,036606;0,818565;-0,079271;0,211864;0,922013;-0,022455;0,155865;0,450118;-0,103792;0,155085;0,399068;-0,002069;0,150970;0,388479;-0,083140;0,154793;0,398316;0,010455;0,149095;0,383654;-0,066397;0,151696;0,390348;0,012505;0,149039;0,383509;-0,068614;0,152636;0,392767;0,015562;0,148985;0,383371;-0,039236;0,152270;0,391824
00:00:33.325;725;6;6;6;5;115,436882;176,582388;168,932796;92,713512;156,943412;86,685957;-138,792980;153,567383;170,735207;166,657675;34,243301;10,403361;45,194102;36,945942;-0,193411;-0,262400;0,996141;-0,209420;-0,291900;0,986365;-0,207694;-0,295948;0,995964;-0,206338;-0,299086;1,005111;-0,225865;-0,278338;0,965167;-0,237825;-0,273428;0,964478;-0,251327;-0,267681;0,964237;-0,216645;-0,267965;0,963735;-0,297147;-0,230095;0,966909;-0,173960;-0,228838;0,998122;-0,197318;-0,214712;0,978067;-0,081774;-0,082176;1,100976;-0,345709;-0,024811;0,897369;0,037688;0,157345;1,035224;-0,339631;0,222050;0,816291;0,137650;0,059851;0,794189;-0,130857;0,214215;0,839996;0,186304;0,047982;0,754129;-0,065651;0,222725;0,865634;0,195601;0,031765;0,797087;-0,061520;0,216495;0,928338;0,173650;0,034448;0,805067;-0,080323;0,211536;0,921308;-0,021989;0,155619;0,449377;-0,104207;0,155348;0,399744;-0,001345;0,150905;0,388311;-0,083260;0,154750;0,398205;0,011166;0,149142;0,383775;-0,066224;0,151105;0,388826;0,013141;0,148969;0,383331;-0,068409;0,152396;0,392148;0,016314;0,149751;0,385341;-0,039818;0,152430;0,392236
00:00:33.375;726;6;6;6;5;115,408763;176,549982;168,817650;92,816553;156,568207;86,710210;-139,426626;154,052163;170,930276;167,624084;33,940182;10,031950;46,171461;-37,534430;-0,192236;-0,262663;0,997142;-0,207677;-0,292276;0,987637;-0,205641;-0,296617;0,997726;-0,204245;-0,299594;1,006822;-0,224408;-0,278878;0,965809;-0,236500;-0,273936;0,965011;-0,250134;-0,267904;0,964504;-0,215113;-0,268283;0,964878;-0,296269;-0,230627;0,967641;-0,172794;-0,229711;1,001929;-0,196091;-0,214625;0,977694;-0,080598;-0,082106;1,099234;-0,346717;-0,024805;0,897240;0,036628;0,158306;1,028146;-0,340108;0,222350;0,816189;0,130504;0,058983;0,784673;-0,132862;0,213815;0,839998;0,177444;0,047347;0,744984;-0,066823;0,222148;0,865762;0,186014;0,030313;0,788307;-0,063226;0,215716;0,928220;0,164676;0,033017;0,795594;-0,082151;0,211038;0,921901;-0,021448;0,155835;0,449245;-0,104476;0,155519;0,400184;-0,000874;0,150862;0,388202;-0,083338;0,154722;0,398133;0,011629;0,149173;0,383854;-0,066753;0,151673;0,390287;0,013555;0,148924;0,383215;-0,068621;0,152512;0,392447;0,016520;0,149704;0,385222;-0,040681;0,152670;0,392853
00:00:33.422;727;6;6;6;5;115,359255;176,614558;168,750869;92,805921;156,287100;86,818796;-139,870601;154,640985;171,177213;168,792312;33,547896;9,364266;46,231987;38,228454;-0,190597;-0,263203;0,999192;-0,205837;-0,292314;0,987764;-0,203457;-0,296635;0,997472;-0,201759;-0,299090;1,005134;-0,222439;-0,279330;0,966576;-0,234623;-0,274365;0,965707;-0,248260;-0,268048;0,964678;-0,213567;-0,268490;0,965620;-0,295147;-0,231524;0,968117;-0,221873;-0,299288;1,305404;-0,195154;-0,214415;0,976751;-0,079808;-0,082035;1,097752;-0,347747;-0,024792;0,896806;0,034144;0,159173;1,021445;-0,340419;0,222545;0,816123;0,121637;0,058935;0,779537;-0,134643;0,213556;0,839998;0,168100;0,046978;0,739740;-0,067584;0,221773;0,865845;0,175318;0,029795;0,782249;-0,064837;0,215129;0,927793;0,152969;0,032502;0,788736;-0,083832;0,210635;0,921935;-0,021064;0,155732;0,448459;-0,104788;0,155494;0,400120;-0,000568;0,150835;0,388131;-0,083615;0,154704;0,398087;0,011929;0,149192;0,383905;-0,067078;0,151497;0,389837;0,013824;0,148895;0,383140;-0,069143;0,152451;0,392290;0,016638;0,149538;0,384794;-0,041241;0,152826;0,393255
00:00:33.468;728;6;6;6;5;115,359484;176,921816;168,955225;92,923828;156,453193;86,801844;-140,253847;155,201052;171,319330;169,777778;33,525967;8,793990;53,551329;-35,488883;-0,188647;-0,263922;1,001925;-0,203164;-0,292649;0,988897;-0,200540;-0,296390;0,998357;-0,198768;-0,299284;1,005787;-0,220214;-0,279826;0,967774;-0,232385;-0,274744;0,966510;-0,246032;-0,268240;0,965141;-0,211462;-0,268624;0,966103;-0,293106;-0,231939;0,967726;-0,253233;-0,345235;1,505813;-0,193990;-0,214278;0,976138;-0,079245;-0,081936;1,096089;-0,348279;-0,025283;0,896174;0,030807;0,160311;1,017089;-0,341232;0,222768;0,816430;0,113271;0,058331;0,763249;-0,135744;0,213298;0,839649;0,160015;0,047040;0,734581;-0,068079;0,221529;0,865900;0,164425;0,029881;0,767112;-0,065833;0,214586;0,926815;0,142966;0,032651;0,775178;-0,084858;0,210214;0,921258;-0,020815;0,155666;0,447949;-0,104990;0,155477;0,400078;-0,000590;0,150681;0,387735;-0,084248;0,154692;0,398056;0,011928;0,149477;0,384638;-0,067756;0,151928;0,390944;0,013806;0,149148;0,383791;-0,069546;0,152548;0,392539;0,016293;0,149566;0,384866;-0,042889;0,153471;0,394915
00:00:33.515;729;6;6;6;5;115,378078;177,340724;168,995219;92,890099;155,779986;85,798841;-140,891917;155,993323;171,541074;171,126292;33,331613;-7,737444;54,730359;-36,748224;-0,185539;-0,262809;0,999851;-0,200008;-0,293281;0,991033;-0,197505;-0,296231;0,998932;-0,195366;-0,299827;1,007612;-0,217664;-0,280149;0,968553;-0,229909;-0,275090;0,967381;-0,243570;-0,268461;0,965791;-0,208589;-0,268906;0,967117;-0,290678;-0,232759;0,967472;-0,222139;-0,304727;1,329128;-0,192679;-0,214189;0,975740;-0,078803;-0,081794;1,093958;-0,349135;-0,025602;0,895763;0,027920;0,160037;1,007958;-0,341760;0,222912;0,816630;0,103866;0,060175;0,754412;-0,136459;0,213131;0,839422;0,147772;0,049215;0,726677;-0,068289;0,221013;0,864535;0,150970;0,031718;0,759373;-0,067033;0,214314;0,926530;0,129635;0,034881;0,766366;-0,085690;0,209812;0,922568;-0,020716;0,156109;0,449017;-0,105122;0,155467;0,400051;-0,000823;0,150445;0,387128;-0,084735;0,154820;0,398387;0,011488;0,149663;0,385115;-0,068644;0,152207;0,391663;0,013367;0,149448;0,384564;-0,070031;0,152610;0,392700;0,015423;0,149720;0,385263;-0,044951;0,154163;0,396695
00:00:33.562;730;6;6;6;5;115,385618;178,227493;168,896916;92,956374;155,204444;84,177873;-141,559104;156,707893;171,724997;172,793661;33,396644;7,212710;58,579209;-39,278177;-0,182509;-0,262269;0,999203;-0,196824;-0,293692;0,992421;-0,194087;-0,296541;1,000706;-0,192133;-0,300388;1,009498;-0,214500;-0,280561;0,969760;-0,226646;-0,275314;0,967948;-0,240319;-0,268606;0,966214;-0,205691;-0,269186;0,968126;-0,287245;-0,233671;0,966607;-0,201414;-0,278477;1,214633;-0,190717;-0,214132;0,975481;-0,077872;-0,081675;1,092223;-0,349965;-0,026851;0,896196;0,023737;0,159351;0,998873;-0,342104;0,223006;0,816759;0,092812;0,063597;0,741318;-0,136981;0,212632;0,839624;0,133338;0,053806;0,716290;-0,068510;0,220454;0,864698;0,135936;0,036819;0,749092;-0,067866;0,213770;0,927045;0,116340;0,039336;0,754338;-0,086657;0,209313;0,922369;-0,020892;0,156276;0,449361;-0,105342;0,155324;0,399683;-0,001201;0,150836;0,388133;-0,085354;0,155040;0,398951;0,010991;0,149919;0,385775;-0,069796;0,152661;0,392831;0,012863;0,149644;0,385067;-0,070697;0,152923;0,393505;0,014430;0,149956;0,385871;-0,046703;0,154476;0,397502
00:00:33.609;731;6;6;6;5;115,400668;178,923788;168,851469;93,000392;153,740702;81,461896;-142,136802;157,611042;171,879886;174,859292;33,343123;-6,843816;62,301059;-44,829269;-0,179971;-0,261917;0,998782;-0,193622;-0,293959;0,993324;-0,190530;-0,296433;1,000809;-0,189068;-0,301065;1,011774;-0,211337;-0,280829;0,970544;-0,223422;-0,275460;0,968316;-0,237105;-0,268699;0,966489;-0,202632;-0,269271;0,968432;-0,283466;-0,234350;0,966394;-0,187430;-0,261495;1,140562;-0,188820;-0,214017;0,974963;-0,077217;-0,081545;1,090395;-0,350505;-0,028174;0,896477;0,020346;0,157666;0,985267;-0,342327;0,223067;0,816844;0,084100;0,067528;0,729657;-0,137321;0,212309;0,839756;0,120586;0,058754;0,705339;-0,068625;0,220001;0,864453;0,122841;0,043043;0,742410;-0,068407;0,213417;0,927379;0,105101;0,045362;0,749320;-0,087252;0,208910;0,921890;-0,021246;0,156262;0,449235;-0,105485;0,155231;0,399444;-0,001446;0,151089;0,388787;-0,085984;0,155182;0,399318;0,010448;0,150086;0,386204;-0,070544;0,152956;0,393590;0,012315;0,149771;0,385393;-0,071130;0,153126;0,394028;0,013553;0,149974;0,385916;-0,048296;0,154680;0,398026
00:00:33.656;732;6;6;6;5;115,410737;179,565936;168,797219;93,119809;153,468464;80,199872;-142,585137;158,435263;171,884593;176,032716;33,000742;-6,755319;62,047920;46,532035;-0,177306;-0,261872;0,999208;-0,190667;-0,294547;0,995311;-0,187647;-0,297294;1,004026;-0,186105;-0,301817;1,014303;-0,208029;-0,280801;0,970353;-0,220146;-0,275456;0,968205;-0,233833;-0,269213;0,966318;-0,199471;-0,269229;0,968281;-0,279911;-0,235340;0,966256;-0,177713;-0,250376;1,092065;-0,186769;-0,213636;0,973226;-0,076767;-0,082052;1,088857;-0,350482;-0,029045;0,897010;0,017077;0,157515;0,978874;-0,342472;0,223107;0,816898;0,075360;0,072297;0,723827;-0,137177;0,212275;0,840541;0,108052;0,063957;0,698570;-0,068700;0,219707;0,864295;0,111248;0,048637;0,736667;-0,068784;0,213268;0,927946;0,094073;0,051089;0,742558;-0,087378;0,208752;0,924378;-0,021442;0,156010;0,448452;-0,105578;0,155171;0,399289;-0,001602;0,150982;0,388511;-0,086394;0,155275;0,399557;0,010095;0,150194;0,386482;-0,071031;0,153148;0,394084;0,011969;0,149989;0,385956;-0,071412;0,153259;0,394368;0,012994;0,150121;0,386296;-0,049104;0,154813;0,398367
00:00:33.702;733;6;6;6;5;115,449209;179,771952;168,694992;93,164686;151,993606;77,346768;-143,057072;159,267848;171,905356;177,989205;33,193660;7,426595;66,689221;-48,158320;-0,174946;-0,261751;0,999135;-0,187610;-0,294929;0,996602;-0,184685;-0,297958;1,006467;-0,183020;-0,302306;1,015947;-0,205255;-0,280681;0,969880;-0,216838;-0,275353;0,967784;-0,230607;-0,269546;0,966207;-0,195763;-0,269202;0,968183;-0,276402;-0,236448;0,965817;-0,170883;-0,243229;1,060892;-0,185370;-0,213311;0,971747;-0,076426;-0,082329;1,087157;-0,350467;-0,030123;0,897357;0,014310;0,156416;0,965268;-0,342419;0,223037;0,816584;0,066114;0,078465;0,715487;-0,136181;0,212341;0,841402;0,096429;0,070504;0,694521;-0,067899;0,219960;0,865942;0,097982;0,056063;0,729433;-0,067566;0,213040;0,930065;0,081337;0,058754;0,736063;-0,086435;0,208728;0,926346;-0,021569;0,155846;0,447944;-0,105959;0,155267;0,399538;-0,001704;0,150913;0,388332;-0,086660;0,155335;0,399712;0,010085;0,150264;0,386664;-0,070933;0,152865;0,393354;0,011744;0,150131;0,386321;-0,071595;0,153345;0,394589;0,013292;0,150217;0,386542;-0,048595;0,154491;0,397539
00:00:33.749;734;6;6;6;5;115,440528;179,167654;168,614544;93,194617;151,202796;74,964551;-143,333157;159,880031;171,927525;179,406519;33,118512;-7,622517;71,221653;52,599040;-0,172783;-0,261581;0,998738;-0,184991;-0,295074;0,997091;-0,181671;-0,298493;1,008403;-0,179615;-0,302208;1,015615;-0,202828;-0,280502;0,969222;-0,214138;-0,275286;0,967509;-0,227879;-0,269665;0,965784;-0,191701;-0,268633;0,968119;-0,273378;-0,237542;0,964831;-0,166277;-0,237774;1,039580;-0,183843;-0,213023;0,970435;-0,075563;-0,082482;1,085702;-0,350321;-0,030810;0,897232;0,011976;0,155701;0,956424;-0,342239;0,222896;0,816030;0,056403;0,085759;0,707967;-0,135109;0,212472;0,842311;0,084255;0,077421;0,688388;-0,066910;0,220213;0,867362;0,084848;0,064111;0,724382;-0,066775;0,212892;0,931442;0,069856;0,066777;0,733241;-0,085324;0,208791;0,927975;-0,021583;0,155504;0,446214;-0,106114;0,155194;0,399349;-0,001330;0,151276;0,389266;-0,086453;0,155510;0,400163;0,010510;0,150174;0,386431;-0,070323;0,152952;0,393580;0,012016;0,149952;0,385859;-0,070916;0,153128;0,394033;0,014322;0,149871;0,385652;-0,047402;0,154417;0,397350
00:00:33.797;735;6;6;6;5;115,455999;178,590635;168,639625;93,172494;150,736948;72,899194;-143,540727;160,529932;171,956167;-179,709096;35,282199;-7,621369;73,142699;55,061493;-0,170416;-0,261745;0,999530;-0,181707;-0,294806;0,998109;-0,178320;-0,298426;1,008262;-0,176076;-0,302291;1,017850;-0,199117;-0,280487;0,969144;-0,210732;-0,275243;0,967331;-0,224537;-0,269840;0,965860;-0,188509;-0,268264;0,968077;-0,270220;-0,238167;0,963840;-0,162307;-0,234467;1,026777;-0,182235;-0,212208;0,969233;-0,074978;-0,082554;1,084406;-0,350089;-0,031245;0,896801;0,010459;0,155237;0,950676;-0,342121;0,222804;0,815669;0,049246;0,093102;0,702028;-0,131959;0,212469;0,842552;0,074183;0,085732;0,681602;-0,064953;0,220500;0,870735;0,073790;0,071657;0,720048;-0,064893;0,212519;0,935838;0,060912;0,074009;0,727556;-0,083723;0,208769;0,931134;-0,021592;0,155282;0,445089;-0,106079;0,155283;0,399577;-0,000644;0,151104;0,388823;-0,086010;0,155896;0,401156;0,011213;0,149979;0,385930;-0,069493;0,153554;0,395127;0,012423;0,149971;0,385908;-0,070331;0,153668;0,395422;0,015899;0,149919;0,385774;-0,045573;0,153826;0,395828
00:00:33.842;736;6;6;6;5;115,509973;177,845660;168,545461;93,232783;150,469387;71,137066;-143,933544;161,164078;171,875857;-179,333947;36,362582;8,162949;79,698816;59,178025;-0,167563;-0,261920;1,002494;-0,178045;-0,294941;0,999821;-0,174886;-0,298633;1,010970;-0,172840;-0,302759;1,020703;-0,195602;-0,280477;0,969094;-0,206867;-0,275215;0,967215;-0,220639;-0,269856;0,965559;-0,185818;-0,267376;0,967700;-0,266977;-0,239033;0,962846;-0,159156;-0,231746;1,018455;-0,180089;-0,211679;0,968451;-0,074575;-0,082575;1,083214;-0,349700;-0,031552;0,897220;0,009479;0,153978;0,947639;-0,342044;0,222745;0,815435;0,044503;0,098776;0,696419;-0,129963;0,212555;0,843059;0,066847;0,092982;0,676842;-0,063681;0,221185;0,872928;0,065461;0,079537;0,718281;-0,063155;0,212354;0,939044;0,053002;0,081426;0,722812;-0,082149;0,208756;0,933187;-0,021701;0,155872;0,446458;-0,106057;0,155340;0,399725;0,000024;0,151128;0,388885;-0,085045;0,155739;0,400751;0,011671;0,149853;0,385605;-0,068500;0,153944;0,396133;0,009617;0,150119;0,386290;-0,069725;0,154019;0,396324;0,017291;0,149405;0,384453;-0,043677;0,153305;0,394488
00:00:33.889;737;6;6;6;5;115,454250;177,256708;168,307307;93,235111;154,414407;75,126921;-144,276575;161,659971;171,830576;177,568853;37,223271;7,975191;81,071929;62,113128;-0,165190;-0,262124;1,004771;-0,174816;-0,295544;1,002684;-0,172017;-0,298665;1,012381;-0,169870;-0,301965;1,020807;-0,192348;-0,280673;0,969761;-0,203805;-0,275197;0,967140;-0,217006;-0,269867;0,965363;-0,183519;-0,266800;0,967455;-0,264417;-0,239683;0,962550;-0,156378;-0,229741;1,011996;-0,178018;-0,211182;0,967243;-0,073697;-0,082588;1,082439;-0,349720;-0,031777;0,898193;0,009627;0,157272;0,971216;-0,341995;0,222706;0,815283;0,040759;0,102460;0,695222;-0,129093;0,212523;0,843038;0,061808;0,098300;0,675147;-0,062854;0,221631;0,874353;0,058803;0,085832;0,716783;-0,062563;0,212247;0,941129;0,045925;0,086527;0,721828;-0,081659;0,208747;0,934522;-0,021618;0,155405;0,444198;-0,106228;0,155650;0,400521;0,000237;0,151143;0,388925;-0,084490;0,155773;0,400838;0,011738;0,149635;0,385043;-0,067963;0,153926;0,396086;0,004697;0,150624;0,387589;-0,069599;0,153839;0,395861;0,017996;0,149208;0,383945;-0,042516;0,153239;0,394317
00:00:33.936;738;6;6;6;5;115,432906;176,863631;168,236603;93,257204;157,116865;77,877518;-144,412625;162,124096;171,804742;175,279818;37,197446;7,403515;68,394106;61,985889;-0,162963;-0,262075;1,005551;-0,172483;-0,295524;1,003144;-0,169633;-0,298788;1,013648;-0,167471;-0,301654;1,021574;-0,189681;-0,280801;0,970195;-0,201193;-0,275085;0,966741;-0,214096;-0,270423;0,965236;-0,182024;-0,266425;0,967296;-0,262205;-0,240106;0,962357;-0,154161;-0,228675;1,008847;-0,176060;-0,210783;0,966108;-0,073126;-0,082597;1,081936;-0,349597;-0,031911;0,898476;0,010893;0,159003;0,987590;-0,341962;0,222681;0,815184;0,038966;0,106433;0,699344;-0,128528;0,212502;0,843025;0,059165;0,103426;0,677196;-0,062219;0,222062;0,873880;0,053892;0,091952;0,713009;-0,062599;0,212855;0,940734;0,040868;0,092151;0,720138;-0,081936;0,208897;0,936089;-0,021547;0,155228;0,442378;-0,106340;0,155851;0,401039;0,000375;0,151017;0,388601;-0,084130;0,155795;0,400895;0,011355;0,149629;0,385028;-0,067840;0,153914;0,396056;-0,000086;0,151496;0,389833;-0,069517;0,153721;0,395559;0,018437;0,148943;0,383264;-0,042210;0,153196;0,394206
00:00:33.983;739;6;6;6;5;115,471006;176,161899;168,276083;93,475348;142,319672;58,714170;-144,456831;162,323834;171,710490;-172,730038;36,398561;6,984283;57,110188;61,698716;-0,161052;-0,262225;1,006758;-0,169996;-0,295820;1,004494;-0,167391;-0,298663;1,013771;-0,165329;-0,301453;1,022073;-0,187460;-0,280985;0,970827;-0,199015;-0,275112;0,966832;-0,211655;-0,270784;0,965154;-0,180503;-0,266181;0,967192;-0,259940;-0,240664;0,961182;-0,152304;-0,228219;1,007851;-0,174724;-0,209900;0,965020;-0,072186;-0,083272;1,082308;-0,349516;-0,031998;0,898659;0,011970;0,143285;0,892534;-0,342405;0,223128;0,815120;0,037748;0,111250;0,700974;-0,128160;0,212489;0,843016;0,056619;0,108574;0,677827;-0,061659;0,222300;0,871472;0,049474;0,097483;0,710206;-0,062529;0,213464;0,939077;0,037114;0,098041;0,717640;-0,082462;0,209058;0,935008;-0,021535;0,155360;0,441896;-0,106412;0,155982;0,401375;0,000465;0,150936;0,388391;-0,083968;0,155945;0,401282;0,010904;0,149897;0,385718;-0,067984;0,153907;0,396036;-0,000944;0,151519;0,389891;-0,069751;0,153781;0,395714;0,018540;0,149043;0,383522;-0,042123;0,152759;0,393084
00:00:34.030;740;6;6;6;5;115,500787;175,694195;168,385011;93,506778;135,414334;48,781688;-144,336266;162,492785;171,652596;-165,841001;35,936787;-7,154271;57,983121;57,339166;-0,159506;-0,262201;1,009293;-0,167806;-0,295439;1,005371;-0,165413;-0,298106;1,014201;-0,163464;-0,300944;1,023098;-0,185398;-0,281003;0,970887;-0,196500;-0,275130;0,966891;-0,209370;-0,270822;0,964400;-0,178963;-0,265472;0,967125;-0,257922;-0,241026;0,960419;-0,150473;-0,227271;1,006853;-0,173308;-0,209325;0,964313;-0,070980;-0,083739;1,082900;-0,349328;-0,032042;0,898429;0,014080;0,134295;0,838447;-0,342693;0,223419;0,815078;0,037339;0,115121;0,701683;-0,128241;0,212693;0,841961;0,055339;0,113956;0,683138;-0,062592;0,222315;0,867457;0,046643;0,101990;0,709084;-0,062921;0,214069;0,936600;0,034748;0,102545;0,717766;-0,083175;0,209298;0,932555;-0,021493;0,155448;0,440882;-0,106459;0,156067;0,401594;0,000302;0,150746;0,387904;-0,083951;0,155363;0,399783;0,010171;0,150071;0,386167;-0,068468;0,153766;0,395674;-0,000833;0,150989;0,388529;-0,069975;0,153004;0,393714;0,017733;0,149108;0,383689;-0,043729;0,153564;0,395155
00:00:34.079;741;6;6;6;5;115,521026;175,463586;168,520006;93,649532;131,520241;41,626477;-144,137545;162,710353;171,512748;-161,452559;34,687648;7,762349;49,869655;-57,551440;-0,157977;-0,262276;1,011290;-0,165923;-0,295396;1,006641;-0,163660;-0,297950;1,015181;-0,161722;-0,300716;1,024114;-0,183570;-0,281116;0,971277;-0,194245;-0,275042;0,966579;-0,207337;-0,270847;0,963910;-0,177899;-0,264916;0,966731;-0,256156;-0,241350;0,960272;-0,149181;-0,226499;1,005504;-0,171901;-0,209028;0,964204;-0,070197;-0,084042;1,083285;-0,348695;-0,032071;0,898279;0,015872;0,128452;0,803290;-0,342880;0,223608;0,815051;0,037586;0,118810;0,704244;-0,128400;0,213004;0,841974;0,054819;0,117659;0,685539;-0,063581;0,222449;0,863447;0,044823;0,105781;0,708704;-0,063152;0,214382;0,934640;0,033240;0,106401;0,718548;-0,083607;0,209374;0,930611;-0,021431;0,155507;0,439524;-0,106490;0,156122;0,401736;-0,000025;0,150760;0,387938;-0,084315;0,155256;0,399509;0,009254;0,150185;0,386458;-0,069169;0,153538;0,395088;-0,000762;0,150917;0,388344;-0,070786;0,152499;0,392414;0,016566;0,149287;0,384148;-0,044773;0,154087;0,396501
00:00:34.124;742;6;6;6;5;115,513134;175,455487;168,522710;93,707384;129,235772;36,363187;-144,011667;162,875824;171,420580;-158,763320;34,288929;8,050122;41,209121;60,581855;-0,156769;-0,261387;1,011189;-0,164529;-0,295061;1,006417;-0,162051;-0,297473;1,016518;-0,160113;-0,300188;1,025474;-0,181829;-0,280637;0,971530;-0,192780;-0,274984;0,966376;-0,205467;-0,270863;0,963591;-0,176233;-0,264746;0,967175;-0,255193;-0,242284;0,960877;-0,147972;-0,225737;1,006028;-0,171048;-0,208361;0,964482;-0,069092;-0,084266;1,083885;-0,348419;-0,032102;0,898531;0,017877;0,125074;0,780439;-0,343002;0,223731;0,815033;0,037784;0,121331;0,706609;-0,128397;0,213028;0,841283;0,054399;0,120659;0,686051;-0,064251;0,222628;0,861190;0,043681;0,108760;0,709158;-0,063230;0,214871;0,932316;0,032716;0,109484;0,720106;-0,083888;0,209424;0,929347;-0,021605;0,155543;0,437940;-0,106509;0,156158;0,401828;-0,000455;0,150496;0,387259;-0,084778;0,155187;0,399331;0,008212;0,150122;0,386298;-0,069882;0,152982;0,393657;-0,000495;0,150599;0,387524;-0,071535;0,152171;0,391569;0,014931;0,149403;0,384446;-0,046817;0,153747;0,395625
00:00:34.171;743;6;6;6;5;115,387882;174,991735;168,466259;93,833767;127,826372;31,859558;-143,971549;163,012646;171,387806;-157,186341;33,962223;7,702390;35,135301;65,661006;-0,155985;-0,260809;1,011123;-0,163107;-0,294373;1,006621;-0,160534;-0,297366;1,018086;-0,158588;-0,300048;1,027058;-0,180633;-0,280225;0,971344;-0,191827;-0,274947;0,966245;-0,204252;-0,270873;0,963384;-0,174599;-0,264084;0,967464;-0,253837;-0,242714;0,960570;-0,192639;-0,296895;1,328018;-0,170493;-0,207927;0,964664;-0,068374;-0,084412;1,084276;-0,348510;-0,032147;0,899395;0,019180;0,122878;0,765585;-0,343228;0,224372;0,815371;0,038278;0,123250;0,707446;-0,128394;0,213044;0,840834;0,054378;0,123451;0,684633;-0,064633;0,222562;0,859024;0,043364;0,111157;0,709803;-0,063785;0,215107;0,930455;0,032390;0,111956;0,721469;-0,084039;0,209378;0,928176;-0,021664;0,155191;0,435861;-0,106059;0,155501;0,400138;-0,000735;0,150325;0,386819;-0,085230;0,155414;0,399915;0,007325;0,150354;0,386894;-0,070761;0,153029;0,393777;-0,000101;0,150663;0,387690;-0,072574;0,152637;0,392770;0,013659;0,149614;0,384990;-0,048369;0,153526;0,395056
00:00:34.218;744;6;6;6;5;115,321102;174,767611;168,596406;93,946923;126,962149;28,609581;-143,858213;163,109790;171,385082;-156,180609;34,050355;7,263336;29,091387;-70,004222;-0,154687;-0,259501;1,009680;-0,162015;-0,293620;1,005704;-0,159331;-0,296890;1,017706;-0,157168;-0,299675;1,029138;-0,179855;-0,279956;0,971224;-0,191277;-0,275023;0,966509;-0,203462;-0,270332;0,963250;-0,173537;-0,263654;0,967652;-0,252955;-0,242993;0,960371;-0,221421;-0,341664;1,535562;-0,170133;-0,207096;0,964781;-0,067907;-0,084507;1,084529;-0,348434;-0,032164;0,899607;0,020436;0,121814;0,755580;-0,343523;0,224885;0,815941;0,038638;0,124622;0,708690;-0,128339;0,212965;0,840192;0,054724;0,125588;0,683361;-0,064854;0,222428;0,857265;0,043158;0,113120;0,710222;-0,064145;0,215261;0,929246;0,032209;0,113675;0,723055;-0,084169;0,209426;0,927764;-0,021686;0,155082;0,434160;-0,105765;0,155074;0,399040;-0,000920;0,150485;0,387232;-0,085673;0,155834;0,400995;0,006754;0,150640;0,387631;-0,071461;0,153331;0,394555;0,000156;0,150842;0,388149;-0,073382;0,153213;0,394250;0,012853;0,150023;0,386043;-0,049560;0,153926;0,396087
00:00:34.266;745;6;6;6;5;115,303088;174,466365;168,799820;94,076650;126,246703;25,978694;-143,673604;163,240310;171,195098;-155,140132;33,864512;6,953522;29,024194;-72,645852;-0,153062;-0,257723;1,007342;-0,160734;-0,292559;1,005107;-0,157917;-0,295900;1,017109;-0,155931;-0,298825;1,028390;-0,178861;-0,279330;0,971496;-0,190438;-0,275171;0,967031;-0,202401;-0,269980;0,963162;-0,172357;-0,263469;0,968124;-0,251835;-0,243175;0,960241;-0,240869;-0,372513;1,683415;-0,169532;-0,206229;0,965908;-0,067647;-0,084623;1,085394;-0,348385;-0,032175;0,899744;0,021199;0,120837;0,747327;-0,344644;0,225218;0,816312;0,038853;0,125452;0,709148;-0,128304;0,213392;0,839775;0,055062;0,126463;0,683935;-0,064971;0,222735;0,855773;0,043407;0,113935;0,710144;-0,064355;0,215279;0,928110;0,032076;0,114736;0,723736;-0,084189;0,209300;0,926797;-0,021735;0,155263;0,433754;-0,105349;0,154797;0,398326;-0,001039;0,150590;0,387501;-0,086037;0,156243;0,402047;0,006377;0,150691;0,387760;-0,071916;0,153528;0,395061;0,001205;0,150821;0,388097;-0,073907;0,153587;0,395213;0,012329;0,150290;0,386728;-0,050107;0,153507;0,395006
00:00:34.313;746;6;6;6;5;115,300252;174,409966;168,924431;94,185148;125,765168;24,146020;-143,648304;163,398291;171,082100;-154,633105;32,572420;6,565292;29,464967;-76,189812;-0,151848;-0,255731;1,004772;-0,159494;-0,292173;1,005770;-0,156945;-0,295155;1,016371;-0,154749;-0,298090;1,029303;-0,177599;-0,278822;0,971322;-0,189341;-0,274717;0,967370;-0,201784;-0,269849;0,963456;-0,171467;-0,263159;0,967730;-0,251199;-0,243382;0,960507;-0,251727;-0,388706;1,766920;-0,168772;-0,205334;0,967690;-0,067457;-0,084671;1,085606;-0,348352;-0,032182;0,899834;0,022122;0,119843;0,742313;-0,345373;0,225435;0,816553;0,039012;0,125649;0,709796;-0,128866;0,213848;0,840204;0,055672;0,126643;0,684308;-0,064536;0,222843;0,854452;0,043613;0,114578;0,710794;-0,064467;0,215210;0,927021;0,032386;0,115370;0,723828;-0,084107;0,209505;0,925118;-0,021767;0,155380;0,433490;-0,105171;0,154752;0,398212;-0,001118;0,150794;0,388026;-0,086198;0,156372;0,402380;0,006133;0,150723;0,387844;-0,072212;0,153655;0,395390;0,001887;0,150808;0,388063;-0,074050;0,153422;0,394788;0,011978;0,150326;0,386823;-0,050462;0,153234;0,394304
00:00:34.360;747;6;6;6;5;115,285572;174,407899;168,889070;94,296716;125,224034;22,328016;-143,672817;163,436318;170,907289;-154,106910;31,674302;6,711471;-33,473139;80,673302;-0,150438;-0,253780;1,002752;-0,158469;-0,290946;1,004800;-0,155735;-0,294094;1,015891;-0,153343;-0,297512;1,029547;-0,176715;-0,278392;0,970859;-0,188628;-0,274422;0,967591;-0,201382;-0,269764;0,963646;-0,170338;-0,262408;0,967475;-0,250876;-0,243605;0,961029;-0,258083;-0,399841;1,823998;-0,168277;-0,204753;0,968849;-0,066736;-0,084730;1,086094;-0,348467;-0,032199;0,900242;0,023116;0,117835;0,738353;-0,346163;0,225479;0,816359;0,039082;0,124020;0,702518;-0,129178;0,214055;0,840132;0,055227;0,124878;0,674400;-0,064711;0,222822;0,853244;0,044084;0,114422;0,710166;-0,064466;0,215446;0,925264;0,032524;0,115147;0,722488;-0,084514;0,209479;0,923327;-0,021787;0,155457;0,433319;-0,105054;0,154723;0,398138;-0,000948;0,150926;0,388367;-0,086153;0,156184;0,401897;0,005973;0,150744;0,387899;-0,072533;0,154011;0,396303;0,002552;0,150800;0,388041;-0,074275;0,153587;0,395212;0,011960;0,150214;0,386535;-0,050739;0,153192;0,394198
00:00:34.408;748;6;6;6;5;115,266386;174,390241;168,950656;94,405556;124,603756;21,379282;-143,586077;163,597972;170,796466;-153,190079;31,147526;7,030984;-35,623459;-79,720007;-0,149366;-0,252249;1,000389;-0,157394;-0,290451;1,005220;-0,154632;-0,293907;1,017329;-0,152429;-0,297137;1,029706;-0,176077;-0,277461;0,970209;-0,188165;-0,274230;0,967734;-0,201194;-0,269258;0,964120;-0,169115;-0,262013;0,967659;-0,250119;-0,243750;0,961369;-0,264172;-0,409008;1,875099;-0,167896;-0,203750;0,969252;-0,066267;-0,084768;1,086411;-0,348406;-0,032198;0,900157;0,023243;0,115628;0,732630;-0,346676;0,225508;0,816234;0,039127;0,122177;0,697786;-0,130281;0,214100;0,839736;0,054967;0,123048;0,668310;-0,065737;0,222625;0,851759;0,044391;0,113917;0,709758;-0,065016;0,215155;0,924472;0,032646;0,113880;0,722317;-0,085268;0,209383;0,921812;-0,021520;0,155255;0,432507;-0,104979;0,154705;0,398090;-0,000616;0,151012;0,388588;-0,085895;0,156062;0,401583;0,006318;0,150894;0,388284;-0,072613;0,153969;0,396197;0,003646;0,150794;0,388027;-0,074355;0,153558;0,395138;0,012179;0,150278;0,386698;-0,050739;0,153301;0,394479
00:00:34.455;749;6;6;6;5;115,273812;174,681006;169,047296;94,573735;124,269217;21,262123;-143,527346;163,753131;170,633164;-152,643029;30,802703;-6,714983;-37,220568;-78,741603;-0,148051;-0,250599;0,998503;-0,156588;-0,289928;1,004793;-0,153811;-0,293585;1,017564;-0,151732;-0,296691;1,029109;-0,175174;-0,276955;0,970136;-0,187863;-0,273554;0,967827;-0,201072;-0,268929;0,964428;-0,168319;-0,261757;0,967778;-0,249807;-0,244022;0,962290;-0,267444;-0,415648;1,911464;-0,167096;-0,203097;0,969514;-0,065941;-0,084766;1,086267;-0,347854;-0,032197;0,900102;0,022947;0,113943;0,729959;-0,347010;0,225526;0,816152;0,039137;0,120527;0,694361;-0,130521;0,214129;0,839478;0,054797;0,121484;0,664352;-0,065839;0,222222;0,849743;0,044524;0,112618;0,708443;-0,065423;0,215129;0,924657;0,033103;0,112129;0,721506;-0,085891;0,209113;0,922228;-0,021347;0,155123;0,431980;-0,105022;0,154829;0,398408;-0,000180;0,150932;0,388382;-0,085271;0,155983;0,401379;0,006756;0,150856;0,388185;-0,072503;0,154078;0,396478;0,004799;0,150790;0,388017;-0,074248;0,153675;0,395440;0,013188;0,150183;0,386454;-0,050334;0,153508;0,395011
00:00:34.502;750;6;6;6;5;115,303465;174,804558;169,126721;94,683051;133,699745;44,417192;-143,386001;163,791863;170,507895;-165,056518;30,905727;6,593510;60,123740;66,134548;-0,147094;-0,249353;0,996577;-0,155955;-0,289386;1,003816;-0,153120;-0,293073;1,016667;-0,150745;-0,296502;1,029071;-0,174586;-0,276627;0,970088;-0,187735;-0,273213;0,968238;-0,200993;-0,268715;0,964628;-0,167311;-0,261685;0,968206;-0,249605;-0,244199;0,962888;-0,267684;-0,417012;1,921452;-0,166576;-0,202673;0,969684;-0,065772;-0,084819;1,086874;-0,347495;-0,032196;0,900067;0,023051;0,129263;0,831824;-0,347227;0,225538;0,816099;0,038984;0,118578;0,696335;-0,130677;0,214148;0,839311;0,055616;0,119745;0,672978;-0,065988;0,222235;0,849483;0,045149;0,107644;0,709688;-0,065687;0,215113;0,924777;0,033499;0,108004;0,723079;-0,086362;0,209096;0,923198;-0,021038;0,155168;0,432687;-0,105050;0,154909;0,398615;0,000766;0,150880;0,388249;-0,084252;0,156068;0,401596;0,008576;0,150694;0,387770;-0,071076;0,154149;0,396661;0,007524;0,150652;0,387661;-0,072888;0,153887;0,395986;0,015347;0,149849;0,385595;-0,048984;0,153779;0,395707
00:00:34.549;751;6;6;6;5;115,354349;174,884686;169,178592;94,757746;137,874697;51,014191;-143,353290;163,817207;170,426672;-169,184395;31,484466;-6,072290;61,708238;58,859426;-0,146370;-0,248369;0,994625;-0,155134;-0,288765;1,004230;-0,152301;-0,293143;1,017483;-0,150104;-0,295794;1,029046;-0,174205;-0,276413;0,970057;-0,187101;-0,272992;0,968504;-0,200392;-0,268575;0,964758;-0,166536;-0,261449;0,967784;-0,249474;-0,244314;0,963278;-0,268130;-0,418352;1,930044;-0,166297;-0,202471;0,970145;-0,065662;-0,084853;1,087268;-0,347262;-0,032196;0,900043;0,021355;0,134464;0,867235;-0,347368;0,225546;0,816064;0,039763;0,115939;0,699018;-0,131200;0,214071;0,838852;0,056872;0,115759;0,677886;-0,065655;0,222426;0,850014;0,049493;0,101397;0,709097;-0,065935;0,214818;0,925905;0,036689;0,102933;0,724801;-0,086635;0,209006;0,923479;-0,020904;0,155449;0,434546;-0,105069;0,154961;0,398750;0,001599;0,150711;0,387812;-0,083646;0,156667;0,403138;0,010164;0,150182;0,386451;-0,070042;0,154468;0,397480;0,009698;0,150154;0,386380;-0,071613;0,154161;0,396691;0,017386;0,149496;0,384687;-0,047351;0,153683;0,395460
00:00:34.596;752;6;6;5;5;115,347352;174,880222;169,147089;94,824623;144,166935;60,957194;-143,349972;163,898311;170,474579;-174,673199;31,411863;5,891271;14,253206;57,123009;-0,145487;-0,247425;0,994406;-0,154029;-0,288360;1,004500;-0,151188;-0,292609;1,018014;-0,149051;-0,295233;1,028680;-0,173405;-0,275722;0,970037;-0,186070;-0,272749;0,968328;-0,199929;-0,268388;0,964493;-0,166033;-0,260746;0,967509;-0,249388;-0,244388;0,963530;-0,270839;-0,421872;1,953128;-0,166057;-0,201714;0,970094;-0,065590;-0,084875;1,087524;-0,347623;-0,032196;0,900028;0,019543;0,143461;0,911953;-0,347459;0,225551;0,816042;0,046590;0,113621;0,737861;-0,131596;0,213633;0,838904;0,064484;0,105473;0,678976;-0,065922;0,222551;0,850359;0,059918;0,091207;0,711863;-0,066521;0,214303;0,925238;0,046190;0,092558;0,725571;-0,086680;0,208631;0,922261;-0,020783;0,155382;0,435055;-0,105441;0,154859;0,398488;0,001925;0,150872;0,388228;-0,083508;0,156240;0,402039;0,011220;0,150120;0,386293;-0,069520;0,153994;0,396262;0,010917;0,150102;0,386247;-0,071214;0,153795;0,395749;0,018712;0,149267;0,384096;-0,046514;0,153620;0,395299
00:00:34.644;753;6;6;5;5;115,349342;174,723209;169,220021;94,912662;148,779333;68,990901;-143,170565;164,059108;170,499525;-178,214475;31,444868;5,853176;9,924745;52,483479;-0,144197;-0,246552;0,993214;-0,152791;-0,287625;1,005025;-0,150311;-0,291383;1,017309;-0,147930;-0,294582;1,029492;-0,172394;-0,275372;0,970374;-0,185400;-0,272592;0,968213;-0,199080;-0,268266;0,964320;-0,165765;-0,260382;0,967681;-0,248694;-0,244896;0,963345;-0,224565;-0,349564;1,620583;-0,165348;-0,201222;0,970061;-0,065564;-0,084917;1,088041;-0,347722;-0,032183;0,899668;0,018938;0,150500;0,941369;-0,347519;0,225555;0,816027;0,053539;0,106762;0,749460;-0,132808;0,213348;0,838938;0,073010;0,096155;0,680384;-0,066206;0,222512;0,851983;0,070279;0,081258;0,712961;-0,066928;0,214049;0,925155;0,056880;0,082061;0,725721;-0,086808;0,208625;0,922520;-0,020688;0,155214;0,435036;-0,105683;0,154793;0,398317;0,001472;0,150841;0,388148;-0,084104;0,155554;0,400276;0,011247;0,150080;0,386190;-0,070174;0,153415;0,394770;0,011270;0,150069;0,386160;-0,072075;0,153557;0,395137;0,018651;0,148710;0,382663;-0,047222;0,153988;0,396244
00:00:34.690;754;6;6;5;5;115,350665;174,417960;169,374866;94,999683;153,901023;76,626824;-142,799017;164,026211;170,504560;178,040860;31,462525;5,784544;10,155362;46,035506;-0,143359;-0,245420;0,992439;-0,151881;-0,286948;1,004666;-0,149163;-0,290586;1,016851;-0,146954;-0,293661;1,028270;-0,171245;-0,275244;0,970943;-0,184414;-0,272489;0,968139;-0,198600;-0,268284;0,964558;-0,165040;-0,260146;0,967793;-0,248153;-0,245137;0,962874;-0,194293;-0,301695;1,403029;-0,164888;-0,200903;0,970040;-0,065611;-0,085027;1,089426;-0,347786;-0,032175;0,899434;0,018783;0,157259;0,973790;-0,347707;0,225654;0,816368;0,062013;0,099200;0,752799;-0,134073;0,213163;0,838959;0,084599;0,086741;0,682700;-0,066904;0,222577;0,853389;0,082541;0,071648;0,709825;-0,067666;0,213722;0,924401;0,069155;0,073144;0,725469;-0,087417;0,208621;0,922688;-0,020594;0,154856;0,434323;-0,105934;0,154886;0,398556;0,000957;0,150821;0,388096;-0,085322;0,155381;0,399829;0,011055;0,150191;0,386474;-0,071334;0,153174;0,394151;0,011290;0,150183;0,386454;-0,072950;0,153131;0,394039;0,018178;0,148347;0,381731;-0,048361;0,154226;0,396859
00:00:34.737;755;6;6;5;5;115,343781;174,245335;169,547975;94,980543;157,716236;83,039795;-142,291932;164,001916;170,602689;175,000515;31,152711;6,063363;10,818410;38,304577;-0,142349;-0,244857;0,992635;-0,150822;-0,286135;1,005133;-0,147989;-0,289787;1,017603;-0,145883;-0,292776;1,028525;-0,170377;-0,274962;0,970613;-0,183773;-0,272423;0,968090;-0,197667;-0,268198;0,964363;-0,164077;-0,260086;0,968215;-0,247891;-0,245383;0,962918;-0,174717;-0,271624;1,266519;-0,164588;-0,200695;0,970026;-0,065704;-0,085179;1,091377;-0,348204;-0,032668;0,898932;0,020543;0,162342;0,999064;-0,347829;0,225718;0,816589;0,072556;0,090905;0,764769;-0,135373;0,213043;0,838974;0,099562;0,077047;0,692955;-0,068246;0,222347;0,853253;0,097749;0,060300;0,717236;-0,068645;0,213429;0,923560;0,082011;0,062705;0,730555;-0,088338;0,208618;0,922797;-0,020516;0,154498;0,433510;-0,106043;0,154538;0,397661;0,000622;0,150808;0,388062;-0,086114;0,155268;0,399539;0,010709;0,150262;0,386658;-0,072088;0,153017;0,393748;0,011083;0,150257;0,386645;-0,074033;0,152989;0,393675;0,017747;0,148928;0,383225;-0,049102;0,154382;0,397258
00:00:34.785;756;6;6;5;5;115,356492;173,761972;169,681043;94,982115;159,928447;87,324392;-141,861745;163,965329;170,653148;173,054992;29,975093;6,192670;9,921060;39,513077;-0,141593;-0,244318;0,992063;-0,149875;-0,285111;1,003686;-0,146925;-0,288673;1,015992;-0,144552;-0,292102;1,028341;-0,169813;-0,274227;0,970399;-0,183224;-0,272183;0,967359;-0,196918;-0,267948;0,963536;-0,162957;-0,260142;0,968840;-0,247084;-0,245453;0,962597;-0,161753;-0,251705;1,176037;-0,164394;-0,200560;0,970017;-0,065828;-0,085361;1,093695;-0,348611;-0,033001;0,898956;0,022868;0,166183;1,015141;-0,348057;0,225857;0,817083;0,082087;0,084035;0,776050;-0,136753;0,213054;0,839333;0,110856;0,068136;0,697171;-0,069484;0,221833;0,851764;0,111087;0,050658;0,727303;-0,069723;0,212996;0,921964;0,093375;0,053972;0,737011;-0,089289;0,208221;0,921118;-0,020219;0,154266;0,432982;-0,106301;0,154584;0,397780;0,000404;0,151072;0,388741;-0,086860;0,155603;0,400400;0,010485;0,150309;0,386778;-0,072839;0,153460;0,394886;0,010948;0,150306;0,386769;-0,075143;0,153714;0,395539;0,017262;0,149442;0,384546;-0,049810;0,154483;0,397518
00:00:34.831;757;6;6;6;5;115,358602;173,325269;169,924644;95,037693;161,847008;91,297700;-141,258858;163,843932;170,661990;170,688159;28,973660;-6,342903;15,630696;-38,539259;-0,141053;-0,243319;0,991341;-0,148741;-0,284545;1,003096;-0,145756;-0,288147;1,015645;-0,143542;-0,291366;1,027172;-0,169446;-0,273749;0,970259;-0,182383;-0,271575;0,967233;-0,196361;-0,267688;0,962648;-0,161793;-0,260365;0,969946;-0,246380;-0,245320;0,961688;-0,198855;-0,311521;1,458824;-0,163715;-0,200472;0,970011;-0,065951;-0,084907;1,095902;-0,348604;-0,032682;0,898271;0,027557;0,169667;1,031542;-0,348206;0,225947;0,817404;0,094166;0,074803;0,780233;-0,137709;0,213149;0,839916;0,126703;0,059306;0,709711;-0,070290;0,221499;0,850797;0,127932;0,041264;0,742597;-0,070452;0,212795;0,921277;0,109523;0,044848;0,752057;-0,089976;0,208121;0,920727;-0,019796;0,154239;0,432988;-0,106469;0,154614;0,397857;0,000263;0,151243;0,389181;-0,087344;0,156228;0,402010;0,010339;0,150339;0,386855;-0,073328;0,153747;0,395626;0,010860;0,150337;0,386850;-0,075865;0,154184;0,396750;0,016947;0,149775;0,385405;-0,050044;0,154548;0,397687
00:00:34.878;758;6;6;6;5;115,357092;172,914870;169,876235;94,957160;161,957360;92,894234;-140,853392;163,859518;170,709650;169,487059;28,505379;7,000421;16,673287;37,313198;-0,140602;-0,242499;0,990172;-0,148003;-0,283606;1,002713;-0,144947;-0,287706;1,015069;-0,142789;-0,290690;1,025712;-0,168715;-0,273537;0,970518;-0,181771;-0,271082;0,966802;-0,195998;-0,267519;0,962071;-0,161035;-0,260511;0,970665;-0,245465;-0,245323;0,961447;-0,225239;-0,352824;1,659436;-0,163274;-0,199863;0,970007;-0,066073;-0,084666;1,098036;-0,348735;-0,032486;0,898176;0,032240;0,170580;1,037652;-0,347688;0,225908;0,817263;0,104676;0,068297;0,788551;-0,138808;0,213211;0,840296;0,138408;0,053189;0,718562;-0,071387;0,221070;0,851218;0,141158;0,034349;0,754988;-0,070953;0,212746;0,921180;0,122893;0,038143;0,765337;-0,090911;0,207977;0,920122;-0,019056;0,154471;0,433692;-0,106484;0,154498;0,397557;0,000171;0,151354;0,389468;-0,087050;0,155955;0,401307;0,010244;0,150359;0,386906;-0,073253;0,153118;0,394007;0,010803;0,150357;0,386903;-0,076334;0,154490;0,397538;0,016900;0,149448;0,384563;-0,050057;0,154863;0,398496
00:00:34.925;759;6;6;6;5;115,389389;172,771571;170,097827;94,972316;162,642574;94,499065;-140,364789;164,015566;170,761405;168,014729;27,494499;7,329075;21,075731;-35,996104;-0,139943;-0,242307;0,990812;-0,147370;-0,282701;1,001413;-0,144322;-0,286646;1,013995;-0,141765;-0,290349;1,025113;-0,168241;-0,273399;0,970687;-0,181373;-0,270761;0,966521;-0,195286;-0,267506;0,962046;-0,160486;-0,260511;0,970782;-0,244323;-0,245325;0,961291;-0,239318;-0,374861;1,767083;-0,162436;-0,199467;0,970005;-0,066152;-0,084509;1,099424;-0,348412;-0,032322;0,897065;0,036080;0,170768;1,046524;-0,347352;0,225884;0,817171;0,116282;0,063597;0,800608;-0,139523;0,213252;0,840542;0,153259;0,049414;0,735515;-0,071949;0,220821;0,849742;0,157453;0,029730;0,775292;-0,071224;0,213075;0,920417;0,138107;0,033573;0,781669;-0,091483;0,208326;0,919380;-0,018576;0,154375;0,434150;-0,106494;0,154422;0,397362;0,000111;0,151427;0,389654;-0,086857;0,156185;0,401899;0,010192;0,150507;0,387289;-0,073204;0,152709;0,392954;0,010776;0,150507;0,387287;-0,076210;0,154281;0,397000;0,016870;0,149236;0,384016;-0,050066;0,155067;0,399023
00:00:34.972;760;6;6;6;5;115,435451;172,338659;170,147459;94,828505;162,693896;94,786870;-140,038232;164,119488;170,755769;167,225072;26,772728;-7,573283;19,382993;34,262288;-0,139515;-0,242183;0,991228;-0,146857;-0,281916;0,999869;-0,143767;-0,285661;1,012247;-0,141004;-0,289348;1,024023;-0,167872;-0,272659;0,970447;-0,180565;-0,270553;0,966339;-0,194824;-0,267498;0,962030;-0,160071;-0,260418;0,970508;-0,242947;-0,245237;0,960839;-0,202550;-0,318162;1,501054;-0,161890;-0,199210;0,970003;-0,066246;-0,084461;1,101025;-0,348339;-0,032227;0,896692;0,038533;0,169514;1,051241;-0,347133;0,225402;0,817111;0,126498;0,061992;0,815795;-0,139509;0,213278;0,840702;0,166053;0,047417;0,746885;-0,072315;0,220659;0,848782;0,171662;0,027642;0,788140;-0,071345;0,213126;0,919221;0,151533;0,030646;0,793685;-0,091298;0,208474;0,918547;-0,018306;0,154435;0,435497;-0,106594;0,154509;0,397585;-0,000149;0,151338;0,389425;-0,086502;0,156335;0,402285;0,009700;0,150332;0,386838;-0,073173;0,152443;0,392270;0,010291;0,150196;0,386486;-0,076130;0,154145;0,396650;0,016836;0,148961;0,383311;-0,049800;0,155064;0,399015
00:00:35.019;761;6;6;6;5;115,437627;172,010649;170,090465;94,710639;162,506528;94,447944;-139,839497;164,411605;170,739493;166,581708;26,878531;7,772122;26,850006;-32,232010;-0,139138;-0,241367;0,990798;-0,146057;-0,281602;0,999565;-0,142979;-0,285317;1,012160;-0,140461;-0,288599;1,022965;-0,167140;-0,272276;0,970640;-0,180169;-0,270613;0,966920;-0,194045;-0,267590;0,962370;-0,159859;-0,260451;0,970681;-0,241506;-0,245726;0,960545;-0,178604;-0,281233;1,327785;-0,161478;-0,198971;0,969652;-0,066285;-0,083775;1,101716;-0,348291;-0,032166;0,896450;0,040701;0,167987;1,053606;-0,346842;0,224994;0,816722;0,135383;0,060229;0,822167;-0,139442;0,213206;0,840457;0,179963;0,046223;0,764075;-0,072613;0,220735;0,848858;0,186008;0,026501;0,803841;-0,071451;0,213241;0,918794;0,164627;0,029367;0,806395;-0,091143;0,208490;0,917655;-0,018380;0,154474;0,436373;-0,106659;0,154565;0,397730;-0,001425;0,151280;0,389276;-0,086503;0,156024;0,401485;0,008287;0,150354;0,386895;-0,073152;0,152271;0,391826;0,008671;0,150265;0,386666;-0,076167;0,153785;0,395722;0,015996;0,149327;0,384252;-0,049899;0,155198;0,399360
00:00:35.066;762;6;6;6;5;115,462380;171,694510;170,104000;94,570459;162,358057;93,980055;-139,533732;164,593651;170,803526;165,903532;26,940239;8,381672;27,751520;23,842693;-0,138282;-0,240753;0,990169;-0,145537;-0,280830;0,999367;-0,142418;-0,284994;1,011754;-0,140013;-0,287915;1,021577;-0,166171;-0,272125;0,971116;-0,179490;-0,270848;0,967998;-0,193061;-0,267747;0,962940;-0,159225;-0,260013;0,971142;-0,240569;-0,246044;0,960354;-0,163086;-0,256730;1,215510;-0,160716;-0,198887;0,969774;-0,066982;-0,083381;1,102866;-0,348259;-0,032126;0,896292;0,042185;0,166058;1,056894;-0,346337;0,224824;0,816819;0,145396;0,061110;0,841359;-0,139456;0,213249;0,840647;0,194512;0,047275;0,790999;-0,072867;0,220967;0,849608;0,199456;0,027408;0,820697;-0,071025;0,213397;0,918866;0,174310;0,029443;0,813607;-0,090555;0,208580;0,917426;-0,018974;0,154870;0,437993;-0,106514;0,154330;0,397125;-0,002914;0,151106;0,388830;-0,086503;0,155822;0,400965;0,006488;0,150368;0,386931;-0,073361;0,152158;0,391537;0,006517;0,150311;0,386783;-0,076894;0,154503;0,397570;0,015243;0,149701;0,385214;-0,049692;0,155149;0,399234
00:00:35.113;763;6;6;6;5;115,487045;171,283185;170,078686;94,441464;162,924792;93,790183;-139,357887;164,893564;170,725894;164,888715;27,281680;8,676336;26,081838;-9,261368;-0,137210;-0,240438;0,990110;-0,144630;-0,280328;0,999239;-0,141478;-0,284209;1,011490;-0,139189;-0,286989;1,021025;-0,165541;-0,272026;0,971426;-0,178496;-0,270449;0,968699;-0,191872;-0,267301;0,963311;-0,158814;-0,259728;0,971443;-0,238953;-0,246340;0,960580;-0,197925;-0,313263;1,487982;-0,159669;-0,198833;0,969853;-0,067457;-0,083152;1,103963;-0,348000;-0,032125;0,896890;0,043341;0,164887;1,063581;-0,346156;0,224344;0,817233;0,155657;0,062463;0,857683;-0,139466;0,213276;0,840770;0,207788;0,049241;0,813749;-0,073062;0,221209;0,850445;0,210431;0,028457;0,830953;-0,070774;0,213579;0,919263;0,184616;0,030625;0,823194;-0,089718;0,208798;0,917977;-0,019612;0,155127;0,439045;-0,106154;0,154449;0,397431;-0,004329;0,151129;0,388889;-0,086655;0,155555;0,400277;0,005098;0,150378;0,386955;-0,073497;0,152085;0,391349;0,004897;0,150340;0,386859;-0,077162;0,154561;0,397720;0,014728;0,149672;0,385139;-0,049202;0,154710;0,398102
00:00:35.160;764;6;6;5;5;115,632180;170,847379;169,927070;94,107677;163,490245;93,101431;-139,491705;165,307833;170,745072;163,777281;27,825622;-9,301021;40,389212;-0,168088;-0,136092;-0,239923;0,991121;-0,143571;-0,279627;0,999855;-0,140770;-0,283503;1,010619;-0,138559;-0,286191;1,019966;-0,164637;-0,271507;0,971977;-0,177298;-0,270189;0,969154;-0,190551;-0,267011;0,963552;-0,158489;-0,258898;0,971288;-0,237356;-0,246533;0,960727;-0,220431;-0,348656;1,664038;-0,158988;-0,198245;0,969904;-0,068373;-0,082347;1,104326;-0,347967;-0,032649;0,897629;0,044167;0,163775;1,069678;-0,345574;0,223567;0,817501;0,162290;0,064750;0,860594;-0,138936;0,213205;0,840501;0,220604;0,054017;0,836587;-0,073219;0,221458;0,851339;0,222626;0,034469;0,847069;-0,070035;0,214058;0,918821;0,194672;0,035422;0,833276;-0,089141;0,208860;0,917985;-0,021274;0,156900;0,444279;-0,105920;0,154526;0,397630;-0,005249;0,151144;0,388928;-0,087053;0,155109;0,399130;0,002653;0,150384;0,386971;-0,074299;0,152582;0,392627;0,002302;0,150359;0,386908;-0,077719;0,154463;0,397468;0,013517;0,149653;0,385090;-0,048969;0,154696;0,398066
00:00:35.207;765;6;6;6;5;115,600106;170,605762;169,985208;94,021220;164,342582;92,321220;-139,113285;165,663163;170,666735;162,795818;28,403022;-9,816272;37,444551;-8,586899;-0,134893;-0,239756;0,992479;-0,142411;-0,279367;1,000956;-0,139831;-0,282665;1,010752;-0,137663;-0,285288;1,019978;-0,163495;-0,271169;0,972335;-0,176030;-0,270118;0,969800;-0,189212;-0,266919;0,964059;-0,157894;-0,258636;0,972237;-0,235771;-0,246658;0,960823;-0,235111;-0,373556;1,787575;-0,158050;-0,197935;0,970288;-0,068968;-0,081196;1,104562;-0,347299;-0,032976;0,897759;0,044203;0,163471;1,076441;-0,345195;0,223062;0,817676;0,169868;0,070930;0,876136;-0,138591;0,213159;0,840326;0,230732;0,061213;0,852482;-0,073381;0,221801;0,852621;0,232250;0,042915;0,858245;-0,069555;0,214369;0,918534;0,261774;0,058974;1,068030;-0,088309;0,209060;0,918690;-0,022552;0,156076;0,442082;-0,106047;0,154985;0,398810;-0,007417;0,151426;0,389653;-0,087752;0,154411;0,397335;0,000623;0,150388;0,386981;-0,075475;0,153313;0,394507;0,000175;0,150372;0,386940;-0,078816;0,154944;0,398704;0,011854;0,149641;0,385059;-0,049087;0,154823;0,398393
00:00:35.254;766;6;6;5;5;115,740442;170,436505;170,186251;94,005683;165,398737;91,320369;-139,096048;165,969274;170,650814;161,729287;28,819207;10,715742;34,332766;1,391763;-0,133363;-0,239311;0,991961;-0,141559;-0,279003;1,000971;-0,138693;-0,282217;1,011189;-0,136547;-0,284798;1,020336;-0,162142;-0,270852;0,972218;-0,174653;-0,270072;0,970220;-0,187792;-0,266859;0,964388;-0,156898;-0,258373;0,972504;-0,234656;-0,246104;0,960535;-0,239009;-0,382456;1,832874;-0,156943;-0,197804;0,970887;-0,069938;-0,079769;1,104015;-0,346730;-0,033176;0,897493;0,043701;0,163641;1,083286;-0,345096;0,222829;0,818139;0,175166;0,078994;0,885539;-0,138367;0,213129;0,840212;0,236917;0,068933;0,857913;-0,073547;0,222206;0,854153;0,239105;0,052434;0,865859;-0,068669;0,214928;0,917647;0,249192;0,063345;1,001869;-0,087147;0,209473;0,918099;-0,024240;0,157381;0,446603;-0,106357;0,155282;0,399576;-0,009028;0,151337;0,389425;-0,088510;0,154094;0,396518;-0,000699;0,150526;0,387338;-0,076239;0,153788;0,395730;-0,001211;0,150516;0,387311;-0,079176;0,154576;0,397758;0,010772;0,149633;0,385038;-0,049164;0,154905;0,398606
00:00:35.301;767;6;6;6;5;115,880431;170,178667;170,469556;93,786372;166,735721;90,225157;-138,976296;166,408408;170,645038;160,831690;29,003445;10,524056;32,941009;6,988177;-0,132415;-0,238542;0,991975;-0,140339;-0,278003;1,000281;-0,137670;-0,280769;1,009373;-0,135544;-0,283318;1,018468;-0,160766;-0,270190;0,972491;-0,173205;-0,269489;0,970493;-0,186386;-0,266367;0,964952;-0,156250;-0,257648;0,972678;-0,232839;-0,245743;0,960348;-0,200450;-0,321090;1,542418;-0,155726;-0,197236;0,971627;-0,070591;-0,078238;1,104010;-0,346225;-0,033292;0,896971;0,042253;0,164274;1,091236;-0,345179;0,222305;0,818791;0,181923;0,087997;0,897600;-0,138164;0,213498;0,839788;0,246291;0,078461;0,871244;-0,073079;0,222683;0,854100;0,248120;0,063115;0,876059;-0,068094;0,215292;0,917070;0,299637;0,089314;1,170615;-0,085934;0,209901;0,918414;-0,026032;0,158949;0,452342;-0,106372;0,155204;0,399375;-0,010074;0,151280;0,389276;-0,089163;0,154159;0,396686;-0,001338;0,150616;0,387570;-0,076374;0,153824;0,395824;-0,001891;0,150610;0,387552;-0,079551;0,154609;0,397843;0,010069;0,149628;0,385025;-0,048902;0,154687;0,398044
00:00:35.349;768;6;6;6;5;115,937139;170,194099;170,498777;93,535568;168,195940;89,487622;-138,987872;167,007835;170,716374;159,941346;28,144725;-11,085666;35,861036;12,467093;-0,131279;-0,238125;0,992334;-0,139025;-0,277450;1,000183;-0,136479;-0,279925;1,008542;-0,134755;-0,282065;1,016204;-0,159318;-0,269759;0,972669;-0,171712;-0,268557;0,970671;-0,184857;-0,265951;0,964969;-0,155773;-0,257085;0,972441;-0,231277;-0,245687;0,960926;-0,175297;-0,281057;1,352922;-0,154435;-0,196938;0,972457;-0,070971;-0,076568;1,103306;-0,345897;-0,033368;0,896631;0,040754;0,165000;1,098504;-0,344619;0,221871;0,818864;0,185351;0,096730;0,903340;-0,137668;0,213917;0,840212;0,252900;0,088432;0,881658;-0,072715;0,222809;0,853365;0,254906;0,073769;0,884088;-0,067173;0,215967;0,916346;0,278344;0,090871;1,076250;-0,084560;0,210541;0,917919;-0,027197;0,159969;0,456072;-0,106382;0,155153;0,399243;-0,010754;0,151242;0,389179;-0,089507;0,154066;0,396446;-0,001753;0,150675;0,387720;-0,076123;0,153168;0,394136;-0,002333;0,150671;0,387709;-0,079794;0,154630;0,397898;0,009613;0,149624;0,385016;-0,048731;0,154545;0,397678
00:00:35.396;769;6;6;6;5;115,878575;170,175603;170,614310;93,350454;169,508978;88,696760;-138,590701;167,384420;170,654266;159,511006;27,650512;11,275933;35,234605;14,829997;-0,129931;-0,237770;0,992217;-0,138028;-0,276800;0,999069;-0,135564;-0,279086;1,006953;-0,133711;-0,281348;1,015083;-0,157823;-0,268925;0,972785;-0,170741;-0,267952;0,970786;-0,183379;-0,265227;0,965330;-0,155463;-0,256166;0,972286;-0,229880;-0,245281;0,962002;-0,158422;-0,255108;1,230099;-0,153542;-0,196673;0,972647;-0,071285;-0,075553;1,103899;-0,345308;-0,033941;0,896760;0,038579;0,166422;1,105327;-0,344403;0,221216;0,819262;0,188240;0,105948;0,910221;-0,137289;0,214100;0,840138;0,257298;0,100601;0,888778;-0,071964;0,223284;0,852537;0,258908;0,086364;0,889657;-0,066029;0,216842;0,915525;0,264690;0,097095;1,015612;-0,083730;0,211119;0,918298;-0,027710;0,159028;0,454647;-0,106388;0,155120;0,399158;-0,011186;0,151082;0,388767;-0,089280;0,154005;0,396290;-0,002022;0,150713;0,387818;-0,075960;0,152742;0,393038;-0,002621;0,150710;0,387811;-0,079953;0,154644;0,397934;0,009535;0,149622;0,385010;-0,048621;0,154453;0,397441
00:00:35.441;770;6;6;5;5;115,893991;170,243106;170,756780;93,074655;170,650550;87,831416;-138,199071;167,636406;170,481981;159,187664;28,395651;11,734277;32,396169;-3,072148;-0,129100;-0,237059;0,992491;-0,137284;-0,275618;0,997645;-0,134877;-0,277777;1,005219;-0,132896;-0,280017;1,013304;-0,156852;-0,268384;0,972860;-0,169497;-0,266910;0,970511;-0,182353;-0,264112;0,965214;-0,155262;-0,255568;0,972186;-0,229054;-0,245106;0,963051;-0,195439;-0,315187;1,528614;-0,152907;-0,195878;0,972421;-0,072142;-0,074916;1,104634;-0,344415;-0,034313;0,896844;0,035941;0,167611;1,111513;-0,344262;0,220324;0,819520;0,190485;0,114813;0,916444;-0,136031;0,214607;0,839740;0,258210;0,110873;0,888506;-0,070703;0,224726;0,854449;0,262442;0,098040;0,896427;-0,064246;0,217932;0,914991;0,255669;0,104406;0,977598;-0,081932;0,211967;0,916093;-0,028133;0,158644;0,455121;-0,106392;0,155099;0,399103;-0,011256;0,151113;0,388848;-0,088533;0,154102;0,396539;-0,001756;0,150738;0,387882;-0,075054;0,152192;0,391625;-0,002366;0,150736;0,387877;-0,078672;0,153701;0,395507;0,010142;0,149621;0,385007;-0,048280;0,154257;0,396937
00:00:35.489;771;6;6;6;5;115,829586;169,936998;170,679260;92,839656;171,567591;87,130017;-138,005095;167,832774;170,348046;158,873172;28,951221;11,563743;31,739264;8,489811;-0,128380;-0,236264;0,991269;-0,136423;-0,274666;0,998119;-0,134430;-0,276927;1,004093;-0,132366;-0,279152;1,012148;-0,155666;-0,267478;0,972909;-0,168568;-0,266042;0,969632;-0,181137;-0,263387;0,965139;-0,155075;-0,254536;0,971771;-0,227886;-0,244355;0,963383;-0,215594;-0,347927;1,691849;-0,151941;-0,194807;0,972274;-0,072699;-0,074502;1,105112;-0,344102;-0,034583;0,897599;0,034246;0,168490;1,116233;-0,344170;0,219744;0,819688;0,192250;0,122007;0,919438;-0,134258;0,214936;0,839481;0,259212;0,119786;0,889729;-0,069368;0,225571;0,855342;0,264532;0,107601;0,900128;-0,063063;0,218555;0,914294;0,251064;0,111605;0,955689;-0,080216;0,212436;0,914311;-0,028319;0,157910;0,454028;-0,106395;0,155085;0,399067;-0,011301;0,151134;0,388901;-0,088127;0,154709;0,398100;-0,001582;0,150618;0,387573;-0,074466;0,151835;0,390706;-0,002199;0,150617;0,387570;-0,077839;0,153088;0,393929;0,010536;0,149620;0,385004;-0,048059;0,154129;0,396609
00:00:35.536;772;6;6;6;5;115,865229;169,593312;170,703077;92,669973;172,577879;86,470196;-137,900805;167,970620;170,163834;158,711315;29,365450;11,521310;29,945691;18,366009;-0,128002;-0,235349;0,991175;-0,135769;-0,273288;0,997727;-0,133615;-0,275899;1,003710;-0,131492;-0,278110;1,011746;-0,154896;-0,266335;0,972941;-0,167473;-0,265022;0,969411;-0,180346;-0,262367;0,965091;-0,154456;-0,253955;0,971851;-0,226497;-0,243778;0,963249;-0,225587;-0,363094;1,773452;-0,151313;-0,193558;0,972178;-0,073061;-0,074233;1,105423;-0,343387;-0,034758;0,898089;0,031898;0,169273;1,120702;-0,344111;0,219367;0,819797;0,193165;0,129531;0,922785;-0,132628;0,215628;0,839312;0,259454;0,127387;0,889124;-0,068039;0,226213;0,856272;0,265268;0,116602;0,903933;-0,061775;0,219480;0,913841;0,247182;0,118686;0,940048;-0,078581;0,212741;0,913152;-0,028595;0,158020;0,455768;-0,106397;0,155075;0,399043;-0,011331;0,151147;0,388936;-0,087331;0,154967;0,398765;-0,001028;0,150812;0,388073;-0,073676;0,152147;0,391509;-0,001870;0,150539;0,387371;-0,076651;0,152282;0,391854;0,011219;0,149483;0,384653;-0,047506;0,154182;0,396746
00:00:35.583;773;6;6;6;5;115,839035;169,244767;170,544530;92,516467;173,424828;86,239949;-137,947419;167,948508;170,024356;158,884570;29,421362;-11,697797;29,257587;-23,780040;-0,127846;-0,234354;0,991814;-0,135297;-0,272298;0,997123;-0,132994;-0,274470;1,002762;-0,130834;-0,276668;1,010785;-0,154506;-0,265782;0,973662;-0,166821;-0,263901;0,969617;-0,179832;-0,261703;0,965059;-0,153556;-0,253116;0,972253;-0,225594;-0,243403;0,963162;-0,236078;-0,378208;1,857994;-0,150904;-0,192193;0,972116;-0,072690;-0,074081;1,105975;-0,343188;-0,034899;0,899108;0,029729;0,170424;1,123606;-0,344072;0,219122;0,819868;0,193539;0,134786;0,923910;-0,131569;0,216077;0,839203;0,258902;0,132720;0,888030;-0,067095;0,226352;0,855827;0,265227;0,122970;0,906407;-0,060462;0,220251;0,914247;0,244323;0,123909;0,930581;-0,077029;0,213021;0,912749;-0,028513;0,158092;0,456900;-0,106078;0,154934;0,398678;-0,011350;0,151156;0,388958;-0,086433;0,155271;0,399547;-0,000449;0,150530;0,387347;-0,072805;0,153030;0,393781;-0,001215;0,150761;0,387941;-0,075610;0,152573;0,392605;0,011894;0,149530;0,384774;-0,046535;0,153673;0,395435
00:00:35.630;774;6;6;6;5;115,828942;168,939664;170,294962;92,368928;173,779618;86,051362;-137,875565;167,957396;169,870392;158,950683;29,784031;11,953267;28,464166;-24,911140;-0,127789;-0,233790;0,992579;-0,134942;-0,270993;0,996380;-0,132543;-0,273446;1,001795;-0,130316;-0,275540;1,009460;-0,154141;-0,264679;0,973430;-0,166397;-0,263173;0,969751;-0,179563;-0,260817;0,965388;-0,152362;-0,252479;0,972165;-0,225007;-0,243160;0,963105;-0,239923;-0,382195;1,889496;-0,150747;-0,191443;0,972775;-0,073102;-0,074006;1,106684;-0,343059;-0,034991;0,899770;0,028319;0,171173;1,125494;-0,343753;0,218776;0,819214;0,193401;0,137783;0,925342;-0,129926;0,216369;0,839132;0,258645;0,135738;0,887670;-0,066021;0,226535;0,855888;0,265617;0,126541;0,907664;-0,059131;0,220922;0,915210;0,242892;0,127253;0,924078;-0,076049;0,213285;0,912837;-0,028481;0,157997;0,457985;-0,105871;0,154841;0,398441;-0,011362;0,151162;0,388973;-0,085621;0,155469;0,400056;-0,000071;0,150483;0,387226;-0,072051;0,153196;0,394208;-0,000790;0,150905;0,388312;-0,074736;0,152355;0,392043;0,012770;0,149561;0,384853;-0,045080;0,152798;0,393183
00:00:35.676;775;6;6;6;5;115,813742;168,708150;170,056441;92,174912;174,178247;86,159008;-137,958970;167,991285;169,867264;158,899670;30,652340;11,725973;28,006208;-23,965259;-0,127708;-0,233341;0,992726;-0,134759;-0,270239;0,996247;-0,131909;-0,272684;1,002917;-0,130069;-0,274423;1,009299;-0,153905;-0,263962;0,973280;-0,166181;-0,262795;0,970188;-0,179388;-0,260241;0,965602;-0,151587;-0,252066;0,972107;-0,224544;-0,242913;0,962718;-0,241801;-0,383807;1,905073;-0,150645;-0,190955;0,973204;-0,073323;-0,073911;1,106444;-0,342975;-0,035050;0,900201;0,027403;0,171659;1,126721;-0,343080;0,218551;0,818789;0,194146;0,139043;0,925222;-0,128380;0,216559;0,839086;0,258478;0,137195;0,887435;-0,064912;0,226932;0,856977;0,265977;0,128656;0,907082;-0,058310;0,221527;0,916537;0,242573;0,128958;0,920201;-0,074808;0,213729;0,911844;-0,028461;0,157935;0,458690;-0,105736;0,154781;0,398287;-0,011370;0,151166;0,388982;-0,084799;0,155053;0,398986;0,000174;0,150452;0,387147;-0,071373;0,152896;0,393435;-0,000513;0,150998;0,388553;-0,074037;0,151941;0,390978;0,013587;0,149853;0,385605;-0,043913;0,152229;0,391719
00:00:35.724;776;6;6;6;5;115,786966;168,604893;169,992821;92,068109;174,288275;86,222255;-137,913373;167,991501;169,879642;158,954783;31,315199;11,717867;27,022015;23,824228;-0,127655;-0,233049;0,992822;-0,134167;-0,269938;0,996861;-0,131497;-0,272188;1,003646;-0,129909;-0,273697;1,009194;-0,153806;-0,263591;0,973532;-0,166041;-0,262548;0,970472;-0,179275;-0,259866;0,965742;-0,151083;-0,251797;0,972070;-0,224325;-0,242293;0,962817;-0,243554;-0,385694;1,919397;-0,150525;-0,190569;0,973133;-0,073490;-0,073872;1,106639;-0,342921;-0,035089;0,900480;0,026799;0,171922;1,127169;-0,342789;0,218498;0,818863;0,194556;0,139282;0,924794;-0,127375;0,216683;0,839056;0,258157;0,137756;0,884833;-0,064243;0,227376;0,858385;0,266622;0,128950;0,906353;-0,057732;0,221751;0,916699;0,242793;0,129497;0,917330;-0,073484;0,214017;0,911199;-0,028404;0,157655;0,458449;-0,105649;0,154742;0,398186;-0,010498;0,151304;0,389339;-0,083813;0,154783;0,398291;0,000553;0,150432;0,387095;-0,070647;0,152565;0,392583;-0,000113;0,150787;0,388009;-0,073583;0,151672;0,390286;0,014747;0,149771;0,385393;-0,042934;0,151859;0,390767
00:00:35.770;777;6;6;6;5;115,751227;168,472308;169,840151;91,966006;174,507428;86,466329;-138,163610;168,055295;169,903276;158,929063;32,783113;11,479138;21,297576;23,186977;-0,127620;-0,232860;0,992884;-0,134015;-0,270215;0,999009;-0,131502;-0,272433;1,006220;-0,130075;-0,273791;1,011226;-0,153742;-0,263349;0,973696;-0,165950;-0,262388;0,970657;-0,179201;-0,259623;0,965832;-0,150809;-0,251713;0,972395;-0,224101;-0,241802;0,962531;-0,247224;-0,390911;1,948658;-0,150446;-0,190319;0,973086;-0,073528;-0,073777;1,105715;-0,343019;-0,035128;0,901012;0,026391;0,171986;1,126760;-0,342600;0,218464;0,818911;0,194600;0,138755;0,923466;-0,126193;0,216673;0,838686;0,256002;0,136091;0,876491;-0,063368;0,227850;0,860000;0,264556;0,127438;0,897480;-0,056941;0,222321;0,918554;0,242045;0,128613;0,914065;-0,072650;0,214287;0,911129;-0,028389;0,157593;0,458642;-0,105592;0,154717;0,398121;-0,009931;0,151394;0,389570;-0,083398;0,154607;0,397839;0,000800;0,150419;0,387062;-0,070335;0,152213;0,391679;0,000146;0,150650;0,387656;-0,073906;0,152313;0,391936;0,015486;0,149581;0,384905;-0,042371;0,151891;0,390849
00:00:35.817;778;6;6;6;5;115,753745;168,279231;170,003832;91,959665;174,428687;86,511347;-138,112214;167,967469;169,952395;158,962179;34,217478;-11,554085;17,293033;21,197212;-0,127688;-0,232900;0,993625;-0,134346;-0,270111;0,999356;-0,131597;-0,272781;1,008593;-0,130272;-0,274621;1,013247;-0,153700;-0,263192;0,973802;-0,165891;-0,262284;0,970777;-0,179153;-0,259465;0,965891;-0,151185;-0,251658;0,972607;-0,223792;-0,241308;0,961645;-0,243971;-0,385412;1,923228;-0,150395;-0,190156;0,973056;-0,073577;-0,073738;1,105465;-0,342816;-0,035126;0,900658;0,026117;0,171333;1,126144;-0,342623;0,218535;0,819292;0,194407;0,137733;0,921553;-0,124947;0,216666;0,838446;0,254192;0,134793;0,869669;-0,062799;0,228158;0,861050;0,262985;0,126108;0,889262;-0,055963;0,222946;0,920810;0,239556;0,126216;0,902492;-0,071697;0,214793;0,912484;-0,028358;0,157433;0,458417;-0,105555;0,154701;0,398079;-0,009562;0,151452;0,389721;-0,083056;0,154357;0,397195;0,001181;0,150411;0,387040;-0,070133;0,151985;0,391091;0,000315;0,150561;0,387426;-0,074049;0,152594;0,392658;0,015966;0,149458;0,384589;-0,042005;0,151911;0,390902
00:00:35.864;779;6;6;5;5;115,762580;168,221529;169,978423;92,025486;174,162779;86,705500;-137,999428;167,920219;169,949822;159,113852;34,574320;11,401486;10,198576;14,836792;-0,127687;-0,232845;0,993756;-0,134655;-0,270233;1,000281;-0,131704;-0,273679;1,010485;-0,130490;-0,275350;1,015261;-0,153673;-0,263090;0,973871;-0,165792;-0,262122;0,970505;-0,179121;-0,259362;0,965929;-0,151484;-0,251713;0,973095;-0,223673;-0,241075;0,961419;-0,247051;-0,390028;1,947648;-0,150416;-0,190119;0,973386;-0,073632;-0,073737;1,105652;-0,342684;-0,035124;0,900428;0,025924;0,170804;1,125043;-0,342346;0,218860;0,818840;0,194060;0,135351;0,919260;-0,124086;0,216571;0,837940;0,251478;0,129784;0,859985;-0,062279;0,227802;0,859633;0,259048;0,120006;0,874120;-0,055306;0,223267;0,921927;0,235674;0,120796;0,888320;-0,071051;0,215039;0,913015;-0,028598;0,157329;0,458271;-0,105531;0,154690;0,398051;-0,009536;0,151354;0,389468;-0,083654;0,154875;0,398527;0,000547;0,150541;0,387376;-0,071765;0,153197;0,394209;-0,000457;0,150639;0,387627;-0,075263;0,152777;0,393128;0,015664;0,149786;0,385433;-0,042696;0,152061;0,391286
00:00:35.912;780;6;6;5;5;115,743671;168,409482;169,859421;92,045167;174,052000;87,514046;-138,123563;167,917903;169,955251;159,197191;35,100872;11,150833;8,176690;11,094593;-0,127821;-0,233054;0,994892;-0,134809;-0,270217;1,000533;-0,131773;-0,274263;1,011716;-0,130632;-0,275824;1,016569;-0,153655;-0,263024;0,973916;-0,165788;-0,262111;0,970678;-0,179101;-0,259295;0,965954;-0,151678;-0,251748;0,973411;-0,224225;-0,241558;0,961623;-0,247766;-0,390998;1,953371;-0,150376;-0,190026;0,973251;-0,073621;-0,073689;1,105074;-0,342731;-0,035137;0,900628;0,025782;0,170353;1,123628;-0,342166;0,219071;0,818546;0,193168;0,130774;0,914619;-0,123527;0,216510;0,837611;0,249885;0,122558;0,852640;-0,061941;0,227570;0,858711;0,256489;0,111706;0,864278;-0,054941;0,223730;0,923702;0,234450;0,113415;0,884008;-0,070684;0,215364;0,914059;-0,028754;0,157261;0,458176;-0,105515;0,154683;0,398033;-0,009750;0,151427;0,389654;-0,083972;0,154667;0,397993;-0,000085;0,150490;0,387245;-0,072695;0,153712;0,395536;-0,001181;0,150690;0,387758;-0,076416;0,153167;0,394133;0,015247;0,149999;0,385981;-0,043185;0,152294;0,391886
00:00:35.959;781;6;6;5;5;115,725374;168,528818;169,802089;92,080929;172,943681;88,350799;-137,951967;167,842157;169,929087;159,423866;34,492453;10,957517;5,711603;12,006739;-0,127163;-0,232863;0,994230;-0,134572;-0,271252;1,002446;-0,131819;-0,274642;1,012515;-0,130725;-0,276132;1,017420;-0,153589;-0,262886;0,973596;-0,165726;-0,262010;0,970441;-0,179023;-0,259158;0,965620;-0,151750;-0,251681;0,973267;-0,224583;-0,241872;0,961755;-0,248275;-0,392817;1,957441;-0,150296;-0,189897;0,972813;-0,073660;-0,073704;1,105398;-0,342629;-0,035132;0,900408;0,027517;0,169584;1,119558;-0,341902;0,219114;0,818005;0,190605;0,122820;0,904602;-0,125069;0,216470;0,837397;0,245093;0,111811;0,836666;-0,062619;0,227141;0,857062;0,251082;0,100109;0,848431;-0,055738;0,223419;0,924507;0,230314;0,102402;0,868605;-0,072010;0,215054;0,914739;-0,028767;0,156995;0,456715;-0,105505;0,154678;0,398022;-0,010765;0,151338;0,389425;-0,085457;0,154396;0,397295;-0,001822;0,150593;0,387509;-0,074469;0,153231;0,394298;-0,002964;0,150450;0,387142;-0,078590;0,153557;0,395137;0,012994;0,150138;0,386338;-0,045328;0,153262;0,394376
00:00:36.006;782;6;6;5;5;115,718243;168,708049;169,818082;92,219354;171,341271;89,295886;-137,809304;167,837470;169,827607;159,841114;34,131825;-11,373518;8,730446;-19,093979;-0,126913;-0,233066;0,995199;-0,134419;-0,271925;1,003690;-0,131848;-0,274888;1,013035;-0,130785;-0,276332;1,017973;-0,153601;-0,262891;0,973737;-0,165745;-0,262038;0,970637;-0,178972;-0,259617;0,965403;-0,151851;-0,251728;0,973524;-0,224816;-0,242076;0,961841;-0,247487;-0,393999;1,960087;-0,150297;-0,189882;0,972879;-0,073662;-0,073691;1,105259;-0,342429;-0,035115;0,899915;0,029780;0,168449;1,112713;-0,342049;0,219049;0,817303;0,187250;0,111757;0,890041;-0,127078;0,216534;0,837608;0,240501;0,099892;0,822783;-0,063732;0,227022;0,858441;0,247715;0,087607;0,840230;-0,056782;0,222690;0,925029;0,226578;0,089958;0,858243;-0,073451;0,215016;0,915880;-0,028731;0,156838;0,455064;-0,105725;0,154675;0,398014;-0,011670;0,151552;0,389977;-0,086726;0,154356;0,397192;-0,003171;0,150660;0,387681;-0,076125;0,153463;0,394894;-0,004356;0,150567;0,387443;-0,080149;0,154083;0,396489;0,011089;0,150228;0,386570;-0,047492;0,153482;0,394944
00:00:36.054;783;6;6;5;5;115,713647;168,824418;169,911266;92,328303;168,748709;88,857001;-137,716864;167,834632;169,784191;161,018689;33,944713;11,448383;11,751838;-18,327185;-0,126839;-0,233362;0,996529;-0,134319;-0,272362;1,004499;-0,131867;-0,275049;1,013373;-0,130824;-0,276462;1,018333;-0,153664;-0,263544;0,974179;-0,165817;-0,262151;0,971114;-0,178939;-0,259916;0,965262;-0,151971;-0,251849;0,974041;-0,224968;-0,242209;0,961896;-0,246975;-0,394768;1,961807;-0,150407;-0,190564;0,973621;-0,073664;-0,073683;1,105168;-0,342300;-0,035104;0,899595;0,031616;0,166494;1,100213;-0,342291;0,219100;0,817197;0,182464;0,101803;0,877427;-0,128384;0,216576;0,837745;0,236356;0,089484;0,814459;-0,064429;0,226363;0,858986;0,242547;0,076401;0,831050;-0,057483;0,221773;0,925719;0,221526;0,078336;0,848708;-0,074851;0,214307;0,915922;-0,028707;0,156736;0,453992;-0,105868;0,154673;0,398009;-0,012282;0,151963;0,391035;-0,087630;0,154466;0,397475;-0,004054;0,150839;0,388143;-0,077201;0,153613;0,395281;-0,005045;0,150779;0,387988;-0,081007;0,154560;0,397718;0,009851;0,150286;0,386720;-0,049079;0,153490;0,394964
00:00:36.101;784;6;6;6;5;115,748749;169,249799;170,062950;92,664228;166,177014;89,118088;-137,774714;167,914808;169,804446;162,128334;33,782537;11,045044;16,605235;25,793495;-0,126880;-0,233719;0,998094;-0,134254;-0,272646;1,005024;-0,131925;-0,275248;1,013942;-0,130894;-0,276642;1,018916;-0,153705;-0,263968;0,974466;-0,165924;-0,262319;0,971774;-0,178983;-0,260205;0,965520;-0,152050;-0,251927;0,974376;-0,225230;-0,242472;0,962633;-0,249140;-0,399290;1,982874;-0,150478;-0,191007;0,974104;-0,073013;-0,073654;1,104759;-0,342082;-0,035083;0,899037;0,034477;0,164535;1,087539;-0,342449;0,219598;0,817128;0,174397;0,089420;0,856278;-0,129710;0,216126;0,837834;0,226631;0,076307;0,795048;-0,065344;0,225354;0,858991;0,233665;0,062782;0,818432;-0,058971;0,220566;0,925817;0,212083;0,065085;0,832710;-0,076372;0,213566;0,916999;-0,027879;0,156683;0,452595;-0,106334;0,155216;0,399406;-0,012645;0,151822;0,390673;-0,088138;0,154401;0,397309;-0,004397;0,150684;0,387743;-0,077745;0,153847;0,395883;-0,005482;0,150645;0,387642;-0,081565;0,154871;0,398517;0,009046;0,150324;0,386818;-0,050202;0,153767;0,395676
00:00:36.147;785;6;6;6;5;115,749495;169,434677;170,139714;93,077108;163,501142;88,630677;-138,040114;167,887746;169,765076;163,455391;33,021569;10,700361;18,875608;-25,678411;-0,126862;-0,233868;0,998761;-0,134165;-0,272736;1,005016;-0,131917;-0,275282;1,013962;-0,130895;-0,276664;1,018946;-0,153786;-0,264339;0,975003;-0,165993;-0,262428;0,972203;-0,179011;-0,260393;0,965688;-0,152155;-0,252069;0,974945;-0,225318;-0,242554;0,962761;-0,249627;-0,400747;1,989218;-0,150524;-0,191295;0,974417;-0,071940;-0,073612;1,104144;-0,342074;-0,035083;0,899024;0,037307;0,162362;1,073350;-0,343016;0,220387;0,817083;0,166156;0,080083;0,843930;-0,131049;0,215834;0,837892;0,217839;0,065708;0,784531;-0,066316;0,224333;0,857594;0,224175;0,051136;0,808131;-0,060393;0,219534;0,924831;0,203313;0,053830;0,824762;-0,077884;0,213085;0,917700;-0,026591;0,156771;0,452037;-0,106637;0,155569;0,400314;-0,012404;0,151323;0,389387;-0,088094;0,154495;0,397551;-0,004180;0,150583;0,387483;-0,078029;0,153863;0,395924;-0,005316;0,150285;0,386717;-0,081485;0,154664;0,397986;0,008728;0,150077;0,386182;-0,050706;0,153947;0,396140
00:00:36.195;786;6;6;6;5;115,690112;169,761138;170,097510;93,251360;160,224101;87,048532;-138,428453;168,095254;169,854257;165,587254;32,623307;-10,316073;22,236258;-25,657089;-0,126762;-0,234370;0,998495;-0,134061;-0,272699;1,004660;-0,131866;-0,275210;1,013626;-0,130805;-0,276488;1,018265;-0,153895;-0,264675;0,975702;-0,166098;-0,263148;0,972832;-0,179094;-0,260609;0,966147;-0,152278;-0,252251;0,975664;-0,225540;-0,242784;0,963545;-0,248191;-0,398872;1,979342;-0,150554;-0,191482;0,974621;-0,071198;-0,074164;1,103043;-0,342580;-0,035083;0,899016;0,038733;0,159415;1,053978;-0,343385;0,220900;0,817054;0,156200;0,071068;0,820505;-0,132873;0,215644;0,837930;0,205574;0,056420;0,765445;-0,067549;0,224035;0,858086;0,210852;0,040523;0,788835;-0,062318;0,218698;0,923490;0,190035;0,043628;0,801745;-0,080469;0,212853;0,918505;-0,025223;0,156706;0,451324;-0,106461;0,155254;0,399504;-0,011604;0,151270;0,389252;-0,087689;0,154692;0,398058;-0,003155;0,150245;0,386614;-0,077469;0,153737;0,395600;-0,004114;0,150188;0,386466;-0,080755;0,154530;0,397641;0,008960;0,149916;0,385768;-0,051079;0,154200;0,396791
00:00:36.242;787;6;6;6;5;115,651886;169,815035;169,957345;93,473644;158,000456;86,178409;-139,020007;168,138573;169,930818;167,062316;32,469333;10,546601;27,453287;31,147758;-0,126697;-0,234696;0,998322;-0,134039;-0,272770;1,004779;-0,131879;-0,275258;1,013757;-0,130792;-0,276468;1,018172;-0,153910;-0,264799;0,975806;-0,166106;-0,263521;0,972891;-0,179148;-0,260750;0,966446;-0,152304;-0,252835;0,975782;-0,225520;-0,242757;0,963354;-0,248134;-0,400191;1,979922;-0,150574;-0,192158;0,974754;-0,070046;-0,074475;1,101628;-0,343043;-0,035097;0,899360;0,040166;0,157235;1,039635;-0,343625;0,221233;0,817035;0,147076;0,062952;0,797578;-0,134115;0,215133;0,838305;0,193425;0,048391;0,746040;-0,068868;0,223442;0,858756;0,198599;0,031469;0,775593;-0,063619;0,217795;0,923319;0,178667;0,034821;0,786084;-0,082606;0,212019;0,918328;-0,023550;0,156542;0,450510;-0,106491;0,155594;0,400378;-0,010384;0,150556;0,387414;-0,087274;0,154957;0,398738;-0,001831;0,150162;0,386399;-0,077015;0,153928;0,396090;-0,002674;0,150124;0,386303;-0,079829;0,154443;0,397416;0,009339;0,149948;0,385849;-0,051050;0,154228;0,396864
00:00:36.288;788;6;6;6;5;115,575192;169,696579;169,754096;93,603883;156,132430;85,410295;-139,650093;168,255535;170,001322;168,249378;31,729816;10,232513;37,022823;36,362500;-0,126521;-0,234660;0,997159;-0,133979;-0,272722;1,004506;-0,131842;-0,275194;1,013492;-0,130738;-0,276361;1,017762;-0,153920;-0,264879;0,975874;-0,166112;-0,263763;0,972929;-0,179183;-0,260842;0,966640;-0,152320;-0,253214;0,975858;-0,224878;-0,242652;0,962880;-0,249543;-0,403397;1,991850;-0,150085;-0,192667;0,975190;-0,068629;-0,074630;1,100008;-0,343478;-0,035119;0,899934;0,042090;0,155859;1,026813;-0,343781;0,221450;0,817023;0,137517;0,057432;0,778826;-0,134980;0,214890;0,838898;0,181161;0,042784;0,733776;-0,069638;0,222785;0,858141;0,187428;0,025244;0,771885;-0,064965;0,216601;0,922857;0,167171;0,029121;0,776955;-0,083995;0,211476;0,918213;-0,021922;0,156192;0,449282;-0,106510;0,155815;0,400945;-0,008291;0,150500;0,387269;-0,086549;0,155128;0,399179;0,000131;0,150243;0,386609;-0,076136;0,153779;0,395709;-0,000637;0,150219;0,386547;-0,078775;0,154387;0,397271;0,010452;0,149832;0,385552;-0,050850;0,154383;0,397262
00:00:36.335;789;6;6;6;5;115,567743;169,786154;169,889057;94,000088;153,017757;83,164662;-140,005214;168,259725;170,113339;171,143231;31,614151;-9,863887;42,118529;39,132695;-0,126363;-0,234554;0,996053;-0,133893;-0,272595;1,003979;-0,131772;-0,275057;1,012970;-0,130302;-0,276671;1,018895;-0,153425;-0,265026;0,976268;-0,166175;-0,264016;0,973304;-0,179336;-0,261090;0,967466;-0,152331;-0,253461;0,975908;-0,224460;-0,242583;0,962572;-0,250546;-0,405623;2,000302;-0,149821;-0,193068;0,975824;-0,067084;-0,075355;1,098955;-0,343492;-0,035106;0,899607;0,042720;0,154524;1,004829;-0,344029;0,222151;0,817365;0,124332;0,053178;0,756137;-0,135599;0,214343;0,839634;0,165530;0,037827;0,713904;-0,070284;0,222320;0,859492;0,171341;0,020122;0,755475;-0,066338;0,215744;0,922207;0,151867;0,024330;0,760521;-0,085555;0,210920;0,919539;-0,020595;0,155842;0,448133;-0,106523;0,155958;0,401315;-0,006491;0,150463;0,387175;-0,086078;0,155240;0,399467;0,001847;0,150296;0,386746;-0,075340;0,153683;0,395461;0,001128;0,150281;0,386706;-0,078090;0,154350;0,397176;0,011187;0,149893;0,385709;-0,050675;0,154347;0,397170
00:00:36.383;790;6;6;6;5;115,532561;169,801705;169,882226;94,242426;151,336690;82,065217;-140,333942;168,277616;170,187811;173,111823;31,426901;9,614150;53,176045;41,597975;-0,126348;-0,234650;0,996035;-0,133930;-0,272702;1,004336;-0,131818;-0,275158;1,013330;-0,130108;-0,277063;1,020332;-0,153104;-0,265122;0,976524;-0,166216;-0,264180;0,973548;-0,179370;-0,261157;0,967653;-0,152338;-0,253621;0,975940;-0,224189;-0,242538;0,962372;-0,249665;-0,404579;1,993546;-0,149649;-0,193328;0,976235;-0,066059;-0,076425;1,097921;-0,343636;-0,035112;0,899745;0,042565;0,154698;0,990189;-0,344191;0,222607;0,817587;0,112503;0,050014;0,735089;-0,136058;0,214076;0,840462;0,152606;0,034590;0,700638;-0,070703;0,222018;0,860370;0,158060;0,016798;0,745159;-0,067283;0,215349;0,922485;0,139067;0,021222;0,750188;-0,087026;0,210399;0,919700;-0,019912;0,155257;0,445637;-0,106531;0,156051;0,401554;-0,005320;0,150439;0,387114;-0,086070;0,155856;0,401053;0,002963;0,150331;0,386835;-0,074916;0,153348;0,394599;0,002275;0,150321;0,386809;-0,077939;0,154462;0,397464;0,011665;0,149933;0,385811;-0,050562;0,154324;0,397111
00:00:36.430;791;6;6;6;5;115,476689;169,923544;169,692875;94,276839;149,772729;80,317702;-141,058428;168,473799;170,361481;175,408406;31,162422;-9,346908;67,465563;-38,043823;-0,126250;-0,234548;0,995323;-0,134048;-0,272963;1,005269;-0,131984;-0,275509;1,014615;-0,130114;-0,277603;1,022316;-0,152841;-0,265089;0,976341;-0,166124;-0,264096;0,973006;-0,178842;-0,261200;0,967774;-0,152288;-0,253634;0,975611;-0,224560;-0,242509;0,962242;-0,247032;-0,400558;1,972705;-0,149430;-0,193358;0,975803;-0,065912;-0,076996;1,095499;-0,344376;-0,035129;0,900184;0,038949;0,153740;0,974023;-0,344296;0,222903;0,817732;0,098789;0,048212;0,713358;-0,136413;0,213991;0,841350;0,138235;0,033025;0,695515;-0,071408;0,221642;0,860240;0,140983;0,015301;0,729353;-0,068476;0,214729;0,923365;0,123527;0,019451;0,736122;-0,088574;0,209695;0,920505;-0,019498;0,155122;0,444714;-0,106444;0,155976;0,401360;-0,004779;0,150424;0,387074;-0,086145;0,155985;0,401385;0,003475;0,150625;0,387593;-0,074996;0,153403;0,394740;0,002807;0,150619;0,387576;-0,078067;0,154535;0,397652;0,011999;0,150231;0,386577;-0,050940;0,154309;0,397072
00:00:36.476;792;6;6;6;5;115,589145;169,939466;169,797869;94,340445;151,144536;81,260916;-141,844082;168,650090;170,545024;176,054179;30,900586;7,991167;71,746831;-28,668605;-0,126187;-0,234481;0,994860;-0,134125;-0,273132;1,005875;-0,132092;-0,275737;1,015450;-0,130119;-0,277953;1,023605;-0,152724;-0,265162;0,976572;-0,166063;-0,264042;0,972654;-0,178919;-0,261040;0,967153;-0,152256;-0,253643;0,975397;-0,224719;-0,242402;0,961807;-0,243393;-0,394814;1,943758;-0,149681;-0,193170;0,974472;-0,065795;-0,077962;1,093574;-0,345234;-0,035127;0,900120;0,032553;0,155033;0,975415;-0,345126;0,223287;0,818526;0,087923;0,047663;0,702733;-0,137066;0,213848;0,841578;0,126872;0,032099;0,694284;-0,072264;0,221128;0,859106;0,126436;0,015419;0,714530;-0,070688;0,213922;0,922187;0,110067;0,019484;0,725930;-0,090070;0,209158;0,920678;-0,019908;0,156380;0,447964;-0,106387;0,155927;0,401234;-0,004428;0,150414;0,387048;-0,086343;0,156341;0,402300;0,003587;0,150817;0,388085;-0,075049;0,153438;0,394831;0,002931;0,150813;0,388074;-0,078744;0,154854;0,398474;0,011764;0,150288;0,386725;-0,051412;0,154299;0,397047
00:00:36.523;793;6;6;6;5;115,652911;169,903958;169,768224;94,505840;151,128941;80,616847;-142,523658;168,880948;170,663585;177,828451;30,146561;-7,731957;63,865250;13,463677;-0,126278;-0,234686;0,995609;-0,134268;-0,273432;1,006969;-0,132253;-0,276076;1,016692;-0,130255;-0,278467;1,025493;-0,152539;-0,265020;0,976022;-0,165905;-0,263817;0,971725;-0,178905;-0,260841;0,966400;-0,152125;-0,253466;0,974558;-0,224740;-0,242244;0,961175;-0,249047;-0,404099;1,988993;-0,149898;-0,193117;0,973957;-0,066274;-0,079132;1,091273;-0,345793;-0,035125;0,900078;0,025503;0,154521;0,967920;-0,345517;0,223441;0,818692;0,079893;0,048234;0,697926;-0,138028;0,213363;0,842076;0,116322;0,033560;0,687885;-0,073278;0,220703;0,858019;0,113926;0,016141;0,699644;-0,072126;0,213397;0,921422;0,099470;0,020244;0,717204;-0,091603;0,208888;0,921141;-0,020384;0,156830;0,449027;-0,106350;0,155895;0,401152;-0,004200;0,150407;0,387031;-0,086780;0,156300;0,402195;0,003660;0,150941;0,388405;-0,075083;0,153461;0,394890;0,003012;0,150938;0,388398;-0,079693;0,155606;0,400408;0,011600;0,150190;0,386471;-0,051944;0,154293;0,397030
00:00:36.570;794;6;6;5;5;115,637378;169,733799;169,391582;94,535848;150,559590;78,711364;-143,346482;169,016221;170,724410;-179,918035;30,258120;7,770119;60,673756;-2,632897;-0,126771;-0,234571;0,995046;-0,134746;-0,273246;1,006280;-0,132358;-0,276296;1,017500;-0,130388;-0,278895;1,027071;-0,152918;-0,264833;0,975314;-0,166353;-0,263670;0,971121;-0,179445;-0,260712;0,965910;-0,151986;-0,252707;0,973663;-0,225136;-0,241965;0,960064;-0,250972;-0,405438;1,995296;-0,150483;-0,192943;0,972922;-0,067115;-0,079787;1,088378;-0,346425;-0,035151;0,900751;0,017640;0,154125;0,956048;-0,345476;0,223350;0,818100;0,069837;0,053930;0,693052;-0,138654;0,213048;0,842399;0,103268;0,042558;0,683375;-0,074060;0,220298;0,858712;0,098947;0,024663;0,690319;-0,073175;0,212853;0,922324;0,084927;0,027583;0,705933;-0,092563;0,208634;0,921092;-0,020898;0,157011;0,448667;-0,106326;0,155874;0,401099;-0,004051;0,150403;0,387020;-0,087215;0,156138;0,401777;0,003700;0,150750;0,387914;-0,075758;0,153884;0,395979;0,003279;0,150748;0,387909;-0,080240;0,155958;0,401315;0,011494;0,150126;0,386306;-0,052111;0,154425;0,397370
00:00:36.617;795;6;6;6;5;115,636416;169,660309;169,215375;94,564505;154,098567;80,379819;-143,973623;169,138075;170,790253;178,298107;30,670779;-7,204093;73,907652;32,674045;-0,127180;-0,234661;0,995380;-0,135057;-0,273126;1,005832;-0,132472;-0,276534;1,018375;-0,130518;-0,279269;1,028446;-0,153608;-0,264521;0,974154;-0,166585;-0,263480;0,970379;-0,179796;-0,260628;0,965591;-0,151840;-0,252123;0,972731;-0,225310;-0,241696;0,958991;-0,251335;-0,404887;1,992392;-0,151306;-0,192692;0,971549;-0,067618;-0,080161;1,085795;-0,346702;-0,035155;0,900838;0,013177;0,157776;0,972131;-0,345449;0,223291;0,817715;0,060259;0,062183;0,679034;-0,138944;0,212667;0,841909;0,090250;0,053358;0,669944;-0,073589;0,220034;0,859163;0,086178;0,037503;0,688807;-0,073330;0,212500;0,922911;0,072455;0,039495;0,700006;-0,092769;0,208180;0,922110;-0,021233;0,157128;0,448434;-0,106310;0,155861;0,401064;-0,003955;0,150400;0,387013;-0,087499;0,156032;0,401505;0,004382;0,150490;0,387244;-0,075744;0,154159;0,396686;0,004109;0,150489;0,387241;-0,079701;0,155779;0,400855;0,012304;0,150084;0,386199;-0,051676;0,154239;0,396890
00:00:36.666;796;6;6;6;5;115,737718;169,445637;169,033232;94,653834;155,356658;79,831027;-144,712468;169,013118;170,859535;177,856253;31,660524;6,067837;69,147003;-44,626612;-0,127923;-0,234555;0,994897;-0,135306;-0,273143;1,005891;-0,132942;-0,276308;1,017544;-0,130965;-0,279036;1,027590;-0,154552;-0,264223;0,973050;-0,167165;-0,263166;0,969196;-0,180441;-0,260384;0,964684;-0,151139;-0,251653;0,971775;-0,225802;-0,241344;0,957594;-0,250094;-0,400402;1,970205;-0,151786;-0,192459;0,970307;-0,067922;-0,080993;1,083767;-0,347016;-0,035171;0,901245;0,010800;0,158999;0,975585;-0,345431;0,223717;0,817465;0,050193;0,074253;0,675172;-0,137753;0,212508;0,841941;0,074300;0,067775;0,659114;-0,071435;0,220220;0,860856;0,069927;0,052586;0,685375;-0,072540;0,212223;0,925392;0,057576;0,054005;0,693704;-0,092342;0,207806;0,922421;-0,021793;0,158077;0,450032;-0,106486;0,156124;0,401742;-0,003675;0,150534;0,387359;-0,086999;0,155555;0,400278;0,005051;0,150457;0,387158;-0,074990;0,154202;0,396796;0,004648;0,150320;0,386806;-0,077996;0,154303;0,397056;0,013695;0,149921;0,385779;-0,050083;0,154254;0,396929
00:00:36.713;797;6;6;6;5;115,833976;169,215037;169,122995;94,808165;139,704713;61,580979;-145,335434;168,745484;170,862825;-168,772225;32,993484;5,599210;58,037311;53,360929;-0,128450;-0,234569;0,994933;-0,135563;-0,273344;1,006629;-0,133386;-0,276447;1,018053;-0,131391;-0,279170;1,028083;-0,155110;-0,263934;0,971983;-0,167908;-0,262677;0,967378;-0,181275;-0,260037;0,963395;-0,150630;-0,251257;0,970804;-0,226498;-0,240939;0,955986;-0,252300;-0,402253;1,979233;-0,152593;-0,192238;0,969150;-0,068098;-0,081506;1,082099;-0,347220;-0,035181;0,901509;0,008930;0,141537;0,868980;-0,346182;0,224187;0,818002;0,042951;0,083449;0,674062;-0,136021;0,212404;0,841962;0,062750;0,078385;0,650674;-0,069104;0,220520;0,862656;0,057591;0,065113;0,686294;-0,070539;0,212361;0,928405;0,045623;0,065946;0,691008;-0,091115;0,207799;0,923674;-0,022210;0,159064;0,452121;-0,106600;0,156295;0,402182;-0,003049;0,150486;0,387233;-0,085995;0,155245;0,399481;0,005933;0,150571;0,387453;-0,073184;0,153822;0,395817;0,005456;0,150618;0,387574;-0,076454;0,154295;0,397036;0,014598;0,149815;0,385507;-0,047724;0,153583;0,395204
00:00:36.760;798;6;6;6;5;116,365489;168,922424;169,105355;94,886277;132,406300;51,914996;-146,422355;168,508232;170,841264;-161,258508;33,488442;5,996195;41,181385;60,755426;-0,129314;-0,234495;0,994606;-0,135918;-0,273855;1,008509;-0,133858;-0,276917;1,019785;-0,131847;-0,279638;1,029804;-0,155417;-0,263652;0,970939;-0,168268;-0,262169;0,965495;-0,181684;-0,259622;0,961857;-0,150298;-0,251000;0,970172;-0,226867;-0,241129;0,954591;-0,251756;-0,400326;1,969702;-0,153061;-0,192025;0,968047;-0,068234;-0,082481;1,081364;-0,347353;-0,035188;0,901681;0,008964;0,129915;0,807737;-0,346521;0,224396;0,818001;0,039026;0,092926;0,673690;-0,134470;0,212425;0,842325;0,057202;0,088418;0,642388;-0,066653;0,220893;0,864527;0,050592;0,077927;0,684091;-0,067690;0,212610;0,931063;0,039011;0,078340;0,688905;-0,088800;0,207951;0,925188;-0,023187;0,164646;0,467479;-0,106674;0,156406;0,402468;-0,002644;0,150590;0,387502;-0,085042;0,154908;0,398613;0,006506;0,150646;0,387644;-0,072235;0,153575;0,395181;0,005982;0,150812;0,388073;-0,075452;0,154290;0,397024;0,015186;0,149746;0,385329;-0,046191;0,153147;0,394082
00:00:36.807;799;6;6;6;5;116,084893;168,711039;169,011388;94,919728;128,410655;44,893940;-146,098868;168,173187;170,812418;-156,675110;33,602166;-6,320623;34,392183;64,727685;-0,129875;-0,234447;0,994394;-0,136630;-0,273997;1,009031;-0,134258;-0,277413;1,021610;-0,132233;-0,280132;1,031623;-0,155996;-0,263733;0,969210;-0,168379;-0,261649;0,963572;-0,182429;-0,259803;0,960507;-0,150029;-0,250742;0,969412;-0,227564;-0,241164;0,953334;-0,251357;-0,399003;1,963156;-0,153310;-0,191817;0,966981;-0,068323;-0,083115;1,080887;-0,347440;-0,035192;0,901793;0,009391;0,122470;0,768629;-0,346593;0,224435;0,817651;0,037328;0,101302;0,675199;-0,133462;0,212438;0,842561;0,055112;0,097724;0,642602;-0,065034;0,221047;0,865392;0,047720;0,088522;0,684759;-0,065839;0,212772;0,932791;0,035929;0,088509;0,688588;-0,087327;0,208129;0,926522;-0,022799;0,161360;0,457161;-0,106722;0,156479;0,402654;-0,002381;0,150658;0,387676;-0,084423;0,154689;0,398048;0,006879;0,150694;0,387769;-0,071680;0,153550;0,395118;0,006323;0,150938;0,388398;-0,074961;0,154151;0,396665;0,015567;0,149701;0,385214;-0,045417;0,152864;0,393354
00:00:36.853;800;6;6;6;5;115,821048;168,591509;168,857451;94,756178;126,072103;37,779706;-145,818960;168,030368;170,783280;-153,945711;33,694419;6,385041;41,538527;70,484470;-0,130805;-0,234416;0,994256;-0,137092;-0,274664;1,009370;-0,134472;-0,278223;1,022447;-0,132530;-0,280548;1,033155;-0,156316;-0,263690;0,967737;-0,168874;-0,261121;0,961622;-0,182778;-0,259731;0,958929;-0,149410;-0,250756;0,969618;-0,228017;-0,241187;0,952517;-0,253121;-0,401344;1,974651;-0,153908;-0,191543;0,965587;-0,068381;-0,083527;1,080576;-0,347874;-0,035181;0,901515;0,010468;0,117686;0,743559;-0,346807;0,224269;0,816723;0,036192;0,107596;0,668129;-0,132165;0,212661;0,841665;0,053279;0,105203;0,636791;-0,063857;0,221190;0,864205;0,045745;0,097070;0,683443;-0,064542;0,212559;0,932514;0,033864;0,096847;0,686982;-0,086306;0,208087;0,926689;-0,022476;0,159222;0,449055;-0,105836;0,155846;0,401025;-0,002210;0,150702;0,387789;-0,084173;0,154410;0,397331;0,006685;0,150861;0,388200;-0,071292;0,152990;0,393677;0,006097;0,150884;0,388258;-0,074339;0,152973;0,393632;0,016081;0,150080;0,386189;-0,045297;0,153224;0,394280
00:00:36.901;801;6;6;6;5;115,619157;168,601203;168,860203;94,786216;124,831126;31,388005;-145,552766;167,793675;170,792026;-152,792225;33,947065;6,810567;26,775455;73,044604;-0,132070;-0,234560;0,994867;-0,137393;-0,275097;1,009590;-0,134564;-0,278654;1,022640;-0,132722;-0,280818;1,034151;-0,156959;-0,263470;0,966079;-0,169740;-0,260778;0,960354;-0,183617;-0,259779;0,958254;-0,149007;-0,250764;0,969752;-0,228768;-0,241113;0,951636;-0,254994;-0,402225;1,978974;-0,154845;-0,191365;0,964682;-0,068396;-0,083768;1,080025;-0,348020;-0,035160;0,900985;0,012805;0,115303;0,729363;-0,346945;0,224624;0,816120;0,036314;0,114119;0,672634;-0,131322;0,212805;0,841082;0,053410;0,112936;0,640364;-0,063092;0,221284;0,863433;0,044605;0,103895;0,678738;-0,063237;0,212659;0,933384;0,033317;0,103884;0,686289;-0,085177;0,208217;0,927498;-0,022160;0,157569;0,441686;-0,105261;0,155434;0,399967;-0,002327;0,151139;0,388913;-0,084460;0,154229;0,396865;0,006116;0,150970;0,388480;-0,071642;0,152490;0,392390;0,005509;0,150849;0,388168;-0,074665;0,152343;0,392011;0,015078;0,150190;0,386473;-0,045218;0,153458;0,394882
00:00:36.948;802;6;6;6;5;115,448704;168,467214;168,998715;94,854061;124,031584;26,325233;-145,195732;167,573342;170,797246;-152,081441;33,128271;6,593594;-21,836107;75,667596;-0,132609;-0,234159;0,993163;-0,137588;-0,275379;1,009734;-0,134625;-0,278934;1,022766;-0,132802;-0,280899;1,034448;-0,157376;-0,263328;0,965001;-0,170303;-0,260554;0,959530;-0,184503;-0,259525;0,956765;-0,148799;-0,250860;0,970189;-0,229086;-0,240887;0,950364;-0,211547;-0,333011;1,638433;-0,155454;-0,190701;0,964093;-0,068406;-0,083924;1,079666;-0,347980;-0,034622;0,900290;0,015105;0,114044;0,719436;-0,347185;0,224952;0,816078;0,036762;0,118295;0,675212;-0,130828;0,212988;0,841053;0,053525;0,118399;0,643037;-0,062445;0,221292;0,860832;0,043931;0,108897;0,676730;-0,062827;0,212936;0,932550;0,032603;0,108577;0,686538;-0,084287;0,208435;0,926274;-0,022108;0,156344;0,435146;-0,104887;0,155167;0,399278;-0,002398;0,151150;0,388944;-0,085251;0,154791;0,398312;0,005521;0,150905;0,388312;-0,072116;0,151757;0,390503;0,004906;0,150826;0,388109;-0,074944;0,152069;0,391307;0,013775;0,150398;0,387007;-0,047693;0,153746;0,395623
00:00:36.995;803;6;6;6;5;116,265945;168,472065;169,038193;94,994014;123,574003;23,066202;-146,442847;167,192183;170,806146;-151,630804;33,296817;6,409003;-22,305477;-77,860209;-0,132959;-0,233899;0,992056;-0,138000;-0,274989;1,007727;-0,134710;-0,278628;1,023198;-0,132809;-0,280856;1,034291;-0,158137;-0,263140;0,963951;-0,171215;-0,260409;0,958995;-0,185146;-0,259455;0,956147;-0,148611;-0,250832;0,970123;-0,229918;-0,240830;0,949886;-0,228927;-0,359303;1,767781;-0,155793;-0,190201;0,963361;-0,067842;-0,084081;1,080133;-0,348090;-0,034285;0,900189;0,017010;0,113680;0,713334;-0,347340;0,225630;0,816051;0,037014;0,120879;0,676188;-0,130931;0,213018;0,840685;0,053879;0,121743;0,643724;-0,062588;0,221569;0,860191;0,043514;0,111826;0,675774;-0,063115;0,213195;0,932357;0,032124;0,111568;0,686349;-0,084298;0,208734;0,926178;-0,023567;0,166288;0,459595;-0,104827;0,155265;0,399531;-0,002668;0,151294;0,389313;-0,086068;0,154885;0,398553;0,004914;0,150863;0,388203;-0,072844;0,151688;0,390327;0,004293;0,150811;0,388071;-0,075348;0,151891;0,390850;0,012266;0,150533;0,387355;-0,049931;0,153798;0,395755
00:00:37.042;804;6;6;6;5;116,848776;168,365517;169,196728;95,206681;123,230360;21,218685;-147,272634;166,902720;170,743199;-151,257195;32,107212;6,208609;-24,840959;-77,997753;-0,133187;-0,233729;0,991337;-0,138267;-0,274735;1,006423;-0,134673;-0,278240;1,022779;-0,132679;-0,280544;1,033139;-0,158632;-0,263017;0,963268;-0,171807;-0,260315;0,958647;-0,185496;-0,259315;0,955396;-0,148488;-0,250814;0,970080;-0,230374;-0,240703;0,949226;-0,236263;-0,370203;1,821408;-0,156014;-0,189876;0,962884;-0,067475;-0,084182;1,080436;-0,348161;-0,034065;0,900123;0,018227;0,113331;0,708667;-0,348056;0,226167;0,816383;0,037159;0,122494;0,676472;-0,131531;0,213126;0,840795;0,053684;0,123777;0,643471;-0,063471;0,221600;0,857324;0,042904;0,113466;0,675853;-0,064187;0,213329;0,929782;0,031421;0,113121;0,686227;-0,084735;0,208692;0,925066;-0,024859;0,173136;0,476537;-0,105015;0,155329;0,399695;-0,003070;0,151524;0,389904;-0,086904;0,155082;0,399060;0,004298;0,150835;0,388132;-0,073471;0,151508;0,389863;0,003678;0,151074;0,388746;-0,075610;0,151776;0,390552;0,010851;0,150757;0,387931;-0,051837;0,153831;0,395841
00:00:37.089;805;6;6;6;5;117,261546;168,477871;169,358701;95,287905;123,020894;20,900336;-147,741257;166,757290;170,687935;-150,941846;30,561036;-6,698642;-27,747017;78,305930;-0,133335;-0,233619;0,990869;-0,138393;-0,274474;1,005225;-0,134511;-0,278282;1,021456;-0,132550;-0,280245;1,032041;-0,159012;-0,263034;0,963174;-0,172319;-0,260444;0,959120;-0,185860;-0,259413;0,955607;-0,148462;-0,250893;0,970402;-0,230755;-0,240710;0,949147;-0,241896;-0,378640;1,862915;-0,156157;-0,189664;0,962575;-0,067236;-0,084248;1,080634;-0,348071;-0,033910;0,899730;0,019018;0,113104;0,705633;-0,348520;0,226052;0,816599;0,037579;0,122965;0,675607;-0,133357;0,213196;0,840867;0,053673;0,124272;0,644706;-0,066293;0,221556;0,853361;0,042507;0,113764;0,675905;-0,066383;0,213173;0,927059;0,031355;0,113350;0,686148;-0,086002;0,208506;0,923643;-0,025699;0,177876;0,487549;-0,105138;0,155370;0,399802;-0,003334;0,151809;0,390637;-0,087447;0,155210;0,399389;0,003903;0,151089;0,388786;-0,075290;0,154247;0,396911;0,003501;0,151244;0,389185;-0,077283;0,154693;0,398059;0,009931;0,150902;0,388305;-0,052898;0,153988;0,396247
00:00:37.136;806;6;6;6;5;116,516886;168,733695;169,476732;95,267872;122,845571;19,917637;-146,359995;166,811866;170,518321;-150,639087;28,205291;6,899998;-31,379941;78,064663;-0,133431;-0,233548;0,990565;-0,138047;-0,274592;1,005496;-0,134406;-0,277730;1,020597;-0,132375;-0,279861;1,030626;-0,158826;-0,263235;0,963813;-0,172167;-0,260623;0,959778;-0,186234;-0,259668;0,956445;-0,148445;-0,250944;0,970611;-0,230633;-0,240892;0,949796;-0,247288;-0,386828;1,903195;-0,156250;-0,189527;0,962374;-0,067081;-0,084291;1,080762;-0,347502;-0,033809;0,899474;0,019533;0,112558;0,703662;-0,348823;0,225047;0,816739;0,037772;0,123014;0,673644;-0,136877;0,213153;0,840563;0,053916;0,123957;0,644109;-0,069893;0,221547;0,849034;0,042700;0,113748;0,676988;-0,069677;0,212946;0,922488;0,031344;0,113615;0,686796;-0,087840;0,208306;0,922368;-0,024592;0,169639;0,463907;-0,104899;0,155261;0,399521;-0,003505;0,151994;0,391114;-0,087645;0,155021;0,398903;0,003647;0,151254;0,389211;-0,075240;0,153987;0,396242;0,003385;0,151355;0,389470;-0,078371;0,156589;0,402938;0,009555;0,150997;0,388548;-0,053588;0,154091;0,396510
00:00:37.183;807;6;6;6;5;117,048546;169,227539;169,528604;95,161309;122,661101;17,567951;-147,073253;166,975992;170,390545;-150,395533;26,316791;6,636088;-48,228929;81,826436;-0,133494;-0,233501;0,990367;-0,137775;-0,274572;1,005322;-0,134245;-0,277181;1,019338;-0,131855;-0,279992;1,031107;-0,158705;-0,263366;0,964229;-0,172194;-0,260929;0,960906;-0,186134;-0,260118;0,958039;-0,147987;-0,251158;0,971447;-0,230807;-0,241276;0,951267;-0,206311;-0,322647;1,587427;-0,156310;-0,189437;0,962243;-0,066981;-0,084319;1,080845;-0,347132;-0,033743;0,899308;0,019877;0,111462;0,702730;-0,349019;0,223929;0,816831;0,037479;0,121326;0,665019;-0,140538;0,213036;0,840016;0,053926;0,123054;0,641971;-0,073190;0,222020;0,846222;0,043212;0,113351;0,677692;-0,073225;0,212909;0,917767;0,031728;0,113004;0,687217;-0,089902;0,208301;0,919789;-0,025563;0,175570;0,480039;-0,104743;0,155190;0,399339;-0,003391;0,151978;0,391074;-0,087701;0,155170;0,399287;0,003699;0,151226;0,389137;-0,074916;0,153682;0,395457;0,003529;0,151291;0,389306;-0,078004;0,156597;0,402960;0,009514;0,150786;0,388006;-0,053859;0,154294;0,397032
00:00:37.230;808;6;6;6;5;117,334415;169,567438;169,485134;95,065951;122,318671;18,143586;-147,481780;167,267716;170,294937;-149,725502;25,023408;-6,809683;70,459881;83,108482;-0,133064;-0,233636;0,990939;-0,137597;-0,273988;1,005210;-0,134048;-0,276634;1,017820;-0,131428;-0,279886;1,030720;-0,158741;-0,263643;0,965199;-0,171726;-0,261223;0,961989;-0,185523;-0,260411;0,959075;-0,147742;-0,251388;0,972341;-0,230546;-0,241704;0,952924;-0,222883;-0,348440;1,714327;-0,156407;-0,189448;0,962508;-0,066937;-0,084364;1,081249;-0,347026;-0,033714;0,899550;0,018870;0,109340;0,700725;-0,349147;0,223202;0,816890;0,036456;0,118078;0,657662;-0,142917;0,212960;0,839661;0,053755;0,119909;0,638481;-0,075778;0,222235;0,844045;0,043047;0,110502;0,676400;-0,075532;0,212884;0,914699;0,031587;0,110650;0,687491;-0,091690;0,208139;0,917413;-0,026194;0,178265;0,490526;-0,104642;0,155144;0,399220;-0,003090;0,151696;0,390348;-0,086747;0,155539;0,400236;0,004392;0,151071;0,388739;-0,074000;0,153892;0,395997;0,004060;0,151114;0,388849;-0,076394;0,155651;0,400524;0,010785;0,150377;0,386954;-0,052720;0,154561;0,397721
00:00:37.276;809;6;6;6;5;116,618378;169,805955;169,430791;94,872832;131,284354;39,929976;-146,343258;167,637285;170,215033;-161,817593;24,683176;6,865069;81,240060;-73,103709;-0,133065;-0,234219;0,993410;-0,137434;-0,273513;1,004786;-0,133920;-0,276278;1,016833;-0,131150;-0,279818;1,030468;-0,158328;-0,264014;0,966529;-0,171483;-0,261509;0,963043;-0,185192;-0,260696;0,960099;-0,147530;-0,251447;0,972572;-0,229916;-0,242070;0,954350;-0,234883;-0,367126;1,806263;-0,155977;-0,189524;0,963030;-0,066908;-0,084394;1,081512;-0,346957;-0,033694;0,899708;0,017382;0,123945;0,805121;-0,349230;0,222264;0,816928;0,035199;0,116083;0,655681;-0,143987;0,212911;0,839429;0,052754;0,116773;0,634113;-0,077494;0,222468;0,842979;0,043007;0,106887;0,676610;-0,077092;0,213032;0,913404;0,031479;0,107501;0,687319;-0,092476;0,208352;0,917268;-0,025177;0,170210;0,470742;-0,104393;0,154842;0,398443;-0,002674;0,151649;0,390226;-0,085825;0,155643;0,400504;0,005283;0,150970;0,388480;-0,072828;0,153756;0,395648;0,004847;0,150998;0,388552;-0,075123;0,155035;0,398941;0,012488;0,150112;0,386270;-0,051384;0,155007;0,398868
00:00:37.323;810;6;6;6;5;116,251173;170,247080;169,481990;94,768772;139,165760;51,600565;-145,672531;167,964287;170,165524;-170,011524;24,580879;6,932952;80,864359;70,581069;-0,133112;-0,234680;0,995367;-0,136899;-0,273489;1,005561;-0,133442;-0,276427;1,017591;-0,130925;-0,279679;1,029954;-0,158059;-0,264255;0,967394;-0,170838;-0,261790;0,964078;-0,184497;-0,260977;0,961114;-0,147445;-0,251576;0,973071;-0,229674;-0,242486;0,955978;-0,240726;-0,376213;1,850971;-0,155699;-0,189573;0,963370;-0,066890;-0,084413;1,081683;-0,346777;-0,033669;0,899460;0,015278;0,133438;0,872979;-0,349284;0,221655;0,816953;0,034862;0,113275;0,656492;-0,144682;0,212879;0,839279;0,052331;0,112345;0,634073;-0,078643;0,222711;0,842636;0,043434;0,101984;0,677797;-0,078107;0,213129;0,912563;0,031865;0,102909;0,688608;-0,093095;0,208206;0,918224;-0,024378;0,165476;0,459982;-0,104187;0,154918;0,398638;-0,001960;0,151482;0,389797;-0,084852;0,155438;0,399977;0,006283;0,150497;0,387262;-0,071616;0,153668;0,395421;0,005787;0,150651;0,387659;-0,073845;0,154635;0,397911;0,013595;0,149939;0,385826;-0,050059;0,155297;0,399614
00:00:37.370;811;6;6;6;5;116,043272;170,743437;169,619907;94,739663;143,312922;57,968629;-145,023588;168,193734;170,117826;-172,695378;24,060114;-6,664563;61,090615;-67,239413;-0,132759;-0,235310;0,998038;-0,136503;-0,273379;1,005715;-0,133131;-0,276524;1,018084;-0,130734;-0,279493;1,029270;-0,157446;-0,264603;0,968656;-0,170480;-0,262068;0,965101;-0,184045;-0,261159;0,961774;-0,147443;-0,251750;0,973746;-0,229684;-0,242934;0,957736;-0,245402;-0,385250;1,895431;-0,155630;-0,190293;0,964290;-0,066921;-0,084480;1,082494;-0,346526;-0,033639;0,898949;0,011558;0,138801;0,900986;-0,349319;0,221259;0,816970;0,036613;0,107734;0,665070;-0,145672;0,212947;0,839531;0,055672;0,103858;0,637898;-0,079390;0,222870;0,842414;0,048027;0,092682;0,679268;-0,079284;0,213191;0,912016;0,036116;0,094143;0,690495;-0,093911;0,208396;0,917796;-0,023626;0,162523;0,453338;-0,104053;0,154967;0,398765;-0,001495;0,151374;0,389518;-0,084813;0,155986;0,401385;0,006932;0,150189;0,386470;-0,070991;0,153474;0,394924;0,006610;0,150289;0,386728;-0,073015;0,154376;0,397242;0,014722;0,149554;0,384837;-0,049198;0,155486;0,400099
00:00:37.405;812;6;6;6;5;115,888532;170,957869;169,527389;94,555310;148,580018;65,800939;-144,591323;168,310133;170,043928;-176,246173;23,714295;6,866080;45,674532;63,978972;-0,132483;-0,235637;0,999425;-0,136294;-0,273402;1,006165;-0,132974;-0,276682;1,018755;-0,130699;-0,279562;1,029526;-0,157160;-0,265020;0,970176;-0,170370;-0,262439;0,966465;-0,183817;-0,261373;0,962553;-0,147548;-0,252044;0,974885;-0,229774;-0,243314;0,959228;-0,243765;-0,383726;1,887930;-0,155036;-0,190761;0,964889;-0,066984;-0,084579;1,083721;-0,346632;-0,033646;0,899317;0,008646;0,145770;0,934241;-0,349341;0,220537;0,816980;0,039506;0,101442;0,673796;-0,146316;0,212991;0,839695;0,060339;0,095685;0,639683;-0,079876;0,222973;0,842269;0,054437;0,083850;0,679524;-0,079562;0,213314;0,912010;0,041670;0,085320;0,692072;-0,094442;0,208519;0,917517;-0,023137;0,160604;0,449020;-0,104193;0,154999;0,398847;-0,001415;0,151303;0,389337;-0,085248;0,156341;0,402300;0,007354;0,149989;0,385956;-0,071160;0,153621;0,395301;0,006932;0,150190;0,386473;-0,072765;0,154343;0,397158;0,014787;0,149169;0,383844;-0,049823;0,155744;0,400765
00:00:37.448;813;6;6;6;5;115,714170;171,180135;169,424526;94,332393;152,891999;72,404775;-144,352895;168,473398;169,994709;-178,970448;23,086913;-7,070444;44,596215;-58,225345;-0,132119;-0,235519;0,998926;-0,136157;-0,273417;1,006457;-0,132872;-0,276785;1,019191;-0,130677;-0,279607;1,029692;-0,157031;-0,265387;0,971515;-0,169747;-0,262679;0,967353;-0,183187;-0,261606;0,963410;-0,147615;-0,252235;0,975625;-0,229833;-0,243561;0,960198;-0,248366;-0,392836;1,927155;-0,154705;-0,191134;0,965628;-0,066982;-0,083971;1,083819;-0,346701;-0,033650;0,899556;0,006193;0,150857;0,959357;-0,349356;0,219602;0,816987;0,044613;0,092214;0,675617;-0,147691;0,213020;0,839802;0,067291;0,085833;0,642944;-0,080225;0,223133;0,842525;0,062920;0,073242;0,676891;-0,079712;0,213312;0,911657;0,050556;0,074951;0,694497;-0,094751;0,208520;0,916986;-0,022731;0,158733;0,444463;-0,104376;0,155156;0,399251;-0,001805;0,151257;0,389219;-0,085839;0,155892;0,401145;0,006983;0,150131;0,386321;-0,071946;0,153716;0,395545;0,006929;0,150262;0,386658;-0,072989;0,154185;0,396752;0,013774;0,149326;0,384249;-0,050230;0,155912;0,401197
00:00:37.494;814;6;6;6;5;115,602273;171,177544;169,346455;94,075873;156,928403;79,003675;-144,183015;168,609673;169,937298;178,196124;22,774422;-7,084092;45,563149;-53,845549;-0,132067;-0,235773;1,000002;-0,136069;-0,273427;1,006647;-0,132806;-0,276852;1,019474;-0,130706;-0,279732;1,030150;-0,157003;-0,265721;0,972735;-0,169525;-0,263121;0,968979;-0,183041;-0,262139;0,965366;-0,147712;-0,252450;0,976457;-0,229871;-0,243721;0,960829;-0,246546;-0,391086;1,915201;-0,154602;-0,191516;0,966808;-0,067620;-0,083603;1,084232;-0,346881;-0,033666;0,900061;0,005194;0,155336;0,983032;-0,349516;0,218623;0,817342;0,052603;0,081544;0,685201;-0,149541;0,213039;0,839871;0,077624;0,073686;0,652064;-0,080966;0,222849;0,843041;0,074552;0,059627;0,686379;-0,080359;0,213392;0,911777;0,061509;0,061226;0,699573;-0,095546;0,208679;0,917341;-0,022503;0,157517;0,442201;-0,104495;0,155258;0,399513;-0,002719;0,151092;0,388792;-0,086527;0,155736;0,400744;0,005640;0,150224;0,386559;-0,074082;0,154322;0,397104;0,005605;0,150309;0,386777;-0,074987;0,154627;0,397889;0,011376;0,149700;0,385212;-0,053313;0,155614;0,400428
00:00:37.543;815;6;6;6;5;115,526150;170,972243;169,570905;93,970440;158,847826;82,903583;-143,808114;168,725370;169,917268;176,489468;22,525581;6,561077;38,841734;-49,563599;-0,131782;-0,236515;1,003151;-0,136200;-0,273814;1,008171;-0,132945;-0,277275;1,021058;-0,130814;-0,280003;1,031147;-0,156542;-0,266129;0,974227;-0,169441;-0,263503;0,970386;-0,182947;-0,262484;0,966638;-0,147776;-0,252590;0,976997;-0,229265;-0,243737;0,960889;-0,246622;-0,391955;1,917230;-0,154590;-0,191833;0,967925;-0,068079;-0,083417;1,085201;-0,346863;-0,033664;0,900040;0,006279;0,157275;0,995971;-0,349918;0,218171;0,818272;0,059935;0,073026;0,696681;-0,150807;0,213139;0,840266;0,086679;0,063148;0,658341;-0,081447;0,222664;0,843377;0,084815;0,047946;0,691846;-0,081299;0,213444;0,911855;0,071138;0,049913;0,703572;-0,096473;0,208544;0,916522;-0,022071;0,156478;0,440031;-0,104572;0,155324;0,399683;-0,003313;0,150984;0,388515;-0,086897;0,155499;0,400134;0,004545;0,150148;0,386363;-0,075926;0,154716;0,398118;0,004522;0,150203;0,386505;-0,076812;0,155050;0,398978;0,009591;0,149807;0,385488;-0,055544;0,155419;0,399928
00:00:37.588;816;6;6;6;5;115,502489;170,911082;169,810270;93,919212;158,703544;84,609269;-143,481222;168,703750;169,913742;175,643167;22,148217;6,669193;35,873133;47,502750;-0,131551;-0,236915;1,004848;-0,136333;-0,274160;1,009511;-0,133081;-0,277646;1,022438;-0,130884;-0,280179;1,031796;-0,156242;-0,265839;0,975198;-0,169387;-0,263752;0,971301;-0,182951;-0,262804;0,967815;-0,147764;-0,252590;0,976998;-0,228954;-0,243836;0,961278;-0,205623;-0,327052;1,599000;-0,154583;-0,192040;0,968651;-0,067802;-0,083349;1,086531;-0,346851;-0,033662;0,900026;0,010366;0,157653;0,998781;-0,350330;0,217971;0,819227;0,067131;0,065696;0,707643;-0,151629;0,213205;0,840523;0,095466;0,053704;0,663822;-0,081794;0,222637;0,843945;0,094821;0,036894;0,701350;-0,081297;0,213232;0,910856;0,080026;0,039448;0,710722;-0,097076;0,208456;0,915989;-0,021824;0,156051;0,439320;-0,104622;0,155367;0,399794;-0,003902;0,150370;0,386935;-0,087210;0,155073;0,399037;0,003393;0,150098;0,386236;-0,076932;0,154156;0,396677;0,003379;0,150134;0,386328;-0,078027;0,154509;0,397586;0,007987;0,149741;0,385317;-0,056995;0,155293;0,399603
00:00:37.635;817;6;6;6;5;115,517509;170,686011;169,820586;93,864598;159,748976;88,345645;-143,142156;168,563140;169,986691;173,106078;21,928941;6,714836;25,808330;40,768811;-0,131492;-0,237341;1,006651;-0,136561;-0,274670;1,011432;-0,133260;-0,278076;1,024035;-0,131019;-0,280483;1,032917;-0,156047;-0,265650;0,975829;-0,169352;-0,263913;0,971896;-0,182954;-0,263012;0,968580;-0,147862;-0,252771;0,977699;-0,228752;-0,243900;0,961531;-0,226496;-0,360659;1,762100;-0,154690;-0,192313;0,969823;-0,067687;-0,083386;1,088445;-0,346978;-0,034187;0,900367;0,017908;0,160087;1,010758;-0,349981;0,218214;0,819498;0,075391;0,060345;0,731218;-0,152101;0,213159;0,840340;0,105662;0,044910;0,677534;-0,081952;0,222434;0,843614;0,104603;0,026873;0,709978;-0,081295;0,213095;0,910206;0,089328;0,030729;0,722719;-0,097393;0,208239;0,914943;-0,021447;0,156022;0,439558;-0,105017;0,155259;0,399516;-0,004294;0,150243;0,386608;-0,087569;0,155068;0,399024;0,002647;0,150338;0,386853;-0,077586;0,153792;0,395740;0,002638;0,150362;0,386914;-0,079339;0,154293;0,397031;0,007164;0,149698;0,385206;-0,057432;0,155075;0,399042
00:00:37.681;818;6;6;6;5;115,495050;170,428372;169,762855;93,947164;158,994271;90,183187;-142,601042;168,357884;169,986207;171,622615;22,420475;7,119096;26,273073;-38,910907;-0,131408;-0,237534;1,007473;-0,136709;-0,275002;1,012681;-0,133422;-0,278451;1,025422;-0,131284;-0,280470;1,035046;-0,155920;-0,265527;0,976239;-0,169390;-0,264113;0,972632;-0,182956;-0,263147;0,969077;-0,147978;-0,252979;0,978504;-0,228538;-0,243853;0,961345;-0,235163;-0,374688;1,829965;-0,154759;-0,192490;0,970585;-0,067655;-0,083463;1,090389;-0,346926;-0,034514;0,900238;0,026688;0,161935;1,012943;-0,349456;0,218186;0,818973;0,084016;0,054104;0,744441;-0,151992;0,212739;0,840571;0,116023;0,036070;0,689247;-0,082225;0,222281;0,845149;0,115733;0,017468;0,723635;-0,081388;0,213251;0,910834;0,099148;0,021686;0,732968;-0,097673;0,208258;0,914963;-0,021120;0,155383;0,437963;-0,105274;0,155189;0,399336;-0,004548;0,150160;0,386395;-0,087575;0,155065;0,399016;0,002383;0,150494;0,387255;-0,077786;0,153555;0,395131;0,002156;0,150509;0,387294;-0,080192;0,154153;0,396670;0,006859;0,149942;0,385834;-0,056535;0,154797;0,398327
00:00:37.727;819;6;6;6;5;115,486608;170,161962;169,668371;93,991786;158,831264;92,232323;-142,015401;168,130841;169,939379;169,804257;22,038138;7,650084;28,471172;-36,801754;-0,131217;-0,237413;1,006958;-0,136899;-0,275408;1,014193;-0,133619;-0,278885;1,027025;-0,131545;-0,280650;1,037130;-0,155838;-0,265447;0,976505;-0,169414;-0,264243;0,973111;-0,182957;-0,263235;0,969400;-0,148107;-0,253205;0,979378;-0,228399;-0,243823;0,961224;-0,197905;-0,314828;1,540177;-0,154804;-0,192605;0,971080;-0,067700;-0,082969;1,092703;-0,346892;-0,034727;0,900155;0,034950;0,163932;1,019263;-0,348966;0,218074;0,818283;0,096105;0,048107;0,758287;-0,151985;0,212554;0,841071;0,129793;0,029720;0,705261;-0,082402;0,222182;0,846147;0,129988;0,010029;0,741963;-0,081386;0,213189;0,910542;0,113588;0,014542;0,751179;-0,097856;0,208270;0,914976;-0,020676;0,155091;0,437276;-0,105762;0,155279;0,399568;-0,004714;0,150106;0,386257;-0,087502;0,154926;0,398660;0,001991;0,150595;0,387516;-0,078141;0,153401;0,394735;0,001622;0,150605;0,387541;-0,080746;0,154062;0,396435;0,006881;0,150101;0,386242;-0,056049;0,154889;0,398563
00:00:37.773;820;6;6;6;5;115,478776;170,053562;169,709730;94,162413;158,304274;93,063180;-141,740620;168,069662;169,952596;168,429511;22,290064;7,813817;30,825399;36,027897;-0,131047;-0,236679;1,006273;-0,137071;-0,275766;1,015525;-0,133883;-0,278865;1,029116;-0,131847;-0,281051;1,039535;-0,155784;-0,265396;0,976678;-0,169309;-0,264138;0,972722;-0,182826;-0,263102;0,968910;-0,148191;-0,253352;0,979946;-0,228308;-0,244350;0,961146;-0,220266;-0,349618;1,714415;-0,154833;-0,192680;0,971402;-0,067707;-0,081998;1,093857;-0,346870;-0,034865;0,900101;0,042005;0,165003;1,021971;-0,348796;0,218560;0,818184;0,106026;0,044604;0,766237;-0,151980;0,212434;0,841396;0,141021;0,026400;0,714620;-0,082517;0,222117;0,846796;0,142420;0,006077;0,754226;-0,081479;0,213394;0,911402;0,125457;0,010343;0,761966;-0,098125;0,208597;0,916384;-0,020498;0,155518;0,439279;-0,105798;0,154930;0,398669;-0,004830;0,150343;0,386867;-0,087454;0,154837;0,398429;0,001736;0,150661;0,387685;-0,078148;0,153301;0,394478;0,001275;0,150668;0,387702;-0,081323;0,154411;0,397333;0,007109;0,150068;0,386157;-0,055506;0,154948;0,398716
00:00:37.821;821;6;6;6;5;115,490263;169,813210;169,674063;94,251759;157,744505;93,284141;-141,428620;167,812854;169,930277;167,753464;22,096498;7,951046;29,199445;-34,048641;-0,130982;-0,236284;1,006177;-0,137229;-0,276095;1,016741;-0,134146;-0,279040;1,031175;-0,132133;-0,281500;1,041797;-0,155749;-0,265362;0,976791;-0,169301;-0,264164;0,972819;-0,182741;-0,263016;0,968591;-0,148298;-0,253538;0,980665;-0,228249;-0,244692;0,961095;-0,232057;-0,367892;1,806320;-0,154852;-0,192729;0,971612;-0,067172;-0,081470;1,096007;-0,346991;-0,034969;0,900416;0,046610;0,164586;1,024081;-0,348686;0,218876;0,818119;0,115591;0,043780;0,782254;-0,151977;0,212356;0,841608;0,152516;0,025302;0,728053;-0,082558;0,221983;0,846867;0,154791;0,003950;0,769547;-0,081476;0,213364;0,911262;0,136568;0,008542;0,774928;-0,098262;0,208729;0,916950;-0,020146;0,155919;0,440932;-0,105916;0,154839;0,398435;-0,004902;0,150361;0,386913;-0,087046;0,154914;0,398629;0,001791;0,150704;0,387795;-0,078065;0,153508;0,395011;0,001271;0,150708;0,387806;-0,081244;0,154637;0,397917;0,007916;0,150046;0,386102;-0,054606;0,154715;0,398115
00:00:37.869;822;6;6;6;5;115,495523;169,587675;169,668016;94,310013;158,568873;94,349286;-141,061230;167,571825;169,898112;166,568469;21,781962;8,177867;29,400496;31,183928;-0,130940;-0,236028;1,006115;-0,137474;-0,276011;1,018582;-0,134408;-0,279343;1,033214;-0,132407;-0,281981;1,043968;-0,155615;-0,265150;0,976164;-0,169174;-0,263991;0,972183;-0,182619;-0,262865;0,968034;-0,148209;-0,253387;0,980082;-0,228211;-0,244915;0,961062;-0,238193;-0,377351;1,854158;-0,154753;-0,192622;0,971047;-0,066867;-0,081177;1,098105;-0,347069;-0,035036;0,900620;0,049418;0,165542;1,033153;-0,348614;0,219082;0,818078;0,126149;0,044045;0,798965;-0,151975;0,212306;0,841745;0,166349;0,026175;0,745184;-0,082619;0,221988;0,847264;0,169723;0,004423;0,785456;-0,081381;0,213615;0,910120;0,150294;0,008815;0,790353;-0,098389;0,208895;0,917667;-0,019887;0,155932;0,441305;-0,106085;0,154916;0,398633;-0,004962;0,150781;0,387994;-0,086704;0,155237;0,399459;0,001825;0,150596;0,387517;-0,077786;0,153643;0,395357;0,001266;0,150599;0,387524;-0,081406;0,155193;0,399346;0,008860;0,149760;0,385366;-0,053161;0,154699;0,398075
00:00:37.916;823;6;6;6;5;115,460231;169,826918;169,726117;94,369547;159,245233;94,771369;-140,861070;167,462659;169,908607;165,613840;21,091149;8,171364;26,575241;26,405482;-0,131347;-0,235615;1,005025;-0,137586;-0,275863;1,019428;-0,134578;-0,279540;1,034539;-0,132586;-0,282294;1,045379;-0,156026;-0,264917;0,975407;-0,169091;-0,263879;0,971769;-0,182540;-0,262766;0,967672;-0,148046;-0,253108;0,979003;-0,228817;-0,245149;0,961390;-0,243710;-0,385919;1,897153;-0,154689;-0,192552;0,970681;-0,066605;-0,080285;1,098418;-0,346985;-0,035066;0,900403;0,050664;0,165023;1,039399;-0,348568;0,219215;0,818050;0,135565;0,045520;0,816127;-0,151973;0,212273;0,841834;0,178530;0,027845;0,761920;-0,082522;0,221625;0,846121;0,181633;0,005671;0,797196;-0,081319;0,213778;0,909378;0,161313;0,009940;0,801430;-0,098471;0,209003;0,918134;-0,019938;0,155694;0,440849;-0,106422;0,154966;0,398761;-0,005218;0,150918;0,388346;-0,086331;0,155174;0,399298;0,001628;0,150662;0,387686;-0,077742;0,154002;0,396282;0,000823;0,150663;0,387691;-0,081441;0,155418;0,399925;0,009474;0,149574;0,384888;-0,052355;0,155097;0,399099
00:00:37.963;824;6;6;6;5;115,465454;169,807719;169,838902;94,300162;159,908656;95,187476;-140,623663;167,273119;169,898755;164,844334;20,954289;8,052034;28,280281;-13,310466;-0,131704;-0,235511;1,005016;-0,137517;-0,275483;1,018928;-0,134507;-0,279290;1,034000;-0,132524;-0,282119;1,044897;-0,156350;-0,264861;0,975264;-0,169099;-0,263901;0,971850;-0,182555;-0,262797;0,967787;-0,147939;-0,252927;0,978302;-0,229127;-0,245212;0,961254;-0,247476;-0,391772;1,926499;-0,154647;-0,192507;0,970443;-0,066477;-0,079755;1,099322;-0,346931;-0,035086;0,900262;0,051579;0,165013;1,045560;-0,348687;0,218930;0,818383;0,144729;0,046818;0,833233;-0,151972;0,212251;0,841892;0,193688;0,030484;0,788198;-0,082493;0,221480;0,845729;0,194294;0,008421;0,809377;-0,081309;0,213967;0,909246;0,171424;0,011582;0,807229;-0,098337;0,209195;0,916687;-0,020003;0,155787;0,441252;-0,106642;0,154998;0,398845;-0,005384;0,151007;0,388575;-0,086772;0,155542;0,400244;0,000836;0,150976;0,388496;-0,077939;0,154236;0,396883;0,000093;0,150706;0,387799;-0,081818;0,156244;0,402051;0,009453;0,149726;0,385277;-0,052060;0,155356;0,399764
00:00:37.999;825;6;6;5;5;115,622575;169,906723;169,981319;94,359651;160,659998;95,246474;-140,696998;167,317877;169,803976;164,111997;21,097681;7,986955;31,432896;-3,474681;-0,131889;-0,235361;1,004661;-0,137330;-0,274953;1,017553;-0,134278;-0,278750;1,032250;-0,132307;-0,281628;1,043183;-0,156560;-0,264824;0,975172;-0,169103;-0,263915;0,971902;-0,182564;-0,262818;0,967862;-0,148426;-0,252809;0,977846;-0,228947;-0,245431;0,961865;-0,249564;-0,395007;1,942775;-0,154620;-0,192477;0,970288;-0,066394;-0,078784;1,099909;-0,346517;-0,035112;0,900520;0,051675;0,164730;1,051664;-0,348913;0,218838;0,818949;0,152858;0,048215;0,845401;-0,151972;0,212237;0,841930;0,206207;0,034241;0,808079;-0,082542;0,221569;0,846174;0,206120;0,013168;0,821845;-0,081272;0,214007;0,908810;0,238419;0,021351;1,055999;-0,098250;0,209320;0,915747;-0,020577;0,157946;0,447464;-0,106784;0,155019;0,398899;-0,005492;0,151065;0,388724;-0,087210;0,155645;0,400509;-0,000344;0,151181;0,389022;-0,078067;0,154388;0,397274;-0,000381;0,150733;0,387869;-0,082080;0,156373;0,402383;0,008795;0,150096;0,386230;-0,052096;0,155524;0,400197
00:00:38.044;826;6;6;6;5;115,656810;169,689746;169,853701;94,321541;161,015965;98,006277;-140,535932;167,292176;169,672770;163,510352;21,605674;8,440902;-93,424020;31,450883;-0,131918;-0,235100;1,003729;-0,137303;-0,274797;1,017360;-0,134175;-0,278493;1,031463;-0,132121;-0,281214;1,041719;-0,156697;-0,264800;0,975112;-0,169046;-0,263829;0,971587;-0,182571;-0,262831;0,967910;-0,148689;-0,252642;0,977200;-0,228831;-0,245574;0,962262;-0,207221;-0,327964;1,613153;-0,154602;-0,192458;0,970187;-0,067031;-0,078226;1,101341;-0,346517;-0,035156;0,901388;0,051789;0,164101;1,056681;-0,348911;0,218685;0,818967;0,205336;0,065498;1,088161;-0,151430;0,212140;0,841605;0,216556;0,038859;0,825551;-0,082126;0,221719;0,846813;0,215634;0,018706;0,831350;-0,080245;0,214115;0,908876;0,280972;0,032358;1,202999;-0,097747;0,209561;0,915835;-0,021143;0,158855;0,450101;-0,106783;0,154897;0,398584;-0,005562;0,151103;0,388820;-0,087265;0,155304;0,399631;-0,001331;0,151178;0,389015;-0,078516;0,154759;0,398228;-0,001583;0,151159;0,388965;-0,082250;0,156457;0,402599;0,008353;0,150065;0,386150;-0,052028;0,155361;0,399778
00:00:38.090;827;6;6;6;5;115,688934;169,479819;169,840941;94,048424;161,652572;95,718752;-140,267677;167,195444;169,566813;162,990460;22,142860;-9,201535;-60,617731;-27,183393;-0,131275;-0,234766;1,002424;-0,137050;-0,274223;1,015484;-0,133880;-0,277854;1,029201;-0,131822;-0,280567;1,039367;-0,156730;-0,264690;0,974723;-0,169008;-0,263773;0,971381;-0,182575;-0,262839;0,967942;-0,148806;-0,252443;0,976430;-0,228672;-0,245577;0,962170;-0,228344;-0,361358;1,777600;-0,154702;-0,192585;0,970822;-0,067467;-0,077888;1,102622;-0,346383;-0,035172;0,901602;0,051372;0,164067;1,062393;-0,348910;0,218119;0,818978;0,196277;0,063839;1,011455;-0,150537;0,212467;0,841043;0,226912;0,045063;0,841108;-0,081889;0,221908;0,847578;0,224440;0,025799;0,839977;-0,079000;0,214537;0,908220;0,256906;0,034450;1,076650;-0,096935;0,209798;0,916243;-0,021735;0,159200;0,451116;-0,106649;0,154954;0,398730;-0,005608;0,151127;0,388883;-0,087527;0,155082;0,399060;-0,002190;0,151040;0,388659;-0,078600;0,154592;0,397798;-0,002795;0,151028;0,388627;-0,082301;0,155968;0,401339;0,008058;0,149908;0,385747;-0,052030;0,155391;0,399856
00:00:38.138;828;6;6;6;5;115,720359;169,297034;169,790446;93,873344;162,403369;92,854668;-139,724510;166,950296;169,434872;162,505791;22,052648;-9,589193;-34,472824;28,743508;-0,130812;-0,234467;1,001226;-0,136838;-0,273756;1,013915;-0,133598;-0,277249;1,027031;-0,131495;-0,279863;1,036789;-0,156252;-0,264713;0,974820;-0,168984;-0,263737;0,971248;-0,182577;-0,262845;0,967962;-0,148829;-0,252223;0,975580;-0,228569;-0,245580;0,962111;-0,193563;-0,306305;1,506840;-0,154214;-0,192667;0,971234;-0,067815;-0,077742;1,104504;-0,345782;-0,035182;0,901742;0,050633;0,163910;1,069255;-0,348294;0,217658;0,818636;0,191028;0,068263;0,962295;-0,149956;0,212679;0,840678;0,235135;0,055683;0,852970;-0,081601;0,222145;0,846676;0,233522;0,037565;0,850485;-0,078221;0,214894;0,908143;0,245116;0,042412;1,000122;-0,095957;0,210113;0,917208;-0,022874;0,159043;0,451425;-0,106562;0,154990;0,398824;-0,007862;0,151279;0,389274;-0,087993;0,154666;0,397989;-0,003190;0,150950;0,388429;-0,078584;0,154347;0,397169;-0,003583;0,150942;0,388408;-0,082334;0,155649;0,400521;0,007654;0,149943;0,385836;-0,052031;0,155411;0,399906
00:00:38.185;829;6;6;6;5;115,698595;169,192041;169,843221;93,638407;163,738900;90,582363;-139,283538;166,809050;169,367942;161,978511;22,663339;10,466852;-15,550742;26,036858;-0,130511;-0,234273;1,000447;-0,136511;-0,273074;1,011494;-0,133232;-0,276479;1,024220;-0,131150;-0,279122;1,034063;-0,155942;-0,264728;0,974883;-0,169029;-0,263809;0,971511;-0,182094;-0,262944;0,968325;-0,148897;-0,252171;0,975377;-0,228502;-0,245581;0,962072;-0,213353;-0,339383;1,669646;-0,153897;-0,192720;0,971502;-0,068041;-0,077016;1,105728;-0,345392;-0,035188;0,901832;0,048462;0,164391;1,077566;-0,348043;0,217452;0,818763;0,187837;0,078497;0,938742;-0,149517;0,213206;0,840091;0,239979;0,066744;0,862431;-0,081581;0,222760;0,847839;0,239432;0,049958;0,860815;-0,077140;0,215476;0,907393;0,293439;0,071988;1,175430;-0,095214;0,210598;0,916785;-0,023498;0,158203;0,449526;-0,106878;0,155558;0,400286;-0,009327;0,151378;0,389528;-0,089052;0,154531;0,397643;-0,003623;0,151028;0,388629;-0,079307;0,154732;0,398160;-0,004096;0,150887;0,388265;-0,082655;0,155579;0,400338;0,006952;0,149965;0,385893;-0,052487;0,155423;0,399939
00:00:38.221;830;6;6;5;5;115,717086;169,135916;169,965202;93,502993;165,796271;89,751031;-139,032333;167,010701;169,342029;161,448099;22,915783;10,825125;7,155925;9,491790;-0,129746;-0,234147;0,999940;-0,136204;-0,272442;1,009221;-0,132903;-0,275789;1,021693;-0,130836;-0,278452;1,031591;-0,155740;-0,264738;0,974924;-0,168444;-0,263760;0,971332;-0,181714;-0,262913;0,968211;-0,148888;-0,252046;0,974895;-0,227993;-0,245671;0,962397;-0,228126;-0,363942;1,790520;-0,153083;-0,192686;0,971326;-0,068797;-0,075890;1,106173;-0,345138;-0,035192;0,901891;0,044089;0,166020;1,087518;-0,348028;0,217410;0,819196;0,187071;0,087860;0,924832;-0,149231;0,213548;0,839709;0,242727;0,076404;0,863680;-0,081019;0,223458;0,847896;0,244678;0,061149;0,868930;-0,075950;0,215938;0,907255;0,270636;0,075938;1,073079;-0,094069;0,211109;0,915110;-0,024791;0,158395;0,450392;-0,106991;0,155791;0,400886;-0,011403;0,151578;0,390043;-0,090727;0,154580;0,397768;-0,004796;0,151215;0,389109;-0,080460;0,154982;0,398804;-0,004429;0,150851;0,388172;-0,083624;0,155261;0,399520;0,005844;0,150252;0,386631;-0,053238;0,155432;0,399960
00:00:38.263;831;6;6;5;5;115,750963;169,171648;170,245698;93,458486;167,695034;88,977576;-138,736486;167,146452;169,375101;160,980079;22,082647;-11,536076;14,078711;-8,339584;-0,129294;-0,234716;0,999961;-0,135479;-0,272698;1,008094;-0,132553;-0,275634;1,019000;-0,130455;-0,278220;1,028584;-0,155110;-0,264839;0,975301;-0,168065;-0,263729;0,971216;-0,181401;-0,262798;0,967787;-0,148829;-0,251875;0,974232;-0,227663;-0,245730;0,962608;-0,235864;-0,376918;1,854388;-0,152499;-0,192594;0,970862;-0,069288;-0,074529;1,106462;-0,344839;-0,035694;0,901579;0,040059;0,167454;1,096437;-0,348167;0,217476;0,819828;0,188183;0,097887;0,918591;-0,149108;0,213860;0,839811;0,248030;0,087480;0,871492;-0,080554;0,223634;0,846882;0,250718;0,073176;0,876305;-0,074577;0,216501;0,906116;0,257598;0,082639;1,007601;-0,092736;0,211797;0,913322;-0,026124;0,158653;0,450605;-0,107293;0,155943;0,401276;-0,012753;0,151708;0,390378;-0,091876;0,154339;0,397149;-0,005559;0,151336;0,389421;-0,081437;0,155145;0,399223;-0,004645;0,150827;0,388112;-0,084405;0,154918;0,398638;0,004905;0,150574;0,387460;-0,053906;0,155301;0,399624
00:00:38.310;832;6;6;5;5;115,776937;169,160091;170,573475;93,200413;169,113424;88,337279;-138,465306;167,191159;169,408820;160,786411;22,273844;-11,575347;18,908124;4,901048;-0,128866;-0,234838;0,998925;-0,134868;-0,272580;1,006311;-0,132189;-0,275248;1,016200;-0,130029;-0,277690;1,025230;-0,154700;-0,264905;0,975545;-0,167878;-0,263803;0,971490;-0,180648;-0,262723;0,967512;-0,148897;-0,251944;0,974501;-0,227365;-0,245679;0,962395;-0,239990;-0,385708;1,897652;-0,152229;-0,192673;0,971260;-0,069607;-0,073644;1,106651;-0,344511;-0,036006;0,901026;0,036816;0,169074;1,102584;-0,348405;0,217144;0,820588;0,189053;0,107081;0,915234;-0,148010;0,214451;0,839527;0,250341;0,097462;0,870970;-0,079386;0,224508;0,847273;0,255150;0,084539;0,881098;-0,073142;0,217297;0,905025;0,250556;0,090939;0,968541;-0,091069;0,212817;0,914609;-0,026991;0,158821;0,450743;-0,107395;0,155905;0,401179;-0,013852;0,151793;0,390596;-0,092623;0,154183;0,396747;-0,006055;0,151415;0,389623;-0,082000;0,155115;0,399145;-0,004786;0,150812;0,388073;-0,084913;0,154695;0,398065;0,004517;0,150783;0,387999;-0,054292;0,155080;0,399056
00:00:38.358;833;6;6;5;5;115,697300;169,011893;170,783007;93,112607;170,146971;87,982371;-138,054744;167,234972;169,316435;160,811202;22,444695;12,162200;23,455670;-3,207109;-0,128020;-0,234917;0,998251;-0,134471;-0,272503;1,005152;-0,131511;-0,275282;1,015430;-0,129304;-0,277630;1,024099;-0,154433;-0,264948;0,975705;-0,167144;-0,263756;0,971319;-0,180158;-0,262674;0,967333;-0,148942;-0,251989;0,974675;-0,226625;-0,245646;0,962257;-0,199727;-0,321706;1,582774;-0,151446;-0,192655;0,971169;-0,069837;-0,073091;1,107123;-0,343919;-0,036223;0,901017;0,034083;0,170815;1,106930;-0,348561;0,216928;0,821082;0,189319;0,114239;0,914102;-0,146759;0,214745;0,838993;0,253585;0,106763;0,876580;-0,078238;0,225357;0,848578;0,258121;0,094280;0,882814;-0,071535;0,217816;0,902217;0,246256;0,097994;0,944202;-0,089232;0,213425;0,912996;-0,027399;0,158066;0,448383;-0,107274;0,155609;0,400417;-0,014567;0,151848;0,390737;-0,093025;0,153945;0,396136;-0,006377;0,151466;0,389755;-0,082365;0,155095;0,399094;-0,004877;0,150802;0,388047;-0,085243;0,154550;0,397692;0,004264;0,150919;0,388349;-0,054769;0,154937;0,398686
00:00:38.405;834;6;6;5;5;115,712682;168,744479;171,024787;92,962558;170,931565;87,447751;-137,730072;167,295138;169,264768;160,901259;22,240275;13,322065;26,282334;-2,961876;-0,127470;-0,234969;0,997813;-0,134213;-0,272452;1,004399;-0,131071;-0,275305;1,014930;-0,128833;-0,277591;1,023365;-0,153759;-0,265627;0,976158;-0,166786;-0,263916;0,971907;-0,179418;-0,262833;0,967916;-0,149078;-0,252200;0,975489;-0,225596;-0,245624;0,962167;-0,173819;-0,280532;1,380203;-0,150937;-0,192643;0,971110;-0,070031;-0,072778;1,108130;-0,343534;-0,036877;0,901011;0,031698;0,172111;1,110804;-0,348810;0,216411;0,821753;0,189263;0,121172;0,914766;-0,146067;0,215116;0,839345;0,254883;0,115680;0,879177;-0,077554;0,226581;0,850126;0,260177;0,103142;0,887779;-0,070007;0,218239;0,900741;0,243595;0,105461;0,930831;-0,087553;0,213902;0,912297;-0,027708;0,157568;0,447549;-0,107383;0,155688;0,400621;-0,014809;0,151883;0,390829;-0,093287;0,153791;0,395738;-0,006587;0,151499;0,389841;-0,082603;0,155082;0,399061;-0,004937;0,150796;0,388031;-0,085381;0,154320;0,397100;0,004317;0,150872;0,388227;-0,054981;0,154571;0,397746
00:00:38.452;835;6;6;6;5;115,749839;168,570124;171,098658;92,704204;171,505069;87,001604;-137,536594;167,333325;169,209922;160,914262;22,320961;14,127866;26,504186;6,890820;-0,126545;-0,235003;0,997529;-0,133659;-0,272800;1,005309;-0,130785;-0,275319;1,014604;-0,128527;-0,277566;1,022887;-0,153376;-0,266164;0,976803;-0,166118;-0,264765;0,972990;-0,179066;-0,263126;0,968996;-0,149166;-0,252336;0,976018;-0,224927;-0,245610;0,962109;-0,156191;-0,253413;1,246782;-0,150107;-0,192705;0,971422;-0,070156;-0,072574;1,108784;-0,343284;-0,037302;0,901007;0,030156;0,173008;1,113673;-0,348824;0,215984;0,821840;0,189893;0,126304;0,915898;-0,145019;0,215654;0,838874;0,255422;0,122322;0,879815;-0,076594;0,227767;0,850782;0,261204;0,110289;0,889956;-0,068451;0,218853;0,899082;0,241681;0,111765;0,921440;-0,086331;0,214398;0,910443;-0,028163;0,157245;0,447007;-0,107642;0,156012;0,401454;-0,014966;0,151906;0,390889;-0,093314;0,153827;0,395830;-0,006717;0,151385;0,389547;-0,082757;0,155074;0,399040;-0,004975;0,150792;0,388020;-0,085472;0,154171;0,396715;0,004356;0,150977;0,388498;-0,055217;0,154606;0,397835
00:00:38.498;836;6;6;6;5;116,335726;168,560956;171,230305;92,555774;172,005168;86,588195;-138,308730;167,582577;169,196706;160,836374;22,715377;-14,621812;26,039598;10,806414;-0,125900;-0,234942;0,996994;-0,133298;-0,273026;1,005901;-0,130554;-0,275234;1,014043;-0,128284;-0,277454;1,022227;-0,152624;-0,266608;0,977572;-0,165129;-0,265317;0,973693;-0,178284;-0,263316;0,969697;-0,149223;-0,252425;0,976362;-0,224106;-0,245779;0,962771;-0,186947;-0,305216;1,501658;-0,149514;-0,192675;0,971274;-0,070238;-0,072441;1,109210;-0,343122;-0,037578;0,901005;0,029171;0,173700;1,116237;-0,348981;0,215798;0,822246;0,189780;0,131207;0,916634;-0,143861;0,216004;0,838568;0,254865;0,128422;0,878830;-0,075515;0,228633;0,851558;0,261158;0,116868;0,890672;-0,066954;0,219338;0,898353;0,239923;0,117921;0,915336;-0,084990;0,214638;0,908888;-0,029643;0,163427;0,464854;-0,107810;0,156222;0,401995;-0,014846;0,151922;0,390928;-0,093332;0,153850;0,395889;-0,006568;0,151038;0,388655;-0,082858;0,155069;0,399026;-0,005001;0,150789;0,388013;-0,085530;0,154073;0,396465;0,005040;0,150909;0,388323;-0,055322;0,154492;0,397543
00:00:38.545;837;6;6;6;5;116,872688;168,489942;171,250553;92,444679;172,295843;86,190473;-138,918468;167,842769;169,151562;160,797618;22,402646;15,043441;25,055849;16,658270;-0,124957;-0,234985;0,996996;-0,132582;-0,273363;1,006986;-0,129961;-0,275463;1,014728;-0,128082;-0,277287;1,021447;-0,152081;-0,266802;0,977722;-0,164487;-0,265675;0,974151;-0,177287;-0,263535;0,970503;-0,149261;-0,252483;0,976585;-0,223104;-0,245979;0,963551;-0,208366;-0,341236;1,678878;-0,148576;-0,192656;0,971178;-0,070336;-0,072401;1,110186;-0,343016;-0,037758;0,901003;0,028548;0,174259;1,118604;-0,348935;0,215585;0,822160;0,189562;0,135329;0,916412;-0,143168;0,216322;0,838719;0,253198;0,132929;0,875389;-0,074783;0,229101;0,851713;0,260519;0,122108;0,890787;-0,065982;0,219654;0,897879;0,238780;0,122951;0,911369;-0,084117;0,214794;0,907877;-0,030946;0,169289;0,481705;-0,107731;0,156087;0,401647;-0,014768;0,151931;0,390953;-0,093119;0,153865;0,395928;-0,006231;0,150269;0,386676;-0,082840;0,155337;0,399717;-0,005017;0,150787;0,388008;-0,085268;0,153874;0,395952;0,005705;0,150865;0,388210;-0,054873;0,153602;0,395253
00:00:38.592;838;6;6;6;5;117,203695;168,510955;171,222153;92,243837;172,773207;86,193420;-139,443023;168,089797;169,116297;160,589869;22,199248;-15,770160;24,617128;20,220499;-0,124345;-0,235013;0,996997;-0,132117;-0,273582;1,007691;-0,129575;-0,275612;1,015173;-0,127587;-0,277653;1,022691;-0,151225;-0,267023;0,978169;-0,163572;-0,266004;0,974798;-0,176701;-0,263772;0,971377;-0,149285;-0,252521;0,976730;-0,222453;-0,246109;0,964058;-0,222547;-0,365076;1,796171;-0,147966;-0,192644;0,971116;-0,070355;-0,072329;1,110121;-0,342947;-0,037874;0,901002;0,028160;0,174732;1,120843;-0,348905;0,214979;0,822104;0,189493;0,138064;0,916618;-0,142598;0,216347;0,838118;0,252115;0,136354;0,873153;-0,074307;0,229406;0,851813;0,260409;0,125669;0,891911;-0,065199;0,219850;0,895472;0,237795;0,126890;0,909840;-0,083391;0,214992;0,905470;-0,031479;0,172976;0,492309;-0,107680;0,155999;0,401420;-0,014717;0,151938;0,390970;-0,093062;0,154011;0,396303;-0,005151;0,150313;0,386789;-0,082242;0,154832;0,398416;-0,005027;0,150786;0,388006;-0,085022;0,153609;0,395269;0,006351;0,150701;0,387787;-0,054824;0,153704;0,395514
00:00:38.639;839;6;6;6;5;117,399709;168,649494;171,099311;92,053899;173,040329;86,101126;-139,824997;168,264668;168,969830;160,490914;22,089745;15,901851;24,481397;-21,833077;-0,124119;-0,235361;0,998398;-0,131905;-0,273914;1,008849;-0,129413;-0,275899;1,016163;-0,127351;-0,278081;1,024199;-0,150669;-0,267167;0,978460;-0,162977;-0,266218;0,975219;-0,176384;-0,264022;0,972295;-0,149301;-0,252545;0,976825;-0,222110;-0,246282;0,964738;-0,230619;-0,380572;1,872411;-0,147676;-0,192775;0,971775;-0,070345;-0,072259;1,109729;-0,342522;-0,037965;0,901351;0,027890;0,174930;1,121598;-0,348737;0,214494;0,821718;0,189448;0,139841;0,916752;-0,142228;0,216841;0,837726;0,251612;0,138199;0,872400;-0,073968;0,229509;0,851529;0,260338;0,127984;0,892642;-0,064766;0,220237;0,894957;0,237247;0,128986;0,909196;-0,082983;0,215289;0,904606;-0,031825;0,175373;0,499201;-0,107325;0,155806;0,400923;-0,014684;0,151942;0,390980;-0,092962;0,154377;0,397247;-0,003790;0,150478;0,387213;-0,082069;0,154911;0,398620;-0,005453;0,150241;0,386604;-0,085163;0,153980;0,396225;0,006771;0,150594;0,387511;-0,054792;0,153770;0,395684
00:00:38.686;840;6;6;6;5;117,472748;168,789478;170,838274;91,892454;173,316976;86,161683;-140,149460;168,429918;168,848498;160,372934;22,002997;16,665382;24,717755;22,352389;-0,123930;-0,235505;0,998959;-0,131813;-0,274225;1,009952;-0,129396;-0,276276;1,017506;-0,127285;-0,278550;1,025879;-0,150414;-0,267452;0,979349;-0,162649;-0,266452;0,975842;-0,176178;-0,264184;0,972892;-0,149311;-0,252561;0,976886;-0,221967;-0,245934;0,965530;-0,232195;-0,384526;1,891867;-0,147487;-0,192860;0,972204;-0,070316;-0,072191;1,109124;-0,342379;-0,038039;0,901928;0,027715;0,175059;1,122089;-0,348479;0,214088;0,821116;0,189563;0,140582;0,917539;-0,142047;0,217252;0,837822;0,251688;0,139128;0,873310;-0,074263;0,229671;0,851694;0,260597;0,129133;0,894168;-0,064534;0,220662;0,895322;0,236799;0,129781;0,908427;-0,083199;0,215398;0,903694;-0,031984;0,176562;0,502630;-0,107095;0,155680;0,400600;-0,014663;0,151945;0,390987;-0,092897;0,154616;0,397861;-0,002905;0,150585;0,387489;-0,081956;0,154963;0,398753;-0,005730;0,149887;0,385692;-0,085179;0,154085;0,396496;0,007264;0,150524;0,387332;-0,054674;0,153541;0,395095
00:00:38.734;841;6;6;6;5;116,774490;168,882041;170,488620;91,735358;173,506660;86,236087;-139,361565;168,617697;168,744086;160,241596;21,903264;16,612550;24,400935;22,396237;-0,123806;-0,235599;0,999323;-0,131844;-0,274618;1,011369;-0,129475;-0,276711;1,019079;-0,127328;-0,279044;1,027672;-0,150249;-0,267637;0,979927;-0,162435;-0,266605;0,976247;-0,176107;-0,264384;0,973630;-0,149371;-0,252662;0,977276;-0,221875;-0,246258;0,966044;-0,233390;-0,387381;1,905914;-0,147364;-0,192915;0,972483;-0,070276;-0,071494;1,108380;-0,342418;-0,038101;0,902653;0,027593;0,175088;1,122058;-0,348163;0,213733;0,820376;0,190537;0,140434;0,917350;-0,142287;0,217337;0,837184;0,251931;0,139067;0,872851;-0,074331;0,229398;0,850401;0,261071;0,128760;0,894459;-0,064384;0,220938;0,895559;0,236749;0,129117;0,906878;-0,083372;0,215552;0,903451;-0,030733;0,169837;0,483510;-0,106852;0,155463;0,400040;-0,013947;0,151538;0,389942;-0,092627;0,154771;0,398259;-0,002328;0,150383;0,386968;-0,081309;0,153908;0,396040;-0,005691;0,149657;0,385100;-0,085190;0,154154;0,396672;0,007789;0,150207;0,386516;-0,054373;0,153392;0,394712
00:00:38.781;842;6;6;6;5;116,407211;168,938428;170,535518;91,701422;173,444272;86,339794;-138,748662;168,667149;168,715678;160,257070;21,542611;-15,882190;24,633853;22,961442;-0,123813;-0,235825;1,000260;-0,131865;-0,274873;1,012290;-0,129525;-0,276994;1,020101;-0,127399;-0,279461;1,029187;-0,150088;-0,267661;0,979952;-0,162239;-0,266608;0,976161;-0,176061;-0,264514;0,974109;-0,149357;-0,252637;0,977179;-0,221814;-0,246469;0,966379;-0,235106;-0,390802;1,922744;-0,147338;-0,193021;0,973014;-0,070294;-0,071086;1,108597;-0,342311;-0,038127;0,902775;0,027514;0,175106;1,122037;-0,348254;0,213684;0,820594;0,190950;0,139657;0,916178;-0,142502;0,217484;0,837120;0,251786;0,138365;0,871503;-0,074345;0,229126;0,849211;0,261277;0,127958;0,894298;-0,064770;0,221031;0,895363;0,236809;0,128219;0,906221;-0,083549;0,215820;0,903993;-0,030053;0,165944;0,473181;-0,106694;0,155321;0,399676;-0,013505;0,151546;0,389962;-0,092466;0,155280;0,399569;-0,001733;0,150387;0,386979;-0,081008;0,154311;0,397076;-0,005443;0,149371;0,384365;-0,084893;0,154471;0,397487;0,008587;0,150273;0,386685;-0,053235;0,153159;0,394113
00:00:38.817;843;6;6;6;5;116,162413;168,943597;170,487885;91,784471;173,633549;86,654755;-138,481727;168,727353;168,711926;160,130473;20,402086;15,616876;24,089405;-23,874535;-0,123903;-0,236136;1,001569;-0,131969;-0,275229;1,013588;-0,129647;-0,277368;1,021466;-0,127532;-0,279921;1,030871;-0,150090;-0,267869;0,980669;-0,162111;-0,266610;0,976105;-0,175905;-0,264409;0,973721;-0,149347;-0,252620;0,977117;-0,221695;-0,246517;0,966246;-0,238934;-0,395657;1,946634;-0,147373;-0,193159;0,973709;-0,070261;-0,070776;1,108038;-0,342241;-0,038144;0,902854;0,027470;0,175173;1,122374;-0,348165;0,214028;0,820386;0,191072;0,139047;0,914715;-0,142702;0,217670;0,837428;0,251083;0,137578;0,868527;-0,074293;0,228760;0,847737;0,261000;0,127238;0,892794;-0,064970;0,220918;0,894536;0,236664;0,127538;0,905093;-0,084113;0,215827;0,903646;-0,029611;0,163414;0,466468;-0,106591;0,155229;0,399439;-0,013194;0,151279;0,389275;-0,091893;0,155202;0,399370;-0,001569;0,150662;0,387686;-0,078695;0,150900;0,388299;-0,005076;0,149594;0,384937;-0,084473;0,154676;0,398017;0,009105;0,150316;0,386796;-0,052496;0,153008;0,393723
00:00:38.859;844;6;6;6;5;116,004212;168,846870;170,540619;91,857946;173,692460;86,826056;-138,308696;168,718192;168,731480;160,090147;19,758299;15,557528;21,278150;20,347383;-0,123962;-0,236339;1,002420;-0,132173;-0,275745;1,015482;-0,129859;-0,277896;1,023403;-0,127705;-0,280411;1,032666;-0,150092;-0,268003;0,981135;-0,162028;-0,266612;0,976068;-0,175803;-0,264340;0,973469;-0,149395;-0,252700;0,977426;-0,221537;-0,246458;0,965810;-0,240903;-0,397960;1,957962;-0,147396;-0,193248;0,974161;-0,070240;-0,070574;1,107675;-0,342196;-0,038155;0,902905;0,027434;0,175162;1,122243;-0,348256;0,214343;0,820601;0,191004;0,138544;0,913065;-0,142832;0,217791;0,837628;0,250914;0,135976;0,865893;-0,074289;0,228617;0,847129;0,259164;0,125236;0,884466;-0,065074;0,220758;0,893649;0,234829;0,125662;0,897711;-0,084447;0,215747;0,903070;-0,029324;0,161770;0,462104;-0,106524;0,155170;0,399286;-0,012993;0,151106;0,388829;-0,091441;0,155016;0,398890;-0,001463;0,150841;0,388146;-0,077192;0,148683;0,382595;-0,004849;0,150146;0,386359;-0,084200;0,154810;0,398361;0,009663;0,150343;0,386867;-0,052015;0,152910;0,393470
00:00:38.895;845;6;6;6;5;115,947675;168,784016;170,574831;91,901115;173,666130;87,293258;-138,252120;168,712335;168,744129;160,105752;20,619361;-15,596732;18,492464;18,456060;-0,124260;-0,236966;1,005073;-0,132352;-0,276176;1,017064;-0,130086;-0,278429;1,025362;-0,127904;-0,280919;1,034533;-0,150093;-0,268091;0,981438;-0,161916;-0,266517;0,975694;-0,175674;-0,264201;0,972955;-0,149372;-0,252662;0,977277;-0,221434;-0,246420;0,965527;-0,242183;-0,399456;1,965325;-0,147464;-0,193376;0,974805;-0,070226;-0,070443;1,107439;-0,342167;-0,038162;0,902938;0,027401;0,175100;1,121808;-0,348315;0,214548;0,820741;0,190886;0,136095;0,911642;-0,143333;0,217779;0,837408;0,250680;0,131204;0,862080;-0,074925;0,228996;0,848484;0,257559;0,120294;0,877653;-0,065728;0,220405;0,894122;0,233771;0,121245;0,891512;-0,084730;0,215863;0,903395;-0,029486;0,161190;0,460668;-0,106481;0,155131;0,399186;-0,012861;0,150993;0,388539;-0,091147;0,154895;0,398579;-0,002058;0,150957;0,388445;-0,078245;0,151187;0,389036;-0,005144;0,150505;0,387284;-0,084249;0,154897;0,398585;0,009796;0,150226;0,386564;-0,051702;0,152846;0,393306
00:00:38.938;846;6;6;6;5;116,056732;168,730638;170,706497;91,952677;173,372084;87,806143;-138,222668;168,735493;168,744884;160,115634;20,935772;15,407152;16,353888;16,712978;-0,124410;-0,237291;1,006447;-0,132559;-0,276646;1,018791;-0,130322;-0,278966;1,027335;-0,128076;-0,281345;1,036097;-0,150040;-0,268052;0,981285;-0,162398;-0,265901;0,975451;-0,175527;-0,264015;0,972271;-0,149411;-0,252727;0,977530;-0,221368;-0,246395;0,965342;-0,243014;-0,400429;1,970111;-0,147455;-0,193389;0,974873;-0,070869;-0,070380;1,107635;-0,342015;-0,038152;0,902610;0,027372;0,175005;1,121175;-0,348353;0,214681;0,820831;0,190737;0,132385;0,910368;-0,143659;0,217771;0,837265;0,250015;0,124949;0,857852;-0,075276;0,229054;0,848665;0,256904;0,113594;0,872874;-0,066154;0,220175;0,894429;0,232529;0,114622;0,885383;-0,085046;0,215756;0,905007;-0,030110;0,162426;0,463584;-0,106359;0,154969;0,398771;-0,013069;0,151736;0,390450;-0,091263;0,154952;0,398726;-0,002891;0,151168;0,388989;-0,078929;0,152814;0,393224;-0,005558;0,150739;0,387884;-0,084282;0,154954;0,398730;0,009443;0,150149;0,386366;-0,051499;0,152804;0,393199
00:00:38.984;847;6;6;6;5;116,087176;168,727470;170,704405;92,089568;173,023087;88,500701;-138,239634;168,618840;168,735012;160,009692;21,070471;-14,703663;16,235885;-16,845455;-0,124594;-0,237667;1,008041;-0,132648;-0,276856;1,019564;-0,130431;-0,279220;1,028268;-0,128318;-0,281314;1,038163;-0,150564;-0,267469;0,981185;-0,162828;-0,265690;0,975993;-0,175558;-0,264084;0,972526;-0,149543;-0,252951;0,978394;-0,221874;-0,246379;0,965222;-0,244161;-0,402057;1,978122;-0,147503;-0,193468;0,975267;-0,071288;-0,070339;1,107763;-0,342049;-0,038160;0,902746;0,027981;0,174252;1,120414;-0,348378;0,214768;0,820890;0,190564;0,127026;0,906739;-0,143870;0,217289;0,837173;0,249071;0,118246;0,853354;-0,075472;0,228997;0,848432;0,256271;0,106704;0,869068;-0,066913;0,219940;0,894279;0,232737;0,108249;0,885249;-0,085634;0,215354;0,904655;-0,030515;0,163230;0,465480;-0,106093;0,154593;0,397801;-0,013390;0,151811;0,390643;-0,091727;0,155261;0,399522;-0,004082;0,150898;0,388293;-0,079374;0,153871;0,395945;-0,005826;0,150891;0,388275;-0,084908;0,154854;0,398474;0,008567;0,150371;0,386938;-0,051186;0,153593;0,395229
00:00:39.031;848;6;6;5;5;116,545825;168,824736;170,781179;92,194504;172,266823;89,406813;-138,928861;168,586200;168,746948;159,902048;21,719644;13,673639;12,145532;19,543515;-0,124584;-0,237090;1,008027;-0,132797;-0,276601;1,020767;-0,130591;-0,278987;1,029574;-0,128475;-0,281293;1,039506;-0,150958;-0,267185;0,981470;-0,163108;-0,265553;0,976346;-0,175578;-0,264129;0,972692;-0,149522;-0,252915;0,978256;-0,222202;-0,246369;0,965145;-0,241229;-0,397069;1,953580;-0,147533;-0,193519;0,975524;-0,071537;-0,070291;1,107496;-0,341939;-0,038151;0,902485;0,029589;0,172805;1,117819;-0,348394;0,214824;0,820929;0,190442;0,118142;0,901930;-0,143472;0,216886;0,836762;0,245794;0,108554;0,841330;-0,075537;0,228290;0,847581;0,253412;0,096704;0,859944;-0,067486;0,219534;0,895231;0,230751;0,098324;0,877112;-0,086217;0,215074;0,906525;-0,031688;0,168546;0,480362;-0,105921;0,154348;0,397171;-0,013795;0,151587;0,390068;-0,091867;0,155190;0,399339;-0,005317;0,151130;0,388890;-0,079663;0,154559;0,397715;-0,007099;0,150853;0,388179;-0,085467;0,155062;0,399008;0,007561;0,150652;0,387660;-0,051391;0,153970;0,396199
00:00:39.077;849;6;6;5;5;116,797956;169,090807;170,802424;92,262752;171,742222;90,953230;-139,533802;168,728195;168,777782;159,709767;23,034538;12,709708;14,326967;-22,886167;-0,125195;-0,236798;1,008367;-0,132893;-0,276435;1,021548;-0,130739;-0,278931;1,030773;-0,128952;-0,280808;1,038629;-0,151161;-0,266905;0,981306;-0,163231;-0,265369;0,976225;-0,175591;-0,264159;0,972800;-0,149455;-0,252801;0,977817;-0,222497;-0,246452;0,965444;-0,244298;-0,402007;1,977877;-0,147606;-0,193621;0,976041;-0,071631;-0,070192;1,106272;-0,341867;-0,038145;0,902315;0,031235;0,171704;1,115082;-0,348405;0,214861;0,820954;0,188227;0,108021;0,891105;-0,143213;0,216624;0,836495;0,242280;0,098680;0,830365;-0,075642;0,227535;0,847728;0,250664;0,086731;0,852614;-0,068019;0,219268;0,897950;0,229153;0,088496;0,872523;-0,086596;0,214891;0,907742;-0,032450;0,172002;0,490035;-0,105528;0,153780;0,395711;-0,014059;0,151442;0,389694;-0,091796;0,154872;0,398521;-0,006119;0,151281;0,389279;-0,080034;0,154054;0,396414;-0,007927;0,150829;0,388116;-0,085377;0,154789;0,398305;0,006907;0,150834;0,388129;-0,051525;0,154215;0,396829
00:00:39.124;850;6;6;6;5;117,048710;169,186275;170,662184;92,373733;171,011968;91,970139;-140,115706;168,794247;168,784046;159,685431;24,283336;12,221855;17,585300;-21,055785;-0,125505;-0,236443;1,007889;-0,133354;-0,275949;1,020657;-0,130836;-0,278894;1,031553;-0,129261;-0,280492;1,038059;-0,151346;-0,266818;0,981549;-0,163311;-0,265250;0,976146;-0,176216;-0,264273;0,973220;-0,149411;-0,252727;0,977531;-0,222608;-0,246416;0,965289;-0,247720;-0,406395;2,005220;-0,148156;-0,193618;0,976026;-0,071669;-0,070734;1,105127;-0,341820;-0,038141;0,902205;0,032869;0,170039;1,111204;-0,348115;0,215167;0,820270;0,186048;0,098633;0,880568;-0,142925;0,216272;0,835622;0,239941;0,090084;0,824637;-0,075711;0,227044;0,847823;0,247382;0,077606;0,844349;-0,068339;0,219011;0,899368;0,225984;0,078707;0,863240;-0,086776;0,214608;0,907832;-0,032969;0,174371;0,496673;-0,105647;0,153956;0,396162;-0,014230;0,151348;0,389451;-0,091831;0,154801;0,398338;-0,006641;0,151379;0,389531;-0,080716;0,154133;0,396619;-0,008465;0,150813;0,388075;-0,085847;0,155155;0,399249;0,006261;0,150952;0,388434;-0,052018;0,154238;0,396889
00:00:39.172;851;6;6;6;5;116,499760;169,269591;170,454803;92,434342;169,860811;92,761934;-139,707863;168,916377;168,802889;159,815827;25,119983;12,162945;18,949586;23,602768;-0,125662;-0,236131;1,007228;-0,133608;-0,275539;1,019727;-0,130810;-0,278681;1,031359;-0,129418;-0,280192;1,037338;-0,151467;-0,266762;0,981707;-0,163481;-0,265362;0,976795;-0,176687;-0,264442;0,973843;-0,149383;-0,252123;0,977345;-0,222679;-0,245843;0,965188;-0,245186;-0,401484;1,984493;-0,148567;-0,193686;0,976367;-0,071626;-0,071018;1,103333;-0,341922;-0,038153;0,902483;0,035037;0,168321;1,104482;-0,347926;0,215366;0,819825;0,182077;0,088666;0,868469;-0,142857;0,216225;0,835754;0,233894;0,079605;0,811464;-0,076238;0,226243;0,847885;0,242266;0,066272;0,835127;-0,068708;0,218836;0,902389;0,220666;0,067712;0,851956;-0,087580;0,214317;0,909641;-0,031628;0,168412;0,479637;-0,105724;0,154070;0,396455;-0,014394;0,151830;0,390693;-0,091306;0,154211;0,396820;-0,006980;0,151443;0,389695;-0,081303;0,154457;0,397453;-0,008814;0,150803;0,388049;-0,086001;0,155121;0,399162;0,005840;0,151029;0,388632;-0,052338;0,154253;0,396928
00:00:39.219;852;6;6;6;5;116,630644;169,394901;170,325625;92,606090;167,728830;92,405922;-140,469795;169,071218;168,853332;159,966137;24,765737;12,334509;20,237246;25,026976;-0,125721;-0,235846;1,006448;-0,133772;-0,275272;1,019122;-0,130748;-0,278449;1,030884;-0,129433;-0,279809;1,036170;-0,151545;-0,266725;0,981809;-0,163532;-0,265340;0,976867;-0,176865;-0,264362;0,973548;-0,149418;-0,251821;0,977574;-0,222726;-0,245471;0,965122;-0,246870;-0,403726;1,997970;-0,148834;-0,193730;0,976589;-0,071552;-0,071157;1,101466;-0,341989;-0,038161;0,902664;0,039292;0,165693;1,094164;-0,347803;0,215962;0,819537;0,178248;0,080155;0,859205;-0,142933;0,216375;0,836540;0,228970;0,070531;0,802552;-0,076548;0,225629;0,847575;0,236786;0,056064;0,828083;-0,068920;0,218638;0,904003;0,215577;0,057777;0,845671;-0,088068;0,214045;0,910467;-0,030398;0,170194;0,484664;-0,105774;0,154144;0,396646;-0,013148;0,152008;0,391151;-0,090607;0,154372;0,397233;-0,006103;0,151892;0,390852;-0,081686;0,154668;0,397994;-0,007742;0,151476;0,389782;-0,085193;0,155099;0,399105;0,006453;0,151079;0,388761;-0,052321;0,154263;0,396953
00:00:39.266;853;6;6;6;5;116,129934;169,626118;170,367811;92,889350;165,191708;91,487586;-140,372104;169,221074;168,962756;160,845832;24,679777;11,935526;19,944700;23,541157;-0,125715;-0,235579;1,005591;-0,133787;-0,274910;1,018030;-0,130664;-0,278203;1,030224;-0,129443;-0,279559;1,035410;-0,151542;-0,266606;0,981526;-0,163624;-0,265421;0,977263;-0,177109;-0,264500;0,974056;-0,149441;-0,251624;0,977723;-0,222757;-0,245230;0,965079;-0,248267;-0,405677;2,009181;-0,148954;-0,193689;0,976383;-0,070812;-0,071179;1,099203;-0,342032;-0,038166;0,902782;0,042320;0,162833;1,079756;-0,348021;0,216535;0,820049;0,171657;0,072559;0,844433;-0,143042;0,216085;0,837401;0,220723;0,061869;0,788009;-0,076782;0,225323;0,847724;0,227061;0,046638;0,810904;-0,069575;0,218509;0,905052;0,206834;0,048823;0,826886;-0,088940;0,213951;0,911353;-0,027574;0,165083;0,470082;-0,105806;0,154192;0,396770;-0,012339;0,152124;0,391448;-0,090073;0,154340;0,397151;-0,005295;0,151640;0,390204;-0,081323;0,154940;0,398696;-0,006578;0,151234;0,389158;-0,084595;0,154949;0,398718;0,006851;0,151112;0,388845;-0,052442;0,153997;0,396270
00:00:39.314;854;6;6;6;5;115,749180;169,819774;170,467128;93,096707;163,182274;90,780328;-140,284725;169,253108;169,063110;161,667344;24,607873;-11,494881;20,315425;-23,095686;-0,125623;-0,235242;1,004334;-0,133843;-0,274769;1,017669;-0,130653;-0,278138;1,030146;-0,129449;-0,279397;1,034917;-0,151594;-0,266624;0,981692;-0,163625;-0,265378;0,977171;-0,177203;-0,264494;0,974037;-0,149455;-0,251496;0,977820;-0,222776;-0,245072;0,965052;-0,249175;-0,406945;2,016468;-0,148979;-0,193593;0,975899;-0,069708;-0,071193;1,097732;-0,342060;-0,038169;0,902858;0,044787;0,160660;1,068292;-0,348311;0,217000;0,820732;0,166241;0,066620;0,833782;-0,143590;0,215897;0,837961;0,214217;0,054882;0,777506;-0,077384;0,225031;0,847471;0,219594;0,038315;0,800437;-0,070516;0,218425;0,905734;0,200376;0,040830;0,817126;-0,090026;0,213890;0,911930;-0,025419;0,161019;0,459203;-0,105827;0,154223;0,396850;-0,011813;0,152199;0,391641;-0,089501;0,154320;0,397098;-0,004546;0,151340;0,389432;-0,081017;0,154982;0,398803;-0,005604;0,151212;0,389103;-0,084206;0,154851;0,398467;0,007103;0,150997;0,388549;-0,052745;0,153825;0,395825
00:00:39.361;855;6;6;6;5;115,568714;169,990099;170,205610;93,188994;161,473796;90,404868;-140,715012;169,438042;169,214460;162,392416;24,328351;10,999781;23,609829;26,812981;-0,125652;-0,235186;1,004217;-0,133741;-0,274394;1,016385;-0,130558;-0,277906;1,029395;-0,128994;-0,279575;1,035646;-0,151628;-0,266635;0,981800;-0,163568;-0,265256;0,976761;-0,177201;-0,264396;0,973674;-0,149412;-0,251323;0,977533;-0,222789;-0,244970;0,965034;-0,247819;-0,405724;2,005454;-0,149048;-0,193600;0,975934;-0,068926;-0,071755;1,095726;-0,342592;-0,038172;0,902908;0,046817;0,158724;1,057340;-0,348053;0,217490;0,820126;0,157582;0,060704;0,816358;-0,144424;0,215775;0,838325;0,203962;0,048120;0,760529;-0,078258;0,224842;0,847306;0,209870;0,030136;0,788384;-0,072161;0,217855;0,906177;0,190669;0,032714;0,802382;-0,091734;0,213249;0,911954;-0,023581;0,158867;0,453532;-0,106028;0,154516;0,397603;-0,010132;0,152248;0,391767;-0,088903;0,154306;0,397064;-0,003175;0,151010;0,388581;-0,080661;0,155145;0,399222;-0,004307;0,151198;0,389067;-0,083726;0,154788;0,398303;0,007708;0,150922;0,388357;-0,052943;0,153713;0,395536
00:00:39.410;856;6;6;6;5;115,473633;170,252824;169,947237;93,368437;159,634535;89,703026;-141,119484;169,555020;169,311135;163,543880;22,861846;-10,740961;25,209278;28,490816;-0,125670;-0,235150;1,004141;-0,133721;-0,274245;1,015900;-0,130496;-0,277756;1,028907;-0,128698;-0,279691;1,036120;-0,151650;-0,266643;0,981870;-0,163530;-0,265176;0,976495;-0,177136;-0,264237;0,973088;-0,149383;-0,251767;0,977347;-0,222959;-0,245632;0,965722;-0,246635;-0,404432;1,995845;-0,149093;-0,193605;0,975957;-0,067817;-0,072766;1,094772;-0,343071;-0,038188;0,903290;0,048497;0,157368;1,045671;-0,347886;0,217808;0,819732;0,150308;0,055861;0,803283;-0,145505;0,215307;0,838911;0,195291;0,042005;0,748094;-0,078693;0,224347;0,845799;0,200692;0,023471;0,777750;-0,073143;0,217233;0,905415;0,181328;0,026047;0,788948;-0,093327;0,212751;0,911620;-0,022150;0,157590;0,450196;-0,106158;0,154706;0,398092;-0,008578;0,151871;0,390798;-0,088442;0,154570;0,397742;-0,001622;0,150931;0,388378;-0,079974;0,155251;0,399494;-0,002579;0,151053;0,388693;-0,083105;0,155019;0,398897;0,008314;0,150738;0,387882;-0,052753;0,153368;0,394649
00:00:39.456;857;6;6;6;5;115,392728;170,496889;169,844931;93,505546;158,106842;88,985001;-141,533287;169,700770;169,411192;164,524170;22,266795;10,002507;33,144701;32,090488;-0,125770;-0,235290;1,004792;-0,133615;-0,273959;1,014885;-0,130411;-0,277564;1,028239;-0,128463;-0,279672;1,036078;-0,151610;-0,266553;0,981565;-0,163506;-0,265124;0,976322;-0,177030;-0,264038;0,972357;-0,148756;-0,251964;0,976875;-0,223070;-0,246062;0,966169;-0,204084;-0,334873;1,651499;-0,149123;-0,194163;0,975972;-0,067054;-0,073376;1,093452;-0,343383;-0,038198;0,903539;0,049447;0,156063;1,035286;-0,347926;0,218109;0,819826;0,142742;0,051901;0,788484;-0,146207;0,215004;0,839292;0,187096;0,038016;0,739661;-0,079010;0,223638;0,845169;0,192676;0,018324;0,775037;-0,074325;0,216397;0,905270;0,172289;0,021250;0,778466;-0,094251;0,212183;0,910353;-0,020953;0,156638;0,447677;-0,106243;0,154829;0,398410;-0,007352;0,151763;0,390519;-0,087839;0,154605;0,397832;-0,000392;0,150879;0,388246;-0,079528;0,155319;0,399671;-0,001234;0,150959;0,388451;-0,082616;0,155441;0,399983;0,008708;0,150618;0,387573;-0,052629;0,153143;0,394072
00:00:39.504;858;6;6;6;5;115,370785;170,610050;169,703671;93,570686;155,320141;86,745667;-141,774408;169,743628;169,451370;166,858572;22,340082;9,099451;40,989685;36,353344;-0,125834;-0,235382;1,005215;-0,133334;-0,274529;1,017025;-0,130489;-0,277722;1,028856;-0,128397;-0,279848;1,036751;-0,151585;-0,266494;0,981368;-0,163490;-0,265090;0,976209;-0,177024;-0,264005;0,972232;-0,148401;-0,252183;0,976919;-0,223141;-0,246341;0,966460;-0,218467;-0,358805;1,767875;-0,149142;-0,194526;0,975982;-0,066579;-0,074417;1,092944;-0,343585;-0,038205;0,903700;0,049483;0,155146;1,016986;-0,347803;0,218211;0,819537;0,133815;0,048097;0,764864;-0,146603;0,214717;0,839190;0,175958;0,033703;0,721230;-0,079248;0,223270;0,845110;0,182514;0,014437;0,762774;-0,075608;0,215854;0,905175;0,163979;0,017680;0,770253;-0,095444;0,211459;0,910230;-0,020174;0,156019;0,446040;-0,106298;0,154909;0,398616;-0,006554;0,151692;0,390337;-0,087675;0,155036;0,398941;0,000409;0,150982;0,388510;-0,079238;0,155364;0,399786;-0,000360;0,151034;0,388643;-0,082957;0,156531;0,402789;0,008964;0,150540;0,387373;-0,052510;0,153542;0,395097
00:00:39.551;859;6;6;6;5;115,334164;170,592799;169,614766;93,866321;154,022710;86,095820;-142,141531;169,693268;169,528858;168,433560;22,397247;9,217997;46,294457;38,945693;-0,125876;-0,235441;1,005490;-0,133106;-0,274805;1,018067;-0,130451;-0,277636;1,028556;-0,128267;-0,279774;1,036488;-0,151568;-0,266456;0,981239;-0,163479;-0,265068;0,976136;-0,177021;-0,263982;0,972151;-0,148117;-0,252235;0,976597;-0,223107;-0,246433;0,966299;-0,226474;-0,372156;1,832669;-0,149101;-0,194692;0,975638;-0,065629;-0,075070;1,092263;-0,343850;-0,038224;0,904155;0,048981;0,155781;1,005791;-0,347872;0,218837;0,819699;0,124165;0,046137;0,751262;-0,146921;0,214141;0,839473;0,165102;0,031345;0,710649;-0,080433;0,223215;0,845772;0,171769;0,012758;0,755153;-0,076865;0,215252;0,904064;0,152974;0,016130;0,760015;-0,096661;0,210826;0,909449;-0,019416;0,155617;0,444976;-0,106334;0,154962;0,398751;-0,006045;0,151918;0,390919;-0,087569;0,155316;0,399662;0,000930;0,151048;0,388681;-0,079049;0,155393;0,399861;-0,000012;0,151082;0,388768;-0,083179;0,157240;0,404613;0,009332;0,150217;0,386542;-0,052432;0,153800;0,395763
00:00:39.586;860;6;6;6;5;115,333414;170,794821;169,632703;94,203423;152,348837;84,797734;-142,650998;169,804830;169,638888;170,148947;22,565898;8,915379;50,366887;38,515920;-0,125991;-0,235643;1,006368;-0,132958;-0,274984;1,018743;-0,130471;-0,277675;1,028712;-0,128269;-0,279914;1,037017;-0,151665;-0,266621;0,981855;-0,163531;-0,265149;0,976438;-0,177083;-0,264063;0,972448;-0,148038;-0,252450;0,977088;-0,223085;-0,246493;0,966194;-0,233107;-0,383182;1,886335;-0,149021;-0,194730;0,975065;-0,064929;-0,075396;1,090421;-0,343889;-0,038222;0,904101;0,048313;0,155627;0,991514;-0,347917;0,219711;0,819804;0,115702;0,045045;0,738570;-0,147128;0,213768;0,839658;0,156331;0,030177;0,703072;-0,081238;0,223271;0,846552;0,161094;0,011589;0,744250;-0,078165;0,214777;0,902992;0,143113;0,015105;0,752310;-0,097566;0,210139;0,909992;-0,018952;0,155600;0,444985;-0,106357;0,154996;0,398838;-0,005714;0,152065;0,391298;-0,087424;0,155362;0,399780;0,001269;0,151092;0,388793;-0,078927;0,155412;0,399910;0,000213;0,151114;0,388849;-0,082904;0,156476;0,402648;0,009572;0,150007;0,386002;-0,052197;0,153425;0,394796
00:00:39.629;861;6;6;6;5;115,440157;170,942018;169,476104;94,288963;150,673719;82,672186;-143,432226;170,002231;169,813806;172,506470;22,957376;8,255381;61,887179;34,494627;-0,126154;-0,235939;1,007639;-0,132953;-0,274708;1,019883;-0,130617;-0,277396;1,029862;-0,128444;-0,279791;1,038761;-0,151620;-0,265981;0,981556;-0,163506;-0,265107;0,976285;-0,177059;-0,264021;0,972291;-0,147882;-0,251853;0,976707;-0,223071;-0,246532;0,966126;-0,234953;-0,386294;1,901268;-0,149022;-0,194269;0,975042;-0,064433;-0,076176;1,088524;-0,344428;-0,038221;0,904066;0,044863;0,154457;0,975584;-0,347797;0,220184;0,819523;0,105658;0,044505;0,720171;-0,146784;0,213525;0,839778;0,146510;0,029854;0,699197;-0,081312;0,222917;0,847409;0,148104;0,011149;0,730862;-0,079072;0,214121;0,902995;0,130972;0,014715;0,739951;-0,098040;0,209452;0,909295;-0,019036;0,156691;0,448140;-0,106372;0,155018;0,398895;-0,005494;0,152025;0,391193;-0,087330;0,155392;0,399857;0,001487;0,150984;0,388515;-0,078503;0,154744;0,398191;0,000360;0,151134;0,388902;-0,082953;0,155980;0,401371;0,009727;0,149871;0,385652;-0,052183;0,153589;0,395217
00:00:39.676;862;6;6;6;5;115,450579;171,179242;169,381866;94,264324;150,499811;81,740991;-143,924587;170,199978;170,036888;173,695887;23,107073;-7,731134;68,301247;-33,827283;-0,126391;-0,236377;1,009516;-0,132949;-0,274528;1,020624;-0,130667;-0,277121;1,030261;-0,128557;-0,279710;1,039895;-0,151591;-0,265564;0,981361;-0,163549;-0,265174;0,976535;-0,177107;-0,263534;0,972539;-0,147780;-0,251465;0,976460;-0,223530;-0,246468;0,965732;-0,242856;-0,399343;1,965224;-0,149076;-0,194040;0,975377;-0,064665;-0,076609;1,086240;-0,345025;-0,038190;0,903343;0,040598;0,154316;0,969080;-0,347571;0,220397;0,818990;0,097830;0,045642;0,707161;-0,146561;0,213367;0,839855;0,137676;0,031367;0,691778;-0,081292;0,222503;0,847266;0,137995;0,012061;0,721811;-0,079724;0,213860;0,903696;0,121347;0,016075;0,731218;-0,098462;0,209246;0,909892;-0,019242;0,156543;0,447741;-0,106609;0,155032;0,398932;-0,005342;0,151726;0,390426;-0,087419;0,155275;0,399557;0,001408;0,150914;0,388335;-0,078227;0,154310;0,397074;0,000234;0,151148;0,388936;-0,083212;0,155658;0,400541;0,009828;0,149782;0,385424;-0,053123;0,153831;0,395841
00:00:39.724;863;6;6;6;5;115,448360;171,304353;169,228189;94,233390;152,382251;82,316676;-144,404449;170,461579;170,188735;173,706232;23,346539;7,584609;73,450098;35,625868;-0,126545;-0,236662;1,010735;-0,133038;-0,274600;1,021806;-0,130744;-0,277036;1,030869;-0,128587;-0,279564;1,040282;-0,151572;-0,265293;0,981235;-0,163518;-0,264567;0,976348;-0,177075;-0,263124;0,972351;-0,147766;-0,251303;0,976649;-0,223828;-0,246427;0,965476;-0,202335;-0,331778;1,632646;-0,149165;-0,193960;0,975945;-0,065388;-0,076840;1,084056;-0,345547;-0,038185;0,903223;0,034237;0,155801;0,974652;-0,347424;0,220536;0,818643;0,090541;0,047888;0,693105;-0,146477;0,213353;0,840256;0,128177;0,035413;0,680656;-0,081381;0,222509;0,848223;0,128516;0,016466;0,710327;-0,080179;0,213772;0,904503;0,112387;0,020023;0,720642;-0,098699;0,209032;0,909930;-0,020122;0,156324;0,447132;-0,106857;0,155177;0,399305;-0,005450;0,151124;0,388877;-0,087859;0,155471;0,400062;0,001137;0,151004;0,388568;-0,078048;0,154028;0,396348;0,000152;0,151156;0,388959;-0,083903;0,155992;0,401402;0,009894;0,149725;0,385275;-0,053765;0,153445;0,394847
00:00:39.760;864;6;6;6;5;115,457961;171,320198;169,114248;94,235567;154,441336;83,282103;-144,786152;170,620835;170,294747;173,560225;22,258242;7,741826;77,620096;41,240033;-0,126645;-0,236847;1,011528;-0,133096;-0,274646;1,022574;-0,130839;-0,277074;1,031615;-0,128607;-0,279469;1,040533;-0,151560;-0,265117;0,981153;-0,163439;-0,264079;0,975876;-0,176990;-0,262762;0,971878;-0,147758;-0,251198;0,976772;-0,223859;-0,246221;0,964609;-0,217232;-0,354802;1,745820;-0,149617;-0,193700;0,975264;-0,065815;-0,076940;1,081937;-0,345752;-0,038167;0,902795;0,028477;0,157274;0,981424;-0,347180;0,220532;0,818068;0,082527;0,051748;0,685368;-0,146962;0,213432;0,840866;0,118035;0,040938;0,672026;-0,081854;0,222330;0,848145;0,119041;0,022273;0,707062;-0,080863;0,213385;0,903627;0,102868;0,025103;0,716217;-0,099293;0,208732;0,909254;-0,020948;0,156182;0,446736;-0,107018;0,155272;0,399549;-0,005739;0,150733;0,387870;-0,088062;0,155055;0,398990;0,000739;0,151063;0,388719;-0,079558;0,154797;0,398326;-0,000123;0,151162;0,388973;-0,084353;0,156209;0,401961;0,009937;0,149687;0,385179;-0,054405;0,153193;0,394200
00:00:39.803;865;6;6;6;5;116,226199;171,166760;168,900053;94,106743;156,625573;84,476773;-146,541120;170,953046;170,454980;173,927436;21,695882;-8,039930;64,372230;-42,362588;-0,127020;-0,236475;1,009943;-0,133225;-0,274864;1,023773;-0,130900;-0,277100;1,032100;-0,128620;-0,279407;1,040696;-0,151497;-0,264908;0,980749;-0,163883;-0,263666;0,975220;-0,176935;-0,262527;0,971571;-0,147805;-0,251219;0,977202;-0,223879;-0,246087;0,964046;-0,225557;-0,367563;1,808533;-0,149856;-0,193461;0,974472;-0,067297;-0,077592;1,080209;-0,346534;-0,038170;0,902867;0,020214;0,159593;0,987225;-0,347022;0,220529;0,817694;0,075001;0,057368;0,688739;-0,146859;0,213573;0,841613;0,108178;0,047955;0,667117;-0,081779;0,222488;0,849144;0,107438;0,030484;0,699691;-0,080826;0,213216;0,903407;0,091926;0,032229;0,710191;-0,099201;0,208618;0,909165;-0,022702;0,164533;0,470628;-0,106988;0,155469;0,400057;-0,005492;0,150615;0,387565;-0,087818;0,154920;0,398644;0,000480;0,151101;0,388817;-0,080539;0,155296;0,399612;-0,000301;0,151166;0,388983;-0,083284;0,155943;0,401275;0,010413;0,149799;0,385466;-0,053657;0,152894;0,393430
00:00:39.848;866;6;6;6;5;116,725261;171,193232;168,835804;94,031381;159,348456;85,663704;-147,801653;171,168902;170,584497;173,943618;21,675664;7,752798;68,160510;45,489314;-0,127264;-0,236234;1,008913;-0,133708;-0,274630;1,023152;-0,131029;-0,277304;1,033115;-0,128715;-0,279555;1,041503;-0,151457;-0,264772;0,980487;-0,164113;-0,263304;0,974443;-0,177387;-0,262280;0,971021;-0,147783;-0,251143;0,977131;-0,224441;-0,246000;0,963680;-0,191623;-0,311050;1,530446;-0,150456;-0,193167;0,973257;-0,068826;-0,077966;1,078386;-0,347042;-0,038172;0,902913;0,011987;0,162481;0,995897;-0,347067;0,220621;0,817801;0,065503;0,064702;0,681831;-0,146732;0,213576;0,841749;0,096330;0,056441;0,662176;-0,081596;0,222225;0,848394;0,094430;0,039725;0,694899;-0,080895;0,213354;0,904315;0,079077;0,042246;0,704174;-0,099217;0,208704;0,909807;-0,023807;0,170008;0,485458;-0,106969;0,155597;0,400387;-0,005341;0,150810;0,388068;-0,087660;0,154833;0,398418;0,000312;0,151126;0,388881;-0,081177;0,155621;0,400448;-0,000417;0,151168;0,388989;-0,082590;0,155769;0,400829;0,011346;0,149464;0,384603;-0,053170;0,152700;0,392930
00:00:39.895;867;6;6;6;5;117,031969;170,965143;168,540791;94,050329;160,170871;84,734806;-148,803614;171,255059;170,655931;174,158900;22,627976;7,980427;55,143658;51,487651;-0,127423;-0,236077;1,008244;-0,134114;-0,274665;1,023449;-0,131202;-0,277624;1,034475;-0,128863;-0,279839;1,042727;-0,151879;-0,264495;0,979617;-0,164203;-0,262974;0,973588;-0,177553;-0,261931;0,969964;-0,147768;-0,251093;0,977085;-0,224724;-0,245855;0,963092;-0,169567;-0,274317;1,349690;-0,150792;-0,192907;0,972117;-0,069820;-0,078820;1,077201;-0,347642;-0,038203;0,903644;0,007792;0,161954;0,997333;-0,346948;0,220587;0,817521;0,056550;0,075047;0,681890;-0,145810;0,213275;0,842537;0,082916;0,067864;0,653364;-0,081227;0,222695;0,850356;0,079928;0,052485;0,689334;-0,080578;0,213338;0,906655;0,066300;0,054516;0,698863;-0,098859;0,208560;0,911625;-0,024472;0,173488;0,494048;-0,106957;0,155681;0,400601;-0,004576;0,150801;0,388044;-0,086651;0,154776;0,398272;0,002626;0,150870;0,388223;-0,076992;0,153792;0,395741;0,001931;0,150897;0,388293;-0,078727;0,153752;0,395639;0,011952;0,149246;0,384042;-0,052854;0,152573;0,392604
00:00:39.942;868;6;6;6;5;117,296235;171,066898;168,515292;94,090161;161,004854;83,964973;-149,456254;171,199275;170,719201;173,747118;23,181664;7,309694;58,717689;59,204302;-0,127836;-0,236548;1,010258;-0,134378;-0,274689;1,023642;-0,131314;-0,277833;1,035359;-0,129003;-0,280117;1,043872;-0,152044;-0,264126;0,978351;-0,164203;-0,262665;0,972682;-0,177660;-0,261703;0,969276;-0,147706;-0,250971;0,976705;-0,225537;-0,245849;0,963060;-0,203039;-0,325866;1,609149;-0,151010;-0,192737;0,971376;-0,070467;-0,079987;1,076431;-0,347897;-0,038208;0,903768;0,006212;0,160341;1,001066;-0,347019;0,220659;0,817689;0,047832;0,084295;0,678078;-0,145151;0,212991;0,842699;0,071433;0,077725;0,649387;-0,080854;0,222634;0,850231;0,067290;0,064789;0,689917;-0,080860;0,213245;0,907826;0,053867;0,066553;0,699611;-0,098664;0,208546;0,913156;-0,024922;0,175874;0,499981;-0,106813;0,155871;0,401091;-0,004078;0,150795;0,388029;-0,085542;0,154739;0,398177;0,003903;0,150568;0,387445;-0,074113;0,152739;0,393032;0,003452;0,150586;0,387490;-0,076215;0,152441;0,392265;0,012346;0,149104;0,383677;-0,052648;0,152491;0,392393
00:00:39.988;869;6;6;6;5;116,827649;171,066243;168,490323;94,115760;160,726360;82,389420;-148,964095;171,157582;170,771168;173,944448;23,061342;7,352683;55,200735;56,151208;-0,128323;-0,235627;1,008768;-0,134550;-0,274704;1,023767;-0,131475;-0,278156;1,036633;-0,129180;-0,280486;1,045317;-0,152206;-0,263981;0,977878;-0,164755;-0,262464;0,972093;-0,178216;-0,261461;0,968480;-0,147665;-0,250892;0,976459;-0,225984;-0,245756;0,962689;-0,218137;-0,348787;1,725297;-0,151648;-0,192558;0,970544;-0,070863;-0,080719;1,075580;-0,348063;-0,038212;0,903849;0,005170;0,158017;0,998943;-0,347065;0,220706;0,817798;0,042922;0,091864;0,683301;-0,144722;0,212806;0,842804;0,064788;0,087235;0,657302;-0,080546;0,222411;0,849450;0,058310;0,073618;0,690646;-0,080494;0,213103;0,908237;0,044987;0,075175;0,700097;-0,098463;0,208378;0,913452;-0,024226;0,170509;0,484238;-0,106720;0,155995;0,401409;-0,003755;0,150791;0,388019;-0,084522;0,154579;0,397765;0,004734;0,150371;0,386939;-0,072400;0,151919;0,390921;0,004216;0,150247;0,386619;-0,074583;0,151589;0,390072;0,012602;0,149012;0,383440;-0,052515;0,152437;0,392255
00:00:40.034;870;6;6;6;5;116,860313;171,124368;168,481289;94,116337;160,532909;81,003153;-149,077621;171,122400;170,795917;173,403881;23,722373;7,257874;55,618408;58,221367;-0,128639;-0,235028;1,007799;-0,134569;-0,274526;1,023149;-0,131492;-0,278178;1,036762;-0,129209;-0,280538;1,045556;-0,152312;-0,263886;0,977571;-0,165054;-0,262239;0,971361;-0,178578;-0,261304;0,967962;-0,147188;-0,251020;0,976998;-0,226357;-0,245785;0,962798;-0,186889;-0,298410;1,477043;-0,152063;-0,192441;0,970004;-0,071144;-0,081833;1,075377;-0,348171;-0,038214;0,903902;0,006779;0,155121;0,999663;-0,347095;0,220737;0,817868;0,040320;0,098525;0,682846;-0,144324;0,212510;0,842173;0,060893;0,096518;0,658246;-0,080379;0,222357;0,849293;0,052823;0,083979;0,690420;-0,080225;0,212929;0,908154;0,039496;0,084359;0,697613;-0,097811;0,208268;0,913644;-0,024233;0,170506;0,483105;-0,106659;0,156075;0,401616;-0,003545;0,150788;0,388012;-0,084385;0,154611;0,397847;0,004834;0,150244;0,386610;-0,072334;0,152202;0,391648;0,004278;0,150163;0,386402;-0,074266;0,150763;0,387947;0,012769;0,148952;0,383286;-0,052428;0,152403;0,392166
00:00:40.082;871;6;6;6;5;117,142968;170,928857;168,666561;94,187319;142,396413;58,007852;-149,490254;170,841483;170,651896;-173,674066;24,485577;6,768801;43,183110;-60,419413;-0,128934;-0,234801;1,007869;-0,134582;-0,274410;1,022747;-0,131502;-0,278193;1,036845;-0,129270;-0,280665;1,046061;-0,152326;-0,263730;0,977021;-0,165308;-0,262187;0,971234;-0,178942;-0,261390;0,968325;-0,146878;-0,251104;0,977349;-0,226434;-0,245625;0,962169;-0,210258;-0,335105;1,660078;-0,152388;-0,191883;0,970003;-0,070738;-0,082585;1,075595;-0,347860;-0,038230;0,904286;0,008744;0,136718;0,892331;-0,347879;0,220946;0,818615;0,039110;0,104312;0,684300;-0,144006;0,212707;0,841412;0,058591;0,103368;0,657110;-0,080204;0,222140;0,848490;0,049494;0,091901;0,687823;-0,080082;0,212897;0,908450;0,036715;0,092300;0,695999;-0,097388;0,208197;0,913768;-0,024912;0,173806;0,490068;-0,106299;0,155991;0,401400;-0,003629;0,150787;0,388008;-0,084975;0,154631;0,397901;0,004026;0,150433;0,387097;-0,072719;0,151433;0,389671;0,003443;0,150380;0,386961;-0,074991;0,150770;0,387966;0,011367;0,149185;0,383886;-0,052372;0,152380;0,392108
00:00:40.128;872;6;6;6;5;117,397537;170,908701;168,704336;94,225916;133,440449;45,439744;-149,864676;170,697526;170,544791;-165,560718;24,735445;6,885120;33,777711;-63,040321;-0,129396;-0,235142;1,010015;-0,134682;-0,274523;1,023185;-0,131509;-0,278202;1,036899;-0,129224;-0,280561;1,045690;-0,152890;-0,263629;0,976664;-0,165474;-0,262154;0,971152;-0,179114;-0,261352;0,968211;-0,146677;-0,251158;0,977577;-0,226567;-0,245611;0,962110;-0,181902;-0,289728;1,435701;-0,152600;-0,191520;0,970002;-0,070474;-0,083073;1,075737;-0,347659;-0,038241;0,904536;0,011651;0,125067;0,824665;-0,348239;0,220987;0,818749;0,038637;0,108227;0,683845;-0,143859;0,212924;0,841268;0,057379;0,108376;0,655321;-0,080223;0,222849;0,849369;0,047583;0,097879;0,684035;-0,079896;0,213147;0,907593;0,034860;0,097693;0,693899;-0,097113;0,208151;0,913849;-0,025462;0,177282;0,496694;-0,105880;0,155665;0,400560;-0,003680;0,150650;0,387655;-0,086116;0,154781;0,398285;0,003057;0,150420;0,387063;-0,072969;0,150934;0,388386;0,002459;0,150521;0,387325;-0,075463;0,150775;0,387978;0,009366;0,149473;0,384626;-0,054099;0,152910;0,393470
00:00:40.175;873;6;6;6;5;117,592249;170,963223;168,813732;94,269319;128,607822;36,492179;-149,979110;170,499839;170,475303;-160,155225;23,882038;7,542568;27,858628;-68,249700;-0,130228;-0,235283;1,011060;-0,134655;-0,274408;1,022771;-0,131469;-0,278114;1,036585;-0,129194;-0,280492;1,045449;-0,153257;-0,263563;0,976431;-0,165521;-0,262037;0,970749;-0,179161;-0,261233;0,967787;-0,146493;-0,251103;0,977375;-0,226653;-0,245601;0,962071;-0,205197;-0,326568;1,618855;-0,152737;-0,191284;0,970001;-0,069712;-0,083418;1,076179;-0,347394;-0,038233;0,904349;0,013929;0,117442;0,780332;-0,348473;0,221014;0,818837;0,038599;0,111573;0,681449;-0,142923;0,213243;0,841874;0,056812;0,112789;0,652409;-0,079653;0,223033;0,848890;0,046295;0,103188;0,680873;-0,078744;0,213309;0,907035;0,034014;0,103046;0,691834;-0,095929;0,208201;0,914252;-0,025820;0,179541;0,501001;-0,105700;0,155589;0,400364;-0,003714;0,150561;0,387426;-0,086857;0,154878;0,398536;0,002208;0,150547;0,387391;-0,073132;0,150609;0,387551;0,001819;0,150613;0,387561;-0,075769;0,150778;0,387985;0,007850;0,149795;0,385457;-0,055621;0,153118;0,394006
00:00:40.223;874;6;6;6;5;116,718175;170,959500;168,811109;94,279720;125,845141;28,975451;-148,416662;170,336987;170,406250;-156,690540;23,448304;8,032925;24,454071;74,212419;-0,130768;-0,235374;1,011739;-0,134776;-0,274615;1,023551;-0,131488;-0,278151;1,036730;-0,129175;-0,280448;1,045292;-0,153495;-0,263520;0,976280;-0,165552;-0,261962;0,970487;-0,179192;-0,261155;0,967512;-0,146077;-0,251517;0,978994;-0,226709;-0,245595;0,962046;-0,222336;-0,352549;1,753656;-0,152771;-0,191061;0,969651;-0,069239;-0,083670;1,076816;-0,347221;-0,038227;0,904227;0,015797;0,112831;0,751166;-0,348476;0,220937;0,818544;0,038515;0,114716;0,678842;-0,141893;0,213538;0,842618;0,056750;0,116627;0,649816;-0,077866;0,223245;0,848928;0,045772;0,107611;0,677767;-0,076644;0,213472;0,909123;0,033431;0,107192;0,689792;-0,094188;0,208392;0,915214;-0,024486;0,170385;0,473701;-0,105399;0,155267;0,399537;-0,003960;0,150639;0,387627;-0,087339;0,154941;0,398698;0,001435;0,150630;0,387604;-0,073238;0,150398;0,387008;0,000961;0,150809;0,388065;-0,077431;0,151460;0,389741;0,006420;0,149869;0,385647;-0,056835;0,153253;0,394354
00:00:40.259;875;6;6;6;5;116,773715;170,957281;168,836145;94,380390;124,327216;22,988629;-148,347228;170,231110;170,378287;-154,776026;24,440668;8,375705;21,794847;79,959106;-0,131120;-0,235433;1,012180;-0,134762;-0,274562;1,023358;-0,131455;-0,278081;1,036474;-0,129205;-0,280513;1,045540;-0,153595;-0,263398;0,975832;-0,165572;-0,261912;0,970317;-0,179212;-0,261105;0,967333;-0,145651;-0,251517;0,978996;-0,226745;-0,245591;0,962030;-0,231568;-0,366427;1,826226;-0,152738;-0,190848;0,969073;-0,068932;-0,083833;1,077231;-0,347109;-0,038224;0,904147;0,017459;0,110095;0,733958;-0,348478;0,221352;0,818354;0,038823;0,117079;0,676797;-0,140628;0,213553;0,842402;0,056648;0,119720;0,647430;-0,075886;0,223358;0,850703;0,045790;0,110807;0,675399;-0,074266;0,213660;0,910830;0,033459;0,110727;0,688815;-0,092534;0,208517;0,915839;-0,024585;0,171430;0,474506;-0,105429;0,155058;0,398999;-0,004111;0,150417;0,387057;-0,087724;0,154710;0,398104;0,000711;0,150820;0,388093;-0,077385;0,155158;0,399255;0,000183;0,150800;0,388042;-0,079313;0,152992;0,393681;0,005277;0,150189;0,386471;-0,058074;0,153341;0,394580
00:00:40.301;876;6;6;6;5;116,171962;171,171351;168,770019;94,429177;123,391494;19,288959;-147,268493;170,242016;170,346351;-153,547714;24,711738;8,740419;-23,065682;-82,051493;-0,131303;-0,235390;1,012117;-0,134891;-0,274809;1,024283;-0,131612;-0,277819;1,037708;-0,129311;-0,280147;1,046401;-0,153770;-0,263507;0,976241;-0,165705;-0,262069;0,970906;-0,179290;-0,261167;0,967566;-0,145426;-0,251048;0,979347;-0,226934;-0,245767;0,962720;-0,237568;-0,375448;1,873397;-0,152716;-0,190710;0,968697;-0,068732;-0,083939;1,077500;-0,347036;-0,038222;0,904096;0,018540;0,108317;0,722773;-0,348330;0,221527;0,817880;0,039146;0,118222;0,677568;-0,139806;0,213563;0,842261;0,056612;0,120699;0,646230;-0,075054;0,223825;0,851507;0,046304;0,112982;0,681209;-0,073159;0,213537;0,910889;0,033512;0,111968;0,688880;-0,091391;0,208438;0,915545;-0,023849;0,164844;0,455079;-0,105449;0,154922;0,398649;-0,004430;0,150274;0,386687;-0,087895;0,154424;0,397367;0,000241;0,150943;0,388410;-0,078528;0,155259;0,399516;-0,000324;0,150930;0,388377;-0,080464;0,153851;0,395893;0,004534;0,150397;0,387006;-0,058760;0,153670;0,395427
00:00:40.349;877;6;6;6;5;115,795934;171,310401;168,941370;94,597551;122,753730;17,448260;-146,517000;170,249230;170,269008;-152,713851;24,744573;8,771138;-23,524462;78,766464;-0,131422;-0,235362;1,012076;-0,134837;-0,274688;1,023834;-0,131669;-0,277556;1,038161;-0,129424;-0,280002;1,047310;-0,153884;-0,263578;0,976507;-0,165851;-0,262266;0,971639;-0,179470;-0,261396;0,968418;-0,145228;-0,250655;0,979226;-0,227057;-0,245882;0,963168;-0,241469;-0,381311;1,904058;-0,152868;-0,190826;0,969503;-0,068602;-0,084008;1,077675;-0,346989;-0,038221;0,904062;0,019242;0,106762;0,715502;-0,348998;0,221831;0,818272;0,038583;0,118191;0,678069;-0,139809;0,213658;0,842520;0,055915;0,120366;0,646149;-0,074969;0,224037;0,851680;0,045600;0,112970;0,681136;-0,072985;0,213538;0,911278;0,032826;0,111824;0,690322;-0,090717;0,208547;0,916055;-0,023888;0,160578;0,443151;-0,105821;0,154698;0,398072;-0,004862;0,150316;0,386797;-0,088075;0,153966;0,396189;-0,000507;0,151023;0,388617;-0,079271;0,155325;0,399685;-0,001094;0,150879;0,388245;-0,081667;0,154410;0,397330;0,003831;0,150533;0,387354;-0,059604;0,153748;0,395628
00:00:40.396;878;6;6;6;5;115,601538;171,254563;168,958973;94,561792;122,196019;16,867348;-146,039671;170,183911;170,180997;-151,709657;25,909845;9,376019;-30,825415;82,976400;-0,131499;-0,235344;1,012050;-0,134894;-0,274797;1,024242;-0,131751;-0,277478;1,038804;-0,129497;-0,279908;1,047902;-0,154014;-0,263719;0,977029;-0,165946;-0,262394;0,972115;-0,179522;-0,261450;0,968622;-0,145203;-0,250578;0,979847;-0,227136;-0,245956;0,963459;-0,201744;-0,318482;1,590788;-0,152967;-0,190902;0,970027;-0,068562;-0,084108;1,078489;-0,347092;-0,038234;0,904390;0,018863;0,105146;0,709376;-0,349432;0,221562;0,818527;0,037502;0,115553;0,665445;-0,139753;0,213631;0,842338;0,054369;0,118173;0,637347;-0,076042;0,224635;0,853542;0,044244;0,110503;0,673038;-0,073363;0,213976;0,911181;0,031647;0,110491;0,683559;-0,090835;0,208697;0,916735;-0,024032;0,158080;0,437498;-0,106157;0,154688;0,398047;-0,004922;0,150344;0,386868;-0,087899;0,153940;0,396123;-0,000330;0,150940;0,388401;-0,079754;0,155368;0,399796;-0,001153;0,150846;0,388159;-0,082037;0,155725;0,400715;0,005565;0,150348;0,386880;-0,060152;0,153799;0,395758
00:00:40.443;879;6;6;6;5;116,446734;171,218854;168,817685;94,304637;130,883566;39,395782;-147,323471;170,145384;170,180115;-163,759596;26,657172;9,642905;46,333615;-68,389945;-0,131595;-0,235414;1,012382;-0,134977;-0,274962;1,024857;-0,131893;-0,277614;1,039923;-0,129631;-0,280034;1,048986;-0,154098;-0,263811;0,977369;-0,166007;-0,262477;0,972425;-0,179621;-0,261580;0,969104;-0,145186;-0,250527;0,980250;-0,227271;-0,246094;0,963998;-0,175924;-0,277643;1,387162;-0,153527;-0,190882;0,970018;-0,068558;-0,084200;1,079368;-0,347294;-0,038258;0,904954;0,019042;0,119771;0,808645;-0,349249;0,220922;0,818692;0,036489;0,113652;0,658289;-0,139659;0,213524;0,841870;0,053538;0,114993;0,633726;-0,076676;0,225326;0,854052;0,043510;0,105755;0,664275;-0,073580;0,214178;0,910768;0,030850;0,107227;0,678464;-0,090842;0,208635;0,916478;-0,025959;0,167437;0,466024;-0,106375;0,154682;0,398030;-0,004741;0,150362;0,386914;-0,087184;0,154060;0,396430;0,000667;0,150749;0,387911;-0,080067;0,155396;0,399867;-0,000088;0,150688;0,387754;-0,082277;0,156580;0,402915;0,008000;0,150093;0,386222;-0,060509;0,153832;0,395843
00:00:40.490;880;6;6;6;5;116,796901;171,156656;168,734486;94,129246;139,980974;52,949055;-147,742864;170,086091;170,169136;-172,581549;26,967441;9,522989;50,457818;-60,629958;-0,131748;-0,235622;1,013298;-0,135031;-0,275069;1,025257;-0,132029;-0,277796;1,041000;-0,129804;-0,280302;1,050391;-0,154152;-0,263870;0,977590;-0,166048;-0,262531;0,972626;-0,179686;-0,261664;0,969418;-0,145124;-0,250405;0,980163;-0,227358;-0,246183;0,964349;-0,200492;-0,314588;1,572255;-0,153892;-0,190869;0,970012;-0,068578;-0,084287;1,080289;-0,347425;-0,038274;0,905320;0,015864;0,131890;0,882969;-0,349129;0,220505;0,818800;0,036038;0,111207;0,657488;-0,139539;0,213366;0,841215;0,053317;0,110329;0,635222;-0,076961;0,224920;0,852984;0,043985;0,099774;0,661729;-0,073722;0,214309;0,910499;0,032138;0,102054;0,680751;-0,090916;0,208754;0,917011;-0,026852;0,170991;0,478266;-0,106517;0,154678;0,398020;-0,004407;0,150509;0,387294;-0,086870;0,154409;0,397329;0,001975;0,150625;0,387592;-0,077961;0,154870;0,398514;0,001264;0,150585;0,387490;-0,080141;0,155775;0,400844;0,010033;0,150063;0,386144;-0,060740;0,153853;0,395898
00:00:40.537;881;6;6;6;5;116,302233;171,057338;168,607003;94,006345;146,070593;62,371418;-146,835234;169,936863;170,136749;-176,886939;27,293390;9,077043;48,756290;59,179820;-0,131939;-0,235920;1,014594;-0,135113;-0,275233;1,025867;-0,132074;-0,278414;1,041350;-0,129961;-0,280570;1,051654;-0,154243;-0,264003;0,978083;-0,166688;-0,262660;0,973107;-0,180410;-0,261908;0,970322;-0,145135;-0,250415;0,980456;-0,227881;-0,246152;0,964227;-0,217586;-0,340352;1,701316;-0,154073;-0,190792;0,969658;-0,069207;-0,084344;1,080888;-0,347510;-0,038284;0,905558;0,012012;0,139577;0,922530;-0,348902;0,220141;0,818520;0,038195;0,102992;0,666417;-0,139519;0,213353;0,841140;0,057662;0,099914;0,641094;-0,076724;0,224840;0,852990;0,049222;0,088599;0,669524;-0,073927;0,214204;0,911724;0,036779;0,090567;0,686788;-0,090999;0,208911;0,917707;-0,026139;0,165236;0,463473;-0,106609;0,154675;0,398013;-0,004189;0,150605;0,387541;-0,086666;0,154637;0,397914;0,002825;0,150545;0,387385;-0,076592;0,154528;0,397634;0,002143;0,150519;0,387318;-0,078752;0,155252;0,399499;0,011098;0,149635;0,385044;-0,060891;0,153867;0,395934
00:00:40.584;882;6;6;6;5;116,203657;171,070054;168,610854;94,079884;152,087562;71,714149;-146,484485;169,856622;170,114288;179,384440;27,293874;9,803310;59,047097;60,013397;-0,131971;-0,235951;1,014736;-0,135563;-0,274964;1,024864;-0,132516;-0,278440;1,040178;-0,130019;-0,281249;1,052125;-0,154357;-0,264184;0,978754;-0,167104;-0,262744;0,973420;-0,180881;-0,262067;0,970909;-0,145701;-0,250422;0,980646;-0,228221;-0,246132;0,964147;-0,230810;-0,361520;1,801655;-0,154303;-0,190880;0,970127;-0,069615;-0,083765;1,081277;-0,347431;-0,038275;0,905363;0,008971;0,147724;0,957344;-0,348755;0,219904;0,818338;0,043622;0,091494;0,669071;-0,139565;0,212953;0,841441;0,065508;0,087808;0,643511;-0,076570;0,224789;0,852993;0,059364;0,075439;0,679140;-0,073075;0,214300;0,913221;0,046470;0,077000;0,694212;-0,090530;0,209014;0,918160;-0,026093;0,163841;0,461207;-0,106763;0,154809;0,398358;-0,004265;0,150532;0,387352;-0,086761;0,154784;0,398294;0,003378;0,150492;0,387250;-0,075702;0,154305;0,397062;0,002494;0,150476;0,387207;-0,077849;0,154913;0,398624;0,011377;0,149629;0,385028;-0,057293;0,153604;0,395257
00:00:40.619;883;6;6;6;5;116,818508;171,001527;168,769706;94,035060;155,946740;77,931396;-147,165725;169,735482;170,090817;177,122400;27,834528;9,749500;60,325514;-57,460522;-0,131993;-0,235971;1,014829;-0,135949;-0,274976;1,024911;-0,132803;-0,278456;1,039415;-0,130393;-0,281128;1,050331;-0,154431;-0,264302;0,979190;-0,167434;-0,262894;0,973973;-0,181187;-0,262170;0,971291;-0,146173;-0,250605;0,981470;-0,228442;-0,246119;0,964096;-0,195076;-0,305699;1,521776;-0,154563;-0,191074;0,971133;-0,069926;-0,083442;1,082230;-0,347380;-0,038270;0,905236;0,007573;0,152909;0,979274;-0,348957;0,219471;0,818920;0,050026;0,081142;0,672896;-0,139536;0,212605;0,841287;0,073796;0,076028;0,646832;-0,076077;0,225032;0,854046;0,069744;0,062839;0,683991;-0,072467;0,214199;0,913494;0,056686;0,064494;0,697988;-0,090157;0,208921;0,917754;-0,027298;0,170296;0,481435;-0,106863;0,154896;0,398583;-0,004525;0,150212;0,386529;-0,086896;0,154608;0,397841;0,003072;0,150186;0,386463;-0,076523;0,154705;0,398090;0,002279;0,150175;0,386435;-0,078971;0,155372;0,399806;0,010892;0,149489;0,384669;-0,054955;0,153433;0,394817
00:00:40.661;884;6;6;6;5;116,384650;170,833969;168,802624;93,986286;158,415322;82,432226;-146,339030;169,443357;170,068013;175,277209;27,784156;-9,760528;68,764538;-53,755392;-0,131916;-0,235821;1,014189;-0,136154;-0,274891;1,024592;-0,132990;-0,278467;1,038920;-0,130724;-0,281237;1,049865;-0,154535;-0,264473;0,979824;-0,167649;-0,262991;0,974332;-0,181321;-0,262142;0,971189;-0,146480;-0,251283;0,982006;-0,229134;-0,246110;0,964062;-0,213616;-0,334973;1,665004;-0,154733;-0,191755;0,971786;-0,070174;-0,083285;1,083550;-0,347615;-0,038296;0,905853;0,008415;0,156446;0,994578;-0,349238;0,219283;0,819648;0,056546;0,071346;0,675733;-0,139576;0,212467;0,841536;0,083164;0,064935;0,653191;-0,075756;0,224702;0,854730;0,080239;0,050073;0,691344;-0,072044;0,214051;0,913321;0,066873;0,052065;0,703242;-0,090401;0,208781;0,917140;-0,026354;0,165395;0,468683;-0,107022;0,155089;0,399079;-0,004694;0,150004;0,385994;-0,086983;0,154494;0,397547;0,002656;0,150123;0,386301;-0,077354;0,155101;0,399109;0,001920;0,150116;0,386282;-0,080071;0,155942;0,401274;0,010358;0,149398;0,384435;-0,054973;0,153866;0,395931
00:00:40.709;885;6;6;6;5;116,089484;170,825972;168,795103;94,055003;161,908809;88,603563;-145,536284;169,231289;170,025281;172,009200;27,911786;9,788338;45,071419;-49,469352;-0,131729;-0,236054;1,012723;-0,136287;-0,275418;1,024385;-0,133066;-0,278971;1,038248;-0,130807;-0,281621;1,048513;-0,154657;-0,265237;0,980585;-0,167789;-0,263609;0,974566;-0,181408;-0,262677;0,971123;-0,147292;-0,252374;0,982704;-0,229751;-0,246283;0,964741;-0,184079;-0,289297;1,434353;-0,154344;-0,192266;0,972561;-0,070403;-0,083264;1,085457;-0,347768;-0,038313;0,906255;0,012716;0,161468;1,017826;-0,349271;0,219534;0,819771;0,064512;0,064459;0,697876;-0,139601;0,212378;0,841699;0,092471;0,054116;0,660824;-0,075548;0,224488;0,855174;0,090352;0,037424;0,699274;-0,071824;0,214118;0,913909;0,075793;0,039980;0,708757;-0,090073;0,208769;0,917091;-0,025469;0,162086;0,460044;-0,107031;0,155078;0,399051;-0,004585;0,149869;0,385646;-0,087117;0,154555;0,397705;0,002385;0,150082;0,386195;-0,077893;0,155358;0,399771;0,001688;0,150078;0,386184;-0,080786;0,156313;0,402228;0,010011;0,149339;0,384282;-0,054985;0,154147;0,396655
00:00:40.756;886;6;6;6;5;115,902162;170,641643;168,993148;94,248074;161,648059;90,749199;-144,826465;168,873167;170,023734;170,802551;28,376929;9,350000;33,622678;47,597081;-0,131835;-0,236616;1,013520;-0,136420;-0,275855;1,024600;-0,133206;-0,279487;1,038511;-0,131037;-0,282249;1,049033;-0,154792;-0,265829;0,981431;-0,167880;-0,264010;0,974718;-0,181464;-0,263024;0,971080;-0,148273;-0,252902;0,982457;-0,229985;-0,246217;0,964481;-0,208626;-0,328826;1,624979;-0,154036;-0,193083;0,972715;-0,069977;-0,083304;1,087397;-0,347733;-0,038309;0,906166;0,019381;0,163458;1,021387;-0,349442;0,220258;0,820201;0,072870;0,058226;0,717870;-0,139560;0,212231;0,841454;0,101369;0,044129;0,668936;-0,075320;0,223589;0,854413;0,100027;0,026411;0,711078;-0,071762;0,213886;0,915341;0,084821;0,029752;0,717942;-0,090451;0,208921;0,917759;-0,024388;0,159683;0,454428;-0,107037;0,155071;0,399033;-0,004514;0,149781;0,385420;-0,087281;0,154732;0,398159;0,002211;0,150192;0,386477;-0,078244;0,155525;0,400201;0,001537;0,150189;0,386469;-0,081566;0,156282;0,402148;0,009785;0,149301;0,384184;-0,054993;0,154330;0,397126
00:00:40.804;887;6;6;6;5;115,820758;170,411693;169,147918;94,389110;161,802651;93,527211;-144,190438;168,533013;169,994492;168,999386;28,344949;9,397368;30,018685;-43,279285;-0,131904;-0,236981;1,014038;-0,136599;-0,276328;1,025440;-0,133751;-0,279539;1,037632;-0,131186;-0,282657;1,049372;-0,154935;-0,266309;0,982330;-0,168060;-0,264461;0,975517;-0,181632;-0,263440;0,971752;-0,149017;-0,253426;0,982997;-0,230137;-0,246174;0,964313;-0,181016;-0,285586;1,409737;-0,153836;-0,193614;0,972815;-0,069767;-0,083410;1,089708;-0,347710;-0,038307;0,906108;0,027423;0,166142;1,028601;-0,349553;0,220729;0,820481;0,082650;0,051961;0,737865;-0,139649;0,212313;0,841995;0,113025;0,035185;0,684708;-0,075265;0,223278;0,854969;0,112157;0,016310;0,725751;-0,071723;0,213734;0,916271;0,096223;0,020204;0,732663;-0,090627;0,208860;0,917493;-0,023467;0,158619;0,451478;-0,107041;0,155067;0,399022;-0,004476;0,149996;0,385973;-0,087388;0,154846;0,398453;0,002100;0,150399;0,387010;-0,078562;0,155362;0,399781;0,001441;0,150397;0,387005;-0,082302;0,156262;0,402096;0,009655;0,149548;0,384819;-0,054581;0,153905;0,396032
00:00:40.850;888;6;6;6;5;115,782937;170,509612;169,101393;94,431421;160,615746;94,482793;-143,656741;168,368924;169,924413;168,327891;28,908731;9,387464;21,503046;38,907810;-0,132131;-0,238126;1,015775;-0,136763;-0,276730;1,026336;-0,134197;-0,279762;1,037761;-0,131371;-0,283111;1,050292;-0,154972;-0,266526;0,982564;-0,168116;-0,265215;0,975686;-0,181675;-0,263616;0,971839;-0,149953;-0,254145;0,982648;-0,230487;-0,246414;0,965253;-0,208613;-0,330695;1,624379;-0,153762;-0,194029;0,973230;-0,069674;-0,083532;1,091910;-0,347696;-0,038305;0,906070;0,034174;0,166966;1,027691;-0,349327;0,220846;0,819963;0,091727;0,047800;0,757862;-0,139591;0,212189;0,841647;0,122634;0,028559;0,694960;-0,075228;0,223075;0,855330;0,121987;0,008894;0,734238;-0,071724;0,213718;0,917226;0,105854;0,013566;0,742581;-0,090881;0,208616;0,918721;-0,022631;0,158051;0,449911;-0,107044;0,155064;0,399014;-0,004451;0,150136;0,386332;-0,087380;0,154784;0,398294;0,002022;0,150126;0,386307;-0,078768;0,155256;0,399507;0,001376;0,150260;0,386653;-0,082780;0,156249;0,402063;0,009571;0,149708;0,385233;-0,054313;0,153629;0,395321
00:00:40.897;889;6;6;6;5;115,685779;170,412614;169,081906;94,480281;159,848758;95,535854;-142,945862;167,953279;169,856986;167,442451;28,278609;9,988971;17,456253;-33,726403;-0,132461;-0,239200;1,018304;-0,136869;-0,277576;1,026919;-0,134441;-0,280402;1,037495;-0,131868;-0,283530;1,049140;-0,155612;-0,267322;0,983067;-0,168274;-0,265896;0,976496;-0,181769;-0,264379;0,972245;-0,150670;-0,254794;0,983121;-0,230547;-0,246392;0,965165;-0,180211;-0,287018;1,407596;-0,153768;-0,194369;0,973849;-0,068430;-0,083066;1,094392;-0,347552;-0,038290;0,905695;0,041613;0,167905;1,029549;-0,349031;0,220828;0,819276;0,103329;0,045019;0,778561;-0,139669;0,212285;0,842120;0,135452;0,024053;0,711424;-0,075143;0,222761;0,854864;0,135161;0,003582;0,747805;-0,071229;0,213788;0,918197;0,118583;0,008818;0,758477;-0,090453;0,208298;0,918819;-0,021737;0,156944;0,446792;-0,107046;0,155062;0,399009;-0,004447;0,150635;0,387616;-0,087375;0,154744;0,398191;0,001972;0,149948;0,385849;-0,078902;0,155187;0,399330;0,001334;0,150172;0,386425;-0,083091;0,156240;0,402041;0,009499;0,149541;0,384801;-0,054138;0,153449;0,394858
00:00:40.944;890;6;6;6;5;115,728521;170,318068;169,261014;94,550464;158,927500;95,711707;-142,316411;167,475552;169,808379;167,029738;28,131786;10,616336;17,363398;32,855980;-0,132493;-0,239568;1,018547;-0,136892;-0,278031;1,026947;-0,134600;-0,280819;1,037322;-0,132235;-0,283897;1,048741;-0,156084;-0,267935;0,983744;-0,168436;-0,266434;0,977372;-0,181830;-0,264874;0,972509;-0,151135;-0,255216;0,983429;-0,230586;-0,246377;0,965107;-0,162504;-0,259846;1,272638;-0,153773;-0,194590;0,974252;-0,067077;-0,082868;1,097405;-0,347324;-0,038264;0,905102;0,047605;0,167870;1,030407;-0,348988;0,220910;0,819179;0,112730;0,043211;0,792014;-0,139720;0,212347;0,842428;0,145974;0,021554;0,722476;-0,075211;0,222922;0,855962;0,147802;0,000074;0,763273;-0,070827;0,214111;0,917778;0,130348;0,005731;0,773010;-0,090209;0,208695;0,919232;-0,021059;0,157197;0,448265;-0,106953;0,154925;0,398656;-0,004222;0,150959;0,388450;-0,086843;0,154582;0,397774;0,002158;0,149832;0,385552;-0,078989;0,155142;0,399214;0,001524;0,149978;0,385926;-0,083293;0,156235;0,402026;0,009680;0,149568;0,384871;-0,053895;0,153604;0,395258
00:00:40.991;891;6;6;6;5;115,662835;170,118902;169,309540;94,574083;158,216497;95,430106;-141,708848;167,088595;169,755220;166,647814;27,697908;10,978656;19,490355;-32,242722;-0,132332;-0,239477;1,017306;-0,136906;-0,278327;1,026966;-0,134703;-0,281089;1,037209;-0,132474;-0,284136;1,048482;-0,156446;-0,268429;0,984533;-0,168542;-0,266784;0,977942;-0,181870;-0,265197;0,972681;-0,151492;-0,255582;0,983979;-0,230611;-0,246367;0,965070;-0,195296;-0,313749;1,534214;-0,153720;-0,194663;0,974164;-0,066239;-0,082792;1,100063;-0,347310;-0,038263;0,905066;0,052128;0,167372;1,031665;-0,348960;0,220964;0,819117;0,121617;0,040979;0,797959;-0,139753;0,212388;0,842628;0,157209;0,019522;0,730359;-0,075193;0,222844;0,855975;0,159994;-0,002202;0,772978;-0,070538;0,214240;0,917156;0,142258;0,003272;0,781057;-0,090085;0,209032;0,919851;-0,020258;0,156505;0,446772;-0,107025;0,154700;0,398076;-0,004079;0,151306;0,389343;-0,086723;0,154477;0,397503;0,002279;0,149757;0,385359;-0,078819;0,155113;0,399139;0,001648;0,149852;0,385602;-0,083123;0,156095;0,401667;0,009798;0,149585;0,384916;-0,053926;0,154249;0,396918
00:00:41.038;892;6;6;6;5;115,564904;170,328338;169,342302;94,591447;158,040110;95,403212;-141,208052;167,171992;169,719692;166,186875;28,005407;11,369628;21,727471;29,384477;-0,132091;-0,239171;1,015449;-0,136869;-0,278424;1,026628;-0,134724;-0,281170;1,036786;-0,132540;-0,284101;1,047613;-0,156626;-0,268654;0,984697;-0,168550;-0,266916;0,977962;-0,181895;-0,265406;0,972793;-0,151670;-0,255728;0,983986;-0,230411;-0,246719;0,966445;-0,215323;-0,346706;1,694089;-0,153686;-0,194711;0,974106;-0,065695;-0,082114;1,101791;-0,347301;-0,038262;0,905043;0,054598;0,166795;1,034582;-0,348941;0,220999;0,819076;0,130972;0,040926;0,811624;-0,140196;0,212326;0,842409;0,169745;0,019801;0,748084;-0,075305;0,223157;0,857384;0,173615;-0,002366;0,789785;-0,070351;0,214323;0,916751;0,154913;0,002597;0,796437;-0,090004;0,209251;0,920253;-0,019944;0,155688;0,444752;-0,107071;0,154553;0,397700;-0,004205;0,151395;0,389573;-0,086645;0,154408;0,397327;0,002140;0,149845;0,385583;-0,078708;0,155094;0,399091;0,001512;0,150042;0,386091;-0,083013;0,156004;0,401434;0,009838;0,149053;0,383545;-0,053439;0,153852;0,395897
00:00:41.085;893;6;6;6;5;115,533629;170,341062;169,351788;94,597227;158,361338;95,402912;-141,068645;167,129224;169,718792;165,686792;28,079977;-11,305862;23,038938;27,605424;-0,131979;-0,239054;1,014592;-0,136845;-0,278488;1,026408;-0,134738;-0,281223;1,036511;-0,132583;-0,284078;1,047048;-0,156631;-0,268610;0,984103;-0,168495;-0,266906;0,977626;-0,181977;-0,265638;0,973215;-0,151677;-0,255641;0,983291;-0,230198;-0,246857;0,966989;-0,229140;-0,369419;1,804308;-0,153664;-0,194742;0,974069;-0,064712;-0,081044;1,102914;-0,347430;-0,038276;0,905378;0,055748;0,166215;1,038928;-0,349079;0,221116;0,819399;0,138195;0,041422;0,821555;-0,140484;0,212286;0,842266;0,179761;0,020881;0,759954;-0,075285;0,223088;0,857250;0,184424;-0,001538;0,801061;-0,070256;0,214459;0,916838;0,164624;0,003568;0,806784;-0,089985;0,209474;0,920865;-0,019817;0,155769;0,445189;-0,107290;0,154730;0,398155;-0,004287;0,151453;0,389722;-0,086519;0,154228;0,396863;0,002054;0,150173;0,386429;-0,078636;0,155081;0,399059;0,001424;0,150302;0,386759;-0,082941;0,155945;0,401282;0,009864;0,148706;0,382655;-0,053122;0,153595;0,395233
00:00:41.132;894;6;6;6;5;115,543246;170,383317;169,451238;94,623086;158,671808;95,101890;-140,848229;167,069932;169,714999;165,158065;27,949518;11,138245;26,575911;17,455150;-0,131907;-0,238978;1,014035;-0,136988;-0,277673;1,023115;-0,134565;-0,280877;1,034932;-0,132434;-0,283683;1,045282;-0,156690;-0,268676;0,984067;-0,168520;-0,266995;0,977757;-0,181900;-0,265597;0,972790;-0,152296;-0,255676;0,983189;-0,230059;-0,246948;0,967343;-0,239497;-0,386405;1,886800;-0,153095;-0,194762;0,974045;-0,064093;-0,080373;1,103994;-0,347379;-0,038271;0,905246;0,056592;0,164916;1,043503;-0,349168;0,221192;0,819610;0,146891;0,042531;0,833961;-0,140671;0,212260;0,842173;0,193459;0,023031;0,784820;-0,075211;0,222861;0,856462;0,196108;0,000894;0,811889;-0,070194;0,215070;0,916895;0,174042;0,005112;0,810710;-0,089939;0,210062;0,920912;-0,019734;0,155821;0,445473;-0,107527;0,154981;0,398801;-0,004571;0,151763;0,390520;-0,086741;0,154655;0,397961;0,001779;0,150659;0,387679;-0,078589;0,155073;0,399038;0,001148;0,150742;0,387894;-0,083184;0,156451;0,402583;0,009908;0,148889;0,383125;-0,052869;0,153291;0,394451
00:00:41.179;895;6;6;6;5;115,573433;170,449405;169,536222;94,647464;159,080850;94,891868;-140,608944;167,125954;169,692015;164,589530;27,642227;11,068358;30,827537;8,373533;-0,131769;-0,238764;1,012973;-0,136986;-0,276954;1,020275;-0,134271;-0,280272;1,032506;-0,132203;-0,283141;1,043083;-0,156224;-0,268815;0,984393;-0,168536;-0,267053;0,977842;-0,181850;-0,265571;0,972514;-0,152643;-0,255607;0,982773;-0,230052;-0,247096;0,967923;-0,244232;-0,394220;1,924670;-0,152726;-0,194776;0,974029;-0,064340;-0,079333;1,105046;-0,347346;-0,038267;0,905160;0,056655;0,164396;1,048577;-0,349226;0,221241;0,819746;0,153992;0,043872;0,844475;-0,140851;0,212331;0,842462;0,204814;0,026950;0,804833;-0,075163;0,222713;0,855950;0,206912;0,005396;0,823828;-0,070181;0,215549;0,917282;0,181560;0,008444;0,813261;-0,089978;0,210606;0,921643;-0,019998;0,156345;0,447057;-0,107681;0,155144;0,399220;-0,004969;0,151692;0,390338;-0,086960;0,154660;0,397975;0,001378;0,150975;0,388491;-0,078369;0,154252;0,396925;0,000524;0,151029;0,388631;-0,083572;0,156780;0,403429;0,009937;0,149008;0,383432;-0,052752;0,153229;0,394293
00:00:41.224;896;6;6;5;5;115,542017;170,353826;169,707770;94,689789;159,257179;94,204267;-140,075661;167,017375;169,661770;164,239524;27,019874;11,215534;32,737648;2,822121;-0,131679;-0,238625;1,012282;-0,137080;-0,276676;1,019129;-0,134079;-0,279878;1,030929;-0,132009;-0,282694;1,041304;-0,155921;-0,268906;0,984606;-0,168547;-0,267091;0,977897;-0,181882;-0,265649;0,972684;-0,152978;-0,255745;0,983202;-0,230048;-0,247192;0,968300;-0,203807;-0,329026;1,606286;-0,152540;-0,194854;0,974369;-0,064583;-0,078754;1,107130;-0,347324;-0,038265;0,905104;0,056770;0,163670;1,053275;-0,349412;0,221368;0,820185;0,159936;0,046320;0,853059;-0,141448;0,212377;0,842650;0,214016;0,032355;0,817492;-0,075162;0,222708;0,855968;0,215570;0,011229;0,832288;-0,070065;0,215530;0,916133;0,190319;0,013201;0,825070;-0,089832;0,210558;0,920368;-0,020359;0,156196;0,446687;-0,107366;0,154978;0,398793;-0,005671;0,151646;0,390220;-0,087102;0,154663;0,397983;0,000452;0,151180;0,389019;-0,078226;0,153718;0,395551;-0,000545;0,151079;0,388760;-0,083897;0,157129;0,404329;0,009728;0,148950;0,383281;-0,052769;0,153462;0,394891
00:00:41.273;897;6;6;6;5;116,201684;170,025377;169,545576;94,551481;159,865496;96,857030;-140,916320;167,024629;169,578632;163,781633;26,126920;11,810600;-99,222323;-35,834979;-0,130865;-0,238204;1,010433;-0,136655;-0,276686;1,019084;-0,133909;-0,279528;1,029554;-0,131794;-0,282213;1,039448;-0,155724;-0,268964;0,984744;-0,168056;-0,267211;0,978283;-0,181350;-0,265700;0,972794;-0,153196;-0,255834;0,983482;-0,229411;-0,247165;0,968195;-0,221033;-0,356923;1,742336;-0,152365;-0,195390;0,974240;-0,064741;-0,078378;1,108485;-0,347445;-0,038278;0,905418;0,056369;0,163573;1,058779;-0,349236;0,220795;0,819770;0,215669;0,067946;1,108538;-0,141895;0,212496;0,843123;0,223971;0,040385;0,836570;-0,075586;0,222523;0,855279;0,224689;0,020157;0,845137;-0,070044;0,215683;0,916087;0,197894;0,021188;0,834495;-0,089805;0,210687;0,920239;-0,022249;0,164052;0,469197;-0,107161;0,154870;0,398516;-0,007016;0,151616;0,390143;-0,087569;0,154530;0,397639;-0,001045;0,151585;0,390063;-0,079800;0,155275;0,399558;-0,002139;0,151520;0,389894;-0,084349;0,156949;0,403864;0,008960;0,149320;0,384232;-0,053552;0,153885;0,395979
00:00:41.318;898;6;6;6;5;116,542199;169,786553;169,412153;94,438717;160,854837;92,396524;-141,209597;167,073022;169,387628;163,122122;24,866346;11,989223;-134,448232;25,359761;-0,130516;-0,238261;1,010632;-0,136473;-0,276882;1,019754;-0,133890;-0,279490;1,029360;-0,131699;-0,281996;1,038591;-0,155596;-0,269002;0,984833;-0,167738;-0,267289;0,978534;-0,181004;-0,265734;0,972866;-0,153283;-0,255801;0,983313;-0,228997;-0,247699;0,968127;-0,188816;-0,304926;1,488468;-0,152360;-0,195879;0,974856;-0,065476;-0,077501;1,109365;-0,347141;-0,038301;0,905971;0,055062;0,164044;1,065856;-0,349121;0,219957;0,819501;0,255718;0,087490;1,275650;-0,142245;0,212661;0,843780;0,232626;0,048633;0,849670;-0,075737;0,222522;0,853431;0,232893;0,029479;0,854539;-0,070056;0,215865;0,916406;0,204399;0,029698;0,839222;-0,089822;0,210851;0,920505;-0,023927;0,168302;0,481378;-0,107028;0,154800;0,398335;-0,008545;0,151461;0,389743;-0,088631;0,154579;0,397766;-0,002887;0,151305;0,389341;-0,081446;0,156152;0,401813;-0,004033;0,151126;0,388881;-0,085254;0,156695;0,403211;0,007586;0,149696;0,385201;-0,054317;0,153615;0,395286
00:00:41.365;899;6;6;6;5;116,388539;169,785047;169,764405;94,477450;161,897126;90,068454;-140,301703;167,238058;169,306471;162,826641;23,891169;-12,533949;-104,982955;23,426152;-0,130155;-0,238050;1,009711;-0,136121;-0,276535;1,018440;-0,133649;-0,278990;1,027484;-0,131459;-0,281474;1,036634;-0,155006;-0,269123;0,985242;-0,167650;-0,267531;0,979397;-0,180289;-0,265851;0,973263;-0,152780;-0,255780;0,983204;-0,228258;-0,248135;0,968432;-0,167875;-0,271128;1,323454;-0,151964;-0,196408;0,976306;-0,065996;-0,076346;1,110637;-0,346543;-0,038272;0,905281;0,052477;0,164725;1,072907;-0,349344;0,219599;0,820025;0,230180;0,087834;1,141372;-0,143013;0,212856;0,844557;0,238150;0,060593;0,859586;-0,075991;0,222980;0,853980;0,238226;0,042982;0,860651;-0,069957;0,216173;0,915214;0,210058;0,042905;0,847894;-0,089765;0,210797;0,919979;-0,025079;0,166557;0,475646;-0,106941;0,154755;0,398218;-0,009539;0,151360;0,389483;-0,090081;0,154747;0,398198;-0,004968;0,151122;0,388871;-0,082903;0,156585;0,402928;-0,006155;0,151006;0,388573;-0,086452;0,156394;0,402437;0,006032;0,149941;0,385831;-0,055038;0,153440;0,394836
00:00:41.413;900;6;6;6;5;116,098917;170,129601;169,969665;94,254045;163,820707;87,613296;-139,390781;167,480243;169,233580;162,294573;24,553967;12,426402;-70,823692;25,668027;-0,129875;-0,237830;1,008762;-0,135892;-0,276309;1,017586;-0,133090;-0,279045;1,027665;-0,131259;-0,281040;1,035012;-0,154623;-0,269201;0,985507;-0,167035;-0,267688;0,979958;-0,179889;-0,266022;0,973871;-0,152507;-0,255857;0,983482;-0,227943;-0,248599;0,969331;-0,154264;-0,249160;1,216195;-0,151706;-0,196753;0,977249;-0,066291;-0,074284;1,110764;-0,345639;-0,038253;0,904833;0,048509;0,166543;1,082389;-0,349022;0,218899;0,820367;0,214449;0,092827;1,055842;-0,143333;0,213199;0,844012;0,240946;0,071383;0,861481;-0,076282;0,223643;0,855737;0,242790;0,055420;0,866723;-0,070386;0,216290;0,914089;0,216348;0,055998;0,859831;-0,089625;0,211043;0,918586;-0,026312;0,163702;0,467020;-0,106885;0,154725;0,398142;-0,011514;0,151294;0,389314;-0,091561;0,154992;0,398828;-0,006541;0,151004;0,388566;-0,084006;0,156731;0,403303;-0,008016;0,151472;0,389772;-0,087459;0,156199;0,401934;0,004581;0,150100;0,386240;-0,055507;0,153327;0,394543
00:00:41.460;901;6;6;6;5;116,026772;170,418705;170,281690;94,156857;166,148159;87,326448;-138,891563;167,763556;169,217007;161,856928;24,488809;12,369660;-43,068700;17,159850;-0,129164;-0,237770;1,008495;-0,135650;-0,275972;1,016331;-0,132637;-0,278891;1,027082;-0,131085;-0,280663;1,033608;-0,154429;-0,269347;0,986030;-0,166695;-0,267886;0,980673;-0,179694;-0,266230;0,974616;-0,152329;-0,255907;0,983663;-0,227819;-0,248990;0,970265;-0,145239;-0,234593;1,145077;-0,151485;-0,196906;0,977512;-0,067116;-0,072311;1,110847;-0,345052;-0,038241;0,904541;0,042922;0,169006;1,092753;-0,349110;0,218629;0,821288;0,204368;0,098709;1,000947;-0,144500;0,213421;0,843658;0,243560;0,081177;0,865512;-0,077286;0,224103;0,855129;0,245756;0,066004;0,870670;-0,071155;0,216801;0,913008;0,219934;0,067018;0,867590;-0,090160;0,211445;0,918731;-0,027574;0,162953;0,464563;-0,107358;0,155114;0,399142;-0,012797;0,151252;0,389204;-0,092811;0,154879;0,398538;-0,008268;0,151471;0,389768;-0,085032;0,156146;0,401797;-0,009226;0,151775;0,390552;-0,088785;0,155664;0,400557;0,003199;0,150339;0,386856;-0,056036;0,153253;0,394353
00:00:41.507;902;6;6;6;5;115,996043;170,375626;170,411924;93,935570;168,094273;87,297834;-138,517573;167,988970;169,178246;161,612325;24,452958;-12,214909;-22,308129;-17,176705;-0,128702;-0,237731;1,008322;-0,135192;-0,276323;1,017615;-0,132432;-0,278981;1,027403;-0,130648;-0,280988;1,034795;-0,154303;-0,269443;0,986369;-0,165914;-0,268015;0,981137;-0,179011;-0,266364;0,975101;-0,152160;-0,255848;0,983431;-0,227105;-0,249155;0,970522;-0,138796;-0,225125;1,098850;-0,151341;-0,197005;0,977683;-0,067673;-0,071050;1,111250;-0,344670;-0,038233;0,904352;0,038070;0,170880;1,101240;-0,349019;0,218361;0,821537;0,197291;0,106957;0,967716;-0,145137;0,213867;0,842728;0,246149;0,093149;0,873033;-0,077874;0,224217;0,854034;0,247583;0,079043;0,874635;-0,071599;0,216967;0,911605;0,222210;0,079907;0,874384;-0,090369;0,211904;0,917425;-0,028395;0,162727;0,462966;-0,107666;0,155366;0,399792;-0,013631;0,151224;0,389133;-0,093623;0,154806;0,398350;-0,009390;0,151774;0,390549;-0,085926;0,155765;0,400818;-0,010013;0,151972;0,391059;-0,089648;0,155316;0,399662;0,002521;0,150495;0,387256;-0,056757;0,153613;0,395280
00:00:41.554;903;6;6;5;5;115,938869;170,017703;170,428930;93,768467;169,183116;87,224724;-138,207563;167,960903;169,127838;161,710967;23,581739;-11,964412;-7,306747;-10,175790;-0,128357;-0,237623;1,007859;-0,134848;-0,276457;1,018100;-0,132254;-0,278944;1,027262;-0,130364;-0,281199;1,035567;-0,153713;-0,269600;0,986940;-0,165407;-0,268098;0,981439;-0,178567;-0,266452;0,975415;-0,152050;-0,255810;0,983280;-0,226477;-0,249082;0,969990;-0,134608;-0,218971;1,068803;-0,151139;-0,196929;0,977094;-0,068079;-0,070274;1,112213;-0,344555;-0,038242;0,904579;0,034899;0,173258;1,106056;-0,348959;0,218187;0,821699;0,192975;0,114578;0,947515;-0,145551;0,214156;0,842123;0,246637;0,103617;0,875472;-0,078094;0,224312;0,851572;0,250074;0,090885;0,880013;-0,071804;0,217339;0,909643;0,224137;0,091028;0,880549;-0,090539;0,212284;0,916926;-0,028666;0,162581;0,461928;-0,107450;0,155259;0,399515;-0,014173;0,151206;0,389086;-0,094151;0,154758;0,398228;-0,010119;0,151972;0,391057;-0,086356;0,155654;0,400532;-0,010524;0,152100;0,391388;-0,090288;0,155226;0,399430;0,002080;0,150596;0,387517;-0,057278;0,153983;0,396232
00:00:41.601;904;6;6;5;5;115,699154;169,779207;170,451957;93,664251;170,231308;87,097307;-137,646865;168,041443;169,090339;161,703791;22,709442;11,802745;6,001307;-13,175152;-0,127956;-0,237794;1,006159;-0,134717;-0,276733;1,019115;-0,132228;-0,279111;1,027870;-0,130223;-0,281432;1,036419;-0,153384;-0,269798;0,987661;-0,165077;-0,268153;0,981636;-0,178215;-0,266413;0,975270;-0,152032;-0,255877;0,983532;-0,225599;-0,249124;0,969993;-0,131711;-0,214684;1,047872;-0,151062;-0,196950;0,977061;-0,068343;-0,069769;1,112838;-0,344098;-0,038263;0,905076;0,032236;0,175027;1,110586;-0,348601;0,218166;0,822155;0,190687;0,121603;0,934385;-0,145760;0,214255;0,841380;0,248156;0,114534;0,877757;-0,078172;0,224670;0,849272;0,251895;0,101741;0,880708;-0,071798;0,217672;0,906618;0,226494;0,101858;0,884907;-0,090580;0,212888;0,915902;-0,028421;0,160139;0,454603;-0,107537;0,155189;0,399335;-0,014526;0,151194;0,389056;-0,094578;0,154863;0,398498;-0,010593;0,152100;0,391387;-0,086788;0,155854;0,401046;-0,010856;0,152184;0,391602;-0,090557;0,155303;0,399630;0,001794;0,150662;0,387686;-0,058049;0,154767;0,398251
